{"0": {"bias": -0.8627455574543497, "objective_cosine_similarity": -0.9809175481301742, "is_tight": 0.0, "dual_solution_value": -0.0, "scaled_age": 0.12195121951219512}, "1": {"bias": -0.7548294124240689, "objective_cosine_similarity": -0.8948610592058035, "is_tight": 1.0, "dual_solution_value": -0.0004638255629409954, "scaled_age": 0.0}, "2": {"bias": -0.8392543274162825, "objective_cosine_similarity": -0.9338350918023576, "is_tight": 0.0, "dual_solution_value": -0.0, "scaled_age": 0.056910569105691054}, "3": {"bias": -0.7397954428741078, "objective_cosine_similarity": -0.9209666220782959, "is_tight": 0.0, "dual_solution_value": -0.0, "scaled_age": 0.06504065040650407}, "4": {"bias": -0.5, "objective_cosine_similarity": -0.584631712764914, "is_tight": 0.0, "dual_solution_value": -0.0, "scaled_age": 0.07317073170731707}, "5": {"bias": -0.7276068751089989, "objective_cosine_similarity": -0.9127283191856064, "is_tight": 1.0, "dual_solution_value": -0.0018653651366989299, "scaled_age": 0.0}, "6": {"bias": -0.5, "objective_cosine_similarity": -0.578104723946167, "is_tight": 1.0, "dual_solution_value": -0.0007216968618217863, "scaled_age": 0.0}, "7": {"bias": -0.6708203932499369, "objective_cosine_similarity": -0.6805342400384656, "is_tight": 0.0, "dual_solution_value": -0.0, "scaled_age": 0.008130081300813009}, "8": {"bias": -0.7849698594756145, "objective_cosine_similarity": -0.9420591898893707, "is_tight": 0.0, "dual_solution_value": -0.0, "scaled_age": 0.032520325203252036}, "9": {"bias": -0.8146050711290738, "objective_cosine_similarity": -0.955480672269354, "is_tight": 0.0, "dual_solution_value": -0.0, "scaled_age": 0.04065040650406504}, "10": {"bias": -0.8314971796756815, "objective_cosine_similarity": -0.9664928223729116, "is_tight": 0.0, "dual_solution_value": -0.0, "scaled_age": 0.024390243902439025}, "11": {"bias": -0.8532207568209078, "objective_cosine_similarity": -0.984882853478932, "is_tight": 0.0, "dual_solution_value": -0.0, "scaled_age": 0.024390243902439025}, "12": {"bias": -0.4364357804719848, "objective_cosine_similarity": -0.7080834198686723, "is_tight": 1.0, "dual_solution_value": -0.00023374462767875704, "scaled_age": 0.0}, "13": {"bias": -0.848296213132144, "objective_cosine_similarity": -0.9821923012091984, "is_tight": 0.0, "dual_solution_value": -0.0, "scaled_age": 0.04878048780487805}, "14": {"bias": -0.8399639031533338, "objective_cosine_similarity": -0.9688957861672752, "is_tight": 0.0, "dual_solution_value": -0.0, "scaled_age": 0.04065040650406504}, "15": {"bias": -0.8523247028586811, "objective_cosine_similarity": -0.9780483890432325, "is_tight": 0.0, "dual_solution_value": -0.0, "scaled_age": 0.12195121951219512}, "16": {"bias": -0.8214623271487126, "objective_cosine_similarity": -0.9843486163626275, "is_tight": 0.0, "dual_solution_value": -0.0, "scaled_age": 0.056910569105691054}, "17": {"bias": -0.9109802728222299, "objective_cosine_similarity": -0.959758101659078, "is_tight": 0.0, "dual_solution_value": -0.0, "scaled_age": 0.016260162601626018}, "18": {"bias": -0.7885943178089824, "objective_cosine_similarity": -0.9691341166620411, "is_tight": 0.0, "dual_solution_value": -0.0, "scaled_age": 0.0975609756097561}, "19": {"bias": -0.8473185457363235, "objective_cosine_similarity": -0.9598132751667076, "is_tight": 0.0, "dual_solution_value": -0.0, "scaled_age": 0.04065040650406504}, "20": {"bias": -0.8604474415627218, "objective_cosine_similarity": -0.9831593455189601, "is_tight": 1.0, "dual_solution_value": -1.5091356568579101e-05, "scaled_age": 0.0}, "21": {"bias": -0.8595334863794721, "objective_cosine_similarity": -0.9766619905177975, "is_tight": 0.0, "dual_solution_value": -0.0, "scaled_age": 0.04065040650406504}, "22": {"bias": -0.7863570994927848, "objective_cosine_similarity": -0.9706007306592391, "is_tight": 1.0, "dual_solution_value": -4.190465743256844e-06, "scaled_age": 0.0}, "23": {"bias": -0.8301546504216031, "objective_cosine_similarity": -0.9610637228013293, "is_tight": 0.0, "dual_solution_value": 0.0, "scaled_age": 0.032520325203252036}, "24": {"bias": -0.8174544950867911, "objective_cosine_similarity": -0.9628047466280656, "is_tight": 1.0, "dual_solution_value": -0.028785534752436913, "scaled_age": 0.0}, "25": {"bias": -0.8013886538604471, "objective_cosine_similarity": -0.9630824925896575, "is_tight": 1.0, "dual_solution_value": -0.0022363285521676416, "scaled_age": 0.0}, "26": {"bias": -0.5, "objective_cosine_similarity": -0.24429586721596086, "is_tight": 1.0, "dual_solution_value": -0.0037297078964268833, "scaled_age": 0.0}, "27": {"bias": -0.4082482904638631, "objective_cosine_similarity": -0.29691614016594, "is_tight": 0.0, "dual_solution_value": 0.0, "scaled_age": 0.06504065040650407}, "28": {"bias": -0.35355339059327373, "objective_cosine_similarity": -0.37317819697529747, "is_tight": 0.0, "dual_solution_value": 0.0, "scaled_age": 0.15447154471544716}, "29": {"bias": -0.2773500981126146, "objective_cosine_similarity": -0.5513537755858725, "is_tight": 1.0, "dual_solution_value": -3.2774068240763126e-05, "scaled_age": 0.0}, "30": {"bias": -0.3333333333333333, "objective_cosine_similarity": -0.35059254226412706, "is_tight": 0.0, "dual_solution_value": 0.0, "scaled_age": 0.15447154471544716}, "31": {"bias": -0.35355339059327373, "objective_cosine_similarity": -0.33493732166687473, "is_tight": 0.0, "dual_solution_value": 0.0, "scaled_age": 0.15447154471544716}, "32": {"bias": -0.5773502691896258, "objective_cosine_similarity": -0.19380130722006605, "is_tight": 1.0, "dual_solution_value": -0.008613391432002937, "scaled_age": 0.0}, "33": {"bias": -0.31622776601683794, "objective_cosine_similarity": -0.3302424148750813, "is_tight": 0.0, "dual_solution_value": 0.0, "scaled_age": 0.15447154471544716}, "34": {"bias": -0.3333333333333333, "objective_cosine_similarity": -0.36551137384983456, "is_tight": 0.0, "dual_solution_value": 0.0, "scaled_age": 0.15447154471544716}, "35": {"bias": -0.3333333333333333, "objective_cosine_similarity": -0.35680872209150516, "is_tight": 0.0, "dual_solution_value": 0.0, "scaled_age": 0.15447154471544716}, "36": {"bias": -0.30151134457776363, "objective_cosine_similarity": -0.38459584101501837, "is_tight": 0.0, "dual_solution_value": 0.0, "scaled_age": 0.15447154471544716}, "37": {"bias": -0.35355339059327373, "objective_cosine_similarity": -0.4074631196656075, "is_tight": 0.0, "dual_solution_value": 0.0, "scaled_age": 0.032520325203252036}, "38": {"bias": -0.4472135954999579, "objective_cosine_similarity": -0.3085755745272455, "is_tight": 0.0, "dual_solution_value": 0.0, "scaled_age": 0.032520325203252036}, "39": {"bias": -0.3779644730092272, "objective_cosine_similarity": -0.28757820422847347, "is_tight": 1.0, "dual_solution_value": -0.003011129768636427, "scaled_age": 0.0}, "40": {"bias": -0.35355339059327373, "objective_cosine_similarity": -0.28219128675870553, "is_tight": 1.0, "dual_solution_value": -0.0013130100701641636, "scaled_age": 0.0}, "41": {"bias": -0.30151134457776363, "objective_cosine_similarity": -0.39471678419962414, "is_tight": 0.0, "dual_solution_value": 0.0, "scaled_age": 0.15447154471544716}, "42": {"bias": -0.2886751345948129, "objective_cosine_similarity": -0.31546546119710756, "is_tight": 0.0, "dual_solution_value": 0.0, "scaled_age": 0.15447154471544716}, "43": {"bias": -0.3779644730092272, "objective_cosine_similarity": -0.4158606384676454, "is_tight": 0.0, "dual_solution_value": 0.0, "scaled_age": 0.032520325203252036}, "44": {"bias": -0.3779644730092272, "objective_cosine_similarity": -0.23260001812597117, "is_tight": 0.0, "dual_solution_value": 0.0, "scaled_age": 0.15447154471544716}, "45": {"bias": -0.3779644730092272, "objective_cosine_similarity": -0.3340982078536677, "is_tight": 1.0, "dual_solution_value": -3.400740325635585e-07, "scaled_age": 0.0}, "46": {"bias": -0.4082482904638631, "objective_cosine_similarity": -0.3243237838735652, "is_tight": 1.0, "dual_solution_value": -0.0048731437342859184, "scaled_age": 0.0}, "47": {"bias": -0.35355339059327373, "objective_cosine_similarity": -0.25845557105002936, "is_tight": 0.0, "dual_solution_value": 0.0, "scaled_age": 0.15447154471544716}, "48": {"bias": -0.35355339059327373, "objective_cosine_similarity": -0.45361590021025555, "is_tight": 0.0, "dual_solution_value": 0.0, "scaled_age": 0.0975609756097561}, "49": {"bias": -0.3779644730092272, "objective_cosine_similarity": -0.3326885107741163, "is_tight": 0.0, "dual_solution_value": 0.0, "scaled_age": 0.15447154471544716}, "50": {"bias": -0.4082482904638631, "objective_cosine_similarity": -0.2344876183874603, "is_tight": 0.0, "dual_solution_value": 0.0, "scaled_age": 0.008130081300813009}, "51": {"bias": -0.31622776601683794, "objective_cosine_similarity": -0.4222385161617111, "is_tight": 0.0, "dual_solution_value": 0.0, "scaled_age": 0.15447154471544716}, "52": {"bias": -0.35355339059327373, "objective_cosine_similarity": -0.3784528004661144, "is_tight": 0.0, "dual_solution_value": 0.0, "scaled_age": 0.056910569105691054}, "53": {"bias": -0.2886751345948129, "objective_cosine_similarity": -0.35422572264112073, "is_tight": 0.0, "dual_solution_value": 0.0, "scaled_age": 0.15447154471544716}, "54": {"bias": -0.3779644730092272, "objective_cosine_similarity": -0.3073139633421922, "is_tight": 0.0, "dual_solution_value": 0.0, "scaled_age": 0.008130081300813009}, "55": {"bias": -0.3333333333333333, "objective_cosine_similarity": -0.31578193523080944, "is_tight": 0.0, "dual_solution_value": 0.0, "scaled_age": 0.15447154471544716}, "56": {"bias": -0.4472135954999579, "objective_cosine_similarity": -0.3285912874695533, "is_tight": 1.0, "dual_solution_value": -4.288494378960029e-05, "scaled_age": 0.0}, "57": {"bias": -0.3779644730092272, "objective_cosine_similarity": -0.23541941228507385, "is_tight": 0.0, "dual_solution_value": 0.0, "scaled_age": 0.15447154471544716}, "58": {"bias": -0.35355339059327373, "objective_cosine_similarity": -0.25318096755921243, "is_tight": 0.0, "dual_solution_value": 0.0, "scaled_age": 0.15447154471544716}, "59": {"bias": -0.3333333333333333, "objective_cosine_similarity": -0.340646654540322, "is_tight": 0.0, "dual_solution_value": 0.0, "scaled_age": 0.016260162601626018}, "60": {"bias": -0.35355339059327373, "objective_cosine_similarity": -0.3454865286485086, "is_tight": 1.0, "dual_solution_value": -1.6027948019249788e-06, "scaled_age": 0.0}, "61": {"bias": -0.35355339059327373, "objective_cosine_similarity": -0.2993337481038605, "is_tight": 0.0, "dual_solution_value": 0.0, "scaled_age": 0.15447154471544716}, "62": {"bias": -0.2886751345948129, "objective_cosine_similarity": -0.3886792883691325, "is_tight": 0.0, "dual_solution_value": 0.0, "scaled_age": 0.15447154471544716}, "63": {"bias": -0.4082482904638631, "objective_cosine_similarity": -0.3121426088923984, "is_tight": 0.0, "dual_solution_value": 0.0, "scaled_age": 0.15447154471544716}, "64": {"bias": -0.4472135954999579, "objective_cosine_similarity": -0.23351665099359117, "is_tight": 0.0, "dual_solution_value": 0.0, "scaled_age": 0.15447154471544716}, "65": {"bias": -0.4082482904638631, "objective_cosine_similarity": -0.32584643074621106, "is_tight": 1.0, "dual_solution_value": -9.406039310799552e-06, "scaled_age": 0.0}, "66": {"bias": -0.2886751345948129, "objective_cosine_similarity": -0.3714525055051266, "is_tight": 0.0, "dual_solution_value": 0.0, "scaled_age": 0.15447154471544716}, "67": {"bias": -0.3333333333333333, "objective_cosine_similarity": -0.4115111045724328, "is_tight": 1.0, "dual_solution_value": -0.0022547032143510086, "scaled_age": 0.0}, "68": {"bias": -0.31622776601683794, "objective_cosine_similarity": -0.3314218520710637, "is_tight": 0.0, "dual_solution_value": 0.0, "scaled_age": 0.15447154471544716}, "69": {"bias": -0.4472135954999579, "objective_cosine_similarity": -0.2568683160929503, "is_tight": 0.0, "dual_solution_value": 0.0, "scaled_age": 0.0975609756097561}, "70": {"bias": -0.2886751345948129, "objective_cosine_similarity": -0.4683531591151597, "is_tight": 0.0, "dual_solution_value": 0.0, "scaled_age": 0.15447154471544716}, "71": {"bias": -0.4082482904638631, "objective_cosine_similarity": -0.2481914402412729, "is_tight": 0.0, "dual_solution_value": 0.0, "scaled_age": 0.032520325203252036}, "72": {"bias": -0.3333333333333333, "objective_cosine_similarity": -0.4935646782938242, "is_tight": 1.0, "dual_solution_value": -2.2845780022414753e-07, "scaled_age": 0.0}, "73": {"bias": -0.35355339059327373, "objective_cosine_similarity": -0.31252025683090284, "is_tight": 0.0, "dual_solution_value": 0.0, "scaled_age": 0.15447154471544716}, "74": {"bias": -0.4082482904638631, "objective_cosine_similarity": -0.30909731514710675, "is_tight": 0.0, "dual_solution_value": 0.0, "scaled_age": 0.15447154471544716}, "75": {"bias": -0.30151134457776363, "objective_cosine_similarity": -0.3407384205483935, "is_tight": 0.0, "dual_solution_value": 0.0, "scaled_age": 0.15447154471544716}, "76": {"bias": -0.5, "objective_cosine_similarity": -0.1790259790284904, "is_tight": 0.0, "dual_solution_value": 0.0, "scaled_age": 0.04065040650406504}, "77": {"bias": -0.2773500981126146, "objective_cosine_similarity": -0.43342820257125814, "is_tight": 0.0, "dual_solution_value": 0.0, "scaled_age": 0.15447154471544716}, "78": {"bias": -0.4472135954999579, "objective_cosine_similarity": -0.2718801007996811, "is_tight": 1.0, "dual_solution_value": -7.332454795988477e-06, "scaled_age": 0.0}, "79": {"bias": -0.3779644730092272, "objective_cosine_similarity": -0.40599275891078607, "is_tight": 1.0, "dual_solution_value": -0.013076474241434108, "scaled_age": 0.0}, "80": {"bias": -0.2886751345948129, "objective_cosine_similarity": -0.47588987661816223, "is_tight": 0.0, "dual_solution_value": 0.0, "scaled_age": 0.15447154471544716}, "81": {"bias": -0.2886751345948129, "objective_cosine_similarity": -0.42313285409714424, "is_tight": 0.0, "dual_solution_value": 0.0, "scaled_age": 0.15447154471544716}, "82": {"bias": -0.30151134457776363, "objective_cosine_similarity": -0.3486102652475313, "is_tight": 0.0, "dual_solution_value": 0.0, "scaled_age": 0.15447154471544716}, "83": {"bias": -0.4082482904638631, "objective_cosine_similarity": -0.37913907128881563, "is_tight": 0.0, "dual_solution_value": 0.0, "scaled_age": 0.06504065040650407}, "84": {"bias": -0.31622776601683794, "objective_cosine_similarity": -0.4387506369054652, "is_tight": 0.0, "dual_solution_value": 0.0, "scaled_age": 0.15447154471544716}, "85": {"bias": -0.2581988897471611, "objective_cosine_similarity": -0.4458719807655908, "is_tight": 0.0, "dual_solution_value": 0.0, "scaled_age": 0.15447154471544716}, "86": {"bias": -0.4082482904638631, "objective_cosine_similarity": -0.43547700557671193, "is_tight": 1.0, "dual_solution_value": -1.5619316375726545e-05, "scaled_age": 0.0}, "87": {"bias": -0.4082482904638631, "objective_cosine_similarity": -0.25275938085921046, "is_tight": 0.0, "dual_solution_value": 0.0, "scaled_age": 0.15447154471544716}, "88": {"bias": -0.35355339059327373, "objective_cosine_similarity": -0.47339566330081906, "is_tight": 0.0, "dual_solution_value": 0.0, "scaled_age": 0.04878048780487805}, "89": {"bias": -0.35355339059327373, "objective_cosine_similarity": -0.3573543865028467, "is_tight": 0.0, "dual_solution_value": 0.0, "scaled_age": 0.15447154471544716}, "90": {"bias": -0.4472135954999579, "objective_cosine_similarity": -0.33359521570513023, "is_tight": 1.0, "dual_solution_value": -0.0064784495071890675, "scaled_age": 0.0}, "91": {"bias": -0.30151134457776363, "objective_cosine_similarity": -0.3812221932868165, "is_tight": 0.0, "dual_solution_value": 0.0, "scaled_age": 0.15447154471544716}, "92": {"bias": -0.35355339059327373, "objective_cosine_similarity": -0.2940591446130436, "is_tight": 0.0, "dual_solution_value": 0.0, "scaled_age": 0.15447154471544716}, "93": {"bias": -0.31622776601683794, "objective_cosine_similarity": -0.49300474792065707, "is_tight": 0.0, "dual_solution_value": 0.0, "scaled_age": 0.04065040650406504}, "94": {"bias": -0.2886751345948129, "objective_cosine_similarity": -0.32838554834511197, "is_tight": 0.0, "dual_solution_value": 0.0, "scaled_age": 0.15447154471544716}, "95": {"bias": -0.4082482904638631, "objective_cosine_similarity": -0.3913202462699824, "is_tight": 1.0, "dual_solution_value": -0.017388966746810706, "scaled_age": 0.0}, "96": {"bias": -0.30151134457776363, "objective_cosine_similarity": -0.38459584101501837, "is_tight": 0.0, "dual_solution_value": 0.0, "scaled_age": 0.15447154471544716}, "97": {"bias": -0.3779644730092272, "objective_cosine_similarity": -0.2974460837853328, "is_tight": 0.0, "dual_solution_value": 0.0, "scaled_age": 0.15447154471544716}, "98": {"bias": -0.4472135954999579, "objective_cosine_similarity": -0.2185048662868603, "is_tight": 0.0, "dual_solution_value": 0.0, "scaled_age": 0.13008130081300814}, "99": {"bias": -0.3779644730092272, "objective_cosine_similarity": -0.36511154360379716, "is_tight": 0.0, "dual_solution_value": 0.0, "scaled_age": 0.15447154471544716}, "100": {"bias": -0.30151134457776363, "objective_cosine_similarity": -0.34298751903386143, "is_tight": 0.0, "dual_solution_value": 0.0, "scaled_age": 0.15447154471544716}, "101": {"bias": -0.3333333333333333, "objective_cosine_similarity": -0.30210633961057753, "is_tight": 0.0, "dual_solution_value": 0.0, "scaled_age": 0.15447154471544716}, "102": {"bias": -0.3333333333333333, "objective_cosine_similarity": -0.2784848562665406, "is_tight": 0.0, "dual_solution_value": 0.0, "scaled_age": 0.15447154471544716}, "103": {"bias": -0.5, "objective_cosine_similarity": -0.26294440669809527, "is_tight": 1.0, "dual_solution_value": -5.113833474559016e-06, "scaled_age": 0.0}, "104": {"bias": -0.4082482904638631, "objective_cosine_similarity": -0.3075746682744609, "is_tight": 0.0, "dual_solution_value": 0.0, "scaled_age": 0.04065040650406504}, "105": {"bias": -0.31622776601683794, "objective_cosine_similarity": -0.3384984752469583, "is_tight": 0.0, "dual_solution_value": 0.0, "scaled_age": 0.15447154471544716}, "106": {"bias": -0.2886751345948129, "objective_cosine_similarity": -0.48773328983716624, "is_tight": 0.0, "dual_solution_value": 0.0, "scaled_age": 0.15447154471544716}, "107": {"bias": -0.4472135954999579, "objective_cosine_similarity": -0.33859914394070717, "is_tight": 1.0, "dual_solution_value": -0.010574557525417748, "scaled_age": 0.0}, "108": {"bias": -0.2773500981126146, "objective_cosine_similarity": -0.5379061225228025, "is_tight": 0.0, "dual_solution_value": 0.0, "scaled_age": 0.15447154471544716}, "109": {"bias": -0.5, "objective_cosine_similarity": -0.2517552830088146, "is_tight": 0.0, "dual_solution_value": 0.0, "scaled_age": 0.008130081300813009}, "110": {"bias": -0.35355339059327373, "objective_cosine_similarity": -0.3032897007219732, "is_tight": 0.0, "dual_solution_value": 0.0, "scaled_age": 0.15447154471544716}, "111": {"bias": -0.3779644730092272, "objective_cosine_similarity": -0.24528729184193324, "is_tight": 0.0, "dual_solution_value": 0.0, "scaled_age": 0.15447154471544716}, "112": {"bias": -0.2886751345948129, "objective_cosine_similarity": -0.4091360930201395, "is_tight": 0.0, "dual_solution_value": 0.0, "scaled_age": 0.15447154471544716}, "113": {"bias": -0.2773500981126146, "objective_cosine_similarity": -0.528596208863754, "is_tight": 0.0, "dual_solution_value": 0.0, "scaled_age": 0.008130081300813009}, "114": {"bias": -0.31622776601683794, "objective_cosine_similarity": -0.3939320234581327, "is_tight": 0.0, "dual_solution_value": 0.0, "scaled_age": 0.15447154471544716}, "115": {"bias": -0.3333333333333333, "objective_cosine_similarity": -0.35183577822960266, "is_tight": 0.0, "dual_solution_value": 0.0, "scaled_age": 0.15447154471544716}, "116": {"bias": -0.4082482904638631, "objective_cosine_similarity": -0.3639126025623572, "is_tight": 0.0, "dual_solution_value": 0.0, "scaled_age": 0.15447154471544716}, "117": {"bias": -0.3333333333333333, "objective_cosine_similarity": -0.3033495755760532, "is_tight": 0.0, "dual_solution_value": 0.0, "scaled_age": 0.15447154471544716}, "118": {"bias": -0.4082482904638631, "objective_cosine_similarity": -0.35629936819912794, "is_tight": 0.0, "dual_solution_value": 0.0, "scaled_age": 0.15447154471544716}, "119": {"bias": -0.30151134457776363, "objective_cosine_similarity": -0.5712710153088577, "is_tight": 1.0, "dual_solution_value": -0.00506782587027063, "scaled_age": 0.0}, "120": {"bias": -0.2773500981126146, "objective_cosine_similarity": -0.3403290659807731, "is_tight": 0.0, "dual_solution_value": 0.0, "scaled_age": 0.15447154471544716}, "121": {"bias": -0.4082482904638631, "objective_cosine_similarity": -0.3045293745291692, "is_tight": 0.0, "dual_solution_value": 0.0, "scaled_age": 0.15447154471544716}, "122": {"bias": -0.2886751345948129, "objective_cosine_similarity": -0.40482939730413803, "is_tight": 0.0, "dual_solution_value": 0.0, "scaled_age": 0.15447154471544716}, "123": {"bias": -0.31622776601683794, "objective_cosine_similarity": -0.41987964176974624, "is_tight": 0.0, "dual_solution_value": 0.0, "scaled_age": 0.008130081300813009}, "124": {"bias": -0.3333333333333333, "objective_cosine_similarity": -0.3866463852629202, "is_tight": 0.0, "dual_solution_value": 0.0, "scaled_age": 0.11382113821138211}, "125": {"bias": -0.8596970017130446, "objective_cosine_similarity": -0.9910352383513791, "is_tight": 1.0, "dual_solution_value": -0.0001349323945489212, "scaled_age": 0.0}, "126": {"bias": -0.8622518546628736, "objective_cosine_similarity": -0.9864495961836505, "is_tight": 0.0, "dual_solution_value": -0.0, "scaled_age": 0.032520325203252036}, "127": {"bias": -0.8741229370580027, "objective_cosine_similarity": -0.9794187661099639, "is_tight": 0.0, "dual_solution_value": -0.0, "scaled_age": 0.024390243902439025}, "128": {"bias": -0.8545085414893124, "objective_cosine_similarity": -0.9884410187930226, "is_tight": 0.0, "dual_solution_value": -0.0, "scaled_age": 0.056910569105691054}, "129": {"bias": -0.8526646345159673, "objective_cosine_similarity": -0.9889263273639444, "is_tight": 0.0, "dual_solution_value": -0.0, "scaled_age": 0.024390243902439025}, "130": {"bias": -0.8694724652099032, "objective_cosine_similarity": -0.9805405138275622, "is_tight": 1.0, "dual_solution_value": -6.028302437991302e-06, "scaled_age": 0.0}, "131": {"bias": -0.855694948017151, "objective_cosine_similarity": -0.989616785611385, "is_tight": 1.0, "dual_solution_value": -0.009919253967973043, "scaled_age": 0.0}, "132": {"bias": -0.8406133359182517, "objective_cosine_similarity": -0.9876425451838552, "is_tight": 1.0, "dual_solution_value": -3.944335663810342e-06, "scaled_age": 0.0}, "133": {"bias": -0.8657436320497037, "objective_cosine_similarity": -0.9838943293570914, "is_tight": 1.0, "dual_solution_value": -5.129035582675127e-07, "scaled_age": 0.0}, "134": {"bias": -0.8453726126328779, "objective_cosine_similarity": -0.9851669661279702, "is_tight": 1.0, "dual_solution_value": -8.648733241683984e-07, "scaled_age": 0.0}, "135": {"bias": -0.8143450710459553, "objective_cosine_similarity": -0.9580414980153251, "is_tight": 1.0, "dual_solution_value": -3.7205485515660364e-06, "scaled_age": 0.0}, "136": {"bias": -0.8579267841041692, "objective_cosine_similarity": -0.9867581658559867, "is_tight": 1.0, "dual_solution_value": -9.283497235164703e-08, "scaled_age": 0.0}, "137": {"bias": -0.8683841379159825, "objective_cosine_similarity": -0.9839309290811579, "is_tight": 0.0, "dual_solution_value": -0.0, "scaled_age": 0.024390243902439025}, "138": {"bias": -0.8607931031143736, "objective_cosine_similarity": -0.985992513066501, "is_tight": 0.0, "dual_solution_value": -0.0, "scaled_age": 0.008130081300813009}, "139": {"bias": -0.8473787352974532, "objective_cosine_similarity": -0.9861098352140565, "is_tight": 1.0, "dual_solution_value": -2.2516649227408273e-06, "scaled_age": 0.0}, "140": {"bias": -0.8671971792940915, "objective_cosine_similarity": -0.9871185206366495, "is_tight": 1.0, "dual_solution_value": -1.3913548528595265e-06, "scaled_age": 0.0}, "141": {"bias": -0.8424396959724838, "objective_cosine_similarity": -0.9847088846475416, "is_tight": 1.0, "dual_solution_value": -4.876461977613733e-07, "scaled_age": 0.0}, "142": {"bias": -0.8530207948912665, "objective_cosine_similarity": -0.988295304916607, "is_tight": 1.0, "dual_solution_value": -5.666036862275128e-07, "scaled_age": 0.0}}