{"0": {"bias": -0.7844645405527362, "objective_cosine_similarity": -0.6914885350380686, "is_tight": 0.0, "dual_solution_value": -0.0, "scaled_age": 0.011764705882352941}, "1": {"bias": -0.5163977794943222, "objective_cosine_similarity": -0.6118135609599465, "is_tight": 1.0, "dual_solution_value": -7.834089439937275e-05, "scaled_age": 0.0}, "2": {"bias": -0.7071067811865475, "objective_cosine_similarity": -0.5723738494940265, "is_tight": 0.0, "dual_solution_value": -0.0, "scaled_age": 0.15294117647058825}, "3": {"bias": -1.0969655114602888, "objective_cosine_similarity": -0.9175818733503438, "is_tight": 0.0, "dual_solution_value": -0.0, "scaled_age": 0.10588235294117647}, "4": {"bias": -0.5773502691896258, "objective_cosine_similarity": -0.5200489555368301, "is_tight": 0.0, "dual_solution_value": -0.0, "scaled_age": 0.023529411764705882}, "5": {"bias": -1.0178267156159653, "objective_cosine_similarity": -0.8651865405126898, "is_tight": 0.0, "dual_solution_value": -0.0, "scaled_age": 0.058823529411764705}, "6": {"bias": -1.116312611302876, "objective_cosine_similarity": -0.8515213899355459, "is_tight": 0.0, "dual_solution_value": -0.0, "scaled_age": 0.058823529411764705}, "7": {"bias": -0.5547001962252291, "objective_cosine_similarity": -0.6155559471444855, "is_tight": 1.0, "dual_solution_value": -0.0012892136600430547, "scaled_age": 0.0}, "8": {"bias": -0.6030226891555273, "objective_cosine_similarity": -0.5003556945038198, "is_tight": 1.0, "dual_solution_value": -0.0013165172771726972, "scaled_age": 0.0}, "9": {"bias": -0.8871733115571834, "objective_cosine_similarity": -0.8333637415186848, "is_tight": 1.0, "dual_solution_value": -1.3322512511862069e-06, "scaled_age": 0.0}, "10": {"bias": -0.5345224838248488, "objective_cosine_similarity": -0.4966533183851068, "is_tight": 1.0, "dual_solution_value": -0.000315617284844686, "scaled_age": 0.0}, "11": {"bias": -1.137232715980916, "objective_cosine_similarity": -0.9359197641751005, "is_tight": 0.0, "dual_solution_value": 0.0, "scaled_age": 0.07058823529411765}, "12": {"bias": -1.1501727140276892, "objective_cosine_similarity": -0.9532089015336198, "is_tight": 0.0, "dual_solution_value": 0.0, "scaled_age": 0.1411764705882353}, "13": {"bias": -1.151828012167212, "objective_cosine_similarity": -0.9486452439381308, "is_tight": 1.0, "dual_solution_value": -0.0048053657791601884, "scaled_age": 0.0}, "14": {"bias": -1.1366848091416093, "objective_cosine_similarity": -0.9485812522412115, "is_tight": 0.0, "dual_solution_value": 0.0, "scaled_age": 0.08235294117647059}, "15": {"bias": -1.12392812125952, "objective_cosine_similarity": -0.9586207058126373, "is_tight": 0.0, "dual_solution_value": 0.0, "scaled_age": 0.047058823529411764}, "16": {"bias": -1.269890982069209, "objective_cosine_similarity": -0.9534633591296989, "is_tight": 0.0, "dual_solution_value": 0.0, "scaled_age": 0.023529411764705882}, "17": {"bias": -1.0529615820196745, "objective_cosine_similarity": -0.9153766375389601, "is_tight": 1.0, "dual_solution_value": -0.0022116485115200595, "scaled_age": 0.0}, "18": {"bias": -0.4082482904638631, "objective_cosine_similarity": -0.303128901669642, "is_tight": 0.0, "dual_solution_value": 0.0, "scaled_age": 0.24705882352941178}, "19": {"bias": -0.35355339059327373, "objective_cosine_similarity": -0.3629337942906985, "is_tight": 0.0, "dual_solution_value": 0.0, "scaled_age": 0.24705882352941178}, "20": {"bias": -0.35355339059327373, "objective_cosine_similarity": -0.2596482876150847, "is_tight": 1.0, "dual_solution_value": -5.344612791293138e-05, "scaled_age": 0.0}, "21": {"bias": -0.4472135954999579, "objective_cosine_similarity": -0.24314854639360214, "is_tight": 0.0, "dual_solution_value": 0.0, "scaled_age": 0.24705882352941178}, "22": {"bias": -0.5, "objective_cosine_similarity": -0.21707292755671667, "is_tight": 0.0, "dual_solution_value": 0.0, "scaled_age": 0.24705882352941178}, "23": {"bias": -0.4472135954999579, "objective_cosine_similarity": -0.28306845699553684, "is_tight": 1.0, "dual_solution_value": -9.54116039928425e-05, "scaled_age": 0.0}, "24": {"bias": -0.3333333333333333, "objective_cosine_similarity": -0.4206210621192454, "is_tight": 0.0, "dual_solution_value": 0.0, "scaled_age": 0.1411764705882353}, "25": {"bias": -0.3333333333333333, "objective_cosine_similarity": -0.3489396592500492, "is_tight": 0.0, "dual_solution_value": 0.0, "scaled_age": 0.24705882352941178}, "26": {"bias": -0.4082482904638631, "objective_cosine_similarity": -0.21368102904581324, "is_tight": 1.0, "dual_solution_value": -0.00010868688887677807, "scaled_age": 0.0}, "27": {"bias": -0.3779644730092272, "objective_cosine_similarity": -0.2959785037575533, "is_tight": 0.0, "dual_solution_value": 0.0, "scaled_age": 0.24705882352941178}, "28": {"bias": -0.5, "objective_cosine_similarity": -0.1805559864724092, "is_tight": 0.0, "dual_solution_value": 0.0, "scaled_age": 0.24705882352941178}, "29": {"bias": -0.5, "objective_cosine_similarity": -0.31242271816574174, "is_tight": 1.0, "dual_solution_value": -0.028401672209498026, "scaled_age": 0.0}, "30": {"bias": -0.3333333333333333, "objective_cosine_similarity": -0.37057932804074994, "is_tight": 0.0, "dual_solution_value": 0.0, "scaled_age": 0.24705882352941178}, "31": {"bias": -0.4082482904638631, "objective_cosine_similarity": -0.3196933225259066, "is_tight": 0.0, "dual_solution_value": 0.0, "scaled_age": 0.15294117647058825}, "32": {"bias": -0.5773502691896258, "objective_cosine_similarity": -0.14758146035504638, "is_tight": 0.0, "dual_solution_value": 0.0, "scaled_age": 0.07058823529411765}, "33": {"bias": -0.4082482904638631, "objective_cosine_similarity": -0.27331294412836576, "is_tight": 0.0, "dual_solution_value": 0.0, "scaled_age": 0.24705882352941178}, "34": {"bias": -0.5, "objective_cosine_similarity": -0.18461342437066558, "is_tight": 1.0, "dual_solution_value": -4.412529403788973e-05, "scaled_age": 0.0}, "35": {"bias": -0.35355339059327373, "objective_cosine_similarity": -0.3328088548436445, "is_tight": 0.0, "dual_solution_value": 0.0, "scaled_age": 0.023529411764705882}, "36": {"bias": -0.3333333333333333, "objective_cosine_similarity": -0.34623470065121165, "is_tight": 0.0, "dual_solution_value": 0.0, "scaled_age": 0.17647058823529413}, "37": {"bias": -0.4472135954999579, "objective_cosine_similarity": -0.1578651010167417, "is_tight": 0.0, "dual_solution_value": 0.0, "scaled_age": 0.24705882352941178}, "38": {"bias": -0.35355339059327373, "objective_cosine_similarity": -0.2409995155764322, "is_tight": 0.0, "dual_solution_value": 0.0, "scaled_age": 0.17647058823529413}, "39": {"bias": -0.31622776601683794, "objective_cosine_similarity": -0.38363928217298365, "is_tight": 0.0, "dual_solution_value": 0.0, "scaled_age": 0.24705882352941178}, "40": {"bias": -0.5, "objective_cosine_similarity": -0.3063365613183572, "is_tight": 0.0, "dual_solution_value": 0.0, "scaled_age": 0.047058823529411764}, "41": {"bias": -0.5, "objective_cosine_similarity": -0.1480964832863581, "is_tight": 1.0, "dual_solution_value": -0.0015342274071921875, "scaled_age": 0.0}, "42": {"bias": -0.3333333333333333, "objective_cosine_similarity": -0.2853731321773658, "is_tight": 0.0, "dual_solution_value": 0.0, "scaled_age": 0.24705882352941178}, "43": {"bias": -0.3779644730092272, "objective_cosine_similarity": -0.34965336195192825, "is_tight": 0.0, "dual_solution_value": 0.0, "scaled_age": 0.023529411764705882}, "44": {"bias": -0.5, "objective_cosine_similarity": -0.33473862660615183, "is_tight": 1.0, "dual_solution_value": -0.026896410524337562, "scaled_age": 0.0}, "45": {"bias": -0.4082482904638631, "objective_cosine_similarity": -0.30644178584089493, "is_tight": 1.0, "dual_solution_value": -0.00842485672063772, "scaled_age": 0.0}, "46": {"bias": -0.4082482904638631, "objective_cosine_similarity": -0.26503073370023345, "is_tight": 0.0, "dual_solution_value": 0.0, "scaled_age": 0.24705882352941178}, "47": {"bias": -0.5, "objective_cosine_similarity": -0.19881445701456293, "is_tight": 1.0, "dual_solution_value": -0.0002492120432650136, "scaled_age": 0.0}, "48": {"bias": -0.35355339059327373, "objective_cosine_similarity": -0.31846364558314255, "is_tight": 0.0, "dual_solution_value": 0.0, "scaled_age": 0.24705882352941178}, "49": {"bias": -0.5, "objective_cosine_similarity": -0.2008431759636911, "is_tight": 1.0, "dual_solution_value": -0.0014212752874325073, "scaled_age": 0.0}, "50": {"bias": -0.4472135954999579, "objective_cosine_similarity": -0.3284319917704626, "is_tight": 0.0, "dual_solution_value": 0.0, "scaled_age": 0.11764705882352941}, "51": {"bias": -0.4472135954999579, "objective_cosine_similarity": -0.28125391560453983, "is_tight": 1.0, "dual_solution_value": -0.0027095977317933132, "scaled_age": 0.0}, "52": {"bias": -0.7071067811865475, "objective_cosine_similarity": -0.19222580409072568, "is_tight": 1.0, "dual_solution_value": -0.05399249515866778, "scaled_age": 0.0}, "53": {"bias": -0.4082482904638631, "objective_cosine_similarity": -0.26668717578585993, "is_tight": 0.0, "dual_solution_value": 0.0, "scaled_age": 0.03529411764705882}, "54": {"bias": -0.3779644730092272, "objective_cosine_similarity": -0.31284774490435685, "is_tight": 0.0, "dual_solution_value": 0.0, "scaled_age": 0.07058823529411765}, "55": {"bias": -0.30151134457776363, "objective_cosine_similarity": -0.33764834152336004, "is_tight": 0.0, "dual_solution_value": 0.0, "scaled_age": 0.24705882352941178}, "56": {"bias": -0.31622776601683794, "objective_cosine_similarity": -0.4105838471416548, "is_tight": 0.0, "dual_solution_value": 0.0, "scaled_age": 0.18823529411764706}, "57": {"bias": -0.5, "objective_cosine_similarity": -0.22113036545497305, "is_tight": 0.0, "dual_solution_value": 0.0, "scaled_age": 0.011764705882352941}, "58": {"bias": -0.3779644730092272, "objective_cosine_similarity": -0.40486178752328533, "is_tight": 0.0, "dual_solution_value": 0.0, "scaled_age": 0.18823529411764706}, "59": {"bias": -0.35355339059327373, "objective_cosine_similarity": -0.42605271503690695, "is_tight": 0.0, "dual_solution_value": 0.0, "scaled_age": 0.24705882352941178}, "60": {"bias": -0.4472135954999579, "objective_cosine_similarity": -0.29032662255952496, "is_tight": 1.0, "dual_solution_value": -0.017077153884572722, "scaled_age": 0.0}, "61": {"bias": -0.5, "objective_cosine_similarity": -0.22721652230235762, "is_tight": 0.0, "dual_solution_value": 0.0, "scaled_age": 0.24705882352941178}, "62": {"bias": -0.5773502691896258, "objective_cosine_similarity": -0.2155157833756233, "is_tight": 1.0, "dual_solution_value": -8.072704076839859e-05, "scaled_age": 0.0}, "63": {"bias": -0.3779644730092272, "objective_cosine_similarity": -0.30057920588849973, "is_tight": 0.0, "dual_solution_value": 0.0, "scaled_age": 0.15294117647058825}, "64": {"bias": -0.5, "objective_cosine_similarity": -0.16229751593025546, "is_tight": 1.0, "dual_solution_value": -0.000156622739993589, "scaled_age": 0.0}, "65": {"bias": -0.4082482904638631, "objective_cosine_similarity": -0.31803688044028017, "is_tight": 1.0, "dual_solution_value": -1.2486144621787877e-05, "scaled_age": 0.0}, "66": {"bias": -0.4082482904638631, "objective_cosine_similarity": -0.35116572215280933, "is_tight": 1.0, "dual_solution_value": -0.01575737111602212, "scaled_age": 0.0}, "67": {"bias": -0.3333333333333333, "objective_cosine_similarity": -0.4206210621192454, "is_tight": 0.0, "dual_solution_value": 0.0, "scaled_age": 0.24705882352941178}, "68": {"bias": -0.3333333333333333, "objective_cosine_similarity": -0.2988979251715538, "is_tight": 0.0, "dual_solution_value": 0.0, "scaled_age": 0.24705882352941178}, "69": {"bias": -0.3333333333333333, "objective_cosine_similarity": -0.4652528790000656, "is_tight": 0.0, "dual_solution_value": 0.0, "scaled_age": 0.011764705882352941}, "70": {"bias": -0.3779644730092272, "objective_cosine_similarity": -0.21163229802353553, "is_tight": 0.0, "dual_solution_value": 0.0, "scaled_age": 0.24705882352941178}, "71": {"bias": -0.35355339059327373, "objective_cosine_similarity": -0.3084219991007912, "is_tight": 0.0, "dual_solution_value": 0.0, "scaled_age": 0.24705882352941178}, "72": {"bias": -0.4472135954999579, "objective_cosine_similarity": -0.23589038082961403, "is_tight": 0.0, "dual_solution_value": 0.0, "scaled_age": 0.24705882352941178}, "73": {"bias": -0.31622776601683794, "objective_cosine_similarity": -0.25276568089658125, "is_tight": 0.0, "dual_solution_value": 0.0, "scaled_age": 0.24705882352941178}, "74": {"bias": -0.3779644730092272, "objective_cosine_similarity": -0.40792892227724964, "is_tight": 1.0, "dual_solution_value": -0.0020666691170003635, "scaled_age": 0.0}, "75": {"bias": -0.3779644730092272, "objective_cosine_similarity": -0.4692716173565353, "is_tight": 1.0, "dual_solution_value": -0.01584431852400859, "scaled_age": 0.0}, "76": {"bias": -0.5773502691896258, "objective_cosine_similarity": -0.15226658608060342, "is_tight": 0.0, "dual_solution_value": 0.0, "scaled_age": 0.24705882352941178}, "77": {"bias": -0.3333333333333333, "objective_cosine_similarity": -0.27049585988375907, "is_tight": 0.0, "dual_solution_value": 0.0, "scaled_age": 0.24705882352941178}, "78": {"bias": -0.5, "objective_cosine_similarity": -0.22518780335322944, "is_tight": 0.0, "dual_solution_value": 0.0, "scaled_age": 0.1411764705882353}, "79": {"bias": -0.4082482904638631, "objective_cosine_similarity": -0.23190189198770428, "is_tight": 0.0, "dual_solution_value": 0.0, "scaled_age": 0.24705882352941178}, "80": {"bias": -0.4472135954999579, "objective_cosine_similarity": -0.3338756159434537, "is_tight": 0.0, "dual_solution_value": 0.0, "scaled_age": 0.2235294117647059}, "81": {"bias": -0.3779644730092272, "objective_cosine_similarity": -0.26684072359489264, "is_tight": 0.0, "dual_solution_value": 0.0, "scaled_age": 0.24705882352941178}, "82": {"bias": -0.5, "objective_cosine_similarity": -0.15418264013374267, "is_tight": 0.0, "dual_solution_value": 0.0, "scaled_age": 0.047058823529411764}, "83": {"bias": -0.4472135954999579, "objective_cosine_similarity": -0.17419597353571498, "is_tight": 0.0, "dual_solution_value": 0.0, "scaled_age": 0.011764705882352941}, "84": {"bias": -0.4472135954999579, "objective_cosine_similarity": -0.21411588413764965, "is_tight": 0.0, "dual_solution_value": 0.0, "scaled_age": 0.2235294117647059}, "85": {"bias": -0.3779644730092272, "objective_cosine_similarity": -0.32664985129719615, "is_tight": 0.0, "dual_solution_value": 0.0, "scaled_age": 0.047058823529411764}, "86": {"bias": -0.3779644730092272, "objective_cosine_similarity": -0.24537078031714263, "is_tight": 0.0, "dual_solution_value": 0.0, "scaled_age": 0.24705882352941178}, "87": {"bias": -0.35355339059327373, "objective_cosine_similarity": -0.42318367318480654, "is_tight": 0.0, "dual_solution_value": 0.0, "scaled_age": 0.10588235294117647}, "88": {"bias": -0.35355339059327373, "objective_cosine_similarity": -0.2854696642839881, "is_tight": 0.0, "dual_solution_value": 0.0, "scaled_age": 0.24705882352941178}, "89": {"bias": -0.35355339059327373, "objective_cosine_similarity": -0.4819990311528644, "is_tight": 1.0, "dual_solution_value": 0.0, "scaled_age": 0.2235294117647059}, "90": {"bias": -0.35355339059327373, "objective_cosine_similarity": -0.2582137666890345, "is_tight": 0.0, "dual_solution_value": 0.0, "scaled_age": 0.24705882352941178}, "91": {"bias": -0.35355339059327373, "objective_cosine_similarity": -0.28403514335793795, "is_tight": 0.0, "dual_solution_value": 0.0, "scaled_age": 0.24705882352941178}, "92": {"bias": -0.4472135954999579, "objective_cosine_similarity": -0.24677762917559623, "is_tight": 0.0, "dual_solution_value": 0.0, "scaled_age": 0.24705882352941178}, "93": {"bias": -0.4082482904638631, "objective_cosine_similarity": -0.1706135348195253, "is_tight": 0.0, "dual_solution_value": 0.0, "scaled_age": 0.24705882352941178}, "94": {"bias": -0.3779644730092272, "objective_cosine_similarity": -0.2775756952337676, "is_tight": 0.0, "dual_solution_value": 0.0, "scaled_age": 0.24705882352941178}, "95": {"bias": -0.3779644730092272, "objective_cosine_similarity": -0.24537078031714263, "is_tight": 0.0, "dual_solution_value": 0.0, "scaled_age": 0.24705882352941178}, "96": {"bias": -0.4472135954999579, "objective_cosine_similarity": -0.2612939603035725, "is_tight": 1.0, "dual_solution_value": -0.00813487507055602, "scaled_age": 0.0}, "97": {"bias": -0.4472135954999579, "objective_cosine_similarity": -0.34657740568043294, "is_tight": 1.0, "dual_solution_value": -0.010124020350269063, "scaled_age": 0.0}, "98": {"bias": -0.3333333333333333, "objective_cosine_similarity": -0.23127396020061403, "is_tight": 0.0, "dual_solution_value": 0.0, "scaled_age": 0.24705882352941178}, "99": {"bias": -0.35355339059327373, "objective_cosine_similarity": -0.38445160818145135, "is_tight": 1.0, "dual_solution_value": -3.243014619066789e-05, "scaled_age": 0.0}, "100": {"bias": -0.4472135954999579, "objective_cosine_similarity": -0.36472281959040326, "is_tight": 1.0, "dual_solution_value": -0.013760262126493885, "scaled_age": 0.0}, "101": {"bias": -0.4472135954999579, "objective_cosine_similarity": -0.36472281959040326, "is_tight": 1.0, "dual_solution_value": -0.0038944823366707333, "scaled_age": 0.0}, "102": {"bias": -0.4472135954999579, "objective_cosine_similarity": -0.29032662255952496, "is_tight": 1.0, "dual_solution_value": -0.001536478452521282, "scaled_age": 0.0}, "103": {"bias": -0.4472135954999579, "objective_cosine_similarity": -0.1868977632726942, "is_tight": 0.0, "dual_solution_value": 0.0, "scaled_age": 0.24705882352941178}, "104": {"bias": -0.4472135954999579, "objective_cosine_similarity": -0.24677762917559623, "is_tight": 0.0, "dual_solution_value": 0.0, "scaled_age": 0.2}, "105": {"bias": -0.4472135954999579, "objective_cosine_similarity": -0.23044675665662293, "is_tight": 0.0, "dual_solution_value": 0.0, "scaled_age": 0.1411764705882353}, "106": {"bias": -0.35355339059327373, "objective_cosine_similarity": -0.37154091984699966, "is_tight": 0.0, "dual_solution_value": 0.0, "scaled_age": 0.24705882352941178}, "107": {"bias": -0.3779644730092272, "objective_cosine_similarity": -0.41252962440819607, "is_tight": 1.0, "dual_solution_value": -0.0008866985666622482, "scaled_age": 0.0}, "108": {"bias": -0.5, "objective_cosine_similarity": -0.1460677643372299, "is_tight": 1.0, "dual_solution_value": -4.606180587994798e-06, "scaled_age": 0.0}, "109": {"bias": -0.3779644730092272, "objective_cosine_similarity": -0.36192190096778537, "is_tight": 0.0, "dual_solution_value": 0.0, "scaled_age": 0.1411764705882353}, "110": {"bias": -0.3333333333333333, "objective_cosine_similarity": -0.3137751974651605, "is_tight": 0.0, "dual_solution_value": 0.0, "scaled_age": 0.24705882352941178}, "111": {"bias": -0.3333333333333333, "objective_cosine_similarity": -0.2664384219855027, "is_tight": 0.0, "dual_solution_value": 0.0, "scaled_age": 0.24705882352941178}, "112": {"bias": -0.9958932064677039, "objective_cosine_similarity": -0.8448892844216097, "is_tight": 0.0, "dual_solution_value": -0.0, "scaled_age": 0.1411764705882353}, "113": {"bias": -1.1384998073032997, "objective_cosine_similarity": -0.9605700735534771, "is_tight": 1.0, "dual_solution_value": -0.01915529172076916, "scaled_age": 0.0}, "114": {"bias": -1.1547005383792515, "objective_cosine_similarity": -0.9072411315703645, "is_tight": 1.0, "dual_solution_value": -2.0836534991226723e-05, "scaled_age": 0.0}, "115": {"bias": -0.7745966692414834, "objective_cosine_similarity": -0.5290511100766662, "is_tight": 1.0, "dual_solution_value": -7.229652488263229e-05, "scaled_age": 0.0}, "116": {"bias": -1.1761953506368739, "objective_cosine_similarity": -0.9610043244100865, "is_tight": 1.0, "dual_solution_value": -0.0009332741507510989, "scaled_age": 0.0}, "117": {"bias": -1.0242950394631678, "objective_cosine_similarity": -0.8576972885625015, "is_tight": 1.0, "dual_solution_value": -3.234312515450204e-05, "scaled_age": 0.0}, "118": {"bias": -0.9370425713316364, "objective_cosine_similarity": -0.7699033883431204, "is_tight": 0.0, "dual_solution_value": -0.0, "scaled_age": 0.03529411764705882}, "119": {"bias": -1.1878540843332683, "objective_cosine_similarity": -0.9570843229455894, "is_tight": 0.0, "dual_solution_value": -0.0, "scaled_age": 0.023529411764705882}, "120": {"bias": -0.5345224838248488, "objective_cosine_similarity": -0.5801518020437383, "is_tight": 1.0, "dual_solution_value": -0.0, "scaled_age": 0.011764705882352941}, "121": {"bias": -1.1682477142138876, "objective_cosine_similarity": -0.9619009266680778, "is_tight": 1.0, "dual_solution_value": -0.003406733008037527, "scaled_age": 0.0}, "122": {"bias": -1.106222768505206, "objective_cosine_similarity": -0.911151327523966, "is_tight": 0.0, "dual_solution_value": -0.0, "scaled_age": 0.03529411764705882}, "123": {"bias": -0.6396021490668313, "objective_cosine_similarity": -0.6807933005171345, "is_tight": 1.0, "dual_solution_value": -8.590589971053112e-05, "scaled_age": 0.0}, "124": {"bias": -1.0957693550988328, "objective_cosine_similarity": -0.9292173668073265, "is_tight": 0.0, "dual_solution_value": -0.0, "scaled_age": 0.09411764705882353}, "125": {"bias": -1.089886740604102, "objective_cosine_similarity": -0.914774636173763, "is_tight": 0.0, "dual_solution_value": -0.0, "scaled_age": 0.023529411764705882}, "126": {"bias": -1.0476454436543672, "objective_cosine_similarity": -0.9136292265539193, "is_tight": 1.0, "dual_solution_value": -6.5876491482629735e-06, "scaled_age": 0.0}, "127": {"bias": -1.177820506909612, "objective_cosine_similarity": -0.9514422273592863, "is_tight": 1.0, "dual_solution_value": -3.5443398311005816e-06, "scaled_age": 0.0}, "128": {"bias": -1.1197705168304328, "objective_cosine_similarity": -0.9392445528851338, "is_tight": 1.0, "dual_solution_value": -1.2453731203775314e-05, "scaled_age": 0.0}, "129": {"bias": -1.1762422429186734, "objective_cosine_similarity": -0.9647145810912326, "is_tight": 1.0, "dual_solution_value": -0.003028781845599498, "scaled_age": 0.0}, "130": {"bias": -1.1078234188139946, "objective_cosine_similarity": -0.9129691550670397, "is_tight": 0.0, "dual_solution_value": -0.0, "scaled_age": 0.011764705882352941}, "131": {"bias": -1.1675180819839532, "objective_cosine_similarity": -0.965852359813727, "is_tight": 1.0, "dual_solution_value": -0.005680498466773922, "scaled_age": 0.0}, "132": {"bias": -1.0909090909090908, "objective_cosine_similarity": -0.8653408463008619, "is_tight": 1.0, "dual_solution_value": -4.1262148832772765e-05, "scaled_age": 0.0}}