{"0": {"bias": -1.025755289064345, "objective_cosine_similarity": -0.8742999704540063, "is_tight": 0.0, "dual_solution_value": -0.0, "scaled_age": 0.12222222222222222}, "1": {"bias": -1.01323932080096, "objective_cosine_similarity": -0.9206551842657341, "is_tight": 0.0, "dual_solution_value": -0.0, "scaled_age": 0.08888888888888889}, "2": {"bias": -0.5547001962252291, "objective_cosine_similarity": -0.7183564481087269, "is_tight": 0.0, "dual_solution_value": -0.0, "scaled_age": 0.12222222222222222}, "3": {"bias": -0.9312661473328351, "objective_cosine_similarity": -0.9471994893792254, "is_tight": 0.0, "dual_solution_value": -0.0, "scaled_age": 0.044444444444444446}, "4": {"bias": -0.6324555320336759, "objective_cosine_similarity": -0.7041626698328695, "is_tight": 0.0, "dual_solution_value": -0.0, "scaled_age": 0.03333333333333333}, "5": {"bias": -0.7453559924999299, "objective_cosine_similarity": -0.9163441941108965, "is_tight": 1.0, "dual_solution_value": -8.665171211158642e-05, "scaled_age": 0.0}, "6": {"bias": -0.6123724356957946, "objective_cosine_similarity": -0.7786903074244123, "is_tight": 0.0, "dual_solution_value": -0.0, "scaled_age": 0.07777777777777778}, "7": {"bias": -0.5773502691896258, "objective_cosine_similarity": -0.6597256736140563, "is_tight": 0.0, "dual_solution_value": -0.0, "scaled_age": 0.022222222222222223}, "8": {"bias": -1.0488910845174917, "objective_cosine_similarity": -0.9608639086748528, "is_tight": 1.0, "dual_solution_value": -0.004708821366583359, "scaled_age": 0.0}, "9": {"bias": -0.5, "objective_cosine_similarity": -0.31057412535963497, "is_tight": 1.0, "dual_solution_value": -0.00016088449392868734, "scaled_age": 0.0}, "10": {"bias": -0.35355339059327373, "objective_cosine_similarity": -0.38949533188057744, "is_tight": 0.0, "dual_solution_value": 0.0, "scaled_age": 0.23333333333333334}, "11": {"bias": -0.4082482904638631, "objective_cosine_similarity": -0.21769836551650235, "is_tight": 0.0, "dual_solution_value": 0.0, "scaled_age": 0.23333333333333334}, "12": {"bias": -0.5, "objective_cosine_similarity": -0.20509612052051368, "is_tight": 1.0, "dual_solution_value": -0.005859889157728962, "scaled_age": 0.0}, "13": {"bias": -0.7071067811865475, "objective_cosine_similarity": -0.05800994304604345, "is_tight": 0.0, "dual_solution_value": 0.0, "scaled_age": 0.011111111111111112}, "14": {"bias": -0.5773502691896258, "objective_cosine_similarity": -0.20975893212344354, "is_tight": 0.0, "dual_solution_value": 0.0, "scaled_age": 0.23333333333333334}, "15": {"bias": -0.4082482904638631, "objective_cosine_similarity": -0.46649649753536215, "is_tight": 0.0, "dual_solution_value": 0.0, "scaled_age": 0.23333333333333334}, "16": {"bias": -0.4082482904638631, "objective_cosine_similarity": -0.34927430071878396, "is_tight": 0.0, "dual_solution_value": 0.0, "scaled_age": 0.23333333333333334}, "17": {"bias": -0.4082482904638631, "objective_cosine_similarity": -0.2559750012117115, "is_tight": 0.0, "dual_solution_value": 0.0, "scaled_age": 0.23333333333333334}, "18": {"bias": -0.4082482904638631, "objective_cosine_similarity": -0.27511331905931613, "is_tight": 0.0, "dual_solution_value": 0.0, "scaled_age": 0.23333333333333334}, "19": {"bias": -0.3779644730092272, "objective_cosine_similarity": -0.480618092074392, "is_tight": 0.0, "dual_solution_value": 0.0, "scaled_age": 0.23333333333333334}, "20": {"bias": -0.5, "objective_cosine_similarity": -0.304714236201906, "is_tight": 0.0, "dual_solution_value": 0.0, "scaled_age": 0.011111111111111112}, "21": {"bias": -0.4472135954999579, "objective_cosine_similarity": -0.12316923867458189, "is_tight": 0.0, "dual_solution_value": 0.0, "scaled_age": 0.23333333333333334}, "22": {"bias": -0.4082482904638631, "objective_cosine_similarity": -0.4306121515711035, "is_tight": 0.0, "dual_solution_value": 0.0, "scaled_age": 0.23333333333333334}, "23": {"bias": -0.4472135954999579, "objective_cosine_similarity": -0.3564046055264497, "is_tight": 1.0, "dual_solution_value": -9.66112824207509e-05, "scaled_age": 0.0}, "24": {"bias": -0.3779644730092272, "objective_cosine_similarity": -0.3632321064525359, "is_tight": 0.0, "dual_solution_value": 0.0, "scaled_age": 0.23333333333333334}, "25": {"bias": -0.4082482904638631, "objective_cosine_similarity": -0.3109976650235748, "is_tight": 0.0, "dual_solution_value": 0.0, "scaled_age": 0.23333333333333334}, "26": {"bias": -0.35355339059327373, "objective_cosine_similarity": -0.5179459200539593, "is_tight": 0.0, "dual_solution_value": 0.0, "scaled_age": 0.23333333333333334}, "27": {"bias": -0.35355339059327373, "objective_cosine_similarity": -0.3749928461190666, "is_tight": 0.0, "dual_solution_value": 0.0, "scaled_age": 0.23333333333333334}, "28": {"bias": -0.4472135954999579, "objective_cosine_similarity": -0.29088905303997, "is_tight": 0.0, "dual_solution_value": 0.0, "scaled_age": 0.23333333333333334}, "29": {"bias": -0.4472135954999579, "objective_cosine_similarity": -0.22275287845403108, "is_tight": 0.0, "dual_solution_value": 0.0, "scaled_age": 0.23333333333333334}, "30": {"bias": -0.35355339059327373, "objective_cosine_similarity": -0.5842429978208662, "is_tight": 0.0, "dual_solution_value": 0.0, "scaled_age": 0.011111111111111112}, "31": {"bias": -0.3333333333333333, "objective_cosine_similarity": -0.4883240964774135, "is_tight": 0.0, "dual_solution_value": 0.0, "scaled_age": 0.23333333333333334}, "32": {"bias": -0.4082482904638631, "objective_cosine_similarity": -0.3540588801806851, "is_tight": 0.0, "dual_solution_value": 0.0, "scaled_age": 0.23333333333333334}, "33": {"bias": -0.3333333333333333, "objective_cosine_similarity": -0.38089279525238257, "is_tight": 0.0, "dual_solution_value": 0.0, "scaled_age": 0.23333333333333334}, "34": {"bias": -0.4082482904638631, "objective_cosine_similarity": -0.4042969645306472, "is_tight": 0.0, "dual_solution_value": 0.0, "scaled_age": 0.23333333333333334}, "35": {"bias": -0.4472135954999579, "objective_cosine_similarity": -0.2175116342551127, "is_tight": 0.0, "dual_solution_value": 0.0, "scaled_age": 0.23333333333333334}, "36": {"bias": -0.4472135954999579, "objective_cosine_similarity": -0.24895909944862296, "is_tight": 0.0, "dual_solution_value": 0.0, "scaled_age": 0.23333333333333334}, "37": {"bias": -0.5773502691896258, "objective_cosine_similarity": -0.42628428141215946, "is_tight": 1.0, "dual_solution_value": -0.07662685034781004, "scaled_age": 0.0}, "38": {"bias": -0.7071067811865475, "objective_cosine_similarity": -0.1823169638589937, "is_tight": 1.0, "dual_solution_value": -0.016016546611871595, "scaled_age": 0.0}, "39": {"bias": -0.4472135954999579, "objective_cosine_similarity": -0.34854273922807216, "is_tight": 1.0, "dual_solution_value": -1.3632214870950736e-06, "scaled_age": 0.0}, "40": {"bias": -0.5, "objective_cosine_similarity": -0.23732551088802298, "is_tight": 0.0, "dual_solution_value": 0.0, "scaled_age": 0.23333333333333334}, "41": {"bias": -0.4082482904638631, "objective_cosine_similarity": -0.511950002423423, "is_tight": 1.0, "dual_solution_value": -0.004081238405029933, "scaled_age": 0.0}, "42": {"bias": -0.4082482904638631, "objective_cosine_similarity": -0.2416212628260081, "is_tight": 0.0, "dual_solution_value": 0.0, "scaled_age": 0.23333333333333334}, "43": {"bias": -0.4472135954999579, "objective_cosine_similarity": -0.17558168066376567, "is_tight": 0.0, "dual_solution_value": 0.0, "scaled_age": 0.23333333333333334}, "44": {"bias": -0.4082482904638631, "objective_cosine_similarity": -0.37080490829733914, "is_tight": 0.0, "dual_solution_value": 0.0, "scaled_age": 0.23333333333333334}, "45": {"bias": -0.3779644730092272, "objective_cosine_similarity": -0.34108380727860077, "is_tight": 0.0, "dual_solution_value": 0.0, "scaled_age": 0.23333333333333334}, "46": {"bias": -0.5, "objective_cosine_similarity": -0.45707135430285906, "is_tight": 1.0, "dual_solution_value": -0.00015836792052612497, "scaled_age": 0.0}, "47": {"bias": -0.3333333333333333, "objective_cosine_similarity": -0.42191201935648526, "is_tight": 0.0, "dual_solution_value": 0.0, "scaled_age": 0.23333333333333334}, "48": {"bias": -0.5, "objective_cosine_similarity": -0.20802606509937815, "is_tight": 0.0, "dual_solution_value": 0.0, "scaled_age": 0.23333333333333334}, "49": {"bias": -0.5, "objective_cosine_similarity": -0.152357118100953, "is_tight": 1.0, "dual_solution_value": -0.00039104447270739347, "scaled_age": 0.0}, "50": {"bias": -0.3779644730092272, "objective_cosine_similarity": -0.43853632364391526, "is_tight": 0.0, "dual_solution_value": 0.0, "scaled_age": 0.23333333333333334}, "51": {"bias": -0.3779644730092272, "objective_cosine_similarity": -0.22591265157413817, "is_tight": 0.0, "dual_solution_value": 0.0, "scaled_age": 0.23333333333333334}, "52": {"bias": -0.35355339059327373, "objective_cosine_similarity": -0.27969079682913806, "is_tight": 0.0, "dual_solution_value": 0.0, "scaled_age": 0.23333333333333334}, "53": {"bias": -0.4082482904638631, "objective_cosine_similarity": -0.3803740672211414, "is_tight": 0.0, "dual_solution_value": 0.0, "scaled_age": 0.23333333333333334}, "54": {"bias": -0.4082482904638631, "objective_cosine_similarity": -0.2583672909426621, "is_tight": 0.0, "dual_solution_value": 0.0, "scaled_age": 0.23333333333333334}, "55": {"bias": -0.4472135954999579, "objective_cosine_similarity": -0.3354396287307762, "is_tight": 1.0, "dual_solution_value": -0.007861866298377568, "scaled_age": 0.0}, "56": {"bias": -0.3779644730092272, "objective_cosine_similarity": -0.4274621740569477, "is_tight": 0.0, "dual_solution_value": 0.0, "scaled_age": 0.23333333333333334}, "57": {"bias": -0.5773502691896258, "objective_cosine_similarity": -0.2977223552719844, "is_tight": 0.0, "dual_solution_value": 0.0, "scaled_age": 0.23333333333333334}, "58": {"bias": -0.5773502691896258, "objective_cosine_similarity": -0.2672734780282587, "is_tight": 1.0, "dual_solution_value": -0.0001442506609043503, "scaled_age": 0.0}, "59": {"bias": -0.3779644730092272, "objective_cosine_similarity": -0.380950745791684, "is_tight": 0.0, "dual_solution_value": 0.0, "scaled_age": 0.08888888888888889}, "60": {"bias": -0.4472135954999579, "objective_cosine_similarity": -0.4769532221015724, "is_tight": 0.0, "dual_solution_value": 0.0, "scaled_age": 0.05555555555555555}, "61": {"bias": -0.5, "objective_cosine_similarity": -0.29885434704417707, "is_tight": 0.0, "dual_solution_value": 0.0, "scaled_age": 0.23333333333333334}, "62": {"bias": -0.35355339059327373, "objective_cosine_similarity": -0.331485388834534, "is_tight": 0.0, "dual_solution_value": 0.0, "scaled_age": 0.23333333333333334}, "63": {"bias": -0.4472135954999579, "objective_cosine_similarity": -0.2410972331502454, "is_tight": 0.0, "dual_solution_value": 0.0, "scaled_age": 0.1111111111111111}, "64": {"bias": -0.5, "objective_cosine_similarity": -0.17286673015300438, "is_tight": 0.0, "dual_solution_value": 0.0, "scaled_age": 0.23333333333333334}, "65": {"bias": -0.4082482904638631, "objective_cosine_similarity": -0.24401355255695867, "is_tight": 0.0, "dual_solution_value": 0.0, "scaled_age": 0.23333333333333334}, "66": {"bias": -0.4082482904638631, "objective_cosine_similarity": -0.5645803765043357, "is_tight": 1.0, "dual_solution_value": -0.010231944156607093, "scaled_age": 0.0}, "67": {"bias": -0.4472135954999579, "objective_cosine_similarity": -0.2856478088410516, "is_tight": 0.0, "dual_solution_value": 0.0, "scaled_age": 0.23333333333333334}, "68": {"bias": -0.35355339059327373, "objective_cosine_similarity": -0.3915671155607933, "is_tight": 0.0, "dual_solution_value": 0.0, "scaled_age": 0.23333333333333334}, "69": {"bias": -0.4472135954999579, "objective_cosine_similarity": -0.3170952740345619, "is_tight": 0.0, "dual_solution_value": 0.0, "scaled_age": 0.03333333333333333}, "70": {"bias": -0.4082482904638631, "objective_cosine_similarity": -0.2894670574450196, "is_tight": 0.0, "dual_solution_value": 0.0, "scaled_age": 0.23333333333333334}, "71": {"bias": -0.4472135954999579, "objective_cosine_similarity": -0.3590252276259089, "is_tight": 0.0, "dual_solution_value": 0.0, "scaled_age": 0.23333333333333334}, "72": {"bias": -0.5773502691896258, "objective_cosine_similarity": -0.10487946606172177, "is_tight": 0.0, "dual_solution_value": 0.0, "scaled_age": 0.23333333333333334}, "73": {"bias": -0.4082482904638631, "objective_cosine_similarity": -0.5621880867733852, "is_tight": 0.0, "dual_solution_value": 0.0, "scaled_age": 0.14444444444444443}, "74": {"bias": -0.3333333333333333, "objective_cosine_similarity": -0.39261257356784046, "is_tight": 0.0, "dual_solution_value": 0.0, "scaled_age": 0.23333333333333334}, "75": {"bias": -0.35355339059327373, "objective_cosine_similarity": -0.32734182147410235, "is_tight": 0.0, "dual_solution_value": 0.0, "scaled_age": 0.23333333333333334}, "76": {"bias": -0.3779644730092272, "objective_cosine_similarity": -0.5071960510831142, "is_tight": 0.0, "dual_solution_value": 0.0, "scaled_age": 0.022222222222222223}, "77": {"bias": -0.4472135954999579, "objective_cosine_similarity": -0.3957139370183375, "is_tight": 1.0, "dual_solution_value": -0.00017619264843579734, "scaled_age": 0.0}, "78": {"bias": -0.5, "objective_cosine_similarity": -0.48637080009150385, "is_tight": 1.0, "dual_solution_value": -0.028185681877132805, "scaled_age": 0.0}, "79": {"bias": -0.35355339059327373, "objective_cosine_similarity": -0.4930845158913693, "is_tight": 0.0, "dual_solution_value": 0.0, "scaled_age": 0.23333333333333334}, "80": {"bias": -0.5, "objective_cosine_similarity": -0.31936395909622844, "is_tight": 1.0, "dual_solution_value": -0.020732413142720726, "scaled_age": 0.0}, "81": {"bias": -0.5773502691896258, "objective_cosine_similarity": -0.15901080338390075, "is_tight": 1.0, "dual_solution_value": -0.00012598415928926642, "scaled_age": 0.0}, "82": {"bias": -0.4472135954999579, "objective_cosine_similarity": -0.3668870939242865, "is_tight": 0.0, "dual_solution_value": 0.0, "scaled_age": 0.022222222222222223}, "83": {"bias": -0.3779644730092272, "objective_cosine_similarity": -0.45182530314827635, "is_tight": 0.0, "dual_solution_value": 0.0, "scaled_age": 0.06666666666666667}, "84": {"bias": -0.4472135954999579, "objective_cosine_similarity": -0.25682096574700053, "is_tight": 0.0, "dual_solution_value": 0.0, "scaled_age": 0.23333333333333334}, "85": {"bias": -0.35355339059327373, "objective_cosine_similarity": -0.4039978176420883, "is_tight": 0.0, "dual_solution_value": 0.0, "scaled_age": 0.23333333333333334}, "86": {"bias": -0.7071067811865475, "objective_cosine_similarity": -0.21132193538201544, "is_tight": 1.0, "dual_solution_value": -0.004823123864361543, "scaled_age": 0.0}, "87": {"bias": -0.4472135954999579, "objective_cosine_similarity": -0.5136419314940011, "is_tight": 0.0, "dual_solution_value": 0.0, "scaled_age": 0.17777777777777778}, "88": {"bias": -0.5, "objective_cosine_similarity": -0.1845865084684623, "is_tight": 0.0, "dual_solution_value": 0.0, "scaled_age": 0.23333333333333334}, "89": {"bias": -0.2886751345948129, "objective_cosine_similarity": -0.37215294408998045, "is_tight": 0.0, "dual_solution_value": 0.0, "scaled_age": 0.23333333333333334}, "90": {"bias": -0.4082482904638631, "objective_cosine_similarity": -0.40908154399254837, "is_tight": 0.0, "dual_solution_value": 0.0, "scaled_age": 0.23333333333333334}, "91": {"bias": -0.5, "objective_cosine_similarity": -0.2578351229400743, "is_tight": 0.0, "dual_solution_value": 0.0, "scaled_age": 0.23333333333333334}, "92": {"bias": -0.4472135954999579, "objective_cosine_similarity": -0.25682096574700053, "is_tight": 0.0, "dual_solution_value": 0.0, "scaled_age": 0.2}, "93": {"bias": -0.3779644730092272, "objective_cosine_similarity": -0.35880244661774885, "is_tight": 0.0, "dual_solution_value": 0.0, "scaled_age": 0.23333333333333334}, "94": {"bias": -0.5773502691896258, "objective_cosine_similarity": -0.30110556385462056, "is_tight": 1.0, "dual_solution_value": -0.009374431558125946, "scaled_age": 0.0}, "95": {"bias": -1.0374180122025092, "objective_cosine_similarity": -0.9724845097275835, "is_tight": 1.0, "dual_solution_value": -0.0040673540863648775, "scaled_age": 0.0}, "96": {"bias": -1.0156148495916204, "objective_cosine_similarity": -0.9683503681211756, "is_tight": 1.0, "dual_solution_value": -0.020329448128854764, "scaled_age": 0.0}, "97": {"bias": -1.059636655126992, "objective_cosine_similarity": -0.9650888142537681, "is_tight": 0.0, "dual_solution_value": -0.0, "scaled_age": 0.08888888888888889}, "98": {"bias": -0.9053574604251853, "objective_cosine_similarity": -0.891289453524048, "is_tight": 0.0, "dual_solution_value": -0.0, "scaled_age": 0.06666666666666667}, "99": {"bias": -0.7624928516630234, "objective_cosine_similarity": -0.8328582379786363, "is_tight": 0.0, "dual_solution_value": -0.0, "scaled_age": 0.1}, "100": {"bias": -1.0296342039466138, "objective_cosine_similarity": -0.9723066507937967, "is_tight": 1.0, "dual_solution_value": -0.021665269355209436, "scaled_age": 0.0}, "101": {"bias": -0.8728715609439696, "objective_cosine_similarity": -0.907260814477122, "is_tight": 0.0, "dual_solution_value": -0.0, "scaled_age": 0.12222222222222222}, "102": {"bias": -0.8834522085987723, "objective_cosine_similarity": -0.9124342682676135, "is_tight": 0.0, "dual_solution_value": -0.0, "scaled_age": 0.08888888888888889}, "103": {"bias": -0.9036961141150639, "objective_cosine_similarity": -0.8669586691269169, "is_tight": 0.0, "dual_solution_value": -0.0, "scaled_age": 0.08888888888888889}, "104": {"bias": -0.7624928516630234, "objective_cosine_similarity": -0.9177525862704501, "is_tight": 0.0, "dual_solution_value": -0.0, "scaled_age": 0.06666666666666667}, "105": {"bias": -1.0570485448440834, "objective_cosine_similarity": -0.9733557367309105, "is_tight": 1.0, "dual_solution_value": -0.03275067778591157, "scaled_age": 0.0}, "106": {"bias": -0.9511012772444224, "objective_cosine_similarity": -0.9335358004564821, "is_tight": 1.0, "dual_solution_value": -5.662842395556977e-05, "scaled_age": 0.0}, "107": {"bias": -0.7559289460184544, "objective_cosine_similarity": -0.905127159574815, "is_tight": 1.0, "dual_solution_value": -0.00014237238460356605, "scaled_age": 0.0}, "108": {"bias": -0.8427009716003844, "objective_cosine_similarity": -0.9304855891632097, "is_tight": 1.0, "dual_solution_value": -5.723493025845899e-06, "scaled_age": 0.0}, "109": {"bias": -0.769800358919501, "objective_cosine_similarity": -0.8040759064732, "is_tight": 0.0, "dual_solution_value": -0.0, "scaled_age": 0.011111111111111112}, "110": {"bias": -0.9428090415820635, "objective_cosine_similarity": -0.8452877415280619, "is_tight": 1.0, "dual_solution_value": -0.00018971958871411427, "scaled_age": 0.0}, "111": {"bias": -0.953998092005724, "objective_cosine_similarity": -0.9143283964038013, "is_tight": 1.0, "dual_solution_value": -4.533080439375858e-06, "scaled_age": 0.0}, "112": {"bias": -0.9116846116771036, "objective_cosine_similarity": -0.8701386393649003, "is_tight": 1.0, "dual_solution_value": -7.836488114435159e-05, "scaled_age": 0.0}}