{"0": {"bias": -0.75, "objective_cosine_similarity": -0.6367540084656989, "is_tight": 0.0, "dual_solution_value": -0.0, "scaled_age": 0.0594059405940594}, "1": {"bias": -1.204631880672813, "objective_cosine_similarity": -0.9056591817398302, "is_tight": 1.0, "dual_solution_value": -8.737813475904575e-10, "scaled_age": 0.0}, "2": {"bias": -0.8320502943378437, "objective_cosine_similarity": -0.5717253255466039, "is_tight": 1.0, "dual_solution_value": -0.0003036678819979904, "scaled_age": 0.0}, "3": {"bias": -1.1676390789151803, "objective_cosine_similarity": -0.891936294752735, "is_tight": 0.0, "dual_solution_value": -0.0, "scaled_age": 0.07920792079207921}, "4": {"bias": -1.234292168556702, "objective_cosine_similarity": -0.8558731495937667, "is_tight": 0.0, "dual_solution_value": -0.0, "scaled_age": 0.04950495049504951}, "5": {"bias": -1.219911298033759, "objective_cosine_similarity": -0.9250667283279521, "is_tight": 0.0, "dual_solution_value": -0.0, "scaled_age": 0.019801980198019802}, "6": {"bias": -0.8660254037844387, "objective_cosine_similarity": -0.5440925453289618, "is_tight": 1.0, "dual_solution_value": -0.0005982379718697826, "scaled_age": 0.0}, "7": {"bias": -1.2174024795718243, "objective_cosine_similarity": -0.9378792476639152, "is_tight": 0.0, "dual_solution_value": -0.0, "scaled_age": 0.0891089108910891}, "8": {"bias": -1.0801234497346432, "objective_cosine_similarity": -0.7645414963794207, "is_tight": 0.0, "dual_solution_value": -0.0, "scaled_age": 0.10891089108910891}, "9": {"bias": -1.1761384730463866, "objective_cosine_similarity": -0.8476561745753806, "is_tight": 0.0, "dual_solution_value": -0.0, "scaled_age": 0.07920792079207921}, "10": {"bias": -1.140175425099138, "objective_cosine_similarity": -0.9149975911640877, "is_tight": 0.0, "dual_solution_value": -0.0, "scaled_age": 0.0891089108910891}, "11": {"bias": -1.0787197799411874, "objective_cosine_similarity": -0.8292920863883961, "is_tight": 1.0, "dual_solution_value": -2.7445854967164122e-05, "scaled_age": 0.0}, "12": {"bias": -1.0, "objective_cosine_similarity": -0.6859963184537129, "is_tight": 1.0, "dual_solution_value": -0.0012397162926359145, "scaled_age": 0.0}, "13": {"bias": -1.213616930779079, "objective_cosine_similarity": -0.9249021170545394, "is_tight": 1.0, "dual_solution_value": -1.8885382069085122e-06, "scaled_age": 0.0}, "14": {"bias": -1.2758214378566248, "objective_cosine_similarity": -0.946621154037279, "is_tight": 1.0, "dual_solution_value": -0.005666893846888823, "scaled_age": 0.0}, "15": {"bias": -1.258803225568094, "objective_cosine_similarity": -0.9454702786173965, "is_tight": 0.0, "dual_solution_value": 0.0, "scaled_age": 0.1485148514851485}, "16": {"bias": -1.2881263524131037, "objective_cosine_similarity": -0.9490898259328966, "is_tight": 0.0, "dual_solution_value": 0.0, "scaled_age": 0.009900990099009901}, "17": {"bias": -1.2955757914219947, "objective_cosine_similarity": -0.9517333820399183, "is_tight": 0.0, "dual_solution_value": 0.0, "scaled_age": 0.07920792079207921}, "18": {"bias": -1.2655515403771238, "objective_cosine_similarity": -0.9565812183815849, "is_tight": 0.0, "dual_solution_value": 0.0, "scaled_age": 0.009900990099009901}, "19": {"bias": -1.2754957316573268, "objective_cosine_similarity": -0.944561146846832, "is_tight": 0.0, "dual_solution_value": 0.0, "scaled_age": 0.009900990099009901}, "20": {"bias": -1.2810163525689866, "objective_cosine_similarity": -0.9462854058308743, "is_tight": 1.0, "dual_solution_value": -0.019649942148998838, "scaled_age": 0.0}, "21": {"bias": -0.4472135954999579, "objective_cosine_similarity": -0.3401993125588806, "is_tight": 0.0, "dual_solution_value": 0.0, "scaled_age": 0.24752475247524752}, "22": {"bias": -0.5773502691896258, "objective_cosine_similarity": -0.29214338469915424, "is_tight": 0.0, "dual_solution_value": 0.0, "scaled_age": 0.24752475247524752}, "23": {"bias": -0.5, "objective_cosine_similarity": -0.29545385992808426, "is_tight": 0.0, "dual_solution_value": 0.0, "scaled_age": 0.24752475247524752}, "24": {"bias": -0.3779644730092272, "objective_cosine_similarity": -0.26441653871321424, "is_tight": 0.0, "dual_solution_value": 0.0, "scaled_age": 0.24752475247524752}, "25": {"bias": -0.3779644730092272, "objective_cosine_similarity": -0.22719285122446078, "is_tight": 0.0, "dual_solution_value": 0.0, "scaled_age": 0.24752475247524752}, "26": {"bias": -0.4082482904638631, "objective_cosine_similarity": -0.4020617774219668, "is_tight": 0.0, "dual_solution_value": 0.0, "scaled_age": 0.09900990099009901}, "27": {"bias": -0.4082482904638631, "objective_cosine_similarity": -0.3729469590569278, "is_tight": 0.0, "dual_solution_value": 0.0, "scaled_age": 0.24752475247524752}, "28": {"bias": -0.4472135954999579, "objective_cosine_similarity": -0.3371618186967477, "is_tight": 1.0, "dual_solution_value": -0.004066039959926523, "scaled_age": 0.0}, "29": {"bias": -0.4082482904638631, "objective_cosine_similarity": -0.28837534380610036, "is_tight": 0.0, "dual_solution_value": 0.0, "scaled_age": 0.24752475247524752}, "30": {"bias": -0.4082482904638631, "objective_cosine_similarity": -0.3271951016261523, "is_tight": 0.0, "dual_solution_value": 0.0, "scaled_age": 0.09900990099009901}, "31": {"bias": -0.5, "objective_cosine_similarity": -0.17829112237039565, "is_tight": 0.0, "dual_solution_value": 0.0, "scaled_age": 0.24752475247524752}, "32": {"bias": -0.4082482904638631, "objective_cosine_similarity": -0.23569138676460125, "is_tight": 0.0, "dual_solution_value": 0.0, "scaled_age": 0.24752475247524752}, "33": {"bias": -0.3779644730092272, "objective_cosine_similarity": -0.27083441586644763, "is_tight": 0.0, "dual_solution_value": 0.0, "scaled_age": 0.24752475247524752}, "34": {"bias": -0.5, "objective_cosine_similarity": -0.23602348580461902, "is_tight": 1.0, "dual_solution_value": -0.003396021378483727, "scaled_age": 0.0}, "35": {"bias": -0.35355339059327373, "objective_cosine_similarity": -0.3578011121212692, "is_tight": 0.0, "dual_solution_value": 0.0, "scaled_age": 0.24752475247524752}, "36": {"bias": -0.3779644730092272, "objective_cosine_similarity": -0.36710257316494793, "is_tight": 0.0, "dual_solution_value": 0.0, "scaled_age": 0.21782178217821782}, "37": {"bias": -0.5, "objective_cosine_similarity": -0.3022459026850517, "is_tight": 0.0, "dual_solution_value": 0.0, "scaled_age": 0.07920792079207921}, "38": {"bias": -0.3779644730092272, "objective_cosine_similarity": -0.2977894999100277, "is_tight": 0.0, "dual_solution_value": 0.0, "scaled_age": 0.24752475247524752}, "39": {"bias": -0.5, "objective_cosine_similarity": -0.30733993475277727, "is_tight": 0.0, "dual_solution_value": 0.0, "scaled_age": 0.1782178217821782}, "40": {"bias": -0.3779644730092272, "objective_cosine_similarity": -0.27468514215838763, "is_tight": 0.0, "dual_solution_value": 0.0, "scaled_age": 0.24752475247524752}, "41": {"bias": -0.5773502691896258, "objective_cosine_similarity": -0.3235144864118151, "is_tight": 1.0, "dual_solution_value": -0.008304876652475932, "scaled_age": 0.0}, "42": {"bias": -0.5, "objective_cosine_similarity": -0.348092191294582, "is_tight": 0.0, "dual_solution_value": 0.0, "scaled_age": 0.07920792079207921}, "43": {"bias": -0.35355339059327373, "objective_cosine_similarity": -0.40702878190976594, "is_tight": 0.0, "dual_solution_value": 0.0, "scaled_age": 0.24752475247524752}, "44": {"bias": -0.4082482904638631, "objective_cosine_similarity": -0.18578026956739155, "is_tight": 0.0, "dual_solution_value": 0.0, "scaled_age": 0.24752475247524752}, "45": {"bias": -0.7071067811865475, "objective_cosine_similarity": -0.18010123093352476, "is_tight": 1.0, "dual_solution_value": -0.005082423647067454, "scaled_age": 0.0}, "46": {"bias": -0.4082482904638631, "objective_cosine_similarity": -0.3369000410811653, "is_tight": 0.0, "dual_solution_value": 0.0, "scaled_age": 0.24752475247524752}, "47": {"bias": -0.5, "objective_cosine_similarity": -0.19357321857357243, "is_tight": 0.0, "dual_solution_value": 0.0, "scaled_age": 0.0891089108910891}, "48": {"bias": -0.4472135954999579, "objective_cosine_similarity": -0.34931179414527913, "is_tight": 0.0, "dual_solution_value": 0.0, "scaled_age": 0.21782178217821782}, "49": {"bias": -0.3779644730092272, "objective_cosine_similarity": -0.2939387736180877, "is_tight": 0.0, "dual_solution_value": 0.0, "scaled_age": 0.24752475247524752}, "50": {"bias": -0.5, "objective_cosine_similarity": -0.3260180523344378, "is_tight": 1.0, "dual_solution_value": -0.026968558240528236, "scaled_age": 0.0}, "51": {"bias": -0.4082482904638631, "objective_cosine_similarity": -0.5046568516606755, "is_tight": 1.0, "dual_solution_value": -9.873865509673267e-05, "scaled_age": 0.0}, "52": {"bias": -0.4472135954999579, "objective_cosine_similarity": -0.264261966005559, "is_tight": 0.0, "dual_solution_value": 0.0, "scaled_age": 0.24752475247524752}, "53": {"bias": -0.5773502691896258, "objective_cosine_similarity": -0.264693670700576, "is_tight": 1.0, "dual_solution_value": -0.0002554085237079417, "scaled_age": 0.0}, "54": {"bias": -0.4472135954999579, "objective_cosine_similarity": -0.27033695372982475, "is_tight": 0.0, "dual_solution_value": 0.0, "scaled_age": 0.24752475247524752}, "55": {"bias": -0.5773502691896258, "objective_cosine_similarity": -0.16665897784851083, "is_tight": 0.0, "dual_solution_value": 0.0, "scaled_age": 0.24752475247524752}, "56": {"bias": -0.4472135954999579, "objective_cosine_similarity": -0.24755574976382827, "is_tight": 0.0, "dual_solution_value": 0.0, "scaled_age": 0.0594059405940594}, "57": {"bias": -0.4082482904638631, "objective_cosine_similarity": -0.43949511531987406, "is_tight": 1.0, "dual_solution_value": -0.010053606077587771, "scaled_age": 0.0}, "58": {"bias": -0.4082482904638631, "objective_cosine_similarity": -0.23153212699816708, "is_tight": 0.0, "dual_solution_value": 0.0, "scaled_age": 0.24752475247524752}, "59": {"bias": -0.4082482904638631, "objective_cosine_similarity": -0.347991400458323, "is_tight": 0.0, "dual_solution_value": 0.0, "scaled_age": 0.24752475247524752}, "60": {"bias": -0.5773502691896258, "objective_cosine_similarity": -0.3646890574096825, "is_tight": 0.0, "dual_solution_value": 0.0, "scaled_age": 0.12871287128712872}, "61": {"bias": -0.4472135954999579, "objective_cosine_similarity": -0.33412432483461485, "is_tight": 1.0, "dual_solution_value": -0.005872001484103376, "scaled_age": 0.0}, "62": {"bias": -0.3779644730092272, "objective_cosine_similarity": -0.20152134261152738, "is_tight": 0.0, "dual_solution_value": 0.0, "scaled_age": 0.24752475247524752}, "63": {"bias": -0.4472135954999579, "objective_cosine_similarity": -0.23540577431529683, "is_tight": 0.0, "dual_solution_value": 0.0, "scaled_age": 0.24752475247524752}, "64": {"bias": -0.7071067811865475, "objective_cosine_similarity": -0.13687693550947883, "is_tight": 0.0, "dual_solution_value": 0.0, "scaled_age": 0.07920792079207921}, "65": {"bias": -0.5, "objective_cosine_similarity": -0.1443309085855584, "is_tight": 0.0, "dual_solution_value": 0.0, "scaled_age": 0.24752475247524752}, "66": {"bias": -0.4472135954999579, "objective_cosine_similarity": -0.253630737488094, "is_tight": 0.0, "dual_solution_value": 0.0, "scaled_age": 0.24752475247524752}, "67": {"bias": -0.5, "objective_cosine_similarity": -0.29205783854960055, "is_tight": 0.0, "dual_solution_value": 0.0, "scaled_age": 0.0297029702970297}, "68": {"bias": -0.5, "objective_cosine_similarity": -0.2937558492388424, "is_tight": 0.0, "dual_solution_value": 0.0, "scaled_age": 0.0594059405940594}, "69": {"bias": -0.5773502691896258, "objective_cosine_similarity": -0.32743587412589775, "is_tight": 1.0, "dual_solution_value": -0.020894256929334363, "scaled_age": 0.0}, "70": {"bias": -0.5, "objective_cosine_similarity": -0.3022459026850517, "is_tight": 0.0, "dual_solution_value": 0.0, "scaled_age": 0.24752475247524752}, "71": {"bias": -0.5773502691896258, "objective_cosine_similarity": -0.19999077341821297, "is_tight": 0.0, "dual_solution_value": 0.0, "scaled_age": 0.039603960396039604}, "72": {"bias": -0.5, "objective_cosine_similarity": -0.22413741097992598, "is_tight": 0.0, "dual_solution_value": 0.0, "scaled_age": 0.019801980198019802}, "73": {"bias": -0.4472135954999579, "objective_cosine_similarity": -0.42221164683646784, "is_tight": 0.0, "dual_solution_value": 0.0, "scaled_age": 0.12871287128712872}, "74": {"bias": -0.5, "objective_cosine_similarity": -0.2275334323584097, "is_tight": 0.0, "dual_solution_value": 0.0, "scaled_age": 0.09900990099009901}, "75": {"bias": -0.5773502691896258, "objective_cosine_similarity": -0.19214799799004775, "is_tight": 0.0, "dual_solution_value": 0.0, "scaled_age": 0.1782178217821782}, "76": {"bias": -0.3779644730092272, "objective_cosine_similarity": -0.44796782529568824, "is_tight": 1.0, "dual_solution_value": -0.0006210450789949499, "scaled_age": 0.0}, "77": {"bias": -0.7071067811865475, "objective_cosine_similarity": -0.1440809847468198, "is_tight": 1.0, "dual_solution_value": -0.0240134974578033, "scaled_age": 0.0}, "78": {"bias": -0.5, "objective_cosine_similarity": -0.4363887471351589, "is_tight": 1.0, "dual_solution_value": -0.06757386741174916, "scaled_age": 0.0}, "79": {"bias": -0.35355339059327373, "objective_cosine_similarity": -0.42023620551155777, "is_tight": 0.0, "dual_solution_value": 0.0, "scaled_age": 0.24752475247524752}, "80": {"bias": -0.31622776601683794, "objective_cosine_similarity": -0.44674916160714584, "is_tight": 0.0, "dual_solution_value": 0.0, "scaled_age": 0.24752475247524752}, "81": {"bias": -0.3779644730092272, "objective_cosine_similarity": -0.2579986615599809, "is_tight": 0.0, "dual_solution_value": 0.0, "scaled_age": 0.24752475247524752}, "82": {"bias": -0.4472135954999579, "objective_cosine_similarity": -0.3098243739375519, "is_tight": 0.0, "dual_solution_value": 0.0, "scaled_age": 0.24752475247524752}, "83": {"bias": -0.7071067811865475, "objective_cosine_similarity": -0.1032580390685542, "is_tight": 1.0, "dual_solution_value": -0.002036851575294999, "scaled_age": 0.0}, "84": {"bias": -0.4082482904638631, "objective_cosine_similarity": -0.2301457070760224, "is_tight": 0.0, "dual_solution_value": 0.0, "scaled_age": 0.24752475247524752}, "85": {"bias": -0.4472135954999579, "objective_cosine_similarity": -0.3128618677996848, "is_tight": 1.0, "dual_solution_value": -0.0003268576545862094, "scaled_age": 0.0}, "86": {"bias": -0.35355339059327373, "objective_cosine_similarity": -0.35059706288392817, "is_tight": 0.0, "dual_solution_value": 0.0, "scaled_age": 0.24752475247524752}, "87": {"bias": -0.4472135954999579, "objective_cosine_similarity": -0.23692452124636323, "is_tight": 0.0, "dual_solution_value": 0.0, "scaled_age": 0.24752475247524752}, "88": {"bias": -0.4472135954999579, "objective_cosine_similarity": -0.1169435136921152, "is_tight": 0.0, "dual_solution_value": 0.0, "scaled_age": 0.24752475247524752}, "89": {"bias": -0.4082482904638631, "objective_cosine_similarity": -0.3396728809254547, "is_tight": 0.0, "dual_solution_value": 0.0, "scaled_age": 0.24752475247524752}, "90": {"bias": -0.4082482904638631, "objective_cosine_similarity": -0.27173830474036376, "is_tight": 0.0, "dual_solution_value": 0.0, "scaled_age": 0.24752475247524752}, "91": {"bias": -0.5, "objective_cosine_similarity": -0.18847918650584686, "is_tight": 0.0, "dual_solution_value": 0.0, "scaled_age": 0.24752475247524752}, "92": {"bias": -0.4472135954999579, "objective_cosine_similarity": -0.3280493371103491, "is_tight": 0.0, "dual_solution_value": 0.0, "scaled_age": 0.24752475247524752}, "93": {"bias": -0.3779644730092272, "objective_cosine_similarity": -0.2823865947422676, "is_tight": 0.0, "dual_solution_value": 0.0, "scaled_age": 0.24752475247524752}, "94": {"bias": -0.4472135954999579, "objective_cosine_similarity": -0.30374938621328623, "is_tight": 0.0, "dual_solution_value": 0.0, "scaled_age": 0.24752475247524752}, "95": {"bias": -0.4082482904638631, "objective_cosine_similarity": -0.3632420196019148, "is_tight": 0.0, "dual_solution_value": 0.0, "scaled_age": 0.24752475247524752}, "96": {"bias": -0.5, "objective_cosine_similarity": -0.25639961407552136, "is_tight": 0.0, "dual_solution_value": 0.0, "scaled_age": 0.1782178217821782}, "97": {"bias": -0.4082482904638631, "objective_cosine_similarity": -0.3909704180448091, "is_tight": 0.0, "dual_solution_value": 0.0, "scaled_age": 0.0594059405940594}, "98": {"bias": -0.4472135954999579, "objective_cosine_similarity": -0.16250592162410812, "is_tight": 0.0, "dual_solution_value": 0.0, "scaled_age": 0.24752475247524752}, "99": {"bias": -0.4472135954999579, "objective_cosine_similarity": -0.41765540604326856, "is_tight": 1.0, "dual_solution_value": -0.03153030695699812, "scaled_age": 0.0}, "100": {"bias": -0.4472135954999579, "objective_cosine_similarity": -0.264261966005559, "is_tight": 0.0, "dual_solution_value": 0.0, "scaled_age": 0.24752475247524752}, "101": {"bias": -0.4472135954999579, "objective_cosine_similarity": -0.21110582341823392, "is_tight": 0.0, "dual_solution_value": 0.0, "scaled_age": 0.24752475247524752}, "102": {"bias": -0.4472135954999579, "objective_cosine_similarity": -0.2672994598676919, "is_tight": 0.0, "dual_solution_value": 0.0, "scaled_age": 0.04950495049504951}, "103": {"bias": -0.5, "objective_cosine_similarity": -0.3090379454420192, "is_tight": 0.0, "dual_solution_value": 0.0, "scaled_age": 0.1782178217821782}, "104": {"bias": -0.35355339059327373, "objective_cosine_similarity": -0.3578011121212692, "is_tight": 0.0, "dual_solution_value": 0.0, "scaled_age": 0.24752475247524752}, "105": {"bias": -0.5, "objective_cosine_similarity": -0.3209240202667122, "is_tight": 1.0, "dual_solution_value": -0.040152685817731834, "scaled_age": 0.0}, "106": {"bias": -0.5, "objective_cosine_similarity": -0.22923144304765156, "is_tight": 0.0, "dual_solution_value": 0.0, "scaled_age": 0.06930693069306931}, "107": {"bias": -0.4472135954999579, "objective_cosine_similarity": -0.37361174504234207, "is_tight": 1.0, "dual_solution_value": -0.0006550963703206458, "scaled_age": 0.0}, "108": {"bias": -0.4472135954999579, "objective_cosine_similarity": -0.28248692917835616, "is_tight": 0.0, "dual_solution_value": 0.0, "scaled_age": 0.019801980198019802}, "109": {"bias": -0.5, "objective_cosine_similarity": -0.2835677851033912, "is_tight": 0.0, "dual_solution_value": 0.0, "scaled_age": 0.04950495049504951}, "110": {"bias": -0.5, "objective_cosine_similarity": -0.15961300478873516, "is_tight": 0.0, "dual_solution_value": 0.0, "scaled_age": 0.24752475247524752}, "111": {"bias": -0.4082482904638631, "objective_cosine_similarity": -0.26757904497392965, "is_tight": 0.0, "dual_solution_value": 0.0, "scaled_age": 0.24752475247524752}, "112": {"bias": -1.2746935966139017, "objective_cosine_similarity": -0.953196358330733, "is_tight": 0.0, "dual_solution_value": -0.0, "scaled_age": 0.0594059405940594}, "113": {"bias": -1.2678443409989721, "objective_cosine_similarity": -0.9530971304808988, "is_tight": 1.0, "dual_solution_value": -0.0007749812011156903, "scaled_age": 0.0}, "114": {"bias": -1.135549947915338, "objective_cosine_similarity": -0.805426639572215, "is_tight": 0.0, "dual_solution_value": -0.0, "scaled_age": 0.07920792079207921}, "115": {"bias": -1.2309149097933272, "objective_cosine_similarity": -0.8431490324433809, "is_tight": 0.0, "dual_solution_value": -0.0, "scaled_age": 0.12871287128712872}, "116": {"bias": -1.286223020622567, "objective_cosine_similarity": -0.9553747883742058, "is_tight": 0.0, "dual_solution_value": -0.0, "scaled_age": 0.10891089108910891}, "117": {"bias": -0.8944271909999159, "objective_cosine_similarity": -0.6454674457032332, "is_tight": 0.0, "dual_solution_value": -0.0, "scaled_age": 0.12871287128712872}, "118": {"bias": -1.1111111111111112, "objective_cosine_similarity": -0.8456093232424481, "is_tight": 1.0, "dual_solution_value": -7.480749477523881e-06, "scaled_age": 0.0}, "119": {"bias": -1.2172540068010336, "objective_cosine_similarity": -0.9053067180009415, "is_tight": 0.0, "dual_solution_value": -0.0, "scaled_age": 0.10891089108910891}, "120": {"bias": -1.2019884023579368, "objective_cosine_similarity": -0.9340308553664802, "is_tight": 0.0, "dual_solution_value": -0.0, "scaled_age": 0.13861386138613863}, "121": {"bias": -1.270639657678291, "objective_cosine_similarity": -0.94958010775684, "is_tight": 1.0, "dual_solution_value": -6.337827589101101e-05, "scaled_age": 0.0}, "122": {"bias": -0.9438798074485389, "objective_cosine_similarity": -0.7404557171121129, "is_tight": 1.0, "dual_solution_value": -0.0007814075676197134, "scaled_age": 0.0}, "123": {"bias": -0.944911182523068, "objective_cosine_similarity": -0.6969814588411424, "is_tight": 1.0, "dual_solution_value": -0.0002486386081808323, "scaled_age": 0.0}, "124": {"bias": -1.2585040068785402, "objective_cosine_similarity": -0.9214914084492097, "is_tight": 0.0, "dual_solution_value": -0.0, "scaled_age": 0.06930693069306931}, "125": {"bias": -1.0988845115895123, "objective_cosine_similarity": -0.7361045117104592, "is_tight": 1.0, "dual_solution_value": -0.00018811945299049152, "scaled_age": 0.0}, "126": {"bias": -1.2556558821264499, "objective_cosine_similarity": -0.9299076480575695, "is_tight": 0.0, "dual_solution_value": -0.0, "scaled_age": 0.06930693069306931}, "127": {"bias": -0.8164965809277261, "objective_cosine_similarity": -0.3923568379669538, "is_tight": 1.0, "dual_solution_value": -0.001639214690356315, "scaled_age": 0.0}, "128": {"bias": -1.2810027023650328, "objective_cosine_similarity": -0.9291139776026777, "is_tight": 1.0, "dual_solution_value": -9.825380916720799e-06, "scaled_age": 0.0}, "129": {"bias": -1.18444612429575, "objective_cosine_similarity": -0.8260125658799428, "is_tight": 1.0, "dual_solution_value": -7.870030094133011e-05, "scaled_age": 0.0}, "130": {"bias": -1.3167659854155376, "objective_cosine_similarity": -0.9102532548648272, "is_tight": 0.0, "dual_solution_value": 0.0, "scaled_age": 0.019801980198019802}, "131": {"bias": -1.2760677284756567, "objective_cosine_similarity": -0.9438351931223005, "is_tight": 1.0, "dual_solution_value": -0.0003127198803604019, "scaled_age": 0.0}, "132": {"bias": -1.3010952190560114, "objective_cosine_similarity": -0.8659189695966563, "is_tight": 1.0, "dual_solution_value": -3.6929972173913046e-05, "scaled_age": 0.0}, "133": {"bias": -1.2894095501546488, "objective_cosine_similarity": -0.9524845179794256, "is_tight": 1.0, "dual_solution_value": -0.011134009766176114, "scaled_age": 0.0}, "134": {"bias": -1.2787066241122405, "objective_cosine_similarity": -0.9554939983940606, "is_tight": 1.0, "dual_solution_value": -0.009435641675390884, "scaled_age": 0.0}}