{"0": {"bias": -0.848528137423857, "objective_cosine_similarity": -0.8603710058288315, "is_tight": 1.0, "dual_solution_value": -0.0011837812963043925, "scaled_age": 0.0}, "1": {"bias": -0.6666666666666666, "objective_cosine_similarity": -0.48340974476242543, "is_tight": 0.0, "dual_solution_value": -0.0, "scaled_age": 0.1076923076923077}, "2": {"bias": -0.856208960293379, "objective_cosine_similarity": -0.9462849251654817, "is_tight": 0.0, "dual_solution_value": -0.0, "scaled_age": 0.1076923076923077}, "3": {"bias": -0.9464181026206482, "objective_cosine_similarity": -0.9181694555400983, "is_tight": 0.0, "dual_solution_value": -0.0, "scaled_age": 0.046153846153846156}, "4": {"bias": -0.8250286473253902, "objective_cosine_similarity": -0.8610909708094393, "is_tight": 0.0, "dual_solution_value": -0.0, "scaled_age": 0.015384615384615385}, "5": {"bias": -0.6546536707079772, "objective_cosine_similarity": -0.9047512410904469, "is_tight": 1.0, "dual_solution_value": -5.641267278021535e-05, "scaled_age": 0.0}, "6": {"bias": -0.8705443892371526, "objective_cosine_similarity": -0.9344755226540753, "is_tight": 0.0, "dual_solution_value": -0.0, "scaled_age": 0.07692307692307693}, "7": {"bias": -0.826279939629082, "objective_cosine_similarity": -0.9322837065522981, "is_tight": 1.0, "dual_solution_value": -1.9100299277510135e-06, "scaled_age": 0.0}, "8": {"bias": -0.8856268409604529, "objective_cosine_similarity": -0.92387451746783, "is_tight": 0.0, "dual_solution_value": -0.0, "scaled_age": 0.03076923076923077}, "9": {"bias": -0.8770580193070293, "objective_cosine_similarity": -0.928882122982017, "is_tight": 0.0, "dual_solution_value": -0.0, "scaled_age": 0.038461538461538464}, "10": {"bias": -0.8251369970070347, "objective_cosine_similarity": -0.9080296133814377, "is_tight": 0.0, "dual_solution_value": -0.0, "scaled_age": 0.08461538461538462}, "11": {"bias": -0.8219949365267865, "objective_cosine_similarity": -0.9022223665536772, "is_tight": 0.0, "dual_solution_value": -0.0, "scaled_age": 0.05384615384615385}, "12": {"bias": -0.8775269089525567, "objective_cosine_similarity": -0.9733833928242337, "is_tight": 0.0, "dual_solution_value": -0.0, "scaled_age": 0.06153846153846154}, "13": {"bias": -0.7427813527082074, "objective_cosine_similarity": -0.9241152211400382, "is_tight": 0.0, "dual_solution_value": -0.0, "scaled_age": 0.05384615384615385}, "14": {"bias": -0.8401680504168059, "objective_cosine_similarity": -0.8687467446403074, "is_tight": 0.0, "dual_solution_value": -0.0, "scaled_age": 0.08461538461538462}, "15": {"bias": -0.5773502691896258, "objective_cosine_similarity": -0.7400117048336775, "is_tight": 0.0, "dual_solution_value": -0.0, "scaled_age": 0.007692307692307693}, "16": {"bias": -0.9136835647226773, "objective_cosine_similarity": -0.971610638365719, "is_tight": 0.0, "dual_solution_value": 0.0, "scaled_age": 0.1076923076923077}, "17": {"bias": -0.9079405203336053, "objective_cosine_similarity": -0.9841233449263233, "is_tight": 1.0, "dual_solution_value": -0.004310602183367996, "scaled_age": 0.0}, "18": {"bias": -0.9056550898322613, "objective_cosine_similarity": -0.9834886724222421, "is_tight": 0.0, "dual_solution_value": 0.0, "scaled_age": 0.08461538461538462}, "19": {"bias": -0.9221974361941383, "objective_cosine_similarity": -0.969234538824184, "is_tight": 0.0, "dual_solution_value": 0.0, "scaled_age": 0.11538461538461539}, "20": {"bias": -0.8997093380888652, "objective_cosine_similarity": -0.960129609683544, "is_tight": 0.0, "dual_solution_value": 0.0, "scaled_age": 0.06153846153846154}, "21": {"bias": -0.9327906716796686, "objective_cosine_similarity": -0.9680179310483975, "is_tight": 0.0, "dual_solution_value": 0.0, "scaled_age": 0.046153846153846156}, "22": {"bias": -0.958972013427803, "objective_cosine_similarity": -0.965468001889845, "is_tight": 1.0, "dual_solution_value": -0.00040130875009642786, "scaled_age": 0.0}, "23": {"bias": -0.9138064118754422, "objective_cosine_similarity": -0.9738121531569188, "is_tight": 0.0, "dual_solution_value": 0.0, "scaled_age": 0.06153846153846154}, "24": {"bias": -0.9176749524234336, "objective_cosine_similarity": -0.9863988791136327, "is_tight": 0.0, "dual_solution_value": 0.0, "scaled_age": 0.1076923076923077}, "25": {"bias": -0.9006786586383614, "objective_cosine_similarity": -0.9749820677820576, "is_tight": 0.0, "dual_solution_value": 0.0, "scaled_age": 0.09230769230769231}, "26": {"bias": -0.4472135954999579, "objective_cosine_similarity": -0.3955960491046484, "is_tight": 0.0, "dual_solution_value": 0.0, "scaled_age": 0.11538461538461539}, "27": {"bias": -0.4472135954999579, "objective_cosine_similarity": -0.3552291053184598, "is_tight": 0.0, "dual_solution_value": 0.0, "scaled_age": 0.06153846153846154}, "28": {"bias": -0.3779644730092272, "objective_cosine_similarity": -0.4412374061672751, "is_tight": 0.0, "dual_solution_value": 0.0, "scaled_age": 0.16153846153846155}, "29": {"bias": -0.5, "objective_cosine_similarity": -0.30087743449943494, "is_tight": 0.0, "dual_solution_value": 0.0, "scaled_age": 0.007692307692307693}, "30": {"bias": -0.31622776601683794, "objective_cosine_similarity": -0.43005901128398466, "is_tight": 0.0, "dual_solution_value": 0.0, "scaled_age": 0.16153846153846155}, "31": {"bias": -0.5, "objective_cosine_similarity": -0.3399915009843614, "is_tight": 0.0, "dual_solution_value": 0.0, "scaled_age": 0.16153846153846155}, "32": {"bias": -0.4082482904638631, "objective_cosine_similarity": -0.4127178661991187, "is_tight": 0.0, "dual_solution_value": 0.0, "scaled_age": 0.16153846153846155}, "33": {"bias": -0.3779644730092272, "objective_cosine_similarity": -0.5026467358915866, "is_tight": 0.0, "dual_solution_value": 0.0, "scaled_age": 0.13846153846153847}, "34": {"bias": -0.3779644730092272, "objective_cosine_similarity": -0.34343736253226054, "is_tight": 0.0, "dual_solution_value": 0.0, "scaled_age": 0.16153846153846155}, "35": {"bias": -0.3333333333333333, "objective_cosine_similarity": -0.6157958159421768, "is_tight": 0.0, "dual_solution_value": 0.0, "scaled_age": 0.16153846153846155}, "36": {"bias": -0.5, "objective_cosine_similarity": -0.12335974814476831, "is_tight": 0.0, "dual_solution_value": 0.0, "scaled_age": 0.16153846153846155}, "37": {"bias": -0.4082482904638631, "objective_cosine_similarity": -0.47413421533589234, "is_tight": 0.0, "dual_solution_value": 0.0, "scaled_age": 0.1}, "38": {"bias": -0.4082482904638631, "objective_cosine_similarity": -0.38815132654440926, "is_tight": 0.0, "dual_solution_value": 0.0, "scaled_age": 0.16153846153846155}, "39": {"bias": -0.5, "objective_cosine_similarity": -0.30087743449943494, "is_tight": 0.0, "dual_solution_value": 0.0, "scaled_age": 0.16153846153846155}, "40": {"bias": -0.3779644730092272, "objective_cosine_similarity": -0.43896298654785615, "is_tight": 0.0, "dual_solution_value": 0.0, "scaled_age": 0.16153846153846155}, "41": {"bias": -0.4082482904638631, "objective_cosine_similarity": -0.32427832344216473, "is_tight": 0.0, "dual_solution_value": 0.0, "scaled_age": 0.16153846153846155}, "42": {"bias": -0.3333333333333333, "objective_cosine_similarity": -0.5455910812256419, "is_tight": 0.0, "dual_solution_value": 0.0, "scaled_age": 0.16153846153846155}, "43": {"bias": -0.4082482904638631, "objective_cosine_similarity": -0.5969669136094395, "is_tight": 1.0, "dual_solution_value": -0.012354056414682155, "scaled_age": 0.0}, "44": {"bias": -0.3333333333333333, "objective_cosine_similarity": -0.5957373203088812, "is_tight": 0.0, "dual_solution_value": 0.0, "scaled_age": 0.09230769230769231}, "45": {"bias": -0.4472135954999579, "objective_cosine_similarity": -0.31755329111801706, "is_tight": 0.0, "dual_solution_value": 0.0, "scaled_age": 0.16153846153846155}, "46": {"bias": -0.35355339059327373, "objective_cosine_similarity": -0.3340213845576819, "is_tight": 0.0, "dual_solution_value": 0.0, "scaled_age": 0.16153846153846155}, "47": {"bias": -0.31622776601683794, "objective_cosine_similarity": -0.5670689617815373, "is_tight": 0.0, "dual_solution_value": 0.0, "scaled_age": 0.16153846153846155}, "48": {"bias": -0.4472135954999579, "objective_cosine_similarity": -0.32024442070376297, "is_tight": 0.0, "dual_solution_value": 0.0, "scaled_age": 0.06153846153846154}, "49": {"bias": -0.35355339059327373, "objective_cosine_similarity": -0.3872095031178223, "is_tight": 0.0, "dual_solution_value": 0.0, "scaled_age": 0.16153846153846155}, "50": {"bias": -0.3779644730092272, "objective_cosine_similarity": -0.4571583435032077, "is_tight": 0.0, "dual_solution_value": 0.0, "scaled_age": 0.16153846153846155}, "51": {"bias": -0.4082482904638631, "objective_cosine_similarity": -0.46430759947400857, "is_tight": 0.0, "dual_solution_value": 0.0, "scaled_age": 0.16153846153846155}, "52": {"bias": -0.7071067811865475, "objective_cosine_similarity": -0.23402772166461785, "is_tight": 1.0, "dual_solution_value": -0.04295737915037347, "scaled_age": 0.0}, "53": {"bias": -0.3779644730092272, "objective_cosine_similarity": -0.404846692256572, "is_tight": 0.0, "dual_solution_value": 0.0, "scaled_age": 0.16153846153846155}, "54": {"bias": -0.4472135954999579, "objective_cosine_similarity": -0.4978589733629929, "is_tight": 0.0, "dual_solution_value": 0.0, "scaled_age": 0.05384615384615385}, "55": {"bias": -0.3333333333333333, "objective_cosine_similarity": -0.5255325855923463, "is_tight": 0.0, "dual_solution_value": 0.0, "scaled_age": 0.16153846153846155}, "56": {"bias": -0.30151134457776363, "objective_cosine_similarity": -0.5932954572818734, "is_tight": 0.0, "dual_solution_value": 0.0, "scaled_age": 0.16153846153846155}, "57": {"bias": -0.3779644730092272, "objective_cosine_similarity": -0.3184187467186521, "is_tight": 0.0, "dual_solution_value": 0.0, "scaled_age": 0.16153846153846155}, "58": {"bias": -0.4472135954999579, "objective_cosine_similarity": -0.406360567447632, "is_tight": 1.0, "dual_solution_value": -3.874937018890331e-06, "scaled_age": 0.0}, "59": {"bias": -0.3333333333333333, "objective_cosine_similarity": -0.531550134282335, "is_tight": 0.0, "dual_solution_value": 0.0, "scaled_age": 0.16153846153846155}, "60": {"bias": -0.4472135954999579, "objective_cosine_similarity": -0.3659936236614434, "is_tight": 0.0, "dual_solution_value": 0.0, "scaled_age": 0.16153846153846155}, "61": {"bias": -0.5, "objective_cosine_similarity": -0.30388620884442924, "is_tight": 1.0, "dual_solution_value": -8.732938359296755e-05, "scaled_age": 0.0}, "62": {"bias": -0.35355339059327373, "objective_cosine_similarity": -0.5191160371469705, "is_tight": 0.0, "dual_solution_value": 0.0, "scaled_age": 0.007692307692307693}, "63": {"bias": -0.5773502691896258, "objective_cosine_similarity": -0.09727853396874633, "is_tight": 0.0, "dual_solution_value": 0.0, "scaled_age": 0.16153846153846155}, "64": {"bias": -0.5773502691896258, "objective_cosine_similarity": -0.20497976800557263, "is_tight": 1.0, "dual_solution_value": -0.0004647806860619014, "scaled_age": 0.0}, "65": {"bias": -0.3779644730092272, "objective_cosine_similarity": -0.4821769593168161, "is_tight": 0.0, "dual_solution_value": 0.0, "scaled_age": 0.11538461538461539}, "66": {"bias": -0.3779644730092272, "objective_cosine_similarity": -0.25700941699434066, "is_tight": 0.0, "dual_solution_value": 0.0, "scaled_age": 0.16153846153846155}, "67": {"bias": -0.4082482904638631, "objective_cosine_similarity": -0.2898851679255715, "is_tight": 0.0, "dual_solution_value": 0.0, "scaled_age": 0.16153846153846155}, "68": {"bias": -0.4472135954999579, "objective_cosine_similarity": -0.30140651360354165, "is_tight": 0.0, "dual_solution_value": 0.0, "scaled_age": 0.16153846153846155}, "69": {"bias": -0.4472135954999579, "objective_cosine_similarity": -0.32024442070376297, "is_tight": 0.0, "dual_solution_value": 0.0, "scaled_age": 0.16153846153846155}, "70": {"bias": -0.4472135954999579, "objective_cosine_similarity": -0.34446458697547616, "is_tight": 0.0, "dual_solution_value": 0.0, "scaled_age": 0.16153846153846155}, "71": {"bias": -0.5, "objective_cosine_similarity": -0.2768072397394801, "is_tight": 0.0, "dual_solution_value": 0.0, "scaled_age": 0.16153846153846155}, "72": {"bias": -0.30151134457776363, "objective_cosine_similarity": -0.5007631382562601, "is_tight": 0.0, "dual_solution_value": 0.0, "scaled_age": 0.16153846153846155}, "73": {"bias": -0.3779644730092272, "objective_cosine_similarity": -0.3570838802487742, "is_tight": 0.0, "dual_solution_value": 0.0, "scaled_age": 0.16153846153846155}, "74": {"bias": -0.4082482904638631, "objective_cosine_similarity": -0.38078136464799645, "is_tight": 0.0, "dual_solution_value": 0.0, "scaled_age": 0.16153846153846155}, "75": {"bias": -0.3779644730092272, "objective_cosine_similarity": -0.5071955751304245, "is_tight": 0.0, "dual_solution_value": 0.0, "scaled_age": 0.16153846153846155}, "76": {"bias": -0.4472135954999579, "objective_cosine_similarity": -0.4278896041335993, "is_tight": 0.0, "dual_solution_value": 0.0, "scaled_age": 0.16153846153846155}, "77": {"bias": -0.3333333333333333, "objective_cosine_similarity": -0.4954448421424028, "is_tight": 0.0, "dual_solution_value": 0.0, "scaled_age": 0.16153846153846155}, "78": {"bias": -0.4472135954999579, "objective_cosine_similarity": -0.4682565479197879, "is_tight": 0.0, "dual_solution_value": 0.0, "scaled_age": 0.06923076923076923}, "79": {"bias": -0.3333333333333333, "objective_cosine_similarity": -0.4272459569891976, "is_tight": 0.0, "dual_solution_value": 0.0, "scaled_age": 0.16153846153846155}, "80": {"bias": -0.35355339059327373, "objective_cosine_similarity": -0.41699484951150095, "is_tight": 0.0, "dual_solution_value": 0.0, "scaled_age": 0.16153846153846155}, "81": {"bias": -0.5, "objective_cosine_similarity": -0.17450891200967225, "is_tight": 0.0, "dual_solution_value": 0.0, "scaled_age": 0.16153846153846155}, "82": {"bias": -0.3779644730092272, "objective_cosine_similarity": -0.36163271948761205, "is_tight": 0.0, "dual_solution_value": 0.0, "scaled_age": 0.16153846153846155}, "83": {"bias": -0.4472135954999579, "objective_cosine_similarity": -0.349846846146968, "is_tight": 0.0, "dual_solution_value": 0.0, "scaled_age": 0.16153846153846155}, "84": {"bias": -0.30151134457776363, "objective_cosine_similarity": -0.511649293435744, "is_tight": 0.0, "dual_solution_value": 0.0, "scaled_age": 0.16153846153846155}, "85": {"bias": -0.3779644730092272, "objective_cosine_similarity": -0.6095444580042769, "is_tight": 1.0, "dual_solution_value": -0.005425839377696617, "scaled_age": 0.0}, "86": {"bias": -0.4472135954999579, "objective_cosine_similarity": -0.4144339562048697, "is_tight": 0.0, "dual_solution_value": 0.0, "scaled_age": 0.13076923076923078}, "87": {"bias": -0.4472135954999579, "objective_cosine_similarity": -0.31755329111801706, "is_tight": 0.0, "dual_solution_value": 0.0, "scaled_age": 0.16153846153846155}, "88": {"bias": -0.5, "objective_cosine_similarity": -0.30388620884442924, "is_tight": 0.0, "dual_solution_value": 0.0, "scaled_age": 0.16153846153846155}, "89": {"bias": -0.5, "objective_cosine_similarity": -0.4031757622292428, "is_tight": 1.0, "dual_solution_value": -0.0001658708049373945, "scaled_age": 0.0}, "90": {"bias": -0.3779644730092272, "objective_cosine_similarity": -0.3570838802487742, "is_tight": 0.0, "dual_solution_value": 0.0, "scaled_age": 0.16153846153846155}, "91": {"bias": -0.4082482904638631, "objective_cosine_similarity": -0.3684980948206417, "is_tight": 1.0, "dual_solution_value": -2.0537381862176977e-05, "scaled_age": 0.0}, "92": {"bias": -0.35355339059327373, "objective_cosine_similarity": -0.34891405775452117, "is_tight": 0.0, "dual_solution_value": 0.0, "scaled_age": 0.16153846153846155}, "93": {"bias": -0.35355339059327373, "objective_cosine_similarity": -0.5191160371469705, "is_tight": 0.0, "dual_solution_value": 0.0, "scaled_age": 0.16153846153846155}, "94": {"bias": -0.35355339059327373, "objective_cosine_similarity": -0.4361425721931515, "is_tight": 0.0, "dual_solution_value": 0.0, "scaled_age": 0.16153846153846155}, "95": {"bias": -0.4472135954999579, "objective_cosine_similarity": -0.5274613988061978, "is_tight": 0.0, "dual_solution_value": 0.0, "scaled_age": 0.1076923076923077}, "96": {"bias": -0.3333333333333333, "objective_cosine_similarity": -0.41521085960922016, "is_tight": 0.0, "dual_solution_value": 0.0, "scaled_age": 0.16153846153846155}, "97": {"bias": -0.4082482904638631, "objective_cosine_similarity": -0.42991444395741535, "is_tight": 0.0, "dual_solution_value": 0.0, "scaled_age": 0.16153846153846155}, "98": {"bias": -0.4082482904638631, "objective_cosine_similarity": -0.35867147895875795, "is_tight": 0.0, "dual_solution_value": 0.0, "scaled_age": 0.16153846153846155}, "99": {"bias": -0.30151134457776363, "objective_cosine_similarity": -0.5824093021023894, "is_tight": 0.0, "dual_solution_value": 0.0, "scaled_age": 0.16153846153846155}, "100": {"bias": -0.4082482904638631, "objective_cosine_similarity": -0.3611281329242289, "is_tight": 0.0, "dual_solution_value": 0.0, "scaled_age": 0.16153846153846155}, "101": {"bias": -0.31622776601683794, "objective_cosine_similarity": -0.5975156174476601, "is_tight": 0.0, "dual_solution_value": 0.0, "scaled_age": 0.16153846153846155}, "102": {"bias": -0.35355339059327373, "objective_cosine_similarity": -0.5744316804495165, "is_tight": 1.0, "dual_solution_value": -0.009244005709148628, "scaled_age": 0.0}, "103": {"bias": -0.4082482904638631, "objective_cosine_similarity": -0.32427832344216473, "is_tight": 0.0, "dual_solution_value": 0.0, "scaled_age": 0.16153846153846155}, "104": {"bias": -0.5773502691896258, "objective_cosine_similarity": -0.2536190349899458, "is_tight": 1.0, "dual_solution_value": -0.019032544490559626, "scaled_age": 0.0}, "105": {"bias": -0.35355339059327373, "objective_cosine_similarity": -0.42763247322352904, "is_tight": 0.0, "dual_solution_value": 0.0, "scaled_age": 0.16153846153846155}, "106": {"bias": -0.35355339059327373, "objective_cosine_similarity": -0.44890772064758516, "is_tight": 0.0, "dual_solution_value": 0.0, "scaled_age": 0.16153846153846155}, "107": {"bias": -0.4472135954999579, "objective_cosine_similarity": -0.38483153076166476, "is_tight": 0.0, "dual_solution_value": 0.0, "scaled_age": 0.06923076923076923}, "108": {"bias": -0.3779644730092272, "objective_cosine_similarity": -0.41166995111482885, "is_tight": 0.0, "dual_solution_value": 0.0, "scaled_age": 0.16153846153846155}, "109": {"bias": -0.3779644730092272, "objective_cosine_similarity": -0.4526095042643698, "is_tight": 0.0, "dual_solution_value": 0.0, "scaled_age": 0.16153846153846155}, "110": {"bias": -0.4472135954999579, "objective_cosine_similarity": -0.42519847454785337, "is_tight": 1.0, "dual_solution_value": -0.0015414322850231892, "scaled_age": 0.0}, "111": {"bias": -0.5, "objective_cosine_similarity": -0.21663175283959313, "is_tight": 0.0, "dual_solution_value": 0.0, "scaled_age": 0.16153846153846155}, "112": {"bias": -0.4472135954999579, "objective_cosine_similarity": -0.349846846146968, "is_tight": 0.0, "dual_solution_value": 0.0, "scaled_age": 0.16153846153846155}, "113": {"bias": -0.35355339059327373, "objective_cosine_similarity": -0.3382764340424931, "is_tight": 0.0, "dual_solution_value": 0.0, "scaled_age": 0.16153846153846155}, "114": {"bias": -0.4472135954999579, "objective_cosine_similarity": -0.30409764318928756, "is_tight": 0.0, "dual_solution_value": 0.0, "scaled_age": 0.16153846153846155}, "115": {"bias": -0.9050517761411937, "objective_cosine_similarity": -0.9885673070458549, "is_tight": 0.0, "dual_solution_value": -0.0, "scaled_age": 0.1076923076923077}, "116": {"bias": -0.808290376865476, "objective_cosine_similarity": -0.9477708595240714, "is_tight": 0.0, "dual_solution_value": -0.0, "scaled_age": 0.05384615384615385}, "117": {"bias": -0.8845379626717031, "objective_cosine_similarity": -0.9548195079130404, "is_tight": 0.0, "dual_solution_value": -0.0, "scaled_age": 0.1}, "118": {"bias": -0.6030226891555273, "objective_cosine_similarity": -0.6948995722903899, "is_tight": 0.0, "dual_solution_value": -0.0, "scaled_age": 0.015384615384615385}, "119": {"bias": -0.923476830607761, "objective_cosine_similarity": -0.9905420031498007, "is_tight": 1.0, "dual_solution_value": -0.07511537918683013, "scaled_age": 0.0}, "120": {"bias": -0.8665782448262421, "objective_cosine_similarity": -0.9457188820937353, "is_tight": 0.0, "dual_solution_value": -0.0, "scaled_age": 0.015384615384615385}, "121": {"bias": -0.7977240352174656, "objective_cosine_similarity": -0.936066928503595, "is_tight": 0.0, "dual_solution_value": -0.0, "scaled_age": 0.06153846153846154}, "122": {"bias": -0.8583950752789522, "objective_cosine_similarity": -0.9618776326459246, "is_tight": 0.0, "dual_solution_value": -0.0, "scaled_age": 0.007692307692307693}, "123": {"bias": -0.8960264706599621, "objective_cosine_similarity": -0.9853166778223729, "is_tight": 1.0, "dual_solution_value": -1.1092706990192916e-05, "scaled_age": 0.0}, "124": {"bias": -0.7071067811865476, "objective_cosine_similarity": -0.7659089072660222, "is_tight": 0.0, "dual_solution_value": -0.0, "scaled_age": 0.05384615384615385}, "125": {"bias": -0.9090909090909091, "objective_cosine_similarity": -0.9294377476627999, "is_tight": 1.0, "dual_solution_value": -5.8245482646223134e-05, "scaled_age": 0.0}, "126": {"bias": -0.8784104611578831, "objective_cosine_similarity": -0.9681613631609469, "is_tight": 1.0, "dual_solution_value": -3.47667308316168e-05, "scaled_age": 0.0}, "127": {"bias": -0.9490885556550205, "objective_cosine_similarity": -0.9609945606905822, "is_tight": 0.0, "dual_solution_value": -0.0, "scaled_age": 0.038461538461538464}, "128": {"bias": -0.9326275171641631, "objective_cosine_similarity": -0.9804287831021639, "is_tight": 1.0, "dual_solution_value": -1.782225658945409e-07, "scaled_age": 0.0}, "129": {"bias": -0.8985424226256914, "objective_cosine_similarity": -0.9432913123869734, "is_tight": 0.0, "dual_solution_value": -0.0, "scaled_age": 0.023076923076923078}, "130": {"bias": -0.9266850690793356, "objective_cosine_similarity": -0.9748631871695164, "is_tight": 0.0, "dual_solution_value": -0.0, "scaled_age": 0.007692307692307693}, "131": {"bias": -0.8981462390204986, "objective_cosine_similarity": -0.967675996999005, "is_tight": 1.0, "dual_solution_value": -9.714197412653304e-06, "scaled_age": 0.0}, "132": {"bias": -0.9019026564234611, "objective_cosine_similarity": -0.9796907294564583, "is_tight": 1.0, "dual_solution_value": -9.650086174266076e-06, "scaled_age": 0.0}}