{"0": {"bias": -0.6915640748081247, "objective_cosine_similarity": -0.9264632270082902, "is_tight": 0.0, "dual_solution_value": -0.0, "scaled_age": 0.09259259259259259}, "1": {"bias": -0.6529286250990105, "objective_cosine_similarity": -0.9414859553212404, "is_tight": 1.0, "dual_solution_value": -0.0004506978030750784, "scaled_age": 0.0}, "2": {"bias": -0.6565321642986127, "objective_cosine_similarity": -0.8949682834050893, "is_tight": 1.0, "dual_solution_value": -7.525812636134502e-05, "scaled_age": 0.0}, "3": {"bias": -0.6625891564490792, "objective_cosine_similarity": -0.8971899237570143, "is_tight": 0.0, "dual_solution_value": -0.0, "scaled_age": 0.018518518518518517}, "4": {"bias": -0.5897678246195885, "objective_cosine_similarity": -0.8182564264135745, "is_tight": 0.0, "dual_solution_value": -0.0, "scaled_age": 0.10185185185185185}, "5": {"bias": -0.6507913734559685, "objective_cosine_similarity": -0.8749533448782204, "is_tight": 0.0, "dual_solution_value": -0.0, "scaled_age": 0.12037037037037036}, "6": {"bias": -0.6575959492214292, "objective_cosine_similarity": -0.7219179870815527, "is_tight": 0.0, "dual_solution_value": -0.0, "scaled_age": 0.05555555555555555}, "7": {"bias": -0.5303300858899106, "objective_cosine_similarity": -0.6864663563840087, "is_tight": 0.0, "dual_solution_value": -0.0, "scaled_age": 0.08333333333333333}, "8": {"bias": -0.7161692054286116, "objective_cosine_similarity": -0.927372363807543, "is_tight": 1.0, "dual_solution_value": -4.485751852151906e-06, "scaled_age": 0.0}, "9": {"bias": -0.7165278647435078, "objective_cosine_similarity": -0.9556113465955701, "is_tight": 1.0, "dual_solution_value": -0.001203788667423141, "scaled_age": 0.0}, "10": {"bias": -0.6967774418423955, "objective_cosine_similarity": -0.9558207896792699, "is_tight": 1.0, "dual_solution_value": -1.532361807946633e-05, "scaled_age": 0.0}, "11": {"bias": -0.7061558450754337, "objective_cosine_similarity": -0.9621431748479387, "is_tight": 1.0, "dual_solution_value": -0.009531241508872282, "scaled_age": 0.0}, "12": {"bias": -0.6916124759994243, "objective_cosine_similarity": -0.9188437625263864, "is_tight": 1.0, "dual_solution_value": -0.0005565850718814368, "scaled_age": 0.0}, "13": {"bias": -0.6423789263717234, "objective_cosine_similarity": -0.9420908235304127, "is_tight": 1.0, "dual_solution_value": -0.0007593929355575324, "scaled_age": 0.0}, "14": {"bias": -0.7033548458477924, "objective_cosine_similarity": -0.9367881996633779, "is_tight": 0.0, "dual_solution_value": 0.0, "scaled_age": 0.05555555555555555}, "15": {"bias": -0.6777666983825679, "objective_cosine_similarity": -0.9179456389858136, "is_tight": 1.0, "dual_solution_value": -0.0005715824365017328, "scaled_age": 0.0}, "16": {"bias": -0.7159398108373716, "objective_cosine_similarity": -0.9614048655031486, "is_tight": 0.0, "dual_solution_value": 0.0, "scaled_age": 0.12962962962962962}, "17": {"bias": -0.6912944997242476, "objective_cosine_similarity": -0.9096918375749978, "is_tight": 0.0, "dual_solution_value": 0.0, "scaled_age": 0.06481481481481481}, "18": {"bias": -0.7179515445010858, "objective_cosine_similarity": -0.9663114650830693, "is_tight": 0.0, "dual_solution_value": 0.0, "scaled_age": 0.09259259259259259}, "19": {"bias": -0.30151134457776363, "objective_cosine_similarity": -0.4061390812866898, "is_tight": 0.0, "dual_solution_value": 0.0, "scaled_age": 0.2037037037037037}, "20": {"bias": -0.31622776601683794, "objective_cosine_similarity": -0.3529401599769749, "is_tight": 0.0, "dual_solution_value": 0.0, "scaled_age": 0.037037037037037035}, "21": {"bias": -0.2672612419124244, "objective_cosine_similarity": -0.39703278226715183, "is_tight": 0.0, "dual_solution_value": 0.0, "scaled_age": 0.2037037037037037}, "22": {"bias": -0.30151134457776363, "objective_cosine_similarity": -0.3701667626584401, "is_tight": 0.0, "dual_solution_value": 0.0, "scaled_age": 0.2037037037037037}, "23": {"bias": -0.2773500981126146, "objective_cosine_similarity": -0.4824694721888858, "is_tight": 0.0, "dual_solution_value": 0.0, "scaled_age": 0.2037037037037037}, "24": {"bias": -0.31622776601683794, "objective_cosine_similarity": -0.3955363861810926, "is_tight": 0.0, "dual_solution_value": 0.0, "scaled_age": 0.2037037037037037}, "25": {"bias": -0.30151134457776363, "objective_cosine_similarity": -0.4235450419132622, "is_tight": 0.0, "dual_solution_value": 0.0, "scaled_age": 0.2037037037037037}, "26": {"bias": -0.30151134457776363, "objective_cosine_similarity": -0.5918026613034623, "is_tight": 1.0, "dual_solution_value": -0.008291798721798492, "scaled_age": 0.0}, "27": {"bias": -0.2773500981126146, "objective_cosine_similarity": -0.3597172834682622, "is_tight": 0.0, "dual_solution_value": 0.0, "scaled_age": 0.2037037037037037}, "28": {"bias": -0.31622776601683794, "objective_cosine_similarity": -0.2640966024655295, "is_tight": 0.0, "dual_solution_value": 0.0, "scaled_age": 0.2037037037037037}, "29": {"bias": -0.25, "objective_cosine_similarity": -0.4310435025048327, "is_tight": 0.0, "dual_solution_value": 0.0, "scaled_age": 0.2037037037037037}, "30": {"bias": -0.30151134457776363, "objective_cosine_similarity": -0.445592592040254, "is_tight": 0.0, "dual_solution_value": 0.0, "scaled_age": 0.2037037037037037}, "31": {"bias": -0.3333333333333333, "objective_cosine_similarity": -0.3091710836418592, "is_tight": 0.0, "dual_solution_value": 0.0, "scaled_age": 0.2037037037037037}, "32": {"bias": -0.30151134457776363, "objective_cosine_similarity": -0.5569907400503175, "is_tight": 1.0, "dual_solution_value": -8.344804606386834e-06, "scaled_age": 0.0}, "33": {"bias": -0.35355339059327373, "objective_cosine_similarity": -0.3075151566754925, "is_tight": 0.0, "dual_solution_value": 0.0, "scaled_age": 0.2037037037037037}, "34": {"bias": -0.35355339059327373, "objective_cosine_similarity": -0.3687460507037985, "is_tight": 0.0, "dual_solution_value": 0.0, "scaled_age": 0.018518518518518517}, "35": {"bias": -0.35355339059327373, "objective_cosine_similarity": -0.40956664672266924, "is_tight": 0.0, "dual_solution_value": 0.0, "scaled_age": 0.14814814814814814}, "36": {"bias": -0.35355339059327373, "objective_cosine_similarity": -0.31295790281134195, "is_tight": 0.0, "dual_solution_value": 0.0, "scaled_age": 0.2037037037037037}, "37": {"bias": -0.3333333333333333, "objective_cosine_similarity": -0.38486027009360063, "is_tight": 0.0, "dual_solution_value": 0.0, "scaled_age": 0.018518518518518517}, "38": {"bias": -0.3333333333333333, "objective_cosine_similarity": -0.4015375484643233, "is_tight": 0.0, "dual_solution_value": 0.0, "scaled_age": 0.2037037037037037}, "39": {"bias": -0.2886751345948129, "objective_cosine_similarity": -0.47328425454792605, "is_tight": 0.0, "dual_solution_value": 0.0, "scaled_age": 0.2037037037037037}, "40": {"bias": -0.4082482904638631, "objective_cosine_similarity": -0.24353374836641822, "is_tight": 0.0, "dual_solution_value": 0.0, "scaled_age": 0.2037037037037037}, "41": {"bias": -0.31622776601683794, "objective_cosine_similarity": -0.312778003841664, "is_tight": 0.0, "dual_solution_value": 0.0, "scaled_age": 0.2037037037037037}, "42": {"bias": -0.2672612419124244, "objective_cosine_similarity": -0.4906337749778016, "is_tight": 0.0, "dual_solution_value": 0.0, "scaled_age": 0.2037037037037037}, "43": {"bias": -0.35355339059327373, "objective_cosine_similarity": -0.3347288873547396, "is_tight": 0.0, "dual_solution_value": 0.0, "scaled_age": 0.2037037037037037}, "44": {"bias": -0.4082482904638631, "objective_cosine_similarity": -0.25453204667974033, "is_tight": 0.0, "dual_solution_value": 0.0, "scaled_age": 0.2037037037037037}, "45": {"bias": -0.4472135954999579, "objective_cosine_similarity": -0.25128752792432035, "is_tight": 0.0, "dual_solution_value": 0.0, "scaled_age": 0.037037037037037035}, "46": {"bias": -0.3333333333333333, "objective_cosine_similarity": -0.4207805619690034, "is_tight": 0.0, "dual_solution_value": 0.0, "scaled_age": 0.027777777777777776}, "47": {"bias": -0.30151134457776363, "objective_cosine_similarity": -0.41542226028752843, "is_tight": 0.0, "dual_solution_value": 0.0, "scaled_age": 0.2037037037037037}, "48": {"bias": -0.31622776601683794, "objective_cosine_similarity": -0.3991874912843027, "is_tight": 0.0, "dual_solution_value": 0.0, "scaled_age": 0.1111111111111111}, "49": {"bias": -0.30151134457776363, "objective_cosine_similarity": -0.48272530804360847, "is_tight": 0.0, "dual_solution_value": 0.0, "scaled_age": 0.2037037037037037}, "50": {"bias": -0.35355339059327373, "objective_cosine_similarity": -0.36194261803398675, "is_tight": 0.0, "dual_solution_value": 0.0, "scaled_age": 0.12962962962962962}, "51": {"bias": -0.30151134457776363, "objective_cosine_similarity": -0.3875727232850126, "is_tight": 0.0, "dual_solution_value": 0.0, "scaled_age": 0.2037037037037037}, "52": {"bias": -0.4082482904638631, "objective_cosine_similarity": -0.3912251828596009, "is_tight": 0.0, "dual_solution_value": 0.0, "scaled_age": 0.018518518518518517}, "53": {"bias": -0.3333333333333333, "objective_cosine_similarity": -0.4567008538444061, "is_tight": 0.0, "dual_solution_value": 0.0, "scaled_age": 0.027777777777777776}, "54": {"bias": -0.25, "objective_cosine_similarity": -0.5022426524721488, "is_tight": 0.0, "dual_solution_value": 0.0, "scaled_age": 0.2037037037037037}, "55": {"bias": -0.3333333333333333, "objective_cosine_similarity": -0.3771630646917286, "is_tight": 0.0, "dual_solution_value": 0.0, "scaled_age": 0.2037037037037037}, "56": {"bias": -0.2773500981126146, "objective_cosine_similarity": -0.4824694721888858, "is_tight": 0.0, "dual_solution_value": 0.0, "scaled_age": 0.2037037037037037}, "57": {"bias": -0.35355339059327373, "objective_cosine_similarity": -0.33745026042266435, "is_tight": 0.0, "dual_solution_value": 0.0, "scaled_age": 0.1111111111111111}, "58": {"bias": -0.3333333333333333, "objective_cosine_similarity": -0.3438085079502832, "is_tight": 0.0, "dual_solution_value": 0.0, "scaled_age": 0.2037037037037037}, "59": {"bias": -0.2886751345948129, "objective_cosine_similarity": -0.5132801070449339, "is_tight": 0.0, "dual_solution_value": 0.0, "scaled_age": 0.2037037037037037}, "60": {"bias": -0.31622776601683794, "objective_cosine_similarity": -0.3991874912843027, "is_tight": 0.0, "dual_solution_value": 0.0, "scaled_age": 0.2037037037037037}, "61": {"bias": -0.3333333333333333, "objective_cosine_similarity": -0.3207168917446672, "is_tight": 0.0, "dual_solution_value": 0.0, "scaled_age": 0.10185185185185185}, "62": {"bias": -0.2581988897471611, "objective_cosine_similarity": -0.5554810639529177, "is_tight": 0.0, "dual_solution_value": 0.0, "scaled_age": 0.2037037037037037}, "63": {"bias": -0.3779644730092272, "objective_cosine_similarity": -0.33311143599498705, "is_tight": 0.0, "dual_solution_value": 0.0, "scaled_age": 0.2037037037037037}, "64": {"bias": -0.30151134457776363, "objective_cosine_similarity": -0.5767174954270995, "is_tight": 1.0, "dual_solution_value": -0.00016221560738389695, "scaled_age": 0.0}, "65": {"bias": -0.35355339059327373, "objective_cosine_similarity": -0.3701067372377609, "is_tight": 1.0, "dual_solution_value": -0.00010284437357637508, "scaled_age": 0.0}, "66": {"bias": -0.2886751345948129, "objective_cosine_similarity": -0.36885063969462784, "is_tight": 0.0, "dual_solution_value": 0.0, "scaled_age": 0.2037037037037037}, "67": {"bias": -0.30151134457776363, "objective_cosine_similarity": -0.4432717972900443, "is_tight": 0.0, "dual_solution_value": 0.0, "scaled_age": 0.009259259259259259}, "68": {"bias": -0.2886751345948129, "objective_cosine_similarity": -0.39995852497007833, "is_tight": 0.0, "dual_solution_value": 0.0, "scaled_age": 0.2037037037037037}, "69": {"bias": -0.3333333333333333, "objective_cosine_similarity": -0.4900554105858515, "is_tight": 0.0, "dual_solution_value": 0.0, "scaled_age": 0.10185185185185185}, "70": {"bias": -0.3779644730092272, "objective_cosine_similarity": -0.368022678195335, "is_tight": 0.0, "dual_solution_value": 0.0, "scaled_age": 0.10185185185185185}, "71": {"bias": -0.2672612419124244, "objective_cosine_similarity": -0.43406174641641987, "is_tight": 0.0, "dual_solution_value": 0.0, "scaled_age": 0.2037037037037037}, "72": {"bias": -0.2773500981126146, "objective_cosine_similarity": -0.5038176789229073, "is_tight": 0.0, "dual_solution_value": 0.0, "scaled_age": 0.12962962962962962}, "73": {"bias": -0.31622776601683794, "objective_cosine_similarity": -0.4308304021787901, "is_tight": 0.0, "dual_solution_value": 0.0, "scaled_age": 0.2037037037037037}, "74": {"bias": -0.35355339059327373, "objective_cosine_similarity": -0.3115972162773796, "is_tight": 0.0, "dual_solution_value": 0.0, "scaled_age": 0.2037037037037037}, "75": {"bias": -0.2773500981126146, "objective_cosine_similarity": -0.3906721832325934, "is_tight": 0.0, "dual_solution_value": 0.0, "scaled_age": 0.2037037037037037}, "76": {"bias": -0.4082482904638631, "objective_cosine_similarity": -0.3503743605529759, "is_tight": 0.0, "dual_solution_value": 0.0, "scaled_age": 0.2037037037037037}, "77": {"bias": -0.31622776601683794, "objective_cosine_similarity": -0.5087206443806053, "is_tight": 0.0, "dual_solution_value": 0.0, "scaled_age": 0.046296296296296294}, "78": {"bias": -0.3779644730092272, "objective_cosine_similarity": -0.47712031007142247, "is_tight": 1.0, "dual_solution_value": -0.006255436460985251, "scaled_age": 0.0}, "79": {"bias": -0.3333333333333333, "objective_cosine_similarity": -0.38614313766057934, "is_tight": 0.0, "dual_solution_value": 0.0, "scaled_age": 0.1388888888888889}, "80": {"bias": -0.2886751345948129, "objective_cosine_similarity": -0.4099574880943303, "is_tight": 0.0, "dual_solution_value": 0.0, "scaled_age": 0.2037037037037037}, "81": {"bias": -0.3333333333333333, "objective_cosine_similarity": -0.4387407079067047, "is_tight": 0.0, "dual_solution_value": 0.0, "scaled_age": 0.009259259259259259}, "82": {"bias": -0.35355339059327373, "objective_cosine_similarity": -0.37691016990757265, "is_tight": 0.0, "dual_solution_value": 0.0, "scaled_age": 0.2037037037037037}, "83": {"bias": -0.35355339059327373, "objective_cosine_similarity": -0.25716975491888533, "is_tight": 0.0, "dual_solution_value": 0.0, "scaled_age": 0.2037037037037037}, "84": {"bias": -0.3333333333333333, "objective_cosine_similarity": -0.2758165269004138, "is_tight": 0.0, "dual_solution_value": 0.0, "scaled_age": 0.2037037037037037}, "85": {"bias": -0.31622776601683794, "objective_cosine_similarity": -0.3237313191512943, "is_tight": 0.0, "dual_solution_value": 0.0, "scaled_age": 0.2037037037037037}, "86": {"bias": -0.31622776601683794, "objective_cosine_similarity": -0.312778003841664, "is_tight": 0.0, "dual_solution_value": 0.0, "scaled_age": 0.2037037037037037}, "87": {"bias": -0.35355339059327373, "objective_cosine_similarity": -0.32520408161700315, "is_tight": 0.0, "dual_solution_value": 0.0, "scaled_age": 0.2037037037037037}, "88": {"bias": -0.35355339059327373, "objective_cosine_similarity": -0.37146742377172326, "is_tight": 0.0, "dual_solution_value": 0.0, "scaled_age": 0.07407407407407407}, "89": {"bias": -0.4082482904638631, "objective_cosine_similarity": -0.524775948092798, "is_tight": 1.0, "dual_solution_value": -0.027054484361096098, "scaled_age": 0.0}, "90": {"bias": -0.2672612419124244, "objective_cosine_similarity": -0.5266341567895899, "is_tight": 0.0, "dual_solution_value": 0.0, "scaled_age": 0.2037037037037037}, "91": {"bias": -0.2886751345948129, "objective_cosine_similarity": -0.4632852914236741, "is_tight": 0.0, "dual_solution_value": 0.0, "scaled_age": 0.2037037037037037}, "92": {"bias": -0.3333333333333333, "objective_cosine_similarity": -0.35535431605309126, "is_tight": 0.0, "dual_solution_value": 0.0, "scaled_age": 0.2037037037037037}, "93": {"bias": -0.35355339059327373, "objective_cosine_similarity": -0.4980112714302224, "is_tight": 1.0, "dual_solution_value": -4.8242349142001175e-05, "scaled_age": 0.0}, "94": {"bias": -0.25, "objective_cosine_similarity": -0.5185992139511268, "is_tight": 0.0, "dual_solution_value": 0.0, "scaled_age": 0.2037037037037037}, "95": {"bias": -0.2773500981126146, "objective_cosine_similarity": -0.4739301894952772, "is_tight": 0.0, "dual_solution_value": 0.0, "scaled_age": 0.2037037037037037}, "96": {"bias": -0.31622776601683794, "objective_cosine_similarity": -0.4369155773508069, "is_tight": 0.0, "dual_solution_value": 0.0, "scaled_age": 0.2037037037037037}, "97": {"bias": -0.2886751345948129, "objective_cosine_similarity": -0.34774171754342925, "is_tight": 0.0, "dual_solution_value": 0.0, "scaled_age": 0.2037037037037037}, "98": {"bias": -0.3333333333333333, "objective_cosine_similarity": -0.5169956294924035, "is_tight": 0.0, "dual_solution_value": 0.0, "scaled_age": 0.05555555555555555}, "99": {"bias": -0.2672612419124244, "objective_cosine_similarity": -0.4803479516030049, "is_tight": 0.0, "dual_solution_value": 0.0, "scaled_age": 0.1388888888888889}, "100": {"bias": -0.2773500981126146, "objective_cosine_similarity": -0.39280700390599554, "is_tight": 0.0, "dual_solution_value": 0.0, "scaled_age": 0.2037037037037037}, "101": {"bias": -0.2886751345948129, "objective_cosine_similarity": -0.4032915126781623, "is_tight": 0.0, "dual_solution_value": 0.0, "scaled_age": 0.2037037037037037}, "102": {"bias": -0.3333333333333333, "objective_cosine_similarity": -0.4413064430406621, "is_tight": 1.0, "dual_solution_value": -0.00014596604173821245, "scaled_age": 0.0}, "103": {"bias": -0.3779644730092272, "objective_cosine_similarity": -0.32292899035321887, "is_tight": 0.0, "dual_solution_value": 0.0, "scaled_age": 0.06481481481481481}, "104": {"bias": -0.3333333333333333, "objective_cosine_similarity": -0.3091710836418592, "is_tight": 0.0, "dual_solution_value": 0.0, "scaled_age": 0.2037037037037037}, "105": {"bias": -0.24253562503633297, "objective_cosine_similarity": -0.5413854917210594, "is_tight": 0.0, "dual_solution_value": 0.0, "scaled_age": 0.2037037037037037}, "106": {"bias": -0.30151134457776363, "objective_cosine_similarity": -0.42006384978794775, "is_tight": 0.0, "dual_solution_value": 0.0, "scaled_age": 0.037037037037037035}, "107": {"bias": -0.31622776601683794, "objective_cosine_similarity": -0.4052726664563195, "is_tight": 0.0, "dual_solution_value": 0.0, "scaled_age": 0.2037037037037037}, "108": {"bias": -0.3333333333333333, "objective_cosine_similarity": -0.31173681877581655, "is_tight": 0.0, "dual_solution_value": 0.0, "scaled_age": 0.2037037037037037}, "109": {"bias": -0.31622776601683794, "objective_cosine_similarity": -0.4941162239677649, "is_tight": 0.0, "dual_solution_value": 0.0, "scaled_age": 0.027777777777777776}, "110": {"bias": -0.30151134457776363, "objective_cosine_similarity": -0.3492796099065532, "is_tight": 0.0, "dual_solution_value": 0.0, "scaled_age": 0.2037037037037037}, "111": {"bias": -0.35355339059327373, "objective_cosine_similarity": -0.46943685421701287, "is_tight": 0.0, "dual_solution_value": 0.0, "scaled_age": 0.2037037037037037}, "112": {"bias": -0.35355339059327373, "objective_cosine_similarity": -0.31567927587926664, "is_tight": 0.0, "dual_solution_value": 0.0, "scaled_age": 0.2037037037037037}, "113": {"bias": -0.2773500981126146, "objective_cosine_similarity": -0.4344360070373375, "is_tight": 0.0, "dual_solution_value": 0.0, "scaled_age": 0.2037037037037037}, "114": {"bias": -0.30151134457776363, "objective_cosine_similarity": -0.4421113999149395, "is_tight": 0.0, "dual_solution_value": 0.0, "scaled_age": 0.046296296296296294}, "115": {"bias": -0.2886751345948129, "objective_cosine_similarity": -0.5499429718338578, "is_tight": 0.0, "dual_solution_value": 0.0, "scaled_age": 0.06481481481481481}, "116": {"bias": -0.35355339059327373, "objective_cosine_similarity": -0.3633033045679491, "is_tight": 0.0, "dual_solution_value": 0.0, "scaled_age": 0.07407407407407407}, "117": {"bias": -0.30151134457776363, "objective_cosine_similarity": -0.45603616841619743, "is_tight": 0.0, "dual_solution_value": 0.0, "scaled_age": 0.2037037037037037}, "118": {"bias": -0.35355339059327373, "objective_cosine_similarity": -0.4503872427415399, "is_tight": 0.0, "dual_solution_value": 0.0, "scaled_age": 0.027777777777777776}, "119": {"bias": -0.6324555320336759, "objective_cosine_similarity": -0.9380297527663911, "is_tight": 1.0, "dual_solution_value": -6.441095734440719e-06, "scaled_age": 0.0}, "120": {"bias": -0.7062400988864795, "objective_cosine_similarity": -0.9692485826330947, "is_tight": 0.0, "dual_solution_value": -0.0, "scaled_age": 0.037037037037037035}, "121": {"bias": -0.7141619213555671, "objective_cosine_similarity": -0.9738851846106961, "is_tight": 1.0, "dual_solution_value": -0.013448413870905, "scaled_age": 0.0}, "122": {"bias": -0.42640143271122083, "objective_cosine_similarity": -0.608008915930501, "is_tight": 0.0, "dual_solution_value": -0.0, "scaled_age": 0.10185185185185185}, "123": {"bias": -0.5853694070049635, "objective_cosine_similarity": -0.8911647862369612, "is_tight": 0.0, "dual_solution_value": -0.0, "scaled_age": 0.12037037037037036}, "124": {"bias": -0.47140452079103173, "objective_cosine_similarity": -0.7039285002365258, "is_tight": 1.0, "dual_solution_value": -0.0005201067477395694, "scaled_age": 0.0}, "125": {"bias": -0.5494422557947561, "objective_cosine_similarity": -0.8347324088783129, "is_tight": 0.0, "dual_solution_value": -0.0, "scaled_age": 0.027777777777777776}, "126": {"bias": -0.6563924617405256, "objective_cosine_similarity": -0.9450771698222296, "is_tight": 0.0, "dual_solution_value": -0.0, "scaled_age": 0.1111111111111111}, "127": {"bias": -0.7136409538648103, "objective_cosine_similarity": -0.9755927736303817, "is_tight": 0.0, "dual_solution_value": -0.0, "scaled_age": 0.027777777777777776}, "128": {"bias": -0.5555555555555556, "objective_cosine_similarity": -0.8620870050096655, "is_tight": 1.0, "dual_solution_value": -0.0001948847604558325, "scaled_age": 0.0}, "129": {"bias": -0.7121033973221024, "objective_cosine_similarity": -0.9758235634461698, "is_tight": 1.0, "dual_solution_value": -0.01837387652914022, "scaled_age": 0.0}, "130": {"bias": -0.6735753140545634, "objective_cosine_similarity": -0.9006473451178061, "is_tight": 1.0, "dual_solution_value": -1.708388486192632e-05, "scaled_age": 0.0}, "131": {"bias": -0.7042028396309279, "objective_cosine_similarity": -0.9276265017316486, "is_tight": 0.0, "dual_solution_value": -0.0, "scaled_age": 0.018518518518518517}, "132": {"bias": -0.6595796519151752, "objective_cosine_similarity": -0.9421917477434584, "is_tight": 0.0, "dual_solution_value": -0.0, "scaled_age": 0.037037037037037035}, "133": {"bias": -0.65, "objective_cosine_similarity": -0.947333554835398, "is_tight": 1.0, "dual_solution_value": -4.037726329173549e-05, "scaled_age": 0.0}, "134": {"bias": -0.6746244216126633, "objective_cosine_similarity": -0.977148238383965, "is_tight": 1.0, "dual_solution_value": -1.6055181516363206e-06, "scaled_age": 0.0}, "135": {"bias": -0.675922588044844, "objective_cosine_similarity": -0.9736360843413501, "is_tight": 1.0, "dual_solution_value": -2.0973851852852553e-05, "scaled_age": 0.0}, "136": {"bias": -0.6, "objective_cosine_similarity": -0.9003164585056298, "is_tight": 1.0, "dual_solution_value": -3.5229698146880325e-05, "scaled_age": 0.0}, "137": {"bias": -0.696969696969697, "objective_cosine_similarity": -0.974629477930976, "is_tight": 1.0, "dual_solution_value": -8.603141785756649e-06, "scaled_age": 0.0}, "138": {"bias": -0.696203803499338, "objective_cosine_similarity": -0.9083479694104651, "is_tight": 1.0, "dual_solution_value": -0.00016274675765181213, "scaled_age": 0.0}}