{"0": {"bias": -1.0, "objective_cosine_similarity": -0.7614252699817254, "is_tight": 0.0, "dual_solution_value": -0.0, "scaled_age": 0.014285714285714285}, "1": {"bias": -1.3474430737064305, "objective_cosine_similarity": -0.8660083638246056, "is_tight": 0.0, "dual_solution_value": -0.0, "scaled_age": 0.02857142857142857}, "2": {"bias": -0.6324555320336759, "objective_cosine_similarity": -0.5317212437257022, "is_tight": 1.0, "dual_solution_value": -0.0009064698575260603, "scaled_age": 0.0}, "3": {"bias": -1.2378874072806758, "objective_cosine_similarity": -0.9110528248443824, "is_tight": 0.0, "dual_solution_value": 0.0, "scaled_age": 0.02857142857142857}, "4": {"bias": -1.2843097214952919, "objective_cosine_similarity": -0.9236192438004754, "is_tight": 1.0, "dual_solution_value": -0.0024754471145713346, "scaled_age": 0.014285714285714285}, "5": {"bias": -1.269757067047962, "objective_cosine_similarity": -0.8951559341854766, "is_tight": 0.0, "dual_solution_value": 0.0, "scaled_age": 0.08571428571428572}, "6": {"bias": -1.3141033267368833, "objective_cosine_similarity": -0.9113332184742196, "is_tight": 1.0, "dual_solution_value": -0.001033840785992793, "scaled_age": 0.0}, "7": {"bias": -0.4082482904638631, "objective_cosine_similarity": -0.2263183957699602, "is_tight": 0.0, "dual_solution_value": 0.0, "scaled_age": 0.3}, "8": {"bias": -0.5, "objective_cosine_similarity": -0.1284951034202526, "is_tight": 1.0, "dual_solution_value": -0.0015788669730548532, "scaled_age": 0.0}, "9": {"bias": -0.7071067811865475, "objective_cosine_similarity": -0.1272036625688183, "is_tight": 1.0, "dual_solution_value": -0.012602509200437848, "scaled_age": 0.0}, "10": {"bias": -0.4472135954999579, "objective_cosine_similarity": -0.2856819358177017, "is_tight": 0.0, "dual_solution_value": 0.0, "scaled_age": 0.3}, "11": {"bias": -0.4472135954999579, "objective_cosine_similarity": -0.4038951506388196, "is_tight": 0.0, "dual_solution_value": 0.0, "scaled_age": 0.3}, "12": {"bias": -0.3333333333333333, "objective_cosine_similarity": -0.4124080938345251, "is_tight": 0.0, "dual_solution_value": 0.0, "scaled_age": 0.3}, "13": {"bias": -0.3779644730092272, "objective_cosine_similarity": -0.35661748858471415, "is_tight": 0.0, "dual_solution_value": 0.0, "scaled_age": 0.3}, "14": {"bias": -0.35355339059327373, "objective_cosine_similarity": -0.4036769291724744, "is_tight": 0.0, "dual_solution_value": 0.0, "scaled_age": 0.3}, "15": {"bias": -0.5, "objective_cosine_similarity": -0.3010456708703061, "is_tight": 0.0, "dual_solution_value": 0.0, "scaled_age": 0.05714285714285714}, "16": {"bias": -0.5, "objective_cosine_similarity": -0.07709706205215157, "is_tight": 0.0, "dual_solution_value": 0.0, "scaled_age": 0.3}, "17": {"bias": -0.5773502691896258, "objective_cosine_similarity": -0.12929678958580373, "is_tight": 0.0, "dual_solution_value": 0.0, "scaled_age": 0.0}, "18": {"bias": -0.4472135954999579, "objective_cosine_similarity": -0.20030572511356093, "is_tight": 0.0, "dual_solution_value": 0.0, "scaled_age": 0.3}, "19": {"bias": -0.3779644730092272, "objective_cosine_similarity": -0.33441562159111327, "is_tight": 0.0, "dual_solution_value": 0.0, "scaled_age": 0.3}, "20": {"bias": -0.4472135954999579, "objective_cosine_similarity": -0.36777444611014465, "is_tight": 1.0, "dual_solution_value": -0.025166026931031055, "scaled_age": 0.0}, "21": {"bias": -0.4472135954999579, "objective_cosine_similarity": -0.3103096889054346, "is_tight": 0.0, "dual_solution_value": 0.0, "scaled_age": 0.07142857142857142}, "22": {"bias": -0.5773502691896258, "objective_cosine_similarity": -0.3751726517489715, "is_tight": 1.0, "dual_solution_value": -0.055110107036572084, "scaled_age": 0.0}, "23": {"bias": -0.4472135954999579, "objective_cosine_similarity": -0.3546396444633538, "is_tight": 1.0, "dual_solution_value": -0.006086317884310814, "scaled_age": 0.0}, "24": {"bias": -0.3779644730092272, "objective_cosine_similarity": -0.39408313913641563, "is_tight": 0.0, "dual_solution_value": 0.0, "scaled_age": 0.14285714285714285}, "25": {"bias": -0.4472135954999579, "objective_cosine_similarity": -0.29717488725864366, "is_tight": 0.0, "dual_solution_value": 0.0, "scaled_age": 0.3}, "26": {"bias": -0.5773502691896258, "objective_cosine_similarity": -0.29038787169270674, "is_tight": 1.0, "dual_solution_value": -0.029562906432077336, "scaled_age": 0.0}, "27": {"bias": -0.4472135954999579, "objective_cosine_similarity": -0.15925946996733945, "is_tight": 0.0, "dual_solution_value": 0.0, "scaled_age": 0.3}, "28": {"bias": -0.4472135954999579, "objective_cosine_similarity": -0.2561286321124222, "is_tight": 1.0, "dual_solution_value": -0.0014966719167220292, "scaled_age": 0.0}, "29": {"bias": -0.5, "objective_cosine_similarity": -0.394663531933633, "is_tight": 1.0, "dual_solution_value": -0.03304159802235067, "scaled_age": 0.0}, "30": {"bias": -0.4472135954999579, "objective_cosine_similarity": -0.37598369713938895, "is_tight": 1.0, "dual_solution_value": -0.0020601589634177855, "scaled_age": 0.0}, "31": {"bias": -0.5, "objective_cosine_similarity": -0.20559216547240416, "is_tight": 1.0, "dual_solution_value": -0.0025718490611783638, "scaled_age": 0.0}, "32": {"bias": -0.5, "objective_cosine_similarity": -0.13950896942770283, "is_tight": 0.0, "dual_solution_value": 0.0, "scaled_age": 0.3}, "33": {"bias": -0.4472135954999579, "objective_cosine_similarity": -0.3086678386995857, "is_tight": 1.0, "dual_solution_value": -0.00039578706115846396, "scaled_age": 0.0}, "34": {"bias": -0.4472135954999579, "objective_cosine_similarity": -0.17239427161413032, "is_tight": 0.0, "dual_solution_value": 0.0, "scaled_age": 0.3}, "35": {"bias": -0.5773502691896258, "objective_cosine_similarity": -0.27343091568145383, "is_tight": 0.0, "dual_solution_value": 0.0, "scaled_age": 0.3}, "36": {"bias": -0.4082482904638631, "objective_cosine_similarity": -0.29526307262703416, "is_tight": 0.0, "dual_solution_value": 0.0, "scaled_age": 0.3}, "37": {"bias": -0.4082482904638631, "objective_cosine_similarity": -0.39568249326668536, "is_tight": 1.0, "dual_solution_value": -0.001134684524997134, "scaled_age": 0.0}, "38": {"bias": -0.3779644730092272, "objective_cosine_similarity": -0.3385784716524134, "is_tight": 0.0, "dual_solution_value": 0.0, "scaled_age": 0.3}, "39": {"bias": -0.35355339059327373, "objective_cosine_similarity": -0.37771699803598086, "is_tight": 0.0, "dual_solution_value": 0.0, "scaled_age": 0.3}, "40": {"bias": -0.4472135954999579, "objective_cosine_similarity": -0.27418898437675965, "is_tight": 0.0, "dual_solution_value": 0.0, "scaled_age": 0.3}, "41": {"bias": -0.4472135954999579, "objective_cosine_similarity": -0.2183660773778984, "is_tight": 0.0, "dual_solution_value": 0.0, "scaled_age": 0.3}, "42": {"bias": -0.4472135954999579, "objective_cosine_similarity": -0.12970616626205994, "is_tight": 0.0, "dual_solution_value": 0.0, "scaled_age": 0.3}, "43": {"bias": -0.7071067811865475, "objective_cosine_similarity": -0.18431551106910404, "is_tight": 1.0, "dual_solution_value": -0.008089061616767588, "scaled_age": 0.0}, "44": {"bias": -0.4472135954999579, "objective_cosine_similarity": -0.19702202470186322, "is_tight": 0.0, "dual_solution_value": 0.0, "scaled_age": 0.3}, "45": {"bias": -0.3779644730092272, "objective_cosine_similarity": -0.3080509045362122, "is_tight": 0.0, "dual_solution_value": 0.0, "scaled_age": 0.3}, "46": {"bias": -0.5773502691896258, "objective_cosine_similarity": -0.18652651612378243, "is_tight": 1.0, "dual_solution_value": -0.0009417075557445333, "scaled_age": 0.0}, "47": {"bias": -0.5773502691896258, "objective_cosine_similarity": -0.1822872771209692, "is_tight": 1.0, "dual_solution_value": -0.00038248087545114656, "scaled_age": 0.0}, "48": {"bias": -0.4082482904638631, "objective_cosine_similarity": -0.3027570592419335, "is_tight": 0.0, "dual_solution_value": 0.0, "scaled_age": 0.3}, "49": {"bias": -0.35355339059327373, "objective_cosine_similarity": -0.3206051495356951, "is_tight": 0.0, "dual_solution_value": 0.0, "scaled_age": 0.3}, "50": {"bias": -0.3779644730092272, "objective_cosine_similarity": -0.3302527715298131, "is_tight": 0.0, "dual_solution_value": 0.0, "scaled_age": 0.3}, "51": {"bias": -0.5, "objective_cosine_similarity": -0.41669126394853345, "is_tight": 1.0, "dual_solution_value": -0.03576721017605054, "scaled_age": 0.0}, "52": {"bias": -0.4082482904638631, "objective_cosine_similarity": -0.45713318350886, "is_tight": 0.0, "dual_solution_value": 0.0, "scaled_age": 0.21428571428571427}, "53": {"bias": -0.4472135954999579, "objective_cosine_similarity": -0.3021004378761903, "is_tight": 1.0, "dual_solution_value": -0.002713992357969052, "scaled_age": 0.0}, "54": {"bias": -0.5773502691896258, "objective_cosine_similarity": -0.19924423313222214, "is_tight": 0.0, "dual_solution_value": 0.0, "scaled_age": 0.3}, "55": {"bias": -0.5773502691896258, "objective_cosine_similarity": -0.22256004764769496, "is_tight": 0.0, "dual_solution_value": 0.0, "scaled_age": 0.3}, "56": {"bias": -0.4082482904638631, "objective_cosine_similarity": -0.3042558565649134, "is_tight": 1.0, "dual_solution_value": -0.0010012498265006195, "scaled_age": 0.0}, "57": {"bias": -0.4082482904638631, "objective_cosine_similarity": -0.5560538068255314, "is_tight": 1.0, "dual_solution_value": -0.013746582147993826, "scaled_age": 0.0}, "58": {"bias": -0.4472135954999579, "objective_cosine_similarity": -0.20358942552525866, "is_tight": 0.0, "dual_solution_value": 0.0, "scaled_age": 0.3}, "59": {"bias": -0.4472135954999579, "objective_cosine_similarity": -0.3185189399346789, "is_tight": 0.0, "dual_solution_value": 0.0, "scaled_age": 0.3}, "60": {"bias": -0.5, "objective_cosine_similarity": -0.27167536151710553, "is_tight": 1.0, "dual_solution_value": -0.00423242617775547, "scaled_age": 0.0}, "61": {"bias": -0.4472135954999579, "objective_cosine_similarity": -0.4941969119605069, "is_tight": 1.0, "dual_solution_value": -0.03579210064383076, "scaled_age": 0.0}, "62": {"bias": -0.7071067811865475, "objective_cosine_similarity": -0.057111848500285764, "is_tight": 0.0, "dual_solution_value": 0.0, "scaled_age": 0.3}, "63": {"bias": -0.4472135954999579, "objective_cosine_similarity": -0.12478061564451337, "is_tight": 0.0, "dual_solution_value": 0.0, "scaled_age": 0.04285714285714286}, "64": {"bias": -0.5, "objective_cosine_similarity": -0.14318025809685292, "is_tight": 0.0, "dual_solution_value": 0.0, "scaled_age": 0.3}, "65": {"bias": -0.5, "objective_cosine_similarity": -0.27718229452083065, "is_tight": 0.0, "dual_solution_value": 0.0, "scaled_age": 0.3}, "66": {"bias": -0.5, "objective_cosine_similarity": -0.4130199752793834, "is_tight": 1.0, "dual_solution_value": -0.019717408925265835, "scaled_age": 0.0}, "67": {"bias": -0.3779644730092272, "objective_cosine_similarity": -0.3149889879717125, "is_tight": 0.0, "dual_solution_value": 0.0, "scaled_age": 0.3}, "68": {"bias": -0.3779644730092272, "objective_cosine_similarity": -0.21646820318760857, "is_tight": 0.0, "dual_solution_value": 0.0, "scaled_age": 0.3}, "69": {"bias": -0.3779644730092272, "objective_cosine_similarity": -0.19842918625530787, "is_tight": 0.0, "dual_solution_value": 0.0, "scaled_age": 0.3}, "70": {"bias": -0.3779644730092272, "objective_cosine_similarity": -0.39408313913641563, "is_tight": 0.0, "dual_solution_value": 0.0, "scaled_age": 0.3}, "71": {"bias": -0.5773502691896258, "objective_cosine_similarity": -0.11869869207877065, "is_tight": 1.0, "dual_solution_value": -0.009499118363650721, "scaled_age": 0.0}, "72": {"bias": -0.3779644730092272, "objective_cosine_similarity": -0.37188127214281474, "is_tight": 1.0, "dual_solution_value": -0.0011880428903946363, "scaled_age": 0.0}, "73": {"bias": -0.5, "objective_cosine_similarity": -0.39282788759905796, "is_tight": 0.0, "dual_solution_value": 0.0, "scaled_age": 0.08571428571428572}, "74": {"bias": -0.7071067811865475, "objective_cosine_similarity": -0.033747910477441585, "is_tight": 0.0, "dual_solution_value": 0.0, "scaled_age": 0.11428571428571428}, "75": {"bias": -0.5, "objective_cosine_similarity": -0.24046940782932988, "is_tight": 0.0, "dual_solution_value": 0.0, "scaled_age": 0.11428571428571428}, "76": {"bias": -0.5, "objective_cosine_similarity": -0.14685154676600298, "is_tight": 0.0, "dual_solution_value": 0.0, "scaled_age": 0.15714285714285714}, "77": {"bias": -0.5, "objective_cosine_similarity": -0.22578425315272957, "is_tight": 0.0, "dual_solution_value": 0.0, "scaled_age": 0.3}, "78": {"bias": -0.5, "objective_cosine_similarity": -0.21660603147985438, "is_tight": 0.0, "dual_solution_value": 0.0, "scaled_age": 0.3}, "79": {"bias": -0.4472135954999579, "objective_cosine_similarity": -0.48106211031371604, "is_tight": 1.0, "dual_solution_value": -0.03118589217452193, "scaled_age": 0.0}, "80": {"bias": -0.3779644730092272, "objective_cosine_similarity": -0.2872366542297114, "is_tight": 0.0, "dual_solution_value": 0.0, "scaled_age": 0.3}, "81": {"bias": -0.4082482904638631, "objective_cosine_similarity": -0.2607907341984972, "is_tight": 0.0, "dual_solution_value": 0.0, "scaled_age": 0.3}, "82": {"bias": -0.7071067811865475, "objective_cosine_similarity": -0.25181133202398726, "is_tight": 1.0, "dual_solution_value": -0.023352162184918427, "scaled_age": 0.0}, "83": {"bias": -0.4472135954999579, "objective_cosine_similarity": -0.4613599078435297, "is_tight": 0.0, "dual_solution_value": 0.0, "scaled_age": 0.14285714285714285}, "84": {"bias": -0.3779644730092272, "objective_cosine_similarity": -0.19287871950690763, "is_tight": 0.0, "dual_solution_value": 0.0, "scaled_age": 0.3}, "85": {"bias": -0.5773502691896258, "objective_cosine_similarity": -0.1589714626054964, "is_tight": 0.0, "dual_solution_value": 0.0, "scaled_age": 0.3}, "86": {"bias": -0.4472135954999579, "objective_cosine_similarity": -0.22329162799544497, "is_tight": 0.0, "dual_solution_value": 0.0, "scaled_age": 0.0}, "87": {"bias": -0.35355339059327373, "objective_cosine_similarity": -0.2595993113649353, "is_tight": 0.0, "dual_solution_value": 0.0, "scaled_age": 0.3}, "88": {"bias": -0.4472135954999579, "objective_cosine_similarity": -0.4203136526973082, "is_tight": 0.0, "dual_solution_value": 0.0, "scaled_age": 0.05714285714285714}, "89": {"bias": -0.4082482904638631, "objective_cosine_similarity": -0.38219331735986656, "is_tight": 0.0, "dual_solution_value": 0.0, "scaled_age": 0.3}, "90": {"bias": -0.4472135954999579, "objective_cosine_similarity": -0.21344052676035183, "is_tight": 0.0, "dual_solution_value": 0.0, "scaled_age": 0.3}, "91": {"bias": -0.5, "objective_cosine_similarity": -0.22027732014900447, "is_tight": 0.0, "dual_solution_value": 0.0, "scaled_age": 0.08571428571428572}, "92": {"bias": -0.4472135954999579, "objective_cosine_similarity": -0.3086678386995857, "is_tight": 0.0, "dual_solution_value": 0.0, "scaled_age": 0.02857142857142857}, "93": {"bias": -0.5, "objective_cosine_similarity": -0.23312683049102972, "is_tight": 0.0, "dual_solution_value": 0.0, "scaled_age": 0.3}, "94": {"bias": -1.249864857559473, "objective_cosine_similarity": -0.9085457085263392, "is_tight": 0.0, "dual_solution_value": -0.0, "scaled_age": 0.02857142857142857}, "95": {"bias": -1.2638669771671374, "objective_cosine_similarity": -0.9088112903970885, "is_tight": 0.0, "dual_solution_value": -0.0, "scaled_age": 0.014285714285714285}, "96": {"bias": -0.8164965809277261, "objective_cosine_similarity": -0.7958613785023104, "is_tight": 1.0, "dual_solution_value": -0.002924137955920501, "scaled_age": 0.0}, "97": {"bias": -1.3318194224913809, "objective_cosine_similarity": -0.9276785485093939, "is_tight": 1.0, "dual_solution_value": -0.005334646155321746, "scaled_age": 0.0}, "98": {"bias": -0.9036961141150639, "objective_cosine_similarity": -0.851234547167662, "is_tight": 0.0, "dual_solution_value": -0.0, "scaled_age": 0.08571428571428572}, "99": {"bias": -1.1405634378464937, "objective_cosine_similarity": -0.9236070420363985, "is_tight": 0.0, "dual_solution_value": -0.0, "scaled_age": 0.014285714285714285}, "100": {"bias": -1.0441851275732486, "objective_cosine_similarity": -0.8902578213526012, "is_tight": 0.0, "dual_solution_value": -0.0, "scaled_age": 0.1}, "101": {"bias": -1.102491821052753, "objective_cosine_similarity": -0.9266795225004197, "is_tight": 0.0, "dual_solution_value": -0.0, "scaled_age": 0.11428571428571428}, "102": {"bias": -1.007017629956027, "objective_cosine_similarity": -0.8909896318925538, "is_tight": 0.0, "dual_solution_value": -0.0, "scaled_age": 0.1}, "103": {"bias": -1.2285902336679024, "objective_cosine_similarity": -0.9014253043680984, "is_tight": 0.0, "dual_solution_value": -0.0, "scaled_age": 0.1}, "104": {"bias": -1.2638669771671374, "objective_cosine_similarity": -0.9104985705834837, "is_tight": 1.0, "dual_solution_value": -7.346348213922192e-05, "scaled_age": 0.0}, "105": {"bias": -1.1827540335273166, "objective_cosine_similarity": -0.914311116361326, "is_tight": 0.0, "dual_solution_value": -0.0, "scaled_age": 0.04285714285714286}, "106": {"bias": -1.2054640330570088, "objective_cosine_similarity": -0.93532031080932, "is_tight": 0.0, "dual_solution_value": -0.0, "scaled_age": 0.014285714285714285}, "107": {"bias": -0.6030226891555273, "objective_cosine_similarity": -0.6276322487431664, "is_tight": 1.0, "dual_solution_value": -0.001959909201750989, "scaled_age": 0.0}, "108": {"bias": -1.0886621079036347, "objective_cosine_similarity": -0.8078517570861492, "is_tight": 1.0, "dual_solution_value": -8.502778303157679e-05, "scaled_age": 0.0}, "109": {"bias": -1.261056577510926, "objective_cosine_similarity": -0.9290821288260102, "is_tight": 1.0, "dual_solution_value": -0.00015567492646184416, "scaled_age": 0.0}, "110": {"bias": -1.3101821849011144, "objective_cosine_similarity": -0.9374359472652849, "is_tight": 1.0, "dual_solution_value": -0.008788171993876683, "scaled_age": 0.0}, "111": {"bias": -0.6666666666666666, "objective_cosine_similarity": -0.4111843309448084, "is_tight": 1.0, "dual_solution_value": -0.0030800556254676806, "scaled_age": 0.0}, "112": {"bias": -1.2670060179061806, "objective_cosine_similarity": -0.9180014508413938, "is_tight": 1.0, "dual_solution_value": -0.0033308620897182237, "scaled_age": 0.0}}