{"0": {"objective": 0.13604563507705617, "is_type_binary": 1.0, "is_type_integer": 0.0, "is_type_implicit_integer": 0.0, "is_type_continuous": 0.0, "has_lower_bound": 1.0, "has_upper_bound": 1.0, "normed_reduced_cost": 0.0, "solution_value": 0.17029368561382296, "solution_frac": 0.17029368561382296, "is_solution_at_lower_bound": 0.0, "is_solution_at_upper_bound": 0.0, "scaled_age": 0.0, "incumbent_value": 0.0, "average_incumbent_value": 0.960513405491654, "is_basis_lower": 0.0, "is_basis_basic": 1.0, "is_basis_upper": 0.0, "is_basis_zero": 0.0}, "1": {"objective": 0.3498316330552873, "is_type_binary": 1.0, "is_type_integer": 0.0, "is_type_implicit_integer": 0.0, "is_type_continuous": 0.0, "has_lower_bound": 1.0, "has_upper_bound": 1.0, "normed_reduced_cost": 0.0, "solution_value": 0.06377516934051922, "solution_frac": 0.06377516934051922, "is_solution_at_lower_bound": 0.0, "is_solution_at_upper_bound": 0.0, "scaled_age": 0.0, "incumbent_value": 0.0, "average_incumbent_value": 0.07288981442533975, "is_basis_lower": 0.0, "is_basis_basic": 1.0, "is_basis_upper": 0.0, "is_basis_zero": 0.0}, "2": {"objective": 0.2137859979782311, "is_type_binary": 1.0, "is_type_integer": 0.0, "is_type_implicit_integer": 0.0, "is_type_continuous": 0.0, "has_lower_bound": 1.0, "has_upper_bound": 1.0, "normed_reduced_cost": 0.0065867392600227346, "solution_value": 0.0, "solution_frac": 0.0, "is_solution_at_lower_bound": 1.0, "is_solution_at_upper_bound": 0.0, "scaled_age": 0.038834951456310676, "incumbent_value": 0.0, "average_incumbent_value": 0.18808286711975133, "is_basis_lower": 1.0, "is_basis_basic": 0.0, "is_basis_upper": 0.0, "is_basis_zero": 0.0}, "3": {"objective": 0.02591345430039165, "is_type_binary": 1.0, "is_type_integer": 0.0, "is_type_implicit_integer": 0.0, "is_type_continuous": 0.0, "has_lower_bound": 1.0, "has_upper_bound": 1.0, "normed_reduced_cost": 0.0, "solution_value": 0.8473008387438513, "solution_frac": 0.8473008387438513, "is_solution_at_lower_bound": 0.0, "is_solution_at_upper_bound": 0.0, "scaled_age": 0.0, "incumbent_value": 1.0, "average_incumbent_value": 0.9485188355541601, "is_basis_lower": 0.0, "is_basis_basic": 1.0, "is_basis_upper": 0.0, "is_basis_zero": 0.0}, "4": {"objective": 0.06478363575097913, "is_type_binary": 1.0, "is_type_integer": 0.0, "is_type_implicit_integer": 0.0, "is_type_continuous": 0.0, "has_lower_bound": 1.0, "has_upper_bound": 1.0, "normed_reduced_cost": 0.0, "solution_value": 0.6691747356408213, "solution_frac": 0.6691747356408213, "is_solution_at_lower_bound": 0.0, "is_solution_at_upper_bound": 0.0, "scaled_age": 0.0, "incumbent_value": 0.0, "average_incumbent_value": 0.8982802359908236, "is_basis_lower": 0.0, "is_basis_basic": 1.0, "is_basis_upper": 0.0, "is_basis_zero": 0.0}, "5": {"objective": 0.019435090725293737, "is_type_binary": 1.0, "is_type_integer": 0.0, "is_type_implicit_integer": 0.0, "is_type_continuous": 0.0, "has_lower_bound": 1.0, "has_upper_bound": 1.0, "normed_reduced_cost": 0.0, "solution_value": 0.3786806584697879, "solution_frac": 0.3786806584697879, "is_solution_at_lower_bound": 0.0, "is_solution_at_upper_bound": 0.0, "scaled_age": 0.0, "incumbent_value": 0.0, "average_incumbent_value": 0.9962546554830505, "is_basis_lower": 0.0, "is_basis_basic": 1.0, "is_basis_upper": 0.0, "is_basis_zero": 0.0}, "6": {"objective": 0.13604563507705617, "is_type_binary": 1.0, "is_type_integer": 0.0, "is_type_implicit_integer": 0.0, "is_type_continuous": 0.0, "has_lower_bound": 1.0, "has_upper_bound": 1.0, "normed_reduced_cost": 0.0, "solution_value": 0.07809805841192977, "solution_frac": 0.07809805841192977, "is_solution_at_lower_bound": 0.0, "is_solution_at_upper_bound": 0.0, "scaled_age": 0.0, "incumbent_value": 0.0, "average_incumbent_value": 0.895048585262909, "is_basis_lower": 0.0, "is_basis_basic": 1.0, "is_basis_upper": 0.0, "is_basis_zero": 0.0}, "7": {"objective": 0.012956727150195826, "is_type_binary": 1.0, "is_type_integer": 0.0, "is_type_implicit_integer": 0.0, "is_type_continuous": 0.0, "has_lower_bound": 1.0, "has_upper_bound": 1.0, "normed_reduced_cost": 0.0, "solution_value": 0.3279445174284361, "solution_frac": 0.3279445174284361, "is_solution_at_lower_bound": 0.0, "is_solution_at_upper_bound": 0.0, "scaled_age": 0.0, "incumbent_value": 0.0, "average_incumbent_value": 0.6974362080095509, "is_basis_lower": 0.0, "is_basis_basic": 1.0, "is_basis_upper": 0.0, "is_basis_zero": 0.0}, "8": {"objective": 0.2915263608794061, "is_type_binary": 1.0, "is_type_integer": 0.0, "is_type_implicit_integer": 0.0, "is_type_continuous": 0.0, "has_lower_bound": 1.0, "has_upper_bound": 1.0, "normed_reduced_cost": 0.0, "solution_value": 0.0625690319878191, "solution_frac": 0.0625690319878191, "is_solution_at_lower_bound": 0.0, "is_solution_at_upper_bound": 0.0, "scaled_age": 0.0, "incumbent_value": 0.0, "average_incumbent_value": 0.17158091643747056, "is_basis_lower": 0.0, "is_basis_basic": 1.0, "is_basis_upper": 0.0, "is_basis_zero": 0.0}, "9": {"objective": 0.23969945227862277, "is_type_binary": 1.0, "is_type_integer": 0.0, "is_type_implicit_integer": 0.0, "is_type_continuous": 0.0, "has_lower_bound": 1.0, "has_upper_bound": 1.0, "normed_reduced_cost": 0.0, "solution_value": 0.09329725452482374, "solution_frac": 0.09329725452482374, "is_solution_at_lower_bound": 0.0, "is_solution_at_upper_bound": 0.0, "scaled_age": 0.0, "incumbent_value": 0.0, "average_incumbent_value": 0.08344499222628077, "is_basis_lower": 0.0, "is_basis_basic": 1.0, "is_basis_upper": 0.0, "is_basis_zero": 0.0}, "10": {"objective": 0.08421872647627286, "is_type_binary": 1.0, "is_type_integer": 0.0, "is_type_implicit_integer": 0.0, "is_type_continuous": 0.0, "has_lower_bound": 1.0, "has_upper_bound": 1.0, "normed_reduced_cost": 0.033870429435365716, "solution_value": 0.0, "solution_frac": 0.0, "is_solution_at_lower_bound": 1.0, "is_solution_at_upper_bound": 1.0, "scaled_age": 0.21359223300970873, "incumbent_value": 0.0, "average_incumbent_value": 0.0, "is_basis_lower": 1.0, "is_basis_basic": 0.0, "is_basis_upper": 0.0, "is_basis_zero": 0.0}, "11": {"objective": 0.12308890792686035, "is_type_binary": 1.0, "is_type_integer": 0.0, "is_type_implicit_integer": 0.0, "is_type_continuous": 0.0, "has_lower_bound": 1.0, "has_upper_bound": 1.0, "normed_reduced_cost": 0.0, "solution_value": 0.5272738965504893, "solution_frac": 0.5272738965504893, "is_solution_at_lower_bound": 0.0, "is_solution_at_upper_bound": 0.0, "scaled_age": 0.0, "incumbent_value": 1.0, "average_incumbent_value": 0.9994333267602112, "is_basis_lower": 0.0, "is_basis_basic": 1.0, "is_basis_upper": 0.0, "is_basis_zero": 0.0}, "12": {"objective": 0.12308890792686035, "is_type_binary": 1.0, "is_type_integer": 0.0, "is_type_implicit_integer": 0.0, "is_type_continuous": 0.0, "has_lower_bound": 1.0, "has_upper_bound": 1.0, "normed_reduced_cost": 0.0, "solution_value": 0.4202598872021718, "solution_frac": 0.4202598872021718, "is_solution_at_lower_bound": 0.0, "is_solution_at_upper_bound": 0.0, "scaled_age": 0.0, "incumbent_value": 1.0, "average_incumbent_value": 0.9025665906838973, "is_basis_lower": 0.0, "is_basis_basic": 1.0, "is_basis_upper": 0.0, "is_basis_zero": 0.0}, "13": {"objective": 0.2850479973043082, "is_type_binary": 1.0, "is_type_integer": 0.0, "is_type_implicit_integer": 0.0, "is_type_continuous": 0.0, "has_lower_bound": 1.0, "has_upper_bound": 1.0, "normed_reduced_cost": 0.0, "solution_value": 0.40441646144004534, "solution_frac": 0.40441646144004534, "is_solution_at_lower_bound": 0.0, "is_solution_at_upper_bound": 0.0, "scaled_age": 0.0, "incumbent_value": 0.0, "average_incumbent_value": 0.12185861693184635, "is_basis_lower": 0.0, "is_basis_basic": 1.0, "is_basis_upper": 0.0, "is_basis_zero": 0.0}, "14": {"objective": 0.12308890792686035, "is_type_binary": 1.0, "is_type_integer": 0.0, "is_type_implicit_integer": 0.0, "is_type_continuous": 0.0, "has_lower_bound": 1.0, "has_upper_bound": 1.0, "normed_reduced_cost": 0.0, "solution_value": 0.1561041005506636, "solution_frac": 0.1561041005506636, "is_solution_at_lower_bound": 0.0, "is_solution_at_upper_bound": 0.0, "scaled_age": 0.0, "incumbent_value": 1.0, "average_incumbent_value": 0.9294559495804686, "is_basis_lower": 0.0, "is_basis_basic": 1.0, "is_basis_upper": 0.0, "is_basis_zero": 0.0}, "15": {"objective": 0.20082927082803528, "is_type_binary": 1.0, "is_type_integer": 0.0, "is_type_implicit_integer": 0.0, "is_type_continuous": 0.0, "has_lower_bound": 1.0, "has_upper_bound": 1.0, "normed_reduced_cost": 0.0, "solution_value": 0.12105986709883534, "solution_frac": 0.12105986709883534, "is_solution_at_lower_bound": 0.0, "is_solution_at_upper_bound": 0.0, "scaled_age": 0.0, "incumbent_value": 0.0, "average_incumbent_value": 0.9120714386136717, "is_basis_lower": 0.0, "is_basis_basic": 1.0, "is_basis_upper": 0.0, "is_basis_zero": 0.0}, "16": {"objective": 0.11013218077666452, "is_type_binary": 1.0, "is_type_integer": 0.0, "is_type_implicit_integer": 0.0, "is_type_continuous": 0.0, "has_lower_bound": 1.0, "has_upper_bound": 1.0, "normed_reduced_cost": 0.0, "solution_value": 0.31587214133828895, "solution_frac": 0.31587214133828895, "is_solution_at_lower_bound": 0.0, "is_solution_at_upper_bound": 0.0, "scaled_age": 0.0, "incumbent_value": 1.0, "average_incumbent_value": 0.9680447218862844, "is_basis_lower": 0.0, "is_basis_basic": 1.0, "is_basis_upper": 0.0, "is_basis_zero": 0.0}, "17": {"objective": 0.16195908937744782, "is_type_binary": 1.0, "is_type_integer": 0.0, "is_type_implicit_integer": 0.0, "is_type_continuous": 0.0, "has_lower_bound": 1.0, "has_upper_bound": 1.0, "normed_reduced_cost": 0.0, "solution_value": 0.19057564646100095, "solution_frac": 0.19057564646100095, "is_solution_at_lower_bound": 0.0, "is_solution_at_upper_bound": 0.0, "scaled_age": 0.0, "incumbent_value": 1.0, "average_incumbent_value": 0.8979114112400225, "is_basis_lower": 0.0, "is_basis_basic": 1.0, "is_basis_upper": 0.0, "is_basis_zero": 0.0}, "18": {"objective": 0.3563099966303852, "is_type_binary": 1.0, "is_type_integer": 0.0, "is_type_implicit_integer": 0.0, "is_type_continuous": 0.0, "has_lower_bound": 1.0, "has_upper_bound": 1.0, "normed_reduced_cost": 0.0, "solution_value": 0.07733436080290892, "solution_frac": 0.07733436080290892, "is_solution_at_lower_bound": 0.0, "is_solution_at_upper_bound": 0.0, "scaled_age": 0.0, "incumbent_value": 0.0, "average_incumbent_value": 0.009570319920364122, "is_basis_lower": 0.0, "is_basis_basic": 1.0, "is_basis_upper": 0.0, "is_basis_zero": 0.0}, "19": {"objective": 0.1036538172015666, "is_type_binary": 1.0, "is_type_integer": 0.0, "is_type_implicit_integer": 0.0, "is_type_continuous": 0.0, "has_lower_bound": 1.0, "has_upper_bound": 1.0, "normed_reduced_cost": 0.0, "solution_value": 0.3166220028988471, "solution_frac": 0.3166220028988471, "is_solution_at_lower_bound": 0.0, "is_solution_at_upper_bound": 0.0, "scaled_age": 0.0, "incumbent_value": 1.0, "average_incumbent_value": 0.9982338107729537, "is_basis_lower": 0.0, "is_basis_basic": 1.0, "is_basis_upper": 0.0, "is_basis_zero": 0.0}, "20": {"objective": 0.006478363575097913, "is_type_binary": 1.0, "is_type_integer": 0.0, "is_type_implicit_integer": 0.0, "is_type_continuous": 0.0, "has_lower_bound": 1.0, "has_upper_bound": 1.0, "normed_reduced_cost": 0.0, "solution_value": 0.6575611398888654, "solution_frac": 0.6575611398888654, "is_solution_at_lower_bound": 0.0, "is_solution_at_upper_bound": 0.0, "scaled_age": 0.0, "incumbent_value": 1.0, "average_incumbent_value": 0.9977927672884087, "is_basis_lower": 0.0, "is_basis_basic": 1.0, "is_basis_upper": 0.0, "is_basis_zero": 0.0}, "21": {"objective": 0.012956727150195826, "is_type_binary": 1.0, "is_type_integer": 0.0, "is_type_implicit_integer": 0.0, "is_type_continuous": 0.0, "has_lower_bound": 1.0, "has_upper_bound": 1.0, "normed_reduced_cost": 0.0, "solution_value": 0.829706314386177, "solution_frac": 0.829706314386177, "is_solution_at_lower_bound": 0.0, "is_solution_at_upper_bound": 0.0, "scaled_age": 0.0, "incumbent_value": 1.0, "average_incumbent_value": 0.9999894769263445, "is_basis_lower": 0.0, "is_basis_basic": 1.0, "is_basis_upper": 0.0, "is_basis_zero": 0.0}, "22": {"objective": 0.26561290657901443, "is_type_binary": 1.0, "is_type_integer": 0.0, "is_type_implicit_integer": 0.0, "is_type_continuous": 0.0, "has_lower_bound": 1.0, "has_upper_bound": 1.0, "normed_reduced_cost": 0.0, "solution_value": 0.04447536785648448, "solution_frac": 0.04447536785648448, "is_solution_at_lower_bound": 0.0, "is_solution_at_upper_bound": 0.0, "scaled_age": 0.0, "incumbent_value": 0.0, "average_incumbent_value": 0.10967937079677711, "is_basis_lower": 0.0, "is_basis_basic": 1.0, "is_basis_upper": 0.0, "is_basis_zero": 0.0}, "23": {"objective": 0.20082927082803528, "is_type_binary": 1.0, "is_type_integer": 0.0, "is_type_implicit_integer": 0.0, "is_type_continuous": 0.0, "has_lower_bound": 1.0, "has_upper_bound": 1.0, "normed_reduced_cost": 0.006650289515565806, "solution_value": 0.0, "solution_frac": 0.0, "is_solution_at_lower_bound": 1.0, "is_solution_at_upper_bound": 0.0, "scaled_age": 0.21359223300970873, "incumbent_value": 0.0, "average_incumbent_value": 1.5373323844373174e-17, "is_basis_lower": 1.0, "is_basis_basic": 0.0, "is_basis_upper": 0.0, "is_basis_zero": 0.0}, "24": {"objective": 0.04534854502568539, "is_type_binary": 1.0, "is_type_integer": 0.0, "is_type_implicit_integer": 0.0, "is_type_continuous": 0.0, "has_lower_bound": 1.0, "has_upper_bound": 1.0, "normed_reduced_cost": 0.0, "solution_value": 0.6738400278735341, "solution_frac": 0.6738400278735341, "is_solution_at_lower_bound": 0.0, "is_solution_at_upper_bound": 0.0, "scaled_age": 0.0, "incumbent_value": 1.0, "average_incumbent_value": 1.0, "is_basis_lower": 0.0, "is_basis_basic": 1.0, "is_basis_upper": 0.0, "is_basis_zero": 0.0}, "25": {"objective": 0.02591345430039165, "is_type_binary": 1.0, "is_type_integer": 0.0, "is_type_implicit_integer": 0.0, "is_type_continuous": 0.0, "has_lower_bound": 1.0, "has_upper_bound": 1.0, "normed_reduced_cost": 0.0, "solution_value": 0.13505134961256438, "solution_frac": 0.13505134961256438, "is_solution_at_lower_bound": 0.0, "is_solution_at_upper_bound": 0.0, "scaled_age": 0.0, "incumbent_value": 0.0, "average_incumbent_value": 0.8923560157343756, "is_basis_lower": 0.0, "is_basis_basic": 1.0, "is_basis_upper": 0.0, "is_basis_zero": 0.0}, "26": {"objective": 0.12956727150195826, "is_type_binary": 1.0, "is_type_integer": 0.0, "is_type_implicit_integer": 0.0, "is_type_continuous": 0.0, "has_lower_bound": 1.0, "has_upper_bound": 1.0, "normed_reduced_cost": 0.0, "solution_value": 0.23418832291413083, "solution_frac": 0.23418832291413083, "is_solution_at_lower_bound": 0.0, "is_solution_at_upper_bound": 0.0, "scaled_age": 0.0, "incumbent_value": 0.0, "average_incumbent_value": 0.1214581446632114, "is_basis_lower": 0.0, "is_basis_basic": 1.0, "is_basis_upper": 0.0, "is_basis_zero": 0.0}, "27": {"objective": 0.04534854502568539, "is_type_binary": 1.0, "is_type_integer": 0.0, "is_type_implicit_integer": 0.0, "is_type_continuous": 0.0, "has_lower_bound": 1.0, "has_upper_bound": 1.0, "normed_reduced_cost": 0.0, "solution_value": 0.2960315729413918, "solution_frac": 0.2960315729413918, "is_solution_at_lower_bound": 0.0, "is_solution_at_upper_bound": 0.0, "scaled_age": 0.0, "incumbent_value": 0.0, "average_incumbent_value": 0.9814822857387436, "is_basis_lower": 0.0, "is_basis_basic": 1.0, "is_basis_upper": 0.0, "is_basis_zero": 0.0}, "28": {"objective": 0.20082927082803528, "is_type_binary": 1.0, "is_type_integer": 0.0, "is_type_implicit_integer": 0.0, "is_type_continuous": 0.0, "has_lower_bound": 1.0, "has_upper_bound": 1.0, "normed_reduced_cost": 0.0, "solution_value": 0.23947265714363505, "solution_frac": 0.23947265714363505, "is_solution_at_lower_bound": 0.0, "is_solution_at_upper_bound": 0.0, "scaled_age": 0.0, "incumbent_value": 0.0, "average_incumbent_value": 0.5710571525529065, "is_basis_lower": 0.0, "is_basis_basic": 1.0, "is_basis_upper": 0.0, "is_basis_zero": 0.0}, "29": {"objective": 0.1036538172015666, "is_type_binary": 1.0, "is_type_integer": 0.0, "is_type_implicit_integer": 0.0, "is_type_continuous": 0.0, "has_lower_bound": 1.0, "has_upper_bound": 1.0, "normed_reduced_cost": 0.0, "solution_value": 0.05940190673132492, "solution_frac": 0.05940190673132492, "is_solution_at_lower_bound": 0.0, "is_solution_at_upper_bound": 0.0, "scaled_age": 0.0, "incumbent_value": 0.0, "average_incumbent_value": 0.9481986145663872, "is_basis_lower": 0.0, "is_basis_basic": 1.0, "is_basis_upper": 0.0, "is_basis_zero": 0.0}, "30": {"objective": 0.05830527217588122, "is_type_binary": 1.0, "is_type_integer": 0.0, "is_type_implicit_integer": 0.0, "is_type_continuous": 0.0, "has_lower_bound": 1.0, "has_upper_bound": 1.0, "normed_reduced_cost": 0.0, "solution_value": 0.7614926099606061, "solution_frac": 0.7614926099606061, "is_solution_at_lower_bound": 0.0, "is_solution_at_upper_bound": 0.0, "scaled_age": 0.0, "incumbent_value": 0.0, "average_incumbent_value": 0.9955046056806054, "is_basis_lower": 0.0, "is_basis_basic": 1.0, "is_basis_upper": 0.0, "is_basis_zero": 0.0}, "31": {"objective": 0.11013218077666452, "is_type_binary": 1.0, "is_type_integer": 0.0, "is_type_implicit_integer": 0.0, "is_type_continuous": 0.0, "has_lower_bound": 1.0, "has_upper_bound": 1.0, "normed_reduced_cost": 0.0, "solution_value": 0.35340933426630233, "solution_frac": 0.35340933426630233, "is_solution_at_lower_bound": 0.0, "is_solution_at_upper_bound": 0.0, "scaled_age": 0.0, "incumbent_value": 0.0, "average_incumbent_value": 0.1704248386369972, "is_basis_lower": 0.0, "is_basis_basic": 1.0, "is_basis_upper": 0.0, "is_basis_zero": 0.0}, "32": {"objective": 0.1036538172015666, "is_type_binary": 1.0, "is_type_integer": 0.0, "is_type_implicit_integer": 0.0, "is_type_continuous": 0.0, "has_lower_bound": 1.0, "has_upper_bound": 1.0, "normed_reduced_cost": 0.0, "solution_value": 0.1747322206988747, "solution_frac": 0.1747322206988747, "is_solution_at_lower_bound": 0.0, "is_solution_at_upper_bound": 0.0, "scaled_age": 0.0, "incumbent_value": 1.0, "average_incumbent_value": 0.9548083280058423, "is_basis_lower": 0.0, "is_basis_basic": 1.0, "is_basis_upper": 0.0, "is_basis_zero": 0.0}, "33": {"objective": 0.1554807258023499, "is_type_binary": 1.0, "is_type_integer": 0.0, "is_type_implicit_integer": 0.0, "is_type_continuous": 0.0, "has_lower_bound": 1.0, "has_upper_bound": 1.0, "normed_reduced_cost": 0.0, "solution_value": 0.2590703035181633, "solution_frac": 0.2590703035181633, "is_solution_at_lower_bound": 0.0, "is_solution_at_upper_bound": 0.0, "scaled_age": 0.0, "incumbent_value": 0.0, "average_incumbent_value": 0.9474188436489539, "is_basis_lower": 0.0, "is_basis_basic": 1.0, "is_basis_upper": 0.0, "is_basis_zero": 0.0}, "34": {"objective": 0.149002362227252, "is_type_binary": 1.0, "is_type_integer": 0.0, "is_type_implicit_integer": 0.0, "is_type_continuous": 0.0, "has_lower_bound": 1.0, "has_upper_bound": 1.0, "normed_reduced_cost": 0.0, "solution_value": 0.06830964200946538, "solution_frac": 0.06830964200946538, "is_solution_at_lower_bound": 0.0, "is_solution_at_upper_bound": 0.0, "scaled_age": 0.0, "incumbent_value": 0.0, "average_incumbent_value": 0.9781843000962865, "is_basis_lower": 0.0, "is_basis_basic": 1.0, "is_basis_upper": 0.0, "is_basis_zero": 0.0}, "35": {"objective": 0.0518269086007833, "is_type_binary": 1.0, "is_type_integer": 0.0, "is_type_implicit_integer": 0.0, "is_type_continuous": 0.0, "has_lower_bound": 1.0, "has_upper_bound": 1.0, "normed_reduced_cost": 0.0, "solution_value": 0.42418822562320124, "solution_frac": 0.42418822562320124, "is_solution_at_lower_bound": 0.0, "is_solution_at_upper_bound": 0.0, "scaled_age": 0.0, "incumbent_value": 1.0, "average_incumbent_value": 0.9681429618690207, "is_basis_lower": 0.0, "is_basis_basic": 1.0, "is_basis_upper": 0.0, "is_basis_zero": 0.0}, "36": {"objective": 0.19435090725293738, "is_type_binary": 1.0, "is_type_integer": 0.0, "is_type_implicit_integer": 0.0, "is_type_continuous": 0.0, "has_lower_bound": 1.0, "has_upper_bound": 1.0, "normed_reduced_cost": 0.0, "solution_value": 0.26510449930822566, "solution_frac": 0.26510449930822566, "is_solution_at_lower_bound": 0.0, "is_solution_at_upper_bound": 0.0, "scaled_age": 0.0, "incumbent_value": 0.0, "average_incumbent_value": 0.9504280403680315, "is_basis_lower": 0.0, "is_basis_basic": 1.0, "is_basis_upper": 0.0, "is_basis_zero": 0.0}}