{"0": {"bias": -0.7184212081070996, "objective_cosine_similarity": -0.8442599414907672, "is_tight": 1.0, "dual_solution_value": -4.762681367933309e-05, "scaled_age": 0.0}, "1": {"bias": -0.7738232325341369, "objective_cosine_similarity": -0.9497515187782343, "is_tight": 0.0, "dual_solution_value": -0.0, "scaled_age": 0.05}, "2": {"bias": -0.6030226891555273, "objective_cosine_similarity": -0.6880290391916939, "is_tight": 1.0, "dual_solution_value": -0.0011948176355235087, "scaled_age": 0.0}, "3": {"bias": -0.6882472016116852, "objective_cosine_similarity": -0.7002174105635197, "is_tight": 0.0, "dual_solution_value": -0.0, "scaled_age": 0.12}, "4": {"bias": -0.7947194142390263, "objective_cosine_similarity": -0.930585409029689, "is_tight": 1.0, "dual_solution_value": -0.00039012156271762537, "scaled_age": 0.0}, "5": {"bias": -0.6030226891555273, "objective_cosine_similarity": -0.6294271967368809, "is_tight": 0.0, "dual_solution_value": -0.0, "scaled_age": 0.01}, "6": {"bias": -0.7745966692414834, "objective_cosine_similarity": -0.8401109672429761, "is_tight": 0.0, "dual_solution_value": -0.0, "scaled_age": 0.12}, "7": {"bias": -0.8293962196513645, "objective_cosine_similarity": -0.9668786143218596, "is_tight": 0.0, "dual_solution_value": -0.0, "scaled_age": 0.06}, "8": {"bias": -0.8418004787988155, "objective_cosine_similarity": -0.9771940150739513, "is_tight": 0.0, "dual_solution_value": 0.0, "scaled_age": 0.07}, "9": {"bias": -0.8283841914310524, "objective_cosine_similarity": -0.9732775006015474, "is_tight": 0.0, "dual_solution_value": 0.0, "scaled_age": 0.04}, "10": {"bias": -0.8393691259501005, "objective_cosine_similarity": -0.9780544716675934, "is_tight": 0.0, "dual_solution_value": 0.0, "scaled_age": 0.02}, "11": {"bias": -0.8441669618235711, "objective_cosine_similarity": -0.9112572736900427, "is_tight": 0.0, "dual_solution_value": 0.0, "scaled_age": 0.02}, "12": {"bias": -0.2773500981126146, "objective_cosine_similarity": -0.5470446003294024, "is_tight": 0.0, "dual_solution_value": 0.0, "scaled_age": 0.26}, "13": {"bias": -0.35355339059327373, "objective_cosine_similarity": -0.2774120702696036, "is_tight": 0.0, "dual_solution_value": 0.0, "scaled_age": 0.26}, "14": {"bias": -0.5, "objective_cosine_similarity": -0.28074268942219427, "is_tight": 0.0, "dual_solution_value": 0.0, "scaled_age": 0.26}, "15": {"bias": -0.3779644730092272, "objective_cosine_similarity": -0.32377386554819704, "is_tight": 0.0, "dual_solution_value": 0.0, "scaled_age": 0.26}, "16": {"bias": -0.2773500981126146, "objective_cosine_similarity": -0.6049434813861639, "is_tight": 0.0, "dual_solution_value": 0.0, "scaled_age": 0.01}, "17": {"bias": -0.4472135954999579, "objective_cosine_similarity": -0.5826898078455328, "is_tight": 1.0, "dual_solution_value": -0.01133372690260372, "scaled_age": 0.0}, "18": {"bias": -0.4472135954999579, "objective_cosine_similarity": -0.33158591275187776, "is_tight": 0.0, "dual_solution_value": 0.0, "scaled_age": 0.26}, "19": {"bias": -0.3333333333333333, "objective_cosine_similarity": -0.3047377910822109, "is_tight": 0.0, "dual_solution_value": 0.0, "scaled_age": 0.26}, "20": {"bias": -0.35355339059327373, "objective_cosine_similarity": -0.40721037837739976, "is_tight": 0.0, "dual_solution_value": 0.0, "scaled_age": 0.26}, "21": {"bias": -0.3779644730092272, "objective_cosine_similarity": -0.2231046804617828, "is_tight": 0.0, "dual_solution_value": 0.0, "scaled_age": 0.26}, "22": {"bias": -0.35355339059327373, "objective_cosine_similarity": -0.40721037837739976, "is_tight": 0.0, "dual_solution_value": 0.0, "scaled_age": 0.03}, "23": {"bias": -0.35355339059327373, "objective_cosine_similarity": -0.5191932324311846, "is_tight": 0.0, "dual_solution_value": 0.0, "scaled_age": 0.02}, "24": {"bias": -0.35355339059327373, "objective_cosine_similarity": -0.34867388648564857, "is_tight": 0.0, "dual_solution_value": 0.0, "scaled_age": 0.26}, "25": {"bias": -0.4082482904638631, "objective_cosine_similarity": -0.3320830179718641, "is_tight": 0.0, "dual_solution_value": 0.0, "scaled_age": 0.26}, "26": {"bias": -0.35355339059327373, "objective_cosine_similarity": -0.2952275243236148, "is_tight": 0.0, "dual_solution_value": 0.0, "scaled_age": 0.26}, "27": {"bias": -0.4082482904638631, "objective_cosine_similarity": -0.3350218057415266, "is_tight": 0.0, "dual_solution_value": 0.0, "scaled_age": 0.26}, "28": {"bias": -0.30151134457776363, "objective_cosine_similarity": -0.3190544755873155, "is_tight": 0.0, "dual_solution_value": 0.0, "scaled_age": 0.26}, "29": {"bias": -0.5773502691896258, "objective_cosine_similarity": -0.2493644112475744, "is_tight": 1.0, "dual_solution_value": -0.0002699681215366511, "scaled_age": 0.0}, "30": {"bias": -0.4082482904638631, "objective_cosine_similarity": -0.2733072625786138, "is_tight": 0.0, "dual_solution_value": 0.0, "scaled_age": 0.2}, "31": {"bias": -0.4472135954999579, "objective_cosine_similarity": -0.2543231757999839, "is_tight": 0.0, "dual_solution_value": 0.0, "scaled_age": 0.01}, "32": {"bias": -0.3779644730092272, "objective_cosine_similarity": -0.3945143739872989, "is_tight": 0.0, "dual_solution_value": 0.0, "scaled_age": 0.15}, "33": {"bias": -0.35355339059327373, "objective_cosine_similarity": -0.3868498594585298, "is_tight": 0.0, "dual_solution_value": 0.0, "scaled_age": 0.26}, "34": {"bias": -0.31622776601683794, "objective_cosine_similarity": -0.29365240312047663, "is_tight": 0.0, "dual_solution_value": 0.0, "scaled_age": 0.26}, "35": {"bias": -0.4082482904638631, "objective_cosine_similarity": -0.3585321078988267, "is_tight": 0.0, "dual_solution_value": 0.0, "scaled_age": 0.26}, "36": {"bias": -0.3779644730092272, "objective_cosine_similarity": -0.48974198150147447, "is_tight": 0.0, "dual_solution_value": 0.0, "scaled_age": 0.26}, "37": {"bias": -0.3779644730092272, "objective_cosine_similarity": -0.5251122357210254, "is_tight": 0.0, "dual_solution_value": 0.0, "scaled_age": 0.04}, "38": {"bias": -0.35355339059327373, "objective_cosine_similarity": -0.3817597297288123, "is_tight": 0.0, "dual_solution_value": 0.0, "scaled_age": 0.26}, "39": {"bias": -0.3779644730092272, "objective_cosine_similarity": -0.5251122357210254, "is_tight": 0.0, "dual_solution_value": 0.0, "scaled_age": 0.26}, "40": {"bias": -0.3333333333333333, "objective_cosine_similarity": -0.3623260350662507, "is_tight": 0.0, "dual_solution_value": 0.0, "scaled_age": 0.26}, "41": {"bias": -0.35355339059327373, "objective_cosine_similarity": -0.4937425837825972, "is_tight": 0.0, "dual_solution_value": 0.0, "scaled_age": 0.23}, "42": {"bias": -0.31622776601683794, "objective_cosine_similarity": -0.3482854083521932, "is_tight": 0.0, "dual_solution_value": 0.0, "scaled_age": 0.26}, "43": {"bias": -0.3779644730092272, "objective_cosine_similarity": -0.3346570206926742, "is_tight": 0.0, "dual_solution_value": 0.0, "scaled_age": 0.26}, "44": {"bias": -0.4082482904638631, "objective_cosine_similarity": -0.26155211149996377, "is_tight": 0.0, "dual_solution_value": 0.0, "scaled_age": 0.17}, "45": {"bias": -0.4472135954999579, "objective_cosine_similarity": -0.41206793041010054, "is_tight": 0.0, "dual_solution_value": 0.0, "scaled_age": 0.23}, "46": {"bias": -0.35355339059327373, "objective_cosine_similarity": -0.34358375675593106, "is_tight": 0.0, "dual_solution_value": 0.0, "scaled_age": 0.26}, "47": {"bias": -0.31622776601683794, "objective_cosine_similarity": -0.393812912711957, "is_tight": 0.0, "dual_solution_value": 0.0, "scaled_age": 0.26}, "48": {"bias": -0.4082482904638631, "objective_cosine_similarity": -0.46432846760667723, "is_tight": 1.0, "dual_solution_value": -0.0004079955562000274, "scaled_age": 0.0}, "49": {"bias": -0.4082482904638631, "objective_cosine_similarity": -0.5613084640055402, "is_tight": 0.0, "dual_solution_value": 0.0, "scaled_age": 0.2}, "50": {"bias": -0.5, "objective_cosine_similarity": -0.3023382809162092, "is_tight": 0.0, "dual_solution_value": 0.0, "scaled_age": 0.26}, "51": {"bias": -0.35355339059327373, "objective_cosine_similarity": -0.36648934053965976, "is_tight": 0.0, "dual_solution_value": 0.0, "scaled_age": 0.26}, "52": {"bias": -0.31622776601683794, "objective_cosine_similarity": -0.46210416925160275, "is_tight": 0.0, "dual_solution_value": 0.0, "scaled_age": 0.26}, "53": {"bias": -0.3779644730092272, "objective_cosine_similarity": -0.2095007365311863, "is_tight": 0.0, "dual_solution_value": 0.0, "scaled_age": 0.26}, "54": {"bias": -0.3779644730092272, "objective_cosine_similarity": -0.3917935852011796, "is_tight": 0.0, "dual_solution_value": 0.0, "scaled_age": 0.26}, "55": {"bias": -0.3333333333333333, "objective_cosine_similarity": -0.4679044823703238, "is_tight": 0.0, "dual_solution_value": 0.0, "scaled_age": 0.26}, "56": {"bias": -0.3779644730092272, "objective_cosine_similarity": -0.27479966739804956, "is_tight": 0.0, "dual_solution_value": 0.0, "scaled_age": 0.01}, "57": {"bias": -0.35355339059327373, "objective_cosine_similarity": -0.5293734918906197, "is_tight": 0.0, "dual_solution_value": 0.0, "scaled_age": 0.17}, "58": {"bias": -0.4082482904638631, "objective_cosine_similarity": -0.3791036222864643, "is_tight": 0.0, "dual_solution_value": 0.0, "scaled_age": 0.26}, "59": {"bias": -0.31622776601683794, "objective_cosine_similarity": -0.43251129141775624, "is_tight": 0.0, "dual_solution_value": 0.0, "scaled_age": 0.26}, "60": {"bias": -0.31622776601683794, "objective_cosine_similarity": -0.26861227572260654, "is_tight": 0.0, "dual_solution_value": 0.0, "scaled_age": 0.26}, "61": {"bias": -0.4472135954999579, "objective_cosine_similarity": -0.431383614648074, "is_tight": 0.0, "dual_solution_value": 0.0, "scaled_age": 0.07}, "62": {"bias": -0.3779644730092272, "objective_cosine_similarity": -0.33737780947879353, "is_tight": 0.0, "dual_solution_value": 0.0, "scaled_age": 0.26}, "63": {"bias": -0.4082482904638631, "objective_cosine_similarity": -0.3996751366741019, "is_tight": 1.0, "dual_solution_value": -0.00011339690420302369, "scaled_age": 0.0}, "64": {"bias": -0.35355339059327373, "objective_cosine_similarity": -0.33340349729649604, "is_tight": 0.0, "dual_solution_value": 0.0, "scaled_age": 0.26}, "65": {"bias": -0.4082482904638631, "objective_cosine_similarity": -0.5877575539325028, "is_tight": 1.0, "dual_solution_value": -0.0001282294433132076, "scaled_age": 0.0}, "66": {"bias": -0.4082482904638631, "objective_cosine_similarity": -0.411430287752752, "is_tight": 0.0, "dual_solution_value": 0.0, "scaled_age": 0.19}, "67": {"bias": -0.35355339059327373, "objective_cosine_similarity": -0.5446438810797721, "is_tight": 1.0, "dual_solution_value": -0.0010838181958681763, "scaled_age": 0.0}, "68": {"bias": -0.35355339059327373, "objective_cosine_similarity": -0.36394427567480103, "is_tight": 0.0, "dual_solution_value": 0.0, "scaled_age": 0.26}, "69": {"bias": -0.2773500981126146, "objective_cosine_similarity": -0.569006244868174, "is_tight": 0.0, "dual_solution_value": 0.0, "scaled_age": 0.26}, "70": {"bias": -0.3333333333333333, "objective_cosine_similarity": -0.46550497220432213, "is_tight": 0.0, "dual_solution_value": 0.0, "scaled_age": 0.05}, "71": {"bias": -0.35355339059327373, "objective_cosine_similarity": -0.4402962216205635, "is_tight": 0.0, "dual_solution_value": 0.0, "scaled_age": 0.11}, "72": {"bias": -0.35355339059327373, "objective_cosine_similarity": -0.6439014108092633, "is_tight": 0.0, "dual_solution_value": 0.0, "scaled_age": 0.06}, "73": {"bias": -0.4472135954999579, "objective_cosine_similarity": -0.3476823162835223, "is_tight": 1.0, "dual_solution_value": -0.0002651193790330427, "scaled_age": 0.0}, "74": {"bias": -0.3333333333333333, "objective_cosine_similarity": -0.367125055398254, "is_tight": 0.0, "dual_solution_value": 0.0, "scaled_age": 0.26}, "75": {"bias": -0.2672612419124244, "objective_cosine_similarity": -0.5079064850220963, "is_tight": 0.0, "dual_solution_value": 0.0, "scaled_age": 0.26}, "76": {"bias": -0.4082482904638631, "objective_cosine_similarity": -0.28506241365726387, "is_tight": 0.0, "dual_solution_value": 0.0, "scaled_age": 0.22}, "77": {"bias": -0.35355339059327373, "objective_cosine_similarity": -0.29777258918847355, "is_tight": 0.0, "dual_solution_value": 0.0, "scaled_age": 0.26}, "78": {"bias": -0.3333333333333333, "objective_cosine_similarity": -0.41991427905029055, "is_tight": 0.0, "dual_solution_value": 0.0, "scaled_age": 0.2}, "79": {"bias": -0.4082482904638631, "objective_cosine_similarity": -0.4702060431460023, "is_tight": 0.0, "dual_solution_value": 0.0, "scaled_age": 0.09}, "80": {"bias": -0.4082482904638631, "objective_cosine_similarity": -0.2968175647359139, "is_tight": 0.0, "dual_solution_value": 0.0, "scaled_age": 0.26}, "81": {"bias": -0.3779644730092272, "objective_cosine_similarity": -0.27479966739804956, "is_tight": 0.0, "dual_solution_value": 0.0, "scaled_age": 0.01}, "82": {"bias": -0.31622776601683794, "objective_cosine_similarity": -0.393812912711957, "is_tight": 0.0, "dual_solution_value": 0.0, "scaled_age": 0.26}, "83": {"bias": -0.3779644730092272, "objective_cosine_similarity": -0.3047283440453619, "is_tight": 0.0, "dual_solution_value": 0.0, "scaled_age": 0.26}, "84": {"bias": -0.31622776601683794, "objective_cosine_similarity": -0.45982779403361457, "is_tight": 0.0, "dual_solution_value": 0.0, "scaled_age": 0.26}, "85": {"bias": -0.35355339059327373, "objective_cosine_similarity": -0.43775115675570475, "is_tight": 0.0, "dual_solution_value": 0.0, "scaled_age": 0.26}, "86": {"bias": -0.3333333333333333, "objective_cosine_similarity": -0.388720646892269, "is_tight": 0.0, "dual_solution_value": 0.0, "scaled_age": 0.26}, "87": {"bias": -0.4082482904638631, "objective_cosine_similarity": -0.5671860395448652, "is_tight": 1.0, "dual_solution_value": -0.00020238084033069638, "scaled_age": 0.0}, "88": {"bias": -0.35355339059327373, "objective_cosine_similarity": -0.394485054053106, "is_tight": 0.0, "dual_solution_value": 0.0, "scaled_age": 0.26}, "89": {"bias": -0.3779644730092272, "objective_cosine_similarity": -0.4462093609235656, "is_tight": 0.0, "dual_solution_value": 0.0, "scaled_age": 0.26}, "90": {"bias": -0.3779644730092272, "objective_cosine_similarity": -0.36730648612610584, "is_tight": 0.0, "dual_solution_value": 0.0, "scaled_age": 0.24}, "91": {"bias": -0.5773502691896258, "objective_cosine_similarity": -0.29923729349708933, "is_tight": 1.0, "dual_solution_value": -0.008668398525586771, "scaled_age": 0.0}, "92": {"bias": -0.4082482904638631, "objective_cosine_similarity": -0.308572715814564, "is_tight": 1.0, "dual_solution_value": -0.0007946061130080123, "scaled_age": 0.0}, "93": {"bias": -0.35355339059327373, "objective_cosine_similarity": -0.2926824594587561, "is_tight": 0.0, "dual_solution_value": 0.0, "scaled_age": 0.26}, "94": {"bias": -0.35355339059327373, "objective_cosine_similarity": -0.43775115675570475, "is_tight": 0.0, "dual_solution_value": 0.0, "scaled_age": 0.26}, "95": {"bias": -0.5773502691896258, "objective_cosine_similarity": -0.4779484548911843, "is_tight": 1.0, "dual_solution_value": -0.032906320519759315, "scaled_age": 0.0}, "96": {"bias": -0.3779644730092272, "objective_cosine_similarity": -0.3346570206926742, "is_tight": 0.0, "dual_solution_value": 0.0, "scaled_age": 0.26}, "97": {"bias": -0.3779644730092272, "objective_cosine_similarity": -0.27479966739804956, "is_tight": 0.0, "dual_solution_value": 0.0, "scaled_age": 0.26}, "98": {"bias": -0.3333333333333333, "objective_cosine_similarity": -0.42711280954829556, "is_tight": 0.0, "dual_solution_value": 0.0, "scaled_age": 0.26}, "99": {"bias": -0.4472135954999579, "objective_cosine_similarity": -0.37343656193415364, "is_tight": 0.0, "dual_solution_value": 0.0, "scaled_age": 0.26}, "100": {"bias": -0.31622776601683794, "objective_cosine_similarity": -0.48486792143148466, "is_tight": 0.0, "dual_solution_value": 0.0, "scaled_age": 0.26}, "101": {"bias": -0.5773502691896258, "objective_cosine_similarity": -0.21611582308123117, "is_tight": 0.0, "dual_solution_value": 0.0, "scaled_age": 0.26}, "102": {"bias": -0.31622776601683794, "objective_cosine_similarity": -0.596410307112906, "is_tight": 0.0, "dual_solution_value": 0.0, "scaled_age": 0.26}, "103": {"bias": -0.4472135954999579, "objective_cosine_similarity": -0.6728296676227423, "is_tight": 1.0, "dual_solution_value": -0.005832509186166731, "scaled_age": 0.0}, "104": {"bias": -0.3333333333333333, "objective_cosine_similarity": -0.31193632158021584, "is_tight": 0.0, "dual_solution_value": 0.0, "scaled_age": 0.26}, "105": {"bias": -0.4472135954999579, "objective_cosine_similarity": -0.26076173721264173, "is_tight": 0.0, "dual_solution_value": 0.0, "scaled_age": 0.26}, "106": {"bias": -0.30151134457776363, "objective_cosine_similarity": -0.5795071087198179, "is_tight": 1.0, "dual_solution_value": -3.553590951325494e-05, "scaled_age": 0.0}, "107": {"bias": -0.3779644730092272, "objective_cosine_similarity": -0.35098175340939003, "is_tight": 0.0, "dual_solution_value": 0.0, "scaled_age": 0.02}, "108": {"bias": -0.4082482904638631, "objective_cosine_similarity": -0.25861332373030127, "is_tight": 0.0, "dual_solution_value": 0.0, "scaled_age": 0.26}, "109": {"bias": -0.35355339059327373, "objective_cosine_similarity": -0.37157947026937727, "is_tight": 0.0, "dual_solution_value": 0.0, "scaled_age": 0.26}, "110": {"bias": -0.841644699442212, "objective_cosine_similarity": -0.9801611229536455, "is_tight": 0.0, "dual_solution_value": -0.0, "scaled_age": 0.14}, "111": {"bias": -0.4472135954999579, "objective_cosine_similarity": -0.6985839132733735, "is_tight": 1.0, "dual_solution_value": -0.0033344030108157425, "scaled_age": 0.0}, "112": {"bias": -0.8420506083124005, "objective_cosine_similarity": -0.990766777309777, "is_tight": 1.0, "dual_solution_value": -0.08338092634072646, "scaled_age": 0.0}, "113": {"bias": -0.8207826816681233, "objective_cosine_similarity": -0.9379631301377902, "is_tight": 0.0, "dual_solution_value": -0.0, "scaled_age": 0.04}, "114": {"bias": -0.8553887142634967, "objective_cosine_similarity": -0.9838930398093855, "is_tight": 1.0, "dual_solution_value": -0.013810522352385288, "scaled_age": 0.0}, "115": {"bias": -0.8918218753295564, "objective_cosine_similarity": -0.9395853733243764, "is_tight": 0.0, "dual_solution_value": -0.0, "scaled_age": 0.02}, "116": {"bias": -0.6882472016116852, "objective_cosine_similarity": -0.7530640075871815, "is_tight": 1.0, "dual_solution_value": -8.411492037340226e-05, "scaled_age": 0.0}, "117": {"bias": -0.811502671200689, "objective_cosine_similarity": -0.9437472513660968, "is_tight": 0.0, "dual_solution_value": -0.0, "scaled_age": 0.13}, "118": {"bias": -0.7372097807744856, "objective_cosine_similarity": -0.92338791371789, "is_tight": 1.0, "dual_solution_value": -1.1982878398361992e-05, "scaled_age": 0.0}, "119": {"bias": -0.8244848578954476, "objective_cosine_similarity": -0.9609433092697507, "is_tight": 0.0, "dual_solution_value": -0.0, "scaled_age": 0.13}, "120": {"bias": -0.8154355063002009, "objective_cosine_similarity": -0.9656046959269622, "is_tight": 0.0, "dual_solution_value": -0.0, "scaled_age": 0.1}, "121": {"bias": -0.8567860859069464, "objective_cosine_similarity": -0.9537754047378624, "is_tight": 0.0, "dual_solution_value": -0.0, "scaled_age": 0.1}, "122": {"bias": -0.8523637063916089, "objective_cosine_similarity": -0.9755868156005569, "is_tight": 0.0, "dual_solution_value": -0.0, "scaled_age": 0.03}, "123": {"bias": -0.870571500132014, "objective_cosine_similarity": -0.9520367588567265, "is_tight": 0.0, "dual_solution_value": -0.0, "scaled_age": 0.06}, "124": {"bias": -0.8589556903873333, "objective_cosine_similarity": -0.9600852361035771, "is_tight": 0.0, "dual_solution_value": -0.0, "scaled_age": 0.1}, "125": {"bias": -0.8501044615977588, "objective_cosine_similarity": -0.9684778492007704, "is_tight": 0.0, "dual_solution_value": -0.0, "scaled_age": 0.05}, "126": {"bias": -0.8505719656856141, "objective_cosine_similarity": -0.9600657393633953, "is_tight": 0.0, "dual_solution_value": -0.0, "scaled_age": 0.02}, "127": {"bias": -0.8409413299642188, "objective_cosine_similarity": -0.9628914942772412, "is_tight": 0.0, "dual_solution_value": -0.0, "scaled_age": 0.06}, "128": {"bias": -0.8592029767051017, "objective_cosine_similarity": -0.9796596363921886, "is_tight": 0.0, "dual_solution_value": -0.0, "scaled_age": 0.01}, "129": {"bias": -0.8497185773241748, "objective_cosine_similarity": -0.9713359448620088, "is_tight": 1.0, "dual_solution_value": -7.44671469346789e-05, "scaled_age": 0.0}, "130": {"bias": -0.8889259201963345, "objective_cosine_similarity": -0.9448623409786691, "is_tight": 0.0, "dual_solution_value": -0.0, "scaled_age": 0.01}, "131": {"bias": -0.8872506926561436, "objective_cosine_similarity": -0.9442014995553825, "is_tight": 1.0, "dual_solution_value": -0.00875902182732628, "scaled_age": 0.0}, "132": {"bias": -0.8574929257125441, "objective_cosine_similarity": -0.9660258249889645, "is_tight": 0.0, "dual_solution_value": -0.0, "scaled_age": 0.02}, "133": {"bias": -0.8845354245487982, "objective_cosine_similarity": -0.9442061062731228, "is_tight": 1.0, "dual_solution_value": -0.006409171306705072, "scaled_age": 0.0}, "134": {"bias": -0.8908922198971656, "objective_cosine_similarity": -0.947823097448013, "is_tight": 1.0, "dual_solution_value": -0.016817901630382548, "scaled_age": 0.0}}