{"0": {"bias": -0.8164965809277261, "objective_cosine_similarity": -0.7669552484323547, "is_tight": 0.0, "dual_solution_value": -0.0, "scaled_age": 0.09803921568627451}, "1": {"bias": -0.6324555320336759, "objective_cosine_similarity": -0.6278459521572468, "is_tight": 1.0, "dual_solution_value": -0.000842367019976826, "scaled_age": 0.0}, "2": {"bias": -0.9547342507177405, "objective_cosine_similarity": -0.9237954792315711, "is_tight": 1.0, "dual_solution_value": -7.625217558318444e-12, "scaled_age": 0.0}, "3": {"bias": -0.9678314847967219, "objective_cosine_similarity": -0.9066823688813574, "is_tight": 0.0, "dual_solution_value": -0.0, "scaled_age": 0.0784313725490196}, "4": {"bias": -0.9353542049666933, "objective_cosine_similarity": -0.9265875349242693, "is_tight": 1.0, "dual_solution_value": -6.077500850145052e-07, "scaled_age": 0.0}, "5": {"bias": -0.999379683578964, "objective_cosine_similarity": -0.9334484119324326, "is_tight": 0.0, "dual_solution_value": -0.0, "scaled_age": 0.10784313725490197}, "6": {"bias": -0.9354479385038383, "objective_cosine_similarity": -0.9360422357634595, "is_tight": 0.0, "dual_solution_value": -0.0, "scaled_age": 0.06862745098039216}, "7": {"bias": -0.8, "objective_cosine_similarity": -0.8403419246353239, "is_tight": 0.0, "dual_solution_value": -0.0, "scaled_age": 0.0784313725490196}, "8": {"bias": -0.9909588740383171, "objective_cosine_similarity": -0.9464670601445235, "is_tight": 0.0, "dual_solution_value": 0.0, "scaled_age": 0.058823529411764705}, "9": {"bias": -0.9956949741441024, "objective_cosine_similarity": -0.952089999053839, "is_tight": 0.0, "dual_solution_value": 0.0, "scaled_age": 0.0196078431372549}, "10": {"bias": -0.922370639701409, "objective_cosine_similarity": -0.8724158245208562, "is_tight": 1.0, "dual_solution_value": -0.001509270025682874, "scaled_age": 0.0}, "11": {"bias": -0.9744954212786515, "objective_cosine_similarity": -0.9513462416527669, "is_tight": 0.0, "dual_solution_value": 0.0, "scaled_age": 0.0784313725490196}, "12": {"bias": -0.9738724350413678, "objective_cosine_similarity": -0.9572642499853342, "is_tight": 0.0, "dual_solution_value": 0.0, "scaled_age": 0.09803921568627451}, "13": {"bias": -0.8869774999287274, "objective_cosine_similarity": -0.8949701615968239, "is_tight": 0.0, "dual_solution_value": 0.0, "scaled_age": 0.08823529411764706}, "14": {"bias": -0.774729736599843, "objective_cosine_similarity": -0.8951258038822026, "is_tight": 0.0, "dual_solution_value": 0.0, "scaled_age": 0.09803921568627451}, "15": {"bias": -0.4472135954999579, "objective_cosine_similarity": -0.1832601351864819, "is_tight": 0.0, "dual_solution_value": 0.0, "scaled_age": 0.21568627450980393}, "16": {"bias": -0.3779644730092272, "objective_cosine_similarity": -0.4166573077214205, "is_tight": 0.0, "dual_solution_value": 0.0, "scaled_age": 0.21568627450980393}, "17": {"bias": -0.4472135954999579, "objective_cosine_similarity": -0.45169751630470895, "is_tight": 0.0, "dual_solution_value": 0.0, "scaled_age": 0.029411764705882353}, "18": {"bias": -0.3779644730092272, "objective_cosine_similarity": -0.30976616594995665, "is_tight": 0.0, "dual_solution_value": 0.0, "scaled_age": 0.21568627450980393}, "19": {"bias": -0.7071067811865475, "objective_cosine_similarity": -0.28567859299278464, "is_tight": 1.0, "dual_solution_value": -0.004081122757039781, "scaled_age": 0.0}, "20": {"bias": -0.5, "objective_cosine_similarity": -0.48192685925171386, "is_tight": 1.0, "dual_solution_value": -0.0037397498100966947, "scaled_age": 0.0}, "21": {"bias": -0.4472135954999579, "objective_cosine_similarity": -0.3923315570189472, "is_tight": 0.0, "dual_solution_value": 0.0, "scaled_age": 0.14705882352941177}, "22": {"bias": -0.4082482904638631, "objective_cosine_similarity": -0.5207284482443945, "is_tight": 0.0, "dual_solution_value": 0.0, "scaled_age": 0.21568627450980393}, "23": {"bias": -0.5, "objective_cosine_similarity": -0.4963558071335017, "is_tight": 1.0, "dual_solution_value": -0.016854574304677853, "scaled_age": 0.0}, "24": {"bias": -0.4082482904638631, "objective_cosine_similarity": -0.37464173425727926, "is_tight": 0.0, "dual_solution_value": 0.0, "scaled_age": 0.21568627450980393}, "25": {"bias": -0.3779644730092272, "objective_cosine_similarity": -0.3075847140770696, "is_tight": 0.0, "dual_solution_value": 0.0, "scaled_age": 0.21568627450980393}, "26": {"bias": -0.35355339059327373, "objective_cosine_similarity": -0.483613046709214, "is_tight": 0.0, "dual_solution_value": 0.0, "scaled_age": 0.21568627450980393}, "27": {"bias": -0.4082482904638631, "objective_cosine_similarity": -0.38406668354677054, "is_tight": 0.0, "dual_solution_value": 0.0, "scaled_age": 0.049019607843137254}, "28": {"bias": -0.4472135954999579, "objective_cosine_similarity": -0.26069399512443203, "is_tight": 0.0, "dual_solution_value": 0.0, "scaled_age": 0.21568627450980393}, "29": {"bias": -0.3779644730092272, "objective_cosine_similarity": -0.4799194120351441, "is_tight": 0.0, "dual_solution_value": 0.0, "scaled_age": 0.21568627450980393}, "30": {"bias": -0.4082482904638631, "objective_cosine_similarity": -0.47831617644168356, "is_tight": 0.0, "dual_solution_value": 0.0, "scaled_age": 0.21568627450980393}, "31": {"bias": -0.35355339059327373, "objective_cosine_similarity": -0.3836255391617394, "is_tight": 0.0, "dual_solution_value": 0.0, "scaled_age": 0.21568627450980393}, "32": {"bias": -0.4472135954999579, "objective_cosine_similarity": -0.3071543110872021, "is_tight": 0.0, "dual_solution_value": 0.0, "scaled_age": 0.21568627450980393}, "33": {"bias": -0.5, "objective_cosine_similarity": -0.2683784306012538, "is_tight": 0.0, "dual_solution_value": 0.0, "scaled_age": 0.21568627450980393}, "34": {"bias": -0.3779644730092272, "objective_cosine_similarity": -0.2748629359837643, "is_tight": 0.0, "dual_solution_value": 0.0, "scaled_age": 0.21568627450980393}, "35": {"bias": -0.4472135954999579, "objective_cosine_similarity": -0.41298058633573387, "is_tight": 0.0, "dual_solution_value": 0.0, "scaled_age": 0.0392156862745098}, "36": {"bias": -0.3779644730092272, "objective_cosine_similarity": -0.353395203407697, "is_tight": 0.0, "dual_solution_value": 0.0, "scaled_age": 0.21568627450980393}, "37": {"bias": -0.35355339059327373, "objective_cosine_similarity": -0.45300462603141567, "is_tight": 0.0, "dual_solution_value": 0.0, "scaled_age": 0.21568627450980393}, "38": {"bias": -0.5773502691896258, "objective_cosine_similarity": -0.19993336664815897, "is_tight": 0.0, "dual_solution_value": 0.0, "scaled_age": 0.21568627450980393}, "39": {"bias": -0.4472135954999579, "objective_cosine_similarity": -0.2323015798138503, "is_tight": 0.0, "dual_solution_value": 0.0, "scaled_age": 0.08823529411764706}, "40": {"bias": -0.5, "objective_cosine_similarity": -0.25683527229582354, "is_tight": 1.0, "dual_solution_value": -3.452519541666661e-05, "scaled_age": 0.0}, "41": {"bias": -0.4082482904638631, "objective_cosine_similarity": -0.5160159735996488, "is_tight": 1.0, "dual_solution_value": -0.02179528508262507, "scaled_age": 0.0}, "42": {"bias": -0.4472135954999579, "objective_cosine_similarity": -0.2245581938200553, "is_tight": 0.0, "dual_solution_value": 0.0, "scaled_age": 0.21568627450980393}, "43": {"bias": -0.30151134457776363, "objective_cosine_similarity": -0.5829658578751636, "is_tight": 0.0, "dual_solution_value": 0.0, "scaled_age": 0.21568627450980393}, "44": {"bias": -0.35355339059327373, "objective_cosine_similarity": -0.4040311529469383, "is_tight": 0.0, "dual_solution_value": 0.0, "scaled_age": 0.21568627450980393}, "45": {"bias": -0.4082482904638631, "objective_cosine_similarity": -0.5042347869877847, "is_tight": 0.0, "dual_solution_value": 0.0, "scaled_age": 0.21568627450980393}, "46": {"bias": -0.35355339059327373, "objective_cosine_similarity": -0.3591388026195007, "is_tight": 0.0, "dual_solution_value": 0.0, "scaled_age": 0.21568627450980393}, "47": {"bias": -0.4082482904638631, "objective_cosine_similarity": -0.4359039046389727, "is_tight": 0.0, "dual_solution_value": 0.0, "scaled_age": 0.21568627450980393}, "48": {"bias": -0.4472135954999579, "objective_cosine_similarity": -0.4568597736339056, "is_tight": 1.0, "dual_solution_value": -0.007054564187703849, "scaled_age": 0.0}, "49": {"bias": -0.31622776601683794, "objective_cosine_similarity": -0.4964363342638696, "is_tight": 0.0, "dual_solution_value": 0.0, "scaled_age": 0.21568627450980393}, "50": {"bias": -0.3333333333333333, "objective_cosine_similarity": -0.3866958032319141, "is_tight": 0.0, "dual_solution_value": 0.0, "scaled_age": 0.21568627450980393}, "51": {"bias": -0.4082482904638631, "objective_cosine_similarity": -0.3133795638755858, "is_tight": 0.0, "dual_solution_value": 0.0, "scaled_age": 0.21568627450980393}, "52": {"bias": -0.3779644730092272, "objective_cosine_similarity": -0.40793150022987246, "is_tight": 0.0, "dual_solution_value": 0.0, "scaled_age": 0.21568627450980393}, "53": {"bias": -0.35355339059327373, "objective_cosine_similarity": -0.49993753773737315, "is_tight": 0.0, "dual_solution_value": 0.0, "scaled_age": 0.21568627450980393}, "54": {"bias": -0.5, "objective_cosine_similarity": -0.253949482719466, "is_tight": 1.0, "dual_solution_value": -0.0007116921619682456, "scaled_age": 0.0}, "55": {"bias": -0.4472135954999579, "objective_cosine_similarity": -0.21939593649085862, "is_tight": 0.0, "dual_solution_value": 0.0, "scaled_age": 0.21568627450980393}, "56": {"bias": -0.35355339059327373, "objective_cosine_similarity": -0.5060592218729328, "is_tight": 0.0, "dual_solution_value": 0.0, "scaled_age": 0.21568627450980393}, "57": {"bias": -0.5, "objective_cosine_similarity": -0.340523170010193, "is_tight": 1.0, "dual_solution_value": -0.005375812798049082, "scaled_age": 0.0}, "58": {"bias": -0.3779644730092272, "objective_cosine_similarity": -0.40356859648409843, "is_tight": 0.0, "dual_solution_value": 0.0, "scaled_age": 0.21568627450980393}, "59": {"bias": -0.4082482904638631, "objective_cosine_similarity": -0.39584787015863465, "is_tight": 0.0, "dual_solution_value": 0.0, "scaled_age": 0.21568627450980393}, "60": {"bias": -0.5, "objective_cosine_similarity": -0.45884054264085333, "is_tight": 1.0, "dual_solution_value": -0.061394322705496995, "scaled_age": 0.0}, "61": {"bias": -0.4082482904638631, "objective_cosine_similarity": -0.3416544117440597, "is_tight": 0.0, "dual_solution_value": 0.0, "scaled_age": 0.21568627450980393}, "62": {"bias": -0.4082482904638631, "objective_cosine_similarity": -0.3322294624545684, "is_tight": 0.0, "dual_solution_value": 0.0, "scaled_age": 0.21568627450980393}, "63": {"bias": -0.35355339059327373, "objective_cosine_similarity": -0.41423395983953776, "is_tight": 0.0, "dual_solution_value": 0.0, "scaled_age": 0.21568627450980393}, "64": {"bias": -0.4082482904638631, "objective_cosine_similarity": -0.23797996955965536, "is_tight": 0.0, "dual_solution_value": 0.0, "scaled_age": 0.21568627450980393}, "65": {"bias": -0.5, "objective_cosine_similarity": -0.27415000975396897, "is_tight": 0.0, "dual_solution_value": 0.0, "scaled_age": 0.11764705882352941}, "66": {"bias": -0.3779644730092272, "objective_cosine_similarity": -0.4275645670858556, "is_tight": 0.0, "dual_solution_value": 0.0, "scaled_age": 0.21568627450980393}, "67": {"bias": -0.4082482904638631, "objective_cosine_similarity": -0.3228045131650771, "is_tight": 0.0, "dual_solution_value": 0.0, "scaled_age": 0.21568627450980393}, "68": {"bias": -0.5773502691896258, "objective_cosine_similarity": -0.42985673829354176, "is_tight": 1.0, "dual_solution_value": -0.06019380860315824, "scaled_age": 0.0}, "69": {"bias": -0.4082482904638631, "objective_cosine_similarity": -0.3063108519084673, "is_tight": 0.0, "dual_solution_value": 0.0, "scaled_age": 0.21568627450980393}, "70": {"bias": -0.5773502691896258, "objective_cosine_similarity": -0.13662113387624195, "is_tight": 0.0, "dual_solution_value": 0.0, "scaled_age": 0.21568627450980393}, "71": {"bias": -0.4472135954999579, "objective_cosine_similarity": -0.5394558909010524, "is_tight": 0.0, "dual_solution_value": 0.0, "scaled_age": 0.0196078431372549}, "72": {"bias": -0.3779644730092272, "objective_cosine_similarity": -0.2552298691277812, "is_tight": 0.0, "dual_solution_value": 0.0, "scaled_age": 0.21568627450980393}, "73": {"bias": -0.4082482904638631, "objective_cosine_similarity": -0.30395461458609446, "is_tight": 0.0, "dual_solution_value": 0.0, "scaled_age": 0.21568627450980393}, "74": {"bias": -0.3779644730092272, "objective_cosine_similarity": -0.4864637676538051, "is_tight": 0.0, "dual_solution_value": 0.0, "scaled_age": 0.029411764705882353}, "75": {"bias": -0.5, "objective_cosine_similarity": -0.3001221159411871, "is_tight": 0.0, "dual_solution_value": 0.0, "scaled_age": 0.21568627450980393}, "76": {"bias": -0.3333333333333333, "objective_cosine_similarity": -0.5059751057213602, "is_tight": 0.0, "dual_solution_value": 0.0, "scaled_age": 0.21568627450980393}, "77": {"bias": -0.4472135954999579, "objective_cosine_similarity": -0.3097354397518004, "is_tight": 0.0, "dual_solution_value": 0.0, "scaled_age": 0.09803921568627451}, "78": {"bias": -0.3779644730092272, "objective_cosine_similarity": -0.469012152670709, "is_tight": 0.0, "dual_solution_value": 0.0, "scaled_age": 0.18627450980392157}, "79": {"bias": -0.4082482904638631, "objective_cosine_similarity": -0.40998529409287165, "is_tight": 0.0, "dual_solution_value": 0.0, "scaled_age": 0.21568627450980393}, "80": {"bias": -0.35355339059327373, "objective_cosine_similarity": -0.44076125776029634, "is_tight": 0.0, "dual_solution_value": 0.0, "scaled_age": 0.21568627450980393}, "81": {"bias": -0.4082482904638631, "objective_cosine_similarity": -0.41941024338236294, "is_tight": 0.0, "dual_solution_value": 0.0, "scaled_age": 0.21568627450980393}, "82": {"bias": -0.4082482904638631, "objective_cosine_similarity": -0.29217342797423035, "is_tight": 0.0, "dual_solution_value": 0.0, "scaled_age": 0.21568627450980393}, "83": {"bias": -0.4472135954999579, "objective_cosine_similarity": -0.13163756189451517, "is_tight": 0.0, "dual_solution_value": 0.0, "scaled_age": 0.21568627450980393}, "84": {"bias": -0.3779644730092272, "objective_cosine_similarity": -0.5649960350777378, "is_tight": 0.0, "dual_solution_value": 0.0, "scaled_age": 0.21568627450980393}, "85": {"bias": -0.2886751345948129, "objective_cosine_similarity": -0.6364545504966393, "is_tight": 0.0, "dual_solution_value": 0.0, "scaled_age": 0.21568627450980393}, "86": {"bias": -0.3779644730092272, "objective_cosine_similarity": -0.5366371607302065, "is_tight": 0.0, "dual_solution_value": 0.0, "scaled_age": 0.21568627450980393}, "87": {"bias": -0.5, "objective_cosine_similarity": -0.27126422017761137, "is_tight": 0.0, "dual_solution_value": 0.0, "scaled_age": 0.21568627450980393}, "88": {"bias": -0.35355339059327373, "objective_cosine_similarity": -0.3632199253765405, "is_tight": 0.0, "dual_solution_value": 0.0, "scaled_age": 0.21568627450980393}, "89": {"bias": -0.4082482904638631, "objective_cosine_similarity": -0.3581480730006695, "is_tight": 0.0, "dual_solution_value": 0.0, "scaled_age": 0.21568627450980393}, "90": {"bias": -0.4472135954999579, "objective_cosine_similarity": -0.3794259136959555, "is_tight": 0.0, "dual_solution_value": 0.0, "scaled_age": 0.1568627450980392}, "91": {"bias": -0.4082482904638631, "objective_cosine_similarity": -0.38406668354677054, "is_tight": 0.0, "dual_solution_value": 0.0, "scaled_age": 0.21568627450980393}, "92": {"bias": -0.30151134457776363, "objective_cosine_similarity": -0.546421729471049, "is_tight": 0.0, "dual_solution_value": 0.0, "scaled_age": 0.21568627450980393}, "93": {"bias": -0.3779644730092272, "objective_cosine_similarity": -0.4799194120351441, "is_tight": 0.0, "dual_solution_value": 0.0, "scaled_age": 0.21568627450980393}, "94": {"bias": -0.4082482904638631, "objective_cosine_similarity": -0.5984842798826977, "is_tight": 1.0, "dual_solution_value": -0.02343161474886858, "scaled_age": 0.0}, "95": {"bias": -0.3779644730092272, "objective_cosine_similarity": -0.46246779705204794, "is_tight": 0.0, "dual_solution_value": 0.0, "scaled_age": 0.21568627450980393}, "96": {"bias": -0.35355339059327373, "objective_cosine_similarity": -0.5815599928781687, "is_tight": 0.0, "dual_solution_value": 0.0, "scaled_age": 0.08823529411764706}, "97": {"bias": -0.3779644730092272, "objective_cosine_similarity": -0.35775810715347106, "is_tight": 0.0, "dual_solution_value": 0.0, "scaled_age": 0.21568627450980393}, "98": {"bias": -0.31622776601683794, "objective_cosine_similarity": -0.5511903417194435, "is_tight": 0.0, "dual_solution_value": 0.0, "scaled_age": 0.21568627450980393}, "99": {"bias": -0.35355339059327373, "objective_cosine_similarity": -0.3468954343483814, "is_tight": 0.0, "dual_solution_value": 0.0, "scaled_age": 0.21568627450980393}, "100": {"bias": -0.35355339059327373, "objective_cosine_similarity": -0.3795444164046996, "is_tight": 0.0, "dual_solution_value": 0.0, "scaled_age": 0.21568627450980393}, "101": {"bias": -0.35355339059327373, "objective_cosine_similarity": -0.4223962053536173, "is_tight": 0.0, "dual_solution_value": 0.0, "scaled_age": 0.21568627450980393}, "102": {"bias": -0.5, "objective_cosine_similarity": -0.24817790356675085, "is_tight": 0.0, "dual_solution_value": 0.0, "scaled_age": 0.058823529411764705}, "103": {"bias": -0.4082482904638631, "objective_cosine_similarity": -0.48302865108642923, "is_tight": 0.0, "dual_solution_value": 0.0, "scaled_age": 0.21568627450980393}, "104": {"bias": -0.35355339059327373, "objective_cosine_similarity": -0.4489235032743759, "is_tight": 0.0, "dual_solution_value": 0.0, "scaled_age": 0.21568627450980393}, "105": {"bias": -0.3333333333333333, "objective_cosine_similarity": -0.5559954583782247, "is_tight": 0.0, "dual_solution_value": 0.0, "scaled_age": 0.21568627450980393}, "106": {"bias": -0.3779644730092272, "objective_cosine_similarity": -0.4144758558485335, "is_tight": 0.0, "dual_solution_value": 0.0, "scaled_age": 0.21568627450980393}, "107": {"bias": -0.35355339059327373, "objective_cosine_similarity": -0.520343151522572, "is_tight": 0.0, "dual_solution_value": 0.0, "scaled_age": 0.21568627450980393}, "108": {"bias": -0.5, "objective_cosine_similarity": -0.2654926410248962, "is_tight": 0.0, "dual_solution_value": 0.0, "scaled_age": 0.1568627450980392}, "109": {"bias": -0.3779644730092272, "objective_cosine_similarity": -0.4275645670858556, "is_tight": 0.0, "dual_solution_value": 0.0, "scaled_age": 0.21568627450980393}, "110": {"bias": -0.3779644730092272, "objective_cosine_similarity": -0.40356859648409843, "is_tight": 0.0, "dual_solution_value": 0.0, "scaled_age": 0.21568627450980393}, "111": {"bias": -0.30151134457776363, "objective_cosine_similarity": -0.48029425902550793, "is_tight": 0.0, "dual_solution_value": 0.0, "scaled_age": 0.21568627450980393}, "112": {"bias": -0.5, "objective_cosine_similarity": -0.3347515908574779, "is_tight": 0.0, "dual_solution_value": 0.0, "scaled_age": 0.0784313725490196}, "113": {"bias": -0.9863281736307107, "objective_cosine_similarity": -0.9587899784485283, "is_tight": 0.0, "dual_solution_value": -0.0, "scaled_age": 0.10784313725490197}, "114": {"bias": -0.9749661927254577, "objective_cosine_similarity": -0.9547351615296014, "is_tight": 0.0, "dual_solution_value": -0.0, "scaled_age": 0.08823529411764706}, "115": {"bias": -0.8825226081218283, "objective_cosine_similarity": -0.9394768315719241, "is_tight": 0.0, "dual_solution_value": -0.0, "scaled_age": 0.06862745098039216}, "116": {"bias": -0.5, "objective_cosine_similarity": -0.594472652729659, "is_tight": 1.0, "dual_solution_value": -0.00038179457115233774, "scaled_age": 0.0}, "117": {"bias": -0.9844364614521026, "objective_cosine_similarity": -0.9687124965437143, "is_tight": 0.0, "dual_solution_value": -0.0, "scaled_age": 0.0392156862745098}, "118": {"bias": -0.9801134819294479, "objective_cosine_similarity": -0.9573433937866266, "is_tight": 0.0, "dual_solution_value": -0.0, "scaled_age": 0.029411764705882353}, "119": {"bias": -0.953998092005724, "objective_cosine_similarity": -0.9543864199220439, "is_tight": 0.0, "dual_solution_value": -0.0, "scaled_age": 0.10784313725490197}, "120": {"bias": -0.989743318610787, "objective_cosine_similarity": -0.9515876188801661, "is_tight": 0.0, "dual_solution_value": -0.0, "scaled_age": 0.10784313725490197}, "121": {"bias": -0.9860968991853871, "objective_cosine_similarity": -0.9659626566632138, "is_tight": 1.0, "dual_solution_value": -0.04297226527839566, "scaled_age": 0.0}, "122": {"bias": -0.9834429216487647, "objective_cosine_similarity": -0.9615603197594501, "is_tight": 1.0, "dual_solution_value": -0.0047085801212709034, "scaled_age": 0.0}, "123": {"bias": -0.8164965809277261, "objective_cosine_similarity": -0.8576703853437084, "is_tight": 0.0, "dual_solution_value": -0.0, "scaled_age": 0.0784313725490196}, "124": {"bias": -0.8728715609439696, "objective_cosine_similarity": -0.8299853433574166, "is_tight": 1.0, "dual_solution_value": -0.0017488442991892938, "scaled_age": 0.0}, "125": {"bias": -0.9473684210526315, "objective_cosine_similarity": -0.9397042162591722, "is_tight": 0.0, "dual_solution_value": -0.0, "scaled_age": 0.029411764705882353}, "126": {"bias": -0.8944271909999159, "objective_cosine_similarity": -0.8117649650161769, "is_tight": 1.0, "dual_solution_value": -0.00021499858242268247, "scaled_age": 0.0}, "127": {"bias": -0.6030226891555273, "objective_cosine_similarity": -0.6769364737714587, "is_tight": 0.0, "dual_solution_value": -0.0, "scaled_age": 0.0196078431372549}, "128": {"bias": -0.6882472016116852, "objective_cosine_similarity": -0.7997510044149554, "is_tight": 1.0, "dual_solution_value": -0.0006468096068696652, "scaled_age": 0.0}, "129": {"bias": -0.9460935802581861, "objective_cosine_similarity": -0.9358743307065918, "is_tight": 1.0, "dual_solution_value": -6.295896987441666e-05, "scaled_age": 0.0}, "130": {"bias": -0.8980265101338746, "objective_cosine_similarity": -0.8313581859496614, "is_tight": 1.0, "dual_solution_value": -0.0002989711966015577, "scaled_age": 0.0}, "131": {"bias": -0.7142857142857143, "objective_cosine_similarity": -0.8179152170704879, "is_tight": 1.0, "dual_solution_value": -2.1682070769846245e-05, "scaled_age": 0.0}}