{"0": {"bias": -1.0, "objective_cosine_similarity": -0.9265982032076645, "is_tight": 0.0, "dual_solution_value": -0.0, "scaled_age": 0.11538461538461539}, "1": {"bias": -0.9922778767136677, "objective_cosine_similarity": -0.8855194319563866, "is_tight": 0.0, "dual_solution_value": -0.0, "scaled_age": 0.08653846153846154}, "2": {"bias": -1.0365349786209639, "objective_cosine_similarity": -0.916332679912926, "is_tight": 0.0, "dual_solution_value": -0.0, "scaled_age": 0.07692307692307693}, "3": {"bias": -1.0933914833490392, "objective_cosine_similarity": -0.9263461341959954, "is_tight": 0.0, "dual_solution_value": -0.0, "scaled_age": 0.07692307692307693}, "4": {"bias": -1.1981340459829473, "objective_cosine_similarity": -0.9326330497475878, "is_tight": 0.0, "dual_solution_value": -0.0, "scaled_age": 0.028846153846153848}, "5": {"bias": -1.1043525680662831, "objective_cosine_similarity": -0.9503026436908638, "is_tight": 0.0, "dual_solution_value": -0.0, "scaled_age": 0.0673076923076923}, "6": {"bias": -0.7559289460184544, "objective_cosine_similarity": -0.5881577430890839, "is_tight": 1.0, "dual_solution_value": -0.03421842170698627, "scaled_age": 0.0}, "7": {"bias": -1.0613372610104648, "objective_cosine_similarity": -0.9037146954552859, "is_tight": 0.0, "dual_solution_value": -0.0, "scaled_age": 0.07692307692307693}, "8": {"bias": -1.0628143342964282, "objective_cosine_similarity": -0.9719080785372025, "is_tight": 0.0, "dual_solution_value": -0.0, "scaled_age": 0.10576923076923077}, "9": {"bias": -1.0704618602100946, "objective_cosine_similarity": -0.9680513150168004, "is_tight": 0.0, "dual_solution_value": -0.0, "scaled_age": 0.0673076923076923}, "10": {"bias": -1.0783197355069067, "objective_cosine_similarity": -0.9715657655964633, "is_tight": 0.0, "dual_solution_value": -0.0, "scaled_age": 0.125}, "11": {"bias": -1.0729638205336198, "objective_cosine_similarity": -0.9628589857571724, "is_tight": 1.0, "dual_solution_value": -6.628145353409396e-07, "scaled_age": 0.0}, "12": {"bias": -1.080712233343229, "objective_cosine_similarity": -0.9614664693771231, "is_tight": 0.0, "dual_solution_value": -0.0, "scaled_age": 0.07692307692307693}, "13": {"bias": -1.0702015348994809, "objective_cosine_similarity": -0.9570326711817774, "is_tight": 0.0, "dual_solution_value": -0.0, "scaled_age": 0.09615384615384616}, "14": {"bias": -1.0578613651879938, "objective_cosine_similarity": -0.9678882604656391, "is_tight": 0.0, "dual_solution_value": -0.0, "scaled_age": 0.11538461538461539}, "15": {"bias": -0.9798637100971994, "objective_cosine_similarity": -0.9219375306492594, "is_tight": 0.0, "dual_solution_value": -0.0, "scaled_age": 0.09615384615384616}, "16": {"bias": -1.0983392947305521, "objective_cosine_similarity": -0.9706972363121876, "is_tight": 0.0, "dual_solution_value": -0.0, "scaled_age": 0.057692307692307696}, "17": {"bias": -0.9578427551532357, "objective_cosine_similarity": -0.9306285667434384, "is_tight": 0.0, "dual_solution_value": -0.0, "scaled_age": 0.04807692307692308}, "18": {"bias": -1.0980340762474223, "objective_cosine_similarity": -0.9593733297604317, "is_tight": 0.0, "dual_solution_value": 0.0, "scaled_age": 0.07692307692307693}, "19": {"bias": -1.1076499929832926, "objective_cosine_similarity": -0.9713754014086755, "is_tight": 0.0, "dual_solution_value": 0.0, "scaled_age": 0.019230769230769232}, "20": {"bias": -1.0809959274058074, "objective_cosine_similarity": -0.9651788854944856, "is_tight": 1.0, "dual_solution_value": -0.007219312453207902, "scaled_age": 0.0}, "21": {"bias": -1.1273493527098284, "objective_cosine_similarity": -0.9497275283941281, "is_tight": 1.0, "dual_solution_value": -0.00024755505846723235, "scaled_age": 0.0}, "22": {"bias": -1.1039342709927877, "objective_cosine_similarity": -0.9643122689162659, "is_tight": 0.0, "dual_solution_value": 0.0, "scaled_age": 0.10576923076923077}, "23": {"bias": -1.100069023776234, "objective_cosine_similarity": -0.9686624531281758, "is_tight": 1.0, "dual_solution_value": -0.0008429659319880314, "scaled_age": 0.0}, "24": {"bias": -0.3333333333333333, "objective_cosine_similarity": -0.4306834735859204, "is_tight": 0.0, "dual_solution_value": 0.0, "scaled_age": 0.16346153846153846}, "25": {"bias": -0.35355339059327373, "objective_cosine_similarity": -0.5201618533132416, "is_tight": 0.0, "dual_solution_value": 0.0, "scaled_age": 0.16346153846153846}, "26": {"bias": -0.4082482904638631, "objective_cosine_similarity": -0.32341678495815734, "is_tight": 0.0, "dual_solution_value": 0.0, "scaled_age": 0.16346153846153846}, "27": {"bias": -0.5, "objective_cosine_similarity": -0.3017927990091121, "is_tight": 0.0, "dual_solution_value": 0.0, "scaled_age": 0.16346153846153846}, "28": {"bias": -0.5, "objective_cosine_similarity": -0.2640686991329731, "is_tight": 0.0, "dual_solution_value": 0.0, "scaled_age": 0.0673076923076923}, "29": {"bias": -0.4082482904638631, "objective_cosine_similarity": -0.6006311720651494, "is_tight": 0.0, "dual_solution_value": 0.0, "scaled_age": 0.16346153846153846}, "30": {"bias": -0.4472135954999579, "objective_cosine_similarity": -0.5482987361347484, "is_tight": 1.0, "dual_solution_value": -0.014521223330923658, "scaled_age": 0.0}, "31": {"bias": -0.31622776601683794, "objective_cosine_similarity": -0.5636645199121, "is_tight": 0.0, "dual_solution_value": 0.0, "scaled_age": 0.16346153846153846}, "32": {"bias": -0.4082482904638631, "objective_cosine_similarity": -0.3657689829883923, "is_tight": 0.0, "dual_solution_value": 0.0, "scaled_age": 0.11538461538461539}, "33": {"bias": -0.5773502691896258, "objective_cosine_similarity": -0.12523511050594482, "is_tight": 0.0, "dual_solution_value": 0.0, "scaled_age": 0.07692307692307693}, "34": {"bias": -0.4472135954999579, "objective_cosine_similarity": -0.3036731461669376, "is_tight": 0.0, "dual_solution_value": 0.0, "scaled_age": 0.09615384615384616}, "35": {"bias": -0.7071067811865475, "objective_cosine_similarity": -0.2667496683657649, "is_tight": 1.0, "dual_solution_value": -0.010048929843640132, "scaled_age": 0.0}, "36": {"bias": -0.3779644730092272, "objective_cosine_similarity": -0.3921051620593892, "is_tight": 0.0, "dual_solution_value": 0.0, "scaled_age": 0.16346153846153846}, "37": {"bias": -0.5, "objective_cosine_similarity": -0.3819565112459075, "is_tight": 1.0, "dual_solution_value": -0.010335411915357787, "scaled_age": 0.0}, "38": {"bias": -0.4082482904638631, "objective_cosine_similarity": -0.28106458692792247, "is_tight": 0.0, "dual_solution_value": 0.0, "scaled_age": 0.16346153846153846}, "39": {"bias": -0.5773502691896258, "objective_cosine_similarity": -0.348480307494803, "is_tight": 0.0, "dual_solution_value": 0.0, "scaled_age": 0.057692307692307696}, "40": {"bias": -0.5773502691896258, "objective_cosine_similarity": -0.23958021140267707, "is_tight": 1.0, "dual_solution_value": -0.020059887170872495, "scaled_age": 0.0}, "41": {"bias": -0.3333333333333333, "objective_cosine_similarity": -0.4526891985136682, "is_tight": 0.0, "dual_solution_value": 0.0, "scaled_age": 0.16346153846153846}, "42": {"bias": -0.4472135954999579, "objective_cosine_similarity": -0.4133328933938873, "is_tight": 0.0, "dual_solution_value": 0.0, "scaled_age": 0.16346153846153846}, "43": {"bias": -0.35355339059327373, "objective_cosine_similarity": -0.5535055618589623, "is_tight": 0.0, "dual_solution_value": 0.0, "scaled_age": 0.16346153846153846}, "44": {"bias": -0.3779644730092272, "objective_cosine_similarity": -0.38497597729467303, "is_tight": 0.0, "dual_solution_value": 0.0, "scaled_age": 0.16346153846153846}, "45": {"bias": -0.35355339059327373, "objective_cosine_similarity": -0.4534744362218004, "is_tight": 0.0, "dual_solution_value": 0.0, "scaled_age": 0.16346153846153846}, "46": {"bias": -0.5, "objective_cosine_similarity": -0.4715512484517377, "is_tight": 1.0, "dual_solution_value": -0.013407318524088791, "scaled_age": 0.0}, "47": {"bias": -0.3779644730092272, "objective_cosine_similarity": -0.4633970097065509, "is_tight": 0.0, "dual_solution_value": 0.0, "scaled_age": 0.16346153846153846}, "48": {"bias": -0.4082482904638631, "objective_cosine_similarity": -0.39272038173490537, "is_tight": 0.0, "dual_solution_value": 0.0, "scaled_age": 0.16346153846153846}, "49": {"bias": -0.4082482904638631, "objective_cosine_similarity": -0.3503681837046705, "is_tight": 0.0, "dual_solution_value": 0.0, "scaled_age": 0.16346153846153846}, "50": {"bias": -0.5773502691896258, "objective_cosine_similarity": -0.22324519698885817, "is_tight": 1.0, "dual_solution_value": -0.005556482338332061, "scaled_age": 0.0}, "51": {"bias": -0.5, "objective_cosine_similarity": -0.4432581735446334, "is_tight": 0.0, "dual_solution_value": 0.0, "scaled_age": 0.16346153846153846}, "52": {"bias": -0.3779644730092272, "objective_cosine_similarity": -0.5275596725889964, "is_tight": 0.0, "dual_solution_value": 0.0, "scaled_age": 0.16346153846153846}, "53": {"bias": -0.3333333333333333, "objective_cosine_similarity": -0.5155626983072332, "is_tight": 0.0, "dual_solution_value": 0.0, "scaled_age": 0.16346153846153846}, "54": {"bias": -0.4082482904638631, "objective_cosine_similarity": -0.3773195824511836, "is_tight": 0.0, "dual_solution_value": 0.0, "scaled_age": 0.16346153846153846}, "55": {"bias": -0.4082482904638631, "objective_cosine_similarity": -0.3773195824511836, "is_tight": 0.0, "dual_solution_value": 0.0, "scaled_age": 0.16346153846153846}, "56": {"bias": -0.4472135954999579, "objective_cosine_similarity": -0.3121085113382414, "is_tight": 0.0, "dual_solution_value": 0.0, "scaled_age": 0.16346153846153846}, "57": {"bias": -0.3779644730092272, "objective_cosine_similarity": -0.34220086870637606, "is_tight": 0.0, "dual_solution_value": 0.0, "scaled_age": 0.16346153846153846}, "58": {"bias": -0.3779644730092272, "objective_cosine_similarity": -0.27447361344157245, "is_tight": 0.0, "dual_solution_value": 0.0, "scaled_age": 0.16346153846153846}, "59": {"bias": -0.4472135954999579, "objective_cosine_similarity": -0.189795716354336, "is_tight": 0.0, "dual_solution_value": 0.0, "scaled_age": 0.16346153846153846}, "60": {"bias": -0.4082482904638631, "objective_cosine_similarity": -0.32341678495815734, "is_tight": 0.0, "dual_solution_value": 0.0, "scaled_age": 0.16346153846153846}, "61": {"bias": -0.3779644730092272, "objective_cosine_similarity": -0.5168658954419222, "is_tight": 0.0, "dual_solution_value": 0.0, "scaled_age": 0.16346153846153846}, "62": {"bias": -0.3779644730092272, "objective_cosine_similarity": -0.49191374876541555, "is_tight": 0.0, "dual_solution_value": 0.0, "scaled_age": 0.0673076923076923}, "63": {"bias": -0.3779644730092272, "objective_cosine_similarity": -0.5632055964125772, "is_tight": 0.0, "dual_solution_value": 0.0, "scaled_age": 0.1346153846153846}, "64": {"bias": -0.35355339059327373, "objective_cosine_similarity": -0.4267994693852239, "is_tight": 0.0, "dual_solution_value": 0.0, "scaled_age": 0.16346153846153846}, "65": {"bias": -0.5, "objective_cosine_similarity": -0.3065083114936295, "is_tight": 0.0, "dual_solution_value": 0.0, "scaled_age": 0.16346153846153846}, "66": {"bias": -0.4082482904638631, "objective_cosine_similarity": -0.3773195824511836, "is_tight": 0.0, "dual_solution_value": 0.0, "scaled_age": 0.16346153846153846}, "67": {"bias": -0.4472135954999579, "objective_cosine_similarity": -0.38380911529432393, "is_tight": 0.0, "dual_solution_value": 0.0, "scaled_age": 0.16346153846153846}, "68": {"bias": -0.4082482904638631, "objective_cosine_similarity": -0.45817377869072295, "is_tight": 0.0, "dual_solution_value": 0.0, "scaled_age": 0.16346153846153846}, "69": {"bias": -0.3779644730092272, "objective_cosine_similarity": -0.4562678249418347, "is_tight": 0.0, "dual_solution_value": 0.0, "scaled_age": 0.16346153846153846}, "70": {"bias": -0.3333333333333333, "objective_cosine_similarity": -0.47469492344141595, "is_tight": 0.0, "dual_solution_value": 0.0, "scaled_age": 0.16346153846153846}, "71": {"bias": -0.5, "objective_cosine_similarity": -0.29236177404007735, "is_tight": 0.0, "dual_solution_value": 0.0, "scaled_age": 0.16346153846153846}, "72": {"bias": -0.4472135954999579, "objective_cosine_similarity": -0.2910200984099819, "is_tight": 0.0, "dual_solution_value": 0.0, "scaled_age": 0.16346153846153846}, "73": {"bias": -0.4082482904638631, "objective_cosine_similarity": -0.4620239785116534, "is_tight": 0.0, "dual_solution_value": 0.0, "scaled_age": 0.16346153846153846}, "74": {"bias": -0.4082482904638631, "objective_cosine_similarity": -0.4774247777953752, "is_tight": 0.0, "dual_solution_value": 0.0, "scaled_age": 0.09615384615384616}, "75": {"bias": -0.35355339059327373, "objective_cosine_similarity": -0.5468368201498182, "is_tight": 0.0, "dual_solution_value": 0.0, "scaled_age": 0.16346153846153846}, "76": {"bias": -0.4082482904638631, "objective_cosine_similarity": -0.4196717804814185, "is_tight": 0.0, "dual_solution_value": 0.0, "scaled_age": 0.009615384615384616}, "77": {"bias": -0.5, "objective_cosine_similarity": -0.4196806111220465, "is_tight": 1.0, "dual_solution_value": -0.009839469811265029, "scaled_age": 0.0}, "78": {"bias": -0.3779644730092272, "objective_cosine_similarity": -0.4598324173241928, "is_tight": 0.0, "dual_solution_value": 0.0, "scaled_age": 0.16346153846153846}, "79": {"bias": -0.4082482904638631, "objective_cosine_similarity": -0.5197769758256101, "is_tight": 0.0, "dual_solution_value": 0.0, "scaled_age": 0.16346153846153846}, "80": {"bias": -0.35355339059327373, "objective_cosine_similarity": -0.5334993367315298, "is_tight": 0.0, "dual_solution_value": 0.0, "scaled_age": 0.16346153846153846}, "81": {"bias": -0.5, "objective_cosine_similarity": -0.31593933646266426, "is_tight": 0.0, "dual_solution_value": 0.0, "scaled_age": 0.16346153846153846}, "82": {"bias": -0.3779644730092272, "objective_cosine_similarity": -0.36715301538288264, "is_tight": 0.0, "dual_solution_value": 0.0, "scaled_age": 0.16346153846153846}, "83": {"bias": -0.7071067811865475, "objective_cosine_similarity": -0.2267372181109002, "is_tight": 1.0, "dual_solution_value": -0.06056914848267043, "scaled_age": 0.0}, "84": {"bias": -0.4472135954999579, "objective_cosine_similarity": -0.4976865451069255, "is_tight": 0.0, "dual_solution_value": 0.0, "scaled_age": 0.038461538461538464}, "85": {"bias": -0.4472135954999579, "objective_cosine_similarity": -0.40067984563693154, "is_tight": 0.0, "dual_solution_value": 0.0, "scaled_age": 0.09615384615384616}, "86": {"bias": -0.35355339059327373, "objective_cosine_similarity": -0.5835148995501108, "is_tight": 0.0, "dual_solution_value": 0.0, "scaled_age": 0.16346153846153846}, "87": {"bias": -0.3779644730092272, "objective_cosine_similarity": -0.2851673905886467, "is_tight": 0.0, "dual_solution_value": 0.0, "scaled_age": 0.16346153846153846}, "88": {"bias": -0.4472135954999579, "objective_cosine_similarity": -0.48925117993562167, "is_tight": 1.0, "dual_solution_value": -0.014796455475688357, "scaled_age": 0.0}, "89": {"bias": -0.4082482904638631, "objective_cosine_similarity": -0.46972437815351425, "is_tight": 0.0, "dual_solution_value": 0.0, "scaled_age": 0.16346153846153846}, "90": {"bias": -0.4472135954999579, "objective_cosine_similarity": -0.3078908287525895, "is_tight": 0.0, "dual_solution_value": 0.0, "scaled_age": 0.16346153846153846}, "91": {"bias": -0.5, "objective_cosine_similarity": -0.3819565112459075, "is_tight": 0.0, "dual_solution_value": 0.0, "scaled_age": 0.16346153846153846}, "92": {"bias": -0.4472135954999579, "objective_cosine_similarity": -0.2994554635812857, "is_tight": 0.0, "dual_solution_value": 0.0, "scaled_age": 0.16346153846153846}, "93": {"bias": -0.4082482904638631, "objective_cosine_similarity": -0.3965705815558358, "is_tight": 0.0, "dual_solution_value": 0.0, "scaled_age": 0.16346153846153846}, "94": {"bias": -0.3779644730092272, "objective_cosine_similarity": -0.3956697544417473, "is_tight": 0.0, "dual_solution_value": 0.0, "scaled_age": 0.16346153846153846}, "95": {"bias": -0.4472135954999579, "objective_cosine_similarity": -0.4850334973499698, "is_tight": 0.0, "dual_solution_value": 0.0, "scaled_age": 0.09615384615384616}, "96": {"bias": -0.3779644730092272, "objective_cosine_similarity": -0.6558849983538874, "is_tight": 0.0, "dual_solution_value": 0.0, "scaled_age": 0.16346153846153846}, "97": {"bias": -0.3779644730092272, "objective_cosine_similarity": -0.4134927163535377, "is_tight": 0.0, "dual_solution_value": 0.0, "scaled_age": 0.16346153846153846}, "98": {"bias": -0.5773502691896258, "objective_cosine_similarity": -0.1633501441381889, "is_tight": 1.0, "dual_solution_value": -3.452722984381126e-05, "scaled_age": 0.0}, "99": {"bias": -0.3333333333333333, "objective_cosine_similarity": -0.33008587391621635, "is_tight": 0.0, "dual_solution_value": 0.0, "scaled_age": 0.16346153846153846}, "100": {"bias": -0.4472135954999579, "objective_cosine_similarity": -0.4133328933938873, "is_tight": 0.0, "dual_solution_value": 0.0, "scaled_age": 0.16346153846153846}, "101": {"bias": -0.5773502691896258, "objective_cosine_similarity": -0.3158102786671652, "is_tight": 0.0, "dual_solution_value": 0.0, "scaled_age": 0.16346153846153846}, "102": {"bias": -0.4082482904638631, "objective_cosine_similarity": -0.40812118101862715, "is_tight": 0.0, "dual_solution_value": 0.0, "scaled_age": 0.16346153846153846}, "103": {"bias": -0.4472135954999579, "objective_cosine_similarity": -0.4217682585651911, "is_tight": 0.0, "dual_solution_value": 0.0, "scaled_age": 0.009615384615384616}, "104": {"bias": -0.4082482904638631, "objective_cosine_similarity": -0.3349673844209487, "is_tight": 0.0, "dual_solution_value": 0.0, "scaled_age": 0.16346153846153846}, "105": {"bias": -0.4472135954999579, "objective_cosine_similarity": -0.39224448046562777, "is_tight": 0.0, "dual_solution_value": 0.0, "scaled_age": 0.16346153846153846}, "106": {"bias": -0.4082482904638631, "objective_cosine_similarity": -0.3426677840628096, "is_tight": 0.0, "dual_solution_value": 0.0, "scaled_age": 0.16346153846153846}, "107": {"bias": -0.5, "objective_cosine_similarity": -0.3065083114936295, "is_tight": 0.0, "dual_solution_value": 0.0, "scaled_age": 0.019230769230769232}, "108": {"bias": -0.3779644730092272, "objective_cosine_similarity": -0.3564592382358084, "is_tight": 0.0, "dual_solution_value": 0.0, "scaled_age": 0.16346153846153846}, "109": {"bias": -0.4082482904638631, "objective_cosine_similarity": -0.527477375467471, "is_tight": 1.0, "dual_solution_value": -0.023009625583136052, "scaled_age": 0.0}, "110": {"bias": -0.4472135954999579, "objective_cosine_similarity": -0.3036731461669376, "is_tight": 0.0, "dual_solution_value": 0.0, "scaled_age": 0.16346153846153846}, "111": {"bias": -0.3779644730092272, "objective_cosine_similarity": -0.5703347811772934, "is_tight": 0.0, "dual_solution_value": 0.0, "scaled_age": 0.1346153846153846}, "112": {"bias": -0.35355339059327373, "objective_cosine_similarity": -0.5268305950223857, "is_tight": 0.0, "dual_solution_value": 0.0, "scaled_age": 0.16346153846153846}, "113": {"bias": -1.0787828210998667, "objective_cosine_similarity": -0.9673033932619725, "is_tight": 0.0, "dual_solution_value": -0.0, "scaled_age": 0.11538461538461539}, "114": {"bias": -0.5, "objective_cosine_similarity": -0.5045598358433593, "is_tight": 1.0, "dual_solution_value": -0.0002509331667593053, "scaled_age": 0.0}, "115": {"bias": -1.0760124406661935, "objective_cosine_similarity": -0.9693452388712045, "is_tight": 1.0, "dual_solution_value": -0.0031700899381686947, "scaled_age": 0.0}, "116": {"bias": -1.079860550022891, "objective_cosine_similarity": -0.9721774452466523, "is_tight": 0.0, "dual_solution_value": -0.0, "scaled_age": 0.0673076923076923}, "117": {"bias": -1.0896446836912677, "objective_cosine_similarity": -0.9713109089924421, "is_tight": 1.0, "dual_solution_value": -0.008810404005451892, "scaled_age": 0.0}, "118": {"bias": -1.0414653680592636, "objective_cosine_similarity": -0.9460886602963846, "is_tight": 0.0, "dual_solution_value": -0.0, "scaled_age": 0.0673076923076923}, "119": {"bias": -1.0948967141581964, "objective_cosine_similarity": -0.9720304409824458, "is_tight": 1.0, "dual_solution_value": -0.016363417718575177, "scaled_age": 0.0}, "120": {"bias": -1.1042547968012435, "objective_cosine_similarity": -0.9741457627938476, "is_tight": 0.0, "dual_solution_value": -0.0, "scaled_age": 0.07692307692307693}, "121": {"bias": -1.1171711636066455, "objective_cosine_similarity": -0.9756072893504862, "is_tight": 1.0, "dual_solution_value": -0.028350565231148133, "scaled_age": 0.0}, "122": {"bias": -0.75, "objective_cosine_similarity": -0.5635037418998265, "is_tight": 0.0, "dual_solution_value": -0.0, "scaled_age": 0.057692307692307696}, "123": {"bias": -1.09489729645073, "objective_cosine_similarity": -0.9742056429721455, "is_tight": 1.0, "dual_solution_value": -0.009818123135378103, "scaled_age": 0.0}, "124": {"bias": -0.9800379116648474, "objective_cosine_similarity": -0.9365998842385345, "is_tight": 0.0, "dual_solution_value": -0.0, "scaled_age": 0.009615384615384616}, "125": {"bias": -0.9622504486493763, "objective_cosine_similarity": -0.9256508167830705, "is_tight": 1.0, "dual_solution_value": -0.0, "scaled_age": 0.019230769230769232}, "126": {"bias": -1.2256517540566823, "objective_cosine_similarity": -0.9496288193821231, "is_tight": 0.0, "dual_solution_value": -0.0, "scaled_age": 0.019230769230769232}, "127": {"bias": -1.095597060250322, "objective_cosine_similarity": -0.9710849127932603, "is_tight": 1.0, "dual_solution_value": -0.00930158443804445, "scaled_age": 0.0}, "128": {"bias": -1.0069930921904569, "objective_cosine_similarity": -0.9390834312019726, "is_tight": 1.0, "dual_solution_value": -1.3457753280772967e-05, "scaled_age": 0.0}}