{"0": {"bias": -0.7715167498104595, "objective_cosine_similarity": -0.8644767725296311, "is_tight": 1.0, "dual_solution_value": -5.2542647509312254e-05, "scaled_age": 0.0}, "1": {"bias": -0.6396021490668313, "objective_cosine_similarity": -0.8405756514240398, "is_tight": 0.0, "dual_solution_value": -0.0, "scaled_age": 0.016}, "2": {"bias": -0.8295666818534334, "objective_cosine_similarity": -0.9334542828395863, "is_tight": 0.0, "dual_solution_value": 0.0, "scaled_age": 0.04}, "3": {"bias": -0.8666805319322962, "objective_cosine_similarity": -0.9778431664160101, "is_tight": 0.0, "dual_solution_value": 0.0, "scaled_age": 0.048}, "4": {"bias": -0.8306485313540247, "objective_cosine_similarity": -0.9268502022963709, "is_tight": 1.0, "dual_solution_value": -7.441744616658259e-05, "scaled_age": 0.0}, "5": {"bias": -0.788640879663807, "objective_cosine_similarity": -0.9526237006017475, "is_tight": 1.0, "dual_solution_value": -0.0023763997168179942, "scaled_age": 0.0}, "6": {"bias": -0.35355339059327373, "objective_cosine_similarity": -0.3277778584860129, "is_tight": 0.0, "dual_solution_value": 0.0, "scaled_age": 0.24}, "7": {"bias": -0.31622776601683794, "objective_cosine_similarity": -0.39720271057999107, "is_tight": 0.0, "dual_solution_value": 0.0, "scaled_age": 0.24}, "8": {"bias": -0.35355339059327373, "objective_cosine_similarity": -0.4440861308520175, "is_tight": 0.0, "dual_solution_value": 0.0, "scaled_age": 0.24}, "9": {"bias": -0.4082482904638631, "objective_cosine_similarity": -0.27267218352036576, "is_tight": 0.0, "dual_solution_value": 0.0, "scaled_age": 0.24}, "10": {"bias": -0.4472135954999579, "objective_cosine_similarity": -0.3566536255959229, "is_tight": 0.0, "dual_solution_value": 0.0, "scaled_age": 0.168}, "11": {"bias": -0.4472135954999579, "objective_cosine_similarity": -0.33659185915615225, "is_tight": 1.0, "dual_solution_value": -9.431637738271278e-05, "scaled_age": 0.0}, "12": {"bias": -0.3333333333333333, "objective_cosine_similarity": -0.425334267335596, "is_tight": 0.0, "dual_solution_value": 0.0, "scaled_age": 0.24}, "13": {"bias": -0.31622776601683794, "objective_cosine_similarity": -0.43345533892657756, "is_tight": 0.0, "dual_solution_value": 0.0, "scaled_age": 0.24}, "14": {"bias": -0.3333333333333333, "objective_cosine_similarity": -0.3356153203194937, "is_tight": 0.0, "dual_solution_value": 0.0, "scaled_age": 0.24}, "15": {"bias": -0.4082482904638631, "objective_cosine_similarity": -0.2584281142319884, "is_tight": 0.0, "dual_solution_value": 0.0, "scaled_age": 0.24}, "16": {"bias": -0.2672612419124244, "objective_cosine_similarity": -0.5195319393896342, "is_tight": 0.0, "dual_solution_value": 0.0, "scaled_age": 0.24}, "17": {"bias": -0.35355339059327373, "objective_cosine_similarity": -0.25023901024200984, "is_tight": 0.0, "dual_solution_value": 0.0, "scaled_age": 0.24}, "18": {"bias": -0.4472135954999579, "objective_cosine_similarity": -0.3232173481963051, "is_tight": 0.0, "dual_solution_value": 0.0, "scaled_age": 0.056}, "19": {"bias": -0.3779644730092272, "objective_cosine_similarity": -0.2750524378372804, "is_tight": 0.0, "dual_solution_value": 0.0, "scaled_age": 0.24}, "20": {"bias": -0.3779644730092272, "objective_cosine_similarity": -0.282588121065699, "is_tight": 0.0, "dual_solution_value": 0.0, "scaled_age": 0.24}, "21": {"bias": -0.5, "objective_cosine_similarity": -0.2143285956495777, "is_tight": 0.0, "dual_solution_value": 0.0, "scaled_age": 0.008}, "22": {"bias": -0.3779644730092272, "objective_cosine_similarity": -0.45025707289801375, "is_tight": 0.0, "dual_solution_value": 0.0, "scaled_age": 0.152}, "23": {"bias": -0.3779644730092272, "objective_cosine_similarity": -0.47474804339037435, "is_tight": 1.0, "dual_solution_value": -9.135245879253433e-06, "scaled_age": 0.0}, "24": {"bias": -0.4082482904638631, "objective_cosine_similarity": -0.3642412003742199, "is_tight": 0.0, "dual_solution_value": 0.0, "scaled_age": 0.24}, "25": {"bias": -0.4082482904638631, "objective_cosine_similarity": -0.3642412003742199, "is_tight": 0.0, "dual_solution_value": 0.0, "scaled_age": 0.24}, "26": {"bias": -0.4472135954999579, "objective_cosine_similarity": -0.2719483895168912, "is_tight": 0.0, "dual_solution_value": 0.0, "scaled_age": 0.24}, "27": {"bias": -0.31622776601683794, "objective_cosine_similarity": -0.5374846202689562, "is_tight": 1.0, "dual_solution_value": -0.00016667102585120116, "scaled_age": 0.0}, "28": {"bias": -0.35355339059327373, "objective_cosine_similarity": -0.3929809808730155, "is_tight": 0.0, "dual_solution_value": 0.0, "scaled_age": 0.104}, "29": {"bias": -0.4472135954999579, "objective_cosine_similarity": -0.3811735623556426, "is_tight": 0.0, "dual_solution_value": 0.0, "scaled_age": 0.048}, "30": {"bias": -0.35355339059327373, "objective_cosine_similarity": -0.32072887228201263, "is_tight": 0.0, "dual_solution_value": 0.0, "scaled_age": 0.24}, "31": {"bias": -0.5773502691896258, "objective_cosine_similarity": -0.16978645746990165, "is_tight": 0.0, "dual_solution_value": 0.0, "scaled_age": 0.216}, "32": {"bias": -0.4082482904638631, "objective_cosine_similarity": -0.35610173220943286, "is_tight": 0.0, "dual_solution_value": 0.0, "scaled_age": 0.088}, "33": {"bias": -0.35355339059327373, "objective_cosine_similarity": -0.44056163775001733, "is_tight": 0.0, "dual_solution_value": 0.0, "scaled_age": 0.24}, "34": {"bias": -0.4082482904638631, "objective_cosine_similarity": -0.3052300561795139, "is_tight": 0.0, "dual_solution_value": 0.0, "scaled_age": 0.024}, "35": {"bias": -0.3779644730092272, "objective_cosine_similarity": -0.3466414285072575, "is_tight": 0.0, "dual_solution_value": 0.0, "scaled_age": 0.24}, "36": {"bias": -0.3333333333333333, "objective_cosine_similarity": -0.4751781267889862, "is_tight": 0.0, "dual_solution_value": 0.0, "scaled_age": 0.24}, "37": {"bias": -0.3333333333333333, "objective_cosine_similarity": -0.40041233760890094, "is_tight": 0.0, "dual_solution_value": 0.0, "scaled_age": 0.24}, "38": {"bias": -0.30151134457776363, "objective_cosine_similarity": -0.5335113624371544, "is_tight": 0.0, "dual_solution_value": 0.0, "scaled_age": 0.24}, "39": {"bias": -0.5, "objective_cosine_similarity": -0.1918988588955521, "is_tight": 0.0, "dual_solution_value": 0.0, "scaled_age": 0.008}, "40": {"bias": -0.3333333333333333, "objective_cosine_similarity": -0.42201134337203666, "is_tight": 0.0, "dual_solution_value": 0.0, "scaled_age": 0.24}, "41": {"bias": -0.31622776601683794, "objective_cosine_similarity": -0.43976014385641865, "is_tight": 0.0, "dual_solution_value": 0.0, "scaled_age": 0.24}, "42": {"bias": -0.3333333333333333, "objective_cosine_similarity": -0.3605372500461888, "is_tight": 0.0, "dual_solution_value": 0.0, "scaled_age": 0.24}, "43": {"bias": -0.30151134457776363, "objective_cosine_similarity": -0.41929484540835504, "is_tight": 0.0, "dual_solution_value": 0.0, "scaled_age": 0.24}, "44": {"bias": -0.3779644730092272, "objective_cosine_similarity": -0.4050429735275019, "is_tight": 0.0, "dual_solution_value": 0.0, "scaled_age": 0.16}, "45": {"bias": -0.35355339059327373, "objective_cosine_similarity": -0.42293917224001665, "is_tight": 0.0, "dual_solution_value": 0.0, "scaled_age": 0.24}, "46": {"bias": -0.3779644730092272, "objective_cosine_similarity": -0.45590883531932774, "is_tight": 1.0, "dual_solution_value": -0.0022084613035767966, "scaled_age": 0.0}, "47": {"bias": -0.3779644730092272, "objective_cosine_similarity": -0.5180782219537815, "is_tight": 1.0, "dual_solution_value": -0.006741014766526487, "scaled_age": 0.0}, "48": {"bias": -0.2886751345948129, "objective_cosine_similarity": -0.36835028061266795, "is_tight": 0.0, "dual_solution_value": 0.0, "scaled_age": 0.24}, "49": {"bias": -0.3779644730092272, "objective_cosine_similarity": -0.32403437882200153, "is_tight": 0.0, "dual_solution_value": 0.0, "scaled_age": 0.24}, "50": {"bias": -0.31622776601683794, "objective_cosine_similarity": -0.5169940042469725, "is_tight": 0.0, "dual_solution_value": 0.0, "scaled_age": 0.24}, "51": {"bias": -0.4472135954999579, "objective_cosine_similarity": -0.27640655983684026, "is_tight": 0.0, "dual_solution_value": 0.0, "scaled_age": 0.24}, "52": {"bias": -0.30151134457776363, "objective_cosine_similarity": -0.5169800244461439, "is_tight": 0.0, "dual_solution_value": 0.0, "scaled_age": 0.24}, "53": {"bias": -0.31622776601683794, "objective_cosine_similarity": -0.4555221561810215, "is_tight": 0.0, "dual_solution_value": 0.0, "scaled_age": 0.24}, "54": {"bias": -0.3333333333333333, "objective_cosine_similarity": -0.48680836066144384, "is_tight": 0.0, "dual_solution_value": 0.0, "scaled_age": 0.24}, "55": {"bias": -0.31622776601683794, "objective_cosine_similarity": -0.5327560165715753, "is_tight": 0.0, "dual_solution_value": 0.0, "scaled_age": 0.24}, "56": {"bias": -0.3333333333333333, "objective_cosine_similarity": -0.3538914021190701, "is_tight": 0.0, "dual_solution_value": 0.0, "scaled_age": 0.24}, "57": {"bias": -0.30151134457776363, "objective_cosine_similarity": -0.5996367144011959, "is_tight": 1.0, "dual_solution_value": -0.0007784117208076599, "scaled_age": 0.0}, "58": {"bias": -0.3779644730092272, "objective_cosine_similarity": -0.40881081514171125, "is_tight": 0.0, "dual_solution_value": 0.0, "scaled_age": 0.2}, "59": {"bias": -0.35355339059327373, "objective_cosine_similarity": -0.5286739653000208, "is_tight": 0.0, "dual_solution_value": 0.0, "scaled_age": 0.056}, "60": {"bias": -0.3779644730092272, "objective_cosine_similarity": -0.2411418633093965, "is_tight": 0.0, "dual_solution_value": 0.0, "scaled_age": 0.24}, "61": {"bias": -0.35355339059327373, "objective_cosine_similarity": -0.4123656929340162, "is_tight": 0.0, "dual_solution_value": 0.0, "scaled_age": 0.24}, "62": {"bias": -0.3779644730092272, "objective_cosine_similarity": -0.4295339440198625, "is_tight": 1.0, "dual_solution_value": -0.0001403776144608048, "scaled_age": 0.0}, "63": {"bias": -0.4082482904638631, "objective_cosine_similarity": -0.4171477434453357, "is_tight": 1.0, "dual_solution_value": -5.186535715539243e-06, "scaled_age": 0.0}, "64": {"bias": -0.3779644730092272, "objective_cosine_similarity": -0.3579449533498854, "is_tight": 0.0, "dual_solution_value": 0.0, "scaled_age": 0.24}, "65": {"bias": -0.2773500981126146, "objective_cosine_similarity": -0.5833812108697255, "is_tight": 0.0, "dual_solution_value": 0.0, "scaled_age": 0.24}, "66": {"bias": -0.35355339059327373, "objective_cosine_similarity": -0.3947432274240155, "is_tight": 0.0, "dual_solution_value": 0.0, "scaled_age": 0.24}, "67": {"bias": -0.5, "objective_cosine_similarity": -0.1819300870048741, "is_tight": 0.0, "dual_solution_value": 0.0, "scaled_age": 0.088}, "68": {"bias": -0.31622776601683794, "objective_cosine_similarity": -0.4318791376941173, "is_tight": 0.0, "dual_solution_value": 0.0, "scaled_age": 0.24}, "69": {"bias": -0.2886751345948129, "objective_cosine_similarity": -0.571230708606364, "is_tight": 0.0, "dual_solution_value": 0.0, "scaled_age": 0.24}, "70": {"bias": -0.3779644730092272, "objective_cosine_similarity": -0.43706962724828113, "is_tight": 0.0, "dual_solution_value": 0.0, "scaled_age": 0.136}, "71": {"bias": -0.3779644730092272, "objective_cosine_similarity": -0.32026653720779225, "is_tight": 0.0, "dual_solution_value": 0.0, "scaled_age": 0.064}, "72": {"bias": -0.31622776601683794, "objective_cosine_similarity": -0.4980795894574491, "is_tight": 0.0, "dual_solution_value": 0.0, "scaled_age": 0.24}, "73": {"bias": -0.5, "objective_cosine_similarity": -0.32398508644703605, "is_tight": 1.0, "dual_solution_value": -0.0033351550350394, "scaled_age": 0.0}, "74": {"bias": -0.3333333333333333, "objective_cosine_similarity": -0.41536549544491796, "is_tight": 0.0, "dual_solution_value": 0.0, "scaled_age": 0.128}, "75": {"bias": -0.35355339059327373, "objective_cosine_similarity": -0.42822591189301684, "is_tight": 0.0, "dual_solution_value": 0.0, "scaled_age": 0.24}, "76": {"bias": -0.31622776601683794, "objective_cosine_similarity": -0.5753134498480029, "is_tight": 0.0, "dual_solution_value": 0.0, "scaled_age": 0.24}, "77": {"bias": -0.3333333333333333, "objective_cosine_similarity": -0.3256465484288157, "is_tight": 0.0, "dual_solution_value": 0.0, "scaled_age": 0.24}, "78": {"bias": -0.4472135954999579, "objective_cosine_similarity": -0.33659185915615225, "is_tight": 1.0, "dual_solution_value": -0.00020416951200237865, "scaled_age": 0.0}, "79": {"bias": -0.3779644730092272, "objective_cosine_similarity": -0.2599810713804431, "is_tight": 0.0, "dual_solution_value": 0.0, "scaled_age": 0.24}, "80": {"bias": -0.4082482904638631, "objective_cosine_similarity": -0.2645327153555787, "is_tight": 0.0, "dual_solution_value": 0.0, "scaled_age": 0.24}, "81": {"bias": -0.4082482904638631, "objective_cosine_similarity": -0.44970561610448384, "is_tight": 0.0, "dual_solution_value": 0.0, "scaled_age": 0.056}, "82": {"bias": -0.35355339059327373, "objective_cosine_similarity": -0.45994634981101806, "is_tight": 0.0, "dual_solution_value": 0.0, "scaled_age": 0.24}, "83": {"bias": -0.30151134457776363, "objective_cosine_similarity": -0.5936253187681013, "is_tight": 0.0, "dual_solution_value": 0.0, "scaled_age": 0.24}, "84": {"bias": -0.3779644730092272, "objective_cosine_similarity": -0.393739448684874, "is_tight": 0.0, "dual_solution_value": 0.0, "scaled_age": 0.152}, "85": {"bias": -0.31622776601683794, "objective_cosine_similarity": -0.49335098576006825, "is_tight": 0.0, "dual_solution_value": 0.0, "scaled_age": 0.24}, "86": {"bias": -0.3333333333333333, "objective_cosine_similarity": -0.43364157724449437, "is_tight": 0.0, "dual_solution_value": 0.0, "scaled_age": 0.24}, "87": {"bias": -0.4082482904638631, "objective_cosine_similarity": -0.3703458014978102, "is_tight": 0.0, "dual_solution_value": 0.0, "scaled_age": 0.024}, "88": {"bias": -0.35355339059327373, "objective_cosine_similarity": -0.37007177571001454, "is_tight": 0.0, "dual_solution_value": 0.0, "scaled_age": 0.008}, "89": {"bias": -0.3333333333333333, "objective_cosine_similarity": -0.4901312846250032, "is_tight": 0.0, "dual_solution_value": 0.0, "scaled_age": 0.24}, "90": {"bias": -0.35355339059327373, "objective_cosine_similarity": -0.3735962688120147, "is_tight": 0.0, "dual_solution_value": 0.0, "scaled_age": 0.24}, "91": {"bias": -0.3779644730092272, "objective_cosine_similarity": -0.3749002406138274, "is_tight": 0.0, "dual_solution_value": 0.0, "scaled_age": 0.24}, "92": {"bias": -0.3779644730092272, "objective_cosine_similarity": -0.49735509307563025, "is_tight": 0.0, "dual_solution_value": 0.0, "scaled_age": 0.08}, "93": {"bias": -0.35355339059327373, "objective_cosine_similarity": -0.30839314642501214, "is_tight": 0.0, "dual_solution_value": 0.0, "scaled_age": 0.24}, "94": {"bias": -0.4472135954999579, "objective_cosine_similarity": -0.555042204833655, "is_tight": 1.0, "dual_solution_value": -0.039378187651232764, "scaled_age": 0.0}, "95": {"bias": -0.4472135954999579, "objective_cosine_similarity": -0.33659185915615225, "is_tight": 0.0, "dual_solution_value": 0.0, "scaled_age": 0.032}, "96": {"bias": -0.4082482904638631, "objective_cosine_similarity": -0.39272933895097456, "is_tight": 0.0, "dual_solution_value": 0.0, "scaled_age": 0.168}, "97": {"bias": -0.3333333333333333, "objective_cosine_similarity": -0.3538914021190701, "is_tight": 0.0, "dual_solution_value": 0.0, "scaled_age": 0.24}, "98": {"bias": -0.35355339059327373, "objective_cosine_similarity": -0.41060344638301616, "is_tight": 0.0, "dual_solution_value": 0.0, "scaled_age": 0.24}, "99": {"bias": -0.35355339059327373, "objective_cosine_similarity": -0.3242533653840127, "is_tight": 0.0, "dual_solution_value": 0.0, "scaled_age": 0.24}, "100": {"bias": -0.31622776601683794, "objective_cosine_similarity": -0.480741375900386, "is_tight": 0.0, "dual_solution_value": 0.0, "scaled_age": 0.24}, "101": {"bias": -0.30151134457776363, "objective_cosine_similarity": -0.5109686288130492, "is_tight": 0.0, "dual_solution_value": 0.0, "scaled_age": 0.24}, "102": {"bias": -0.8267993540979846, "objective_cosine_similarity": -0.9849568977453983, "is_tight": 1.0, "dual_solution_value": -0.013554030658588042, "scaled_age": 0.0}, "103": {"bias": -0.8277881133609988, "objective_cosine_similarity": -0.9715869396506828, "is_tight": 1.0, "dual_solution_value": -2.3947167804045557e-05, "scaled_age": 0.0}, "104": {"bias": -0.8510644963469901, "objective_cosine_similarity": -0.9709267035312616, "is_tight": 1.0, "dual_solution_value": -0.00021471341858760905, "scaled_age": 0.0}, "105": {"bias": -0.8759429252488179, "objective_cosine_similarity": -0.9619266689360374, "is_tight": 0.0, "dual_solution_value": -0.0, "scaled_age": 0.04}, "106": {"bias": -0.8631305332829233, "objective_cosine_similarity": -0.960147069310294, "is_tight": 1.0, "dual_solution_value": -0.004328222794546955, "scaled_age": 0.0}, "107": {"bias": -0.7120689949163119, "objective_cosine_similarity": -0.8967712771007963, "is_tight": 1.0, "dual_solution_value": -9.654580246509947e-05, "scaled_age": 0.0}, "108": {"bias": -0.7184212081070996, "objective_cosine_similarity": -0.7188633809338927, "is_tight": 0.0, "dual_solution_value": -0.0, "scaled_age": 0.008}, "109": {"bias": -0.8090398349558905, "objective_cosine_similarity": -0.9631113665713132, "is_tight": 0.0, "dual_solution_value": -0.0, "scaled_age": 0.056}, "110": {"bias": -0.7985836518841366, "objective_cosine_similarity": -0.9265260822525182, "is_tight": 0.0, "dual_solution_value": -0.0, "scaled_age": 0.072}, "111": {"bias": -0.7501937734175209, "objective_cosine_similarity": -0.9460315910272928, "is_tight": 1.0, "dual_solution_value": -7.606626835624371e-05, "scaled_age": 0.0}, "112": {"bias": -0.7863183388224225, "objective_cosine_similarity": -0.9557527326767272, "is_tight": 1.0, "dual_solution_value": -1.9991529556093375e-05, "scaled_age": 0.0}, "113": {"bias": -0.8653570669395015, "objective_cosine_similarity": -0.9510008244535632, "is_tight": 1.0, "dual_solution_value": -5.268357259824075e-09, "scaled_age": 0.0}, "114": {"bias": -0.6575959492214292, "objective_cosine_similarity": -0.8718713938649688, "is_tight": 0.0, "dual_solution_value": -0.0, "scaled_age": 0.064}, "115": {"bias": -0.8256641850048112, "objective_cosine_similarity": -0.9699037199848598, "is_tight": 0.0, "dual_solution_value": -0.0, "scaled_age": 0.056}, "116": {"bias": -0.8278327231656524, "objective_cosine_similarity": -0.9475492461963205, "is_tight": 1.0, "dual_solution_value": -8.308092843021874e-07, "scaled_age": 0.0}, "117": {"bias": -0.8719845606269297, "objective_cosine_similarity": -0.9635971120314283, "is_tight": 0.0, "dual_solution_value": -0.0, "scaled_age": 0.048}, "118": {"bias": -0.8527078072219983, "objective_cosine_similarity": -0.9652897163695092, "is_tight": 1.0, "dual_solution_value": -0.018756229325499106, "scaled_age": 0.0}, "119": {"bias": -0.8601612352488435, "objective_cosine_similarity": -0.9629875915067923, "is_tight": 1.0, "dual_solution_value": -0.003336602228675919, "scaled_age": 0.0}, "120": {"bias": -0.871591501930253, "objective_cosine_similarity": -0.9616808866281279, "is_tight": 1.0, "dual_solution_value": -0.004703929935806303, "scaled_age": 0.0}, "121": {"bias": -0.8542135574624171, "objective_cosine_similarity": -0.960171470341337, "is_tight": 1.0, "dual_solution_value": -0.0008155861245097397, "scaled_age": 0.0}, "122": {"bias": -0.867329940787791, "objective_cosine_similarity": -0.964689823359947, "is_tight": 0.0, "dual_solution_value": -0.0, "scaled_age": 0.016}, "123": {"bias": -0.860651984425898, "objective_cosine_similarity": -0.9568895606157233, "is_tight": 1.0, "dual_solution_value": -0.004300140578480966, "scaled_age": 0.0}, "124": {"bias": -0.850552300271146, "objective_cosine_similarity": -0.9631464740174737, "is_tight": 1.0, "dual_solution_value": -0.0025173451607644315, "scaled_age": 0.0}}