{"0": {"bias": -0.5638544077856605, "objective_cosine_similarity": -0.9652326340072858, "is_tight": 1.0, "dual_solution_value": -6.149124365400634e-06, "scaled_age": 0.0}, "1": {"bias": -0.5548765995358501, "objective_cosine_similarity": -0.9571662089711214, "is_tight": 0.0, "dual_solution_value": -0.0, "scaled_age": 0.09278350515463918}, "2": {"bias": -0.4833682445228318, "objective_cosine_similarity": -0.9041045569585906, "is_tight": 1.0, "dual_solution_value": -9.740396338968033e-05, "scaled_age": 0.0}, "3": {"bias": -0.4747126632775413, "objective_cosine_similarity": -0.8597571011997207, "is_tight": 0.0, "dual_solution_value": -0.0, "scaled_age": 0.041237113402061855}, "4": {"bias": -0.5, "objective_cosine_similarity": -0.8963562049747706, "is_tight": 1.0, "dual_solution_value": -4.303245064273913e-07, "scaled_age": 0.0}, "5": {"bias": -0.5694359268546402, "objective_cosine_similarity": -0.944254252883792, "is_tight": 0.0, "dual_solution_value": 0.0, "scaled_age": 0.041237113402061855}, "6": {"bias": -0.5957908241334324, "objective_cosine_similarity": -0.9695213931427992, "is_tight": 1.0, "dual_solution_value": -4.8810918962000175e-06, "scaled_age": 0.0}, "7": {"bias": -0.5655406019878966, "objective_cosine_similarity": -0.9644459251444316, "is_tight": 1.0, "dual_solution_value": -2.539126792844861e-05, "scaled_age": 0.0}, "8": {"bias": -0.5770826501025704, "objective_cosine_similarity": -0.9743658692965568, "is_tight": 0.0, "dual_solution_value": 0.0, "scaled_age": 0.030927835051546393}, "9": {"bias": -0.5891816567953913, "objective_cosine_similarity": -0.9393753770143393, "is_tight": 0.0, "dual_solution_value": 0.0, "scaled_age": 0.010309278350515464}, "10": {"bias": -0.5983452700543626, "objective_cosine_similarity": -0.9566505710762402, "is_tight": 1.0, "dual_solution_value": -8.107229467516141e-05, "scaled_age": 0.0}, "11": {"bias": -0.5800704714771633, "objective_cosine_similarity": -0.9646342389808876, "is_tight": 1.0, "dual_solution_value": -0.012291446153066226, "scaled_age": 0.0}, "12": {"bias": -0.25, "objective_cosine_similarity": -0.5703415918353426, "is_tight": 0.0, "dual_solution_value": 0.0, "scaled_age": 0.020618556701030927}, "13": {"bias": -0.35355339059327373, "objective_cosine_similarity": -0.39444599308653105, "is_tight": 1.0, "dual_solution_value": -0.0020815091983458103, "scaled_age": 0.0}, "14": {"bias": -0.3333333333333333, "objective_cosine_similarity": -0.2482519100805878, "is_tight": 0.0, "dual_solution_value": 0.0, "scaled_age": 0.05154639175257732}, "15": {"bias": -0.2773500981126146, "objective_cosine_similarity": -0.374743701016959, "is_tight": 0.0, "dual_solution_value": 0.0, "scaled_age": 0.2268041237113402}, "16": {"bias": -0.2773500981126146, "objective_cosine_similarity": -0.4318941565097414, "is_tight": 0.0, "dual_solution_value": 0.0, "scaled_age": 0.2268041237113402}, "17": {"bias": -0.2886751345948129, "objective_cosine_similarity": -0.37135061388074414, "is_tight": 0.0, "dual_solution_value": 0.0, "scaled_age": 0.061855670103092786}, "18": {"bias": -0.2773500981126146, "objective_cosine_similarity": -0.49067748215946044, "is_tight": 1.0, "dual_solution_value": -4.392248903767363e-05, "scaled_age": 0.0}, "19": {"bias": -0.3779644730092272, "objective_cosine_similarity": -0.2948425687030791, "is_tight": 0.0, "dual_solution_value": 0.0, "scaled_age": 0.2268041237113402}, "20": {"bias": -0.31622776601683794, "objective_cosine_similarity": -0.27740200537222254, "is_tight": 0.0, "dual_solution_value": 0.0, "scaled_age": 0.1134020618556701}, "21": {"bias": -0.2672612419124244, "objective_cosine_similarity": -0.4138234133159491, "is_tight": 0.0, "dual_solution_value": 0.0, "scaled_age": 0.2268041237113402}, "22": {"bias": -0.2773500981126146, "objective_cosine_similarity": -0.44332424760829786, "is_tight": 0.0, "dual_solution_value": 0.0, "scaled_age": 0.020618556701030927}, "23": {"bias": -0.30151134457776363, "objective_cosine_similarity": -0.4535423957362579, "is_tight": 1.0, "dual_solution_value": -0.0014318202271470244, "scaled_age": 0.0}, "24": {"bias": -0.30151134457776363, "objective_cosine_similarity": -0.3576860772636241, "is_tight": 0.0, "dual_solution_value": 0.0, "scaled_age": 0.2268041237113402}, "25": {"bias": -0.2581988897471611, "objective_cosine_similarity": -0.42867366763727427, "is_tight": 0.0, "dual_solution_value": 0.0, "scaled_age": 0.2268041237113402}, "26": {"bias": -0.2773500981126146, "objective_cosine_similarity": -0.41229971462650167, "is_tight": 0.0, "dual_solution_value": 0.0, "scaled_age": 0.2268041237113402}, "27": {"bias": -0.30151134457776363, "objective_cosine_similarity": -0.3807625983774063, "is_tight": 0.0, "dual_solution_value": 0.0, "scaled_age": 0.1134020618556701}, "28": {"bias": -0.2773500981126146, "objective_cosine_similarity": -0.5388471517890914, "is_tight": 1.0, "dual_solution_value": -0.0013385016228218995, "scaled_age": 0.0}, "29": {"bias": -0.2773500981126146, "objective_cosine_similarity": -0.4808802612178406, "is_tight": 1.0, "dual_solution_value": -0.0008865282873528253, "scaled_age": 0.0}, "30": {"bias": -0.31622776601683794, "objective_cosine_similarity": -0.3658355305747767, "is_tight": 0.0, "dual_solution_value": 0.0, "scaled_age": 0.061855670103092786}, "31": {"bias": -0.2773500981126146, "objective_cosine_similarity": -0.4523050334714494, "is_tight": 0.0, "dual_solution_value": 0.0, "scaled_age": 0.2268041237113402}, "32": {"bias": -0.2581988897471611, "objective_cosine_similarity": -0.41271241405503534, "is_tight": 0.0, "dual_solution_value": 0.0, "scaled_age": 0.2268041237113402}, "33": {"bias": -0.24253562503633297, "objective_cosine_similarity": -0.527610354301633, "is_tight": 0.0, "dual_solution_value": 0.0, "scaled_age": 0.061855670103092786}, "34": {"bias": -0.30151134457776363, "objective_cosine_similarity": -0.36567410380301024, "is_tight": 0.0, "dual_solution_value": 0.0, "scaled_age": 0.07216494845360824}, "35": {"bias": -0.2581988897471611, "objective_cosine_similarity": -0.4742772493008141, "is_tight": 0.0, "dual_solution_value": 0.0, "scaled_age": 0.2268041237113402}, "36": {"bias": -0.23570226039551587, "objective_cosine_similarity": -0.48360397041567665, "is_tight": 0.0, "dual_solution_value": 0.0, "scaled_age": 0.2268041237113402}, "37": {"bias": -0.31622776601683794, "objective_cosine_similarity": -0.32115332836717037, "is_tight": 0.0, "dual_solution_value": 0.0, "scaled_age": 0.2268041237113402}, "38": {"bias": -0.31622776601683794, "objective_cosine_similarity": -0.5333937888533004, "is_tight": 1.0, "dual_solution_value": -0.007622720182125882, "scaled_age": 0.0}, "39": {"bias": -0.2886751345948129, "objective_cosine_similarity": -0.3645524333062683, "is_tight": 0.0, "dual_solution_value": 0.0, "scaled_age": 0.2268041237113402}, "40": {"bias": -0.3779644730092272, "objective_cosine_similarity": -0.2125091721595778, "is_tight": 0.0, "dual_solution_value": 0.0, "scaled_age": 0.2268041237113402}, "41": {"bias": -0.2773500981126146, "objective_cosine_similarity": -0.46781729996234744, "is_tight": 0.0, "dual_solution_value": 0.0, "scaled_age": 0.041237113402061855}, "42": {"bias": -0.2886751345948129, "objective_cosine_similarity": -0.3832474298860769, "is_tight": 0.0, "dual_solution_value": 0.0, "scaled_age": 0.2268041237113402}, "43": {"bias": -0.30151134457776363, "objective_cosine_similarity": -0.3550234017504954, "is_tight": 0.0, "dual_solution_value": 0.0, "scaled_age": 0.2268041237113402}, "44": {"bias": -0.35355339059327373, "objective_cosine_similarity": -0.2716369503841282, "is_tight": 0.0, "dual_solution_value": 0.0, "scaled_age": 0.2268041237113402}, "45": {"bias": -0.2581988897471611, "objective_cosine_similarity": -0.4621162941905368, "is_tight": 0.0, "dual_solution_value": 0.0, "scaled_age": 0.18556701030927836}, "46": {"bias": -0.30151134457776363, "objective_cosine_similarity": -0.4597553052668915, "is_tight": 1.0, "dual_solution_value": -0.0003507045350483448, "scaled_age": 0.0}, "47": {"bias": -0.3333333333333333, "objective_cosine_similarity": -0.316938209312371, "is_tight": 0.0, "dual_solution_value": 0.0, "scaled_age": 0.2268041237113402}, "48": {"bias": -0.2773500981126146, "objective_cosine_similarity": -0.38617379211551545, "is_tight": 0.0, "dual_solution_value": 0.0, "scaled_age": 0.2268041237113402}, "49": {"bias": -0.3333333333333333, "objective_cosine_similarity": -0.19624656923366623, "is_tight": 0.0, "dual_solution_value": 0.0, "scaled_age": 0.2268041237113402}, "50": {"bias": -0.30151134457776363, "objective_cosine_similarity": -0.3452602582023568, "is_tight": 0.0, "dual_solution_value": 0.0, "scaled_age": 0.2268041237113402}, "51": {"bias": -0.2886751345948129, "objective_cosine_similarity": -0.452079008202645, "is_tight": 0.0, "dual_solution_value": 0.0, "scaled_age": 0.2268041237113402}, "52": {"bias": -0.2886751345948129, "objective_cosine_similarity": -0.5149621785165468, "is_tight": 1.0, "dual_solution_value": -0.007763384746426182, "scaled_age": 0.0}, "53": {"bias": -0.25, "objective_cosine_similarity": -0.509259847161364, "is_tight": 0.0, "dual_solution_value": 0.0, "scaled_age": 0.2268041237113402}, "54": {"bias": -0.3333333333333333, "objective_cosine_similarity": -0.42487382239088745, "is_tight": 0.0, "dual_solution_value": 0.0, "scaled_age": 0.020618556701030927}, "55": {"bias": -0.23570226039551587, "objective_cosine_similarity": -0.5432739007682565, "is_tight": 0.0, "dual_solution_value": 0.0, "scaled_age": 0.2268041237113402}, "56": {"bias": -0.2886751345948129, "objective_cosine_similarity": -0.33141130300569843, "is_tight": 0.0, "dual_solution_value": 0.0, "scaled_age": 0.2268041237113402}, "57": {"bias": -0.35355339059327373, "objective_cosine_similarity": -0.3039003429584883, "is_tight": 0.0, "dual_solution_value": 0.0, "scaled_age": 0.2268041237113402}, "58": {"bias": -0.2773500981126146, "objective_cosine_similarity": -0.40740110415569175, "is_tight": 0.0, "dual_solution_value": 0.0, "scaled_age": 0.2268041237113402}, "59": {"bias": -0.2672612419124244, "objective_cosine_similarity": -0.534194101980094, "is_tight": 1.0, "dual_solution_value": -0.0011739490131309582, "scaled_age": 0.0}, "60": {"bias": -0.2886751345948129, "objective_cosine_similarity": -0.453778553346264, "is_tight": 0.0, "dual_solution_value": 0.0, "scaled_age": 0.1958762886597938}, "61": {"bias": -0.2886751345948129, "objective_cosine_similarity": -0.3637026607344588, "is_tight": 0.0, "dual_solution_value": 0.0, "scaled_age": 0.2268041237113402}, "62": {"bias": -0.2773500981126146, "objective_cosine_similarity": -0.40985040939109674, "is_tight": 0.0, "dual_solution_value": 0.0, "scaled_age": 0.2268041237113402}, "63": {"bias": -0.22941573387056174, "objective_cosine_similarity": -0.412627094668447, "is_tight": 0.0, "dual_solution_value": 0.0, "scaled_age": 0.2268041237113402}, "64": {"bias": -0.2773500981126146, "objective_cosine_similarity": -0.4857788716886505, "is_tight": 0.0, "dual_solution_value": 0.0, "scaled_age": 0.13402061855670103}, "65": {"bias": -0.2886751345948129, "objective_cosine_similarity": -0.40109265389407606, "is_tight": 0.0, "dual_solution_value": 0.0, "scaled_age": 0.2268041237113402}, "66": {"bias": -0.2581988897471611, "objective_cosine_similarity": -0.4294337273316666, "is_tight": 0.0, "dual_solution_value": 0.0, "scaled_age": 0.2268041237113402}, "67": {"bias": -0.2581988897471611, "objective_cosine_similarity": -0.591326442237233, "is_tight": 1.0, "dual_solution_value": -0.004610094729561386, "scaled_age": 0.0}, "68": {"bias": -0.3333333333333333, "objective_cosine_similarity": -0.41604272677537246, "is_tight": 0.0, "dual_solution_value": 0.0, "scaled_age": 0.1134020618556701}, "69": {"bias": -0.23570226039551587, "objective_cosine_similarity": -0.5155204447903123, "is_tight": 0.0, "dual_solution_value": 0.0, "scaled_age": 0.20618556701030927}, "70": {"bias": -0.24253562503633297, "objective_cosine_similarity": -0.5597381837246013, "is_tight": 0.0, "dual_solution_value": 0.0, "scaled_age": 0.2268041237113402}, "71": {"bias": -0.2581988897471611, "objective_cosine_similarity": -0.4195529513045663, "is_tight": 0.0, "dual_solution_value": 0.0, "scaled_age": 0.2268041237113402}, "72": {"bias": -0.2581988897471611, "objective_cosine_similarity": -0.47579736868959877, "is_tight": 0.0, "dual_solution_value": 0.0, "scaled_age": 0.030927835051546393}, "73": {"bias": -0.24253562503633297, "objective_cosine_similarity": -0.5597381837246013, "is_tight": 0.0, "dual_solution_value": 0.0, "scaled_age": 0.2268041237113402}, "74": {"bias": -0.2672612419124244, "objective_cosine_similarity": -0.4806960181293629, "is_tight": 0.0, "dual_solution_value": 0.0, "scaled_age": 0.2268041237113402}, "75": {"bias": -0.3333333333333333, "objective_cosine_similarity": -0.4150614939292041, "is_tight": 0.0, "dual_solution_value": 0.0, "scaled_age": 0.07216494845360824}, "76": {"bias": -0.2886751345948129, "objective_cosine_similarity": -0.330561530433889, "is_tight": 0.0, "dual_solution_value": 0.0, "scaled_age": 0.2268041237113402}, "77": {"bias": -0.24253562503633297, "objective_cosine_similarity": -0.45050356368650946, "is_tight": 0.0, "dual_solution_value": 0.0, "scaled_age": 0.2268041237113402}, "78": {"bias": -0.2581988897471611, "objective_cosine_similarity": -0.5084799355484689, "is_tight": 0.0, "dual_solution_value": 0.0, "scaled_age": 0.2268041237113402}, "79": {"bias": -0.2672612419124244, "objective_cosine_similarity": -0.3713396408462509, "is_tight": 0.0, "dual_solution_value": 0.0, "scaled_age": 0.2268041237113402}, "80": {"bias": -0.2886751345948129, "objective_cosine_similarity": -0.4019424264658855, "is_tight": 0.0, "dual_solution_value": 0.0, "scaled_age": 0.05154639175257732}, "81": {"bias": -0.2773500981126146, "objective_cosine_similarity": -0.45883651409919596, "is_tight": 0.0, "dual_solution_value": 0.0, "scaled_age": 0.12371134020618557}, "82": {"bias": -0.4082482904638631, "objective_cosine_similarity": -0.1838692640858023, "is_tight": 0.0, "dual_solution_value": 0.0, "scaled_age": 0.2268041237113402}, "83": {"bias": -0.2886751345948129, "objective_cosine_similarity": -0.4095903796121709, "is_tight": 0.0, "dual_solution_value": 0.0, "scaled_age": 0.2268041237113402}, "84": {"bias": -0.2581988897471611, "objective_cosine_similarity": -0.48567814471669907, "is_tight": 0.0, "dual_solution_value": 0.0, "scaled_age": 0.020618556701030927}, "85": {"bias": -0.2886751345948129, "objective_cosine_similarity": -0.4163885601866468, "is_tight": 0.0, "dual_solution_value": 0.0, "scaled_age": 0.2268041237113402}, "86": {"bias": -0.3333333333333333, "objective_cosine_similarity": -0.4238925895447191, "is_tight": 1.0, "dual_solution_value": -0.007423296516549308, "scaled_age": 0.0}, "87": {"bias": -0.3333333333333333, "objective_cosine_similarity": -0.319881907850876, "is_tight": 0.0, "dual_solution_value": 0.0, "scaled_age": 0.2268041237113402}, "88": {"bias": -0.2672612419124244, "objective_cosine_similarity": -0.36819269473738436, "is_tight": 0.0, "dual_solution_value": 0.0, "scaled_age": 0.2268041237113402}, "89": {"bias": -0.24253562503633297, "objective_cosine_similarity": -0.646126347284138, "is_tight": 1.0, "dual_solution_value": -0.0035448274404856254, "scaled_age": 0.0}, "90": {"bias": -0.2672612419124244, "objective_cosine_similarity": -0.3965152097171831, "is_tight": 0.0, "dual_solution_value": 0.0, "scaled_age": 0.2268041237113402}, "91": {"bias": -0.35355339059327373, "objective_cosine_similarity": -0.31118562515269865, "is_tight": 0.0, "dual_solution_value": 0.0, "scaled_age": 0.2268041237113402}, "92": {"bias": -0.30151134457776363, "objective_cosine_similarity": -0.2946694234529112, "is_tight": 0.0, "dual_solution_value": 0.0, "scaled_age": 0.2268041237113402}, "93": {"bias": -0.2773500981126146, "objective_cosine_similarity": -0.40740110415569175, "is_tight": 0.0, "dual_solution_value": 0.0, "scaled_age": 0.2268041237113402}, "94": {"bias": -0.2886751345948129, "objective_cosine_similarity": -0.3891958378887433, "is_tight": 0.0, "dual_solution_value": 0.0, "scaled_age": 0.2268041237113402}, "95": {"bias": -0.30151134457776363, "objective_cosine_similarity": -0.364786545298634, "is_tight": 0.0, "dual_solution_value": 0.0, "scaled_age": 0.2268041237113402}, "96": {"bias": -0.3333333333333333, "objective_cosine_similarity": -0.38856820708265916, "is_tight": 0.0, "dual_solution_value": 0.0, "scaled_age": 0.030927835051546393}, "97": {"bias": -0.2886751345948129, "objective_cosine_similarity": -0.39429447331960016, "is_tight": 0.0, "dual_solution_value": 0.0, "scaled_age": 0.2268041237113402}, "98": {"bias": -0.2773500981126146, "objective_cosine_similarity": -0.3380041224858846, "is_tight": 0.0, "dual_solution_value": 0.0, "scaled_age": 0.2268041237113402}, "99": {"bias": -0.25, "objective_cosine_similarity": -0.42315666491009285, "is_tight": 0.0, "dual_solution_value": 0.0, "scaled_age": 0.2268041237113402}, "100": {"bias": -0.2581988897471611, "objective_cosine_similarity": -0.5138003534092153, "is_tight": 0.0, "dual_solution_value": 0.0, "scaled_age": 0.2268041237113402}, "101": {"bias": -0.30151134457776363, "objective_cosine_similarity": -0.4340161086399806, "is_tight": 1.0, "dual_solution_value": -2.2979206389097427e-05, "scaled_age": 0.0}, "102": {"bias": -0.24253562503633297, "objective_cosine_similarity": -0.46406864722065155, "is_tight": 0.0, "dual_solution_value": 0.0, "scaled_age": 0.2268041237113402}, "103": {"bias": -0.2773500981126146, "objective_cosine_similarity": -0.40985040939109674, "is_tight": 0.0, "dual_solution_value": 0.0, "scaled_age": 0.2268041237113402}, "104": {"bias": -0.2773500981126146, "objective_cosine_similarity": -0.3396369926428212, "is_tight": 0.0, "dual_solution_value": 0.0, "scaled_age": 0.2268041237113402}, "105": {"bias": -0.3333333333333333, "objective_cosine_similarity": -0.3296942363125593, "is_tight": 0.0, "dual_solution_value": 0.0, "scaled_age": 0.2268041237113402}, "106": {"bias": -0.2581988897471611, "objective_cosine_similarity": -0.4035916977223274, "is_tight": 0.0, "dual_solution_value": 0.0, "scaled_age": 0.2268041237113402}, "107": {"bias": -0.2773500981126146, "objective_cosine_similarity": -0.28411940730697544, "is_tight": 0.0, "dual_solution_value": 0.0, "scaled_age": 0.2268041237113402}, "108": {"bias": -0.24253562503633297, "objective_cosine_similarity": -0.4483617083916449, "is_tight": 0.0, "dual_solution_value": 0.0, "scaled_age": 0.2268041237113402}, "109": {"bias": -0.31622776601683794, "objective_cosine_similarity": -0.35187234238489973, "is_tight": 0.0, "dual_solution_value": 0.0, "scaled_age": 0.010309278350515464}, "110": {"bias": -0.3333333333333333, "objective_cosine_similarity": -0.4238925895447191, "is_tight": 1.0, "dual_solution_value": -1.9036333442590988e-06, "scaled_age": 0.0}, "111": {"bias": -0.2773500981126146, "objective_cosine_similarity": -0.46700086488387915, "is_tight": 0.0, "dual_solution_value": 0.0, "scaled_age": 0.2268041237113402}, "112": {"bias": -0.5657357148035357, "objective_cosine_similarity": -0.9614651824464767, "is_tight": 0.0, "dual_solution_value": -0.0, "scaled_age": 0.1134020618556701}, "113": {"bias": -0.5489403968241383, "objective_cosine_similarity": -0.9750771567277372, "is_tight": 0.0, "dual_solution_value": -0.0, "scaled_age": 0.041237113402061855}, "114": {"bias": -0.5874437827319728, "objective_cosine_similarity": -0.9830420413979071, "is_tight": 1.0, "dual_solution_value": -0.013281462429042335, "scaled_age": 0.0}, "115": {"bias": -0.4747126632775413, "objective_cosine_similarity": -0.8457829914687216, "is_tight": 1.0, "dual_solution_value": -2.0342162934313786e-05, "scaled_age": 0.0}, "116": {"bias": -0.5583407444150217, "objective_cosine_similarity": -0.9743009738794184, "is_tight": 1.0, "dual_solution_value": -2.987811862650748e-05, "scaled_age": 0.0}, "117": {"bias": -0.5333575224316215, "objective_cosine_similarity": -0.9638947222167159, "is_tight": 0.0, "dual_solution_value": -0.0, "scaled_age": 0.09278350515463918}, "118": {"bias": -0.5023310149673528, "objective_cosine_similarity": -0.9118718293398281, "is_tight": 0.0, "dual_solution_value": -0.0, "scaled_age": 0.041237113402061855}, "119": {"bias": -0.5357142857142857, "objective_cosine_similarity": -0.965427988538977, "is_tight": 0.0, "dual_solution_value": -0.0, "scaled_age": 0.05154639175257732}, "120": {"bias": -0.5592548233558728, "objective_cosine_similarity": -0.9710686051219191, "is_tight": 0.0, "dual_solution_value": -0.0, "scaled_age": 0.08247422680412371}, "121": {"bias": -0.5520176648479171, "objective_cosine_similarity": -0.9736417864549828, "is_tight": 0.0, "dual_solution_value": -0.0, "scaled_age": 0.05154639175257732}, "122": {"bias": -0.5648365486557102, "objective_cosine_similarity": -0.9807985034127586, "is_tight": 1.0, "dual_solution_value": -2.1279260746623583e-05, "scaled_age": 0.0}, "123": {"bias": -0.5576750043145519, "objective_cosine_similarity": -0.9656675955490555, "is_tight": 1.0, "dual_solution_value": -4.6980612936328214e-07, "scaled_age": 0.0}, "124": {"bias": -0.5610408535732833, "objective_cosine_similarity": -0.977280627520299, "is_tight": 1.0, "dual_solution_value": -1.731004391923025e-05, "scaled_age": 0.0}, "125": {"bias": -0.5579948214904569, "objective_cosine_similarity": -0.9723419128226078, "is_tight": 0.0, "dual_solution_value": -0.0, "scaled_age": 0.041237113402061855}, "126": {"bias": -0.5714767668127443, "objective_cosine_similarity": -0.9804489888541563, "is_tight": 1.0, "dual_solution_value": -1.171028817550874e-05, "scaled_age": 0.0}, "127": {"bias": -0.5520230070318992, "objective_cosine_similarity": -0.9687536324275197, "is_tight": 0.0, "dual_solution_value": -0.0, "scaled_age": 0.05154639175257732}, "128": {"bias": -0.5572774291104233, "objective_cosine_similarity": -0.9799460386057774, "is_tight": 1.0, "dual_solution_value": -1.8666093819573815e-06, "scaled_age": 0.0}, "129": {"bias": -0.5184758473652127, "objective_cosine_similarity": -0.9525242584022214, "is_tight": 1.0, "dual_solution_value": -1.1013170913632037e-05, "scaled_age": 0.0}, "130": {"bias": -0.5761911949132811, "objective_cosine_similarity": -0.9813278670006569, "is_tight": 1.0, "dual_solution_value": -0.001194339303482823, "scaled_age": 0.0}, "131": {"bias": -0.5590473254562955, "objective_cosine_similarity": -0.9807488403111028, "is_tight": 1.0, "dual_solution_value": -3.620117980597747e-06, "scaled_age": 0.0}, "132": {"bias": -0.583487504168792, "objective_cosine_similarity": -0.9800822962121278, "is_tight": 1.0, "dual_solution_value": -0.00020165337012290023, "scaled_age": 0.0}}