{"0": {"bias": -0.6546536707079772, "objective_cosine_similarity": -0.711051970240589, "is_tight": 1.0, "dual_solution_value": -7.812086350774878e-05, "scaled_age": 0.11818181818181818}, "1": {"bias": -1.2, "objective_cosine_similarity": -0.9026582326262462, "is_tight": 0.0, "dual_solution_value": -0.0, "scaled_age": 0.11818181818181818}, "2": {"bias": -0.9912279006826347, "objective_cosine_similarity": -0.8990912686551066, "is_tight": 0.0, "dual_solution_value": -0.0, "scaled_age": 0.03636363636363636}, "3": {"bias": -1.0462287486943735, "objective_cosine_similarity": -0.8542391726910104, "is_tight": 0.0, "dual_solution_value": -0.0, "scaled_age": 0.0}, "4": {"bias": -1.03209369308428, "objective_cosine_similarity": -0.8987299158129729, "is_tight": 1.0, "dual_solution_value": -0.00030908078775105795, "scaled_age": 0.07272727272727272}, "5": {"bias": -0.900998198005406, "objective_cosine_similarity": -0.8720624322735135, "is_tight": 1.0, "dual_solution_value": -0.00015595925251393408, "scaled_age": 0.01818181818181818}, "6": {"bias": -1.0872027586286017, "objective_cosine_similarity": -0.9223245642593842, "is_tight": 0.0, "dual_solution_value": -0.0, "scaled_age": 0.1}, "7": {"bias": -1.1087571091767954, "objective_cosine_similarity": -0.944076012547175, "is_tight": 0.0, "dual_solution_value": -0.0, "scaled_age": 0.00909090909090909}, "8": {"bias": -1.0660035817780522, "objective_cosine_similarity": -0.7620884232146505, "is_tight": 0.0, "dual_solution_value": -0.0, "scaled_age": 0.07272727272727272}, "9": {"bias": -1.110587552118594, "objective_cosine_similarity": -0.9452670092679968, "is_tight": 1.0, "dual_solution_value": -0.00011163357641261071, "scaled_age": 0.03636363636363636}, "10": {"bias": -1.0327955589886446, "objective_cosine_similarity": -0.9252017714426933, "is_tight": 0.0, "dual_solution_value": -0.0, "scaled_age": 0.11818181818181818}, "11": {"bias": -1.2102881322229477, "objective_cosine_similarity": -0.931851836041496, "is_tight": 1.0, "dual_solution_value": -0.022206639634924037, "scaled_age": 0.0}, "12": {"bias": -1.1750516272879092, "objective_cosine_similarity": -0.9624496175657715, "is_tight": 0.0, "dual_solution_value": 0.0, "scaled_age": 0.0}, "13": {"bias": -0.5, "objective_cosine_similarity": -0.3160620739499987, "is_tight": 0.0, "dual_solution_value": 0.0, "scaled_age": 0.2}, "14": {"bias": -0.4472135954999579, "objective_cosine_similarity": -0.30120427276346545, "is_tight": 0.0, "dual_solution_value": 0.0, "scaled_age": 0.06363636363636363}, "15": {"bias": -0.5773502691896258, "objective_cosine_similarity": -0.22592579096986865, "is_tight": 0.0, "dual_solution_value": 0.0, "scaled_age": 0.2}, "16": {"bias": -0.4472135954999579, "objective_cosine_similarity": -0.3197140325422259, "is_tight": 1.0, "dual_solution_value": -0.0040365401954850855, "scaled_age": 0.0}, "17": {"bias": -0.3333333333333333, "objective_cosine_similarity": -0.41263659654583157, "is_tight": 0.0, "dual_solution_value": 0.0, "scaled_age": 0.2}, "18": {"bias": -0.4082482904638631, "objective_cosine_similarity": -0.23041393101883934, "is_tight": 0.0, "dual_solution_value": 0.0, "scaled_age": 0.2}, "19": {"bias": -0.5773502691896258, "objective_cosine_similarity": -0.17161670660211176, "is_tight": 0.0, "dual_solution_value": 0.0, "scaled_age": 0.2}, "20": {"bias": -0.4472135954999579, "objective_cosine_similarity": -0.16490513257441125, "is_tight": 0.0, "dual_solution_value": 0.0, "scaled_age": 0.2}, "21": {"bias": -0.4472135954999579, "objective_cosine_similarity": -0.4829364596822044, "is_tight": 1.0, "dual_solution_value": -0.048798457598550275, "scaled_age": 0.0}, "22": {"bias": -0.4472135954999579, "objective_cosine_similarity": -0.28605992385357054, "is_tight": 1.0, "dual_solution_value": -0.0015100970827684847, "scaled_age": 0.00909090909090909}, "23": {"bias": -0.5773502691896258, "objective_cosine_similarity": -0.28675196546175635, "is_tight": 1.0, "dual_solution_value": 0.0, "scaled_age": 0.2}, "24": {"bias": -0.4082482904638631, "objective_cosine_similarity": -0.30568248181832686, "is_tight": 0.0, "dual_solution_value": 0.0, "scaled_age": 0.2}, "25": {"bias": -0.5773502691896258, "objective_cosine_similarity": -0.14772070948029872, "is_tight": 0.0, "dual_solution_value": 0.0, "scaled_age": 0.2}, "26": {"bias": -0.4472135954999579, "objective_cosine_similarity": -0.5334176227151874, "is_tight": 1.0, "dual_solution_value": -0.001953834476214346, "scaled_age": 0.0}, "27": {"bias": -0.7071067811865475, "objective_cosine_similarity": -0.09844186337308738, "is_tight": 0.0, "dual_solution_value": 0.0, "scaled_age": 0.2}, "28": {"bias": -0.4472135954999579, "objective_cosine_similarity": -0.37356060644407446, "is_tight": 1.0, "dual_solution_value": -0.01360727996903301, "scaled_age": 0.0}, "29": {"bias": -0.5773502691896258, "objective_cosine_similarity": -0.20854688397218646, "is_tight": 1.0, "dual_solution_value": -0.014433556240736825, "scaled_age": 0.0}, "30": {"bias": -0.4472135954999579, "objective_cosine_similarity": -0.21875170647625983, "is_tight": 0.0, "dual_solution_value": 0.0, "scaled_age": 0.2}, "31": {"bias": -0.4082482904638631, "objective_cosine_similarity": -0.3348682464140465, "is_tight": 0.0, "dual_solution_value": 0.0, "scaled_age": 0.2}, "32": {"bias": -0.4472135954999579, "objective_cosine_similarity": -0.1985592412630666, "is_tight": 0.0, "dual_solution_value": 0.0, "scaled_age": 0.2}, "33": {"bias": -0.5773502691896258, "objective_cosine_similarity": -0.10427344198609323, "is_tight": 0.0, "dual_solution_value": 0.0, "scaled_age": 0.2}, "34": {"bias": -0.7071067811865475, "objective_cosine_similarity": -0.15165368141259408, "is_tight": 0.0, "dual_solution_value": 0.0, "scaled_age": 0.2}, "35": {"bias": -0.3779644730092272, "objective_cosine_similarity": -0.2844291314731301, "is_tight": 0.0, "dual_solution_value": 0.0, "scaled_age": 0.2}, "36": {"bias": -0.4472135954999579, "objective_cosine_similarity": -0.3920703662228349, "is_tight": 0.0, "dual_solution_value": 0.0, "scaled_age": 0.0}, "37": {"bias": -0.3779644730092272, "objective_cosine_similarity": -0.28300698581576444, "is_tight": 0.0, "dual_solution_value": 0.0, "scaled_age": 0.2}, "38": {"bias": -0.5, "objective_cosine_similarity": -0.23892787733124898, "is_tight": 0.0, "dual_solution_value": 0.0, "scaled_age": 0.2}, "39": {"bias": -0.3779644730092272, "objective_cosine_similarity": -0.2872734227878614, "is_tight": 0.0, "dual_solution_value": 0.0, "scaled_age": 0.2}, "40": {"bias": -0.3779644730092272, "objective_cosine_similarity": -0.500595271392709, "is_tight": 1.0, "dual_solution_value": -0.005176702523042866, "scaled_age": 0.0}, "41": {"bias": -0.5, "objective_cosine_similarity": -0.3725017300124984, "is_tight": 1.0, "dual_solution_value": -0.00043331531032705093, "scaled_age": 0.0}, "42": {"bias": -0.4472135954999579, "objective_cosine_similarity": -0.28605992385357054, "is_tight": 0.0, "dual_solution_value": 0.0, "scaled_age": 0.2}, "43": {"bias": -0.5773502691896258, "objective_cosine_similarity": -0.1759614333515323, "is_tight": 0.0, "dual_solution_value": 0.0, "scaled_age": 0.2}, "44": {"bias": -0.4082482904638631, "objective_cosine_similarity": -0.4930858123803162, "is_tight": 1.0, "dual_solution_value": -0.0066512112087467505, "scaled_age": 0.0}, "45": {"bias": -0.4082482904638631, "objective_cosine_similarity": -0.12135133700325537, "is_tight": 0.0, "dual_solution_value": 0.0, "scaled_age": 0.2}, "46": {"bias": -0.5773502691896258, "objective_cosine_similarity": -0.20420215722276588, "is_tight": 0.0, "dual_solution_value": 0.0, "scaled_age": 0.2}, "47": {"bias": -0.5773502691896258, "objective_cosine_similarity": -0.15641016297913984, "is_tight": 0.0, "dual_solution_value": 0.0, "scaled_age": 0.2}, "48": {"bias": -0.4472135954999579, "objective_cosine_similarity": -0.3146659162389276, "is_tight": 1.0, "dual_solution_value": -0.01670482508962047, "scaled_age": 0.0}, "49": {"bias": -0.35355339059327373, "objective_cosine_similarity": -0.3844553853354359, "is_tight": 0.0, "dual_solution_value": 0.0, "scaled_age": 0.2}, "50": {"bias": -0.7071067811865475, "objective_cosine_similarity": -0.20486549945210078, "is_tight": 1.0, "dual_solution_value": -0.025239292788766216, "scaled_age": 0.0}, "51": {"bias": -0.4472135954999579, "objective_cosine_similarity": -0.2742809858125412, "is_tight": 1.0, "dual_solution_value": -0.0011740099078268972, "scaled_age": 0.0}, "52": {"bias": -0.4472135954999579, "objective_cosine_similarity": -0.46442669990344393, "is_tight": 1.0, "dual_solution_value": -0.004714939806648774, "scaled_age": 0.0}, "53": {"bias": -0.4082482904638631, "objective_cosine_similarity": -0.29492983170411435, "is_tight": 0.0, "dual_solution_value": 0.0, "scaled_age": 0.2}, "54": {"bias": -0.4472135954999579, "objective_cosine_similarity": -0.4038493042638643, "is_tight": 1.0, "dual_solution_value": -0.002004213573171408, "scaled_age": 0.2}, "55": {"bias": -0.4472135954999579, "objective_cosine_similarity": -0.13798184562348695, "is_tight": 0.0, "dual_solution_value": 0.0, "scaled_age": 0.2}, "56": {"bias": -0.5773502691896258, "objective_cosine_similarity": -0.06517090124130827, "is_tight": 1.0, "dual_solution_value": -0.0007392345710225801, "scaled_age": 0.03636363636363636}, "57": {"bias": -0.35355339059327373, "objective_cosine_similarity": -0.35917977176667015, "is_tight": 0.0, "dual_solution_value": 0.0, "scaled_age": 0.2}, "58": {"bias": -0.4472135954999579, "objective_cosine_similarity": -0.30120427276346545, "is_tight": 0.0, "dual_solution_value": 0.0, "scaled_age": 0.2}, "59": {"bias": -0.4472135954999579, "objective_cosine_similarity": -0.3533681412308812, "is_tight": 0.0, "dual_solution_value": 0.0, "scaled_age": 0.2}, "60": {"bias": -0.4472135954999579, "objective_cosine_similarity": -0.260819342337079, "is_tight": 0.0, "dual_solution_value": 0.0, "scaled_age": 0.2}, "61": {"bias": -0.3779644730092272, "objective_cosine_similarity": -0.4195329689228669, "is_tight": 1.0, "dual_solution_value": -0.00825168395665659, "scaled_age": 0.0}, "62": {"bias": -0.4472135954999579, "objective_cosine_similarity": -0.2759636912469739, "is_tight": 0.0, "dual_solution_value": 0.0, "scaled_age": 0.0}, "63": {"bias": -0.5773502691896258, "objective_cosine_similarity": -0.3193374160824105, "is_tight": 1.0, "dual_solution_value": -0.05934456016390311, "scaled_age": 0.0}, "64": {"bias": -0.5, "objective_cosine_similarity": -0.26526638349374887, "is_tight": 0.0, "dual_solution_value": 0.0, "scaled_age": 0.0}, "65": {"bias": -0.4472135954999579, "objective_cosine_similarity": -0.21538629560739428, "is_tight": 0.0, "dual_solution_value": 0.0, "scaled_age": 0.2}, "66": {"bias": -0.3779644730092272, "objective_cosine_similarity": -0.35269212302668135, "is_tight": 0.0, "dual_solution_value": 0.0, "scaled_age": 0.11818181818181818}, "67": {"bias": -0.4082482904638631, "objective_cosine_similarity": -0.30107420319795003, "is_tight": 0.0, "dual_solution_value": 0.0, "scaled_age": 0.2}, "68": {"bias": -0.4082482904638631, "objective_cosine_similarity": -0.3686622896301429, "is_tight": 1.0, "dual_solution_value": -0.0012269125122699345, "scaled_age": 0.02727272727272727}, "69": {"bias": -0.35355339059327373, "objective_cosine_similarity": -0.2886741128643238, "is_tight": 0.0, "dual_solution_value": 0.0, "scaled_age": 0.2}, "70": {"bias": -0.7071067811865475, "objective_cosine_similarity": -0.03458768172567935, "is_tight": 1.0, "dual_solution_value": -0.001537829732017325, "scaled_age": 0.0}, "71": {"bias": -0.4472135954999579, "objective_cosine_similarity": -0.2995215673290327, "is_tight": 0.0, "dual_solution_value": 0.0, "scaled_age": 0.2}, "72": {"bias": -0.5, "objective_cosine_similarity": -0.1900135087437492, "is_tight": 0.0, "dual_solution_value": 0.0, "scaled_age": 0.2}, "73": {"bias": -0.4472135954999579, "objective_cosine_similarity": -0.20192465213193214, "is_tight": 0.0, "dual_solution_value": 0.0, "scaled_age": 0.2}, "74": {"bias": -0.4472135954999579, "objective_cosine_similarity": -0.3449546140587174, "is_tight": 0.0, "dual_solution_value": 0.0, "scaled_age": 0.2}, "75": {"bias": -0.4082482904638631, "objective_cosine_similarity": -0.3993841470993215, "is_tight": 0.0, "dual_solution_value": 0.0, "scaled_age": 0.0}, "76": {"bias": -0.4082482904638631, "objective_cosine_similarity": -0.18740333056198932, "is_tight": 0.0, "dual_solution_value": 0.0, "scaled_age": 0.2}, "77": {"bias": -0.4082482904638631, "objective_cosine_similarity": -0.30107420319795003, "is_tight": 0.0, "dual_solution_value": 0.0, "scaled_age": 0.08181818181818182}, "78": {"bias": -0.3779644730092272, "objective_cosine_similarity": -0.3910900557755539, "is_tight": 0.0, "dual_solution_value": 0.0, "scaled_age": 0.00909090909090909}, "79": {"bias": -0.4082482904638631, "objective_cosine_similarity": -0.32718778204675186, "is_tight": 0.0, "dual_solution_value": 0.0, "scaled_age": 0.2}, "80": {"bias": -0.3779644730092272, "objective_cosine_similarity": -0.2673633835847423, "is_tight": 0.0, "dual_solution_value": 0.0, "scaled_age": 0.2}, "81": {"bias": -0.5773502691896258, "objective_cosine_similarity": -0.251994151466392, "is_tight": 1.0, "dual_solution_value": -0.04412297758605797, "scaled_age": 0.0}, "82": {"bias": -0.4082482904638631, "objective_cosine_similarity": -0.2288778381453804, "is_tight": 0.0, "dual_solution_value": 0.0, "scaled_age": 0.2}, "83": {"bias": -0.3779644730092272, "objective_cosine_similarity": -0.325671355536734, "is_tight": 0.0, "dual_solution_value": 0.0, "scaled_age": 0.2}, "84": {"bias": -0.7071067811865475, "objective_cosine_similarity": -0.12504777239284073, "is_tight": 0.0, "dual_solution_value": 0.0, "scaled_age": 0.12727272727272726}, "85": {"bias": -0.5, "objective_cosine_similarity": -0.4364666735499982, "is_tight": 1.0, "dual_solution_value": -0.027167003430230298, "scaled_age": 0.0}, "86": {"bias": -0.7071067811865475, "objective_cosine_similarity": -0.14101131780469273, "is_tight": 1.0, "dual_solution_value": -0.0019346213288686238, "scaled_age": 0.0}, "87": {"bias": -0.5773502691896258, "objective_cosine_similarity": -0.3301992329559619, "is_tight": 1.0, "dual_solution_value": -0.04344726749420551, "scaled_age": 0.0}, "88": {"bias": -0.5773502691896258, "objective_cosine_similarity": -0.2672006950893639, "is_tight": 1.0, "dual_solution_value": -0.017378906997682204, "scaled_age": 0.0}, "89": {"bias": -0.4082482904638631, "objective_cosine_similarity": -0.42242554020120543, "is_tight": 1.0, "dual_solution_value": 0.0, "scaled_age": 0.2}, "90": {"bias": -0.5, "objective_cosine_similarity": -0.3329939707687486, "is_tight": 1.0, "dual_solution_value": -0.003249305729421126, "scaled_age": 0.0}, "91": {"bias": -0.4472135954999579, "objective_cosine_similarity": -0.2810118075502722, "is_tight": 1.0, "dual_solution_value": -0.0014939408948920253, "scaled_age": 0.0}, "92": {"bias": -0.5, "objective_cosine_similarity": -0.24457184293749898, "is_tight": 0.0, "dual_solution_value": 0.0, "scaled_age": 0.1}, "93": {"bias": -0.4472135954999579, "objective_cosine_similarity": -0.28605992385357054, "is_tight": 1.0, "dual_solution_value": -0.014172797834189687, "scaled_age": 0.0}, "94": {"bias": -0.5773502691896258, "objective_cosine_similarity": -0.149893072855009, "is_tight": 1.0, "dual_solution_value": -0.004980070862782883, "scaled_age": 0.0}, "95": {"bias": -0.5, "objective_cosine_similarity": -0.1674376463187493, "is_tight": 0.0, "dual_solution_value": 0.0, "scaled_age": 0.2}, "96": {"bias": -1.1687965474445168, "objective_cosine_similarity": -0.9647575817325714, "is_tight": 0.0, "dual_solution_value": -0.0, "scaled_age": 0.08181818181818182}, "97": {"bias": -1.1307023272854122, "objective_cosine_similarity": -0.9549458916951458, "is_tight": 0.0, "dual_solution_value": -0.0, "scaled_age": 0.0}, "98": {"bias": -1.2059498809312283, "objective_cosine_similarity": -0.9619703409137123, "is_tight": 0.0, "dual_solution_value": -0.0, "scaled_age": 0.05454545454545454}, "99": {"bias": -1.1483127511183766, "objective_cosine_similarity": -0.9607984039105554, "is_tight": 1.0, "dual_solution_value": -0.00014263789665736675, "scaled_age": 0.01818181818181818}, "100": {"bias": -1.0969655114602888, "objective_cosine_similarity": -0.9478021403860931, "is_tight": 0.0, "dual_solution_value": -0.0, "scaled_age": 0.03636363636363636}, "101": {"bias": -1.1147728228665883, "objective_cosine_similarity": -0.9414015183545428, "is_tight": 0.0, "dual_solution_value": -0.0, "scaled_age": 0.0}, "102": {"bias": -1.168923713981891, "objective_cosine_similarity": -0.9321134600607566, "is_tight": 0.0, "dual_solution_value": -0.0, "scaled_age": 0.10909090909090909}, "103": {"bias": -1.1251300382605802, "objective_cosine_similarity": -0.9452021374230981, "is_tight": 0.0, "dual_solution_value": -0.0, "scaled_age": 0.10909090909090909}, "104": {"bias": -1.1678820383960251, "objective_cosine_similarity": -0.9609574302732944, "is_tight": 0.0, "dual_solution_value": -0.0, "scaled_age": 0.0}, "105": {"bias": -1.125931824581234, "objective_cosine_similarity": -0.9483516208781859, "is_tight": 0.0, "dual_solution_value": -0.0, "scaled_age": 0.03636363636363636}, "106": {"bias": -1.0588730430094635, "objective_cosine_similarity": -0.9461846406933361, "is_tight": 0.0, "dual_solution_value": -0.0, "scaled_age": 0.01818181818181818}, "107": {"bias": -1.1365822855470218, "objective_cosine_similarity": -0.9555309622068308, "is_tight": 0.0, "dual_solution_value": -0.0, "scaled_age": 0.00909090909090909}, "108": {"bias": -1.1252906601262813, "objective_cosine_similarity": -0.9611334031284422, "is_tight": 0.0, "dual_solution_value": -0.0, "scaled_age": 0.045454545454545456}, "109": {"bias": -0.8703882797784892, "objective_cosine_similarity": -0.7100115469900955, "is_tight": 0.0, "dual_solution_value": -0.0, "scaled_age": 0.0}, "110": {"bias": -1.1823692824766923, "objective_cosine_similarity": -0.9600706619691327, "is_tight": 0.0, "dual_solution_value": -0.0, "scaled_age": 0.0}, "111": {"bias": -1.1165317324378363, "objective_cosine_similarity": -0.9492510626446653, "is_tight": 0.0, "dual_solution_value": -0.0, "scaled_age": 0.0}, "112": {"bias": -1.1102889792108188, "objective_cosine_similarity": -0.9518293678730562, "is_tight": 1.0, "dual_solution_value": -3.525887140265879e-05, "scaled_age": 0.0}, "113": {"bias": -1.12089707663561, "objective_cosine_similarity": -0.9547297321747057, "is_tight": 0.0, "dual_solution_value": -0.0, "scaled_age": 0.01818181818181818}, "114": {"bias": -1.118136087648674, "objective_cosine_similarity": -0.962527180693754, "is_tight": 0.0, "dual_solution_value": -0.0, "scaled_age": 0.0}, "115": {"bias": -1.1588857270443904, "objective_cosine_similarity": -0.9598008965376349, "is_tight": 0.0, "dual_solution_value": -0.0, "scaled_age": 0.0}}