{"0": {"bias": -0.7276068751089989, "objective_cosine_similarity": -0.7894698507134157, "is_tight": 0.0, "dual_solution_value": -0.0, "scaled_age": 0.02531645569620253}, "1": {"bias": -0.7071067811865475, "objective_cosine_similarity": -0.9206721443881254, "is_tight": 0.0, "dual_solution_value": -0.0, "scaled_age": 0.17721518987341772}, "2": {"bias": -0.769800358919501, "objective_cosine_similarity": -0.8847063665626947, "is_tight": 0.0, "dual_solution_value": -0.0, "scaled_age": 0.06329113924050633}, "3": {"bias": -0.7453559924999299, "objective_cosine_similarity": -0.8502285609195068, "is_tight": 1.0, "dual_solution_value": -4.135626863589556e-05, "scaled_age": 0.0}, "4": {"bias": -0.5547001962252291, "objective_cosine_similarity": -0.6355189772199281, "is_tight": 0.0, "dual_solution_value": -0.0, "scaled_age": 0.05063291139240506}, "5": {"bias": -0.5345224838248488, "objective_cosine_similarity": -0.7802871546271085, "is_tight": 0.0, "dual_solution_value": -0.0, "scaled_age": 0.02531645569620253}, "6": {"bias": -0.8370557040338649, "objective_cosine_similarity": -0.9762891599807384, "is_tight": 0.0, "dual_solution_value": -0.0, "scaled_age": 0.10126582278481013}, "7": {"bias": -0.8446660301119137, "objective_cosine_similarity": -0.980127789439813, "is_tight": 0.0, "dual_solution_value": -0.0, "scaled_age": 0.11392405063291139}, "8": {"bias": -0.8671783523522986, "objective_cosine_similarity": -0.9665899442391818, "is_tight": 0.0, "dual_solution_value": -0.0, "scaled_age": 0.06329113924050633}, "9": {"bias": -0.7878385971583353, "objective_cosine_similarity": -0.8866910133849664, "is_tight": 0.0, "dual_solution_value": -0.0, "scaled_age": 0.0379746835443038}, "10": {"bias": -0.8971869166038421, "objective_cosine_similarity": -0.960922420587669, "is_tight": 1.0, "dual_solution_value": -2.248655584806579e-06, "scaled_age": 0.0}, "11": {"bias": -0.7834444080570783, "objective_cosine_similarity": -0.904348405173264, "is_tight": 0.0, "dual_solution_value": 0.0, "scaled_age": 0.1518987341772152}, "12": {"bias": -0.8272783601441802, "objective_cosine_similarity": -0.965134329620219, "is_tight": 0.0, "dual_solution_value": 0.0, "scaled_age": 0.012658227848101266}, "13": {"bias": -0.828017060847382, "objective_cosine_similarity": -0.9804199079535512, "is_tight": 0.0, "dual_solution_value": 0.0, "scaled_age": 0.05063291139240506}, "14": {"bias": -0.7973344635077582, "objective_cosine_similarity": -0.9765072077573281, "is_tight": 1.0, "dual_solution_value": -0.0004030333436765965, "scaled_age": 0.0}, "15": {"bias": -0.8294873507340339, "objective_cosine_similarity": -0.9515792834239487, "is_tight": 1.0, "dual_solution_value": -0.002047411030010391, "scaled_age": 0.0}, "16": {"bias": -0.8963527447681026, "objective_cosine_similarity": -0.9737303073060115, "is_tight": 1.0, "dual_solution_value": -0.0020474812614008704, "scaled_age": 0.0}, "17": {"bias": -0.8927848185572284, "objective_cosine_similarity": -0.9865821836081966, "is_tight": 1.0, "dual_solution_value": -0.018456520437307687, "scaled_age": 0.0}, "18": {"bias": -0.8514923580073073, "objective_cosine_similarity": -0.9622915467510073, "is_tight": 0.0, "dual_solution_value": 0.0, "scaled_age": 0.10126582278481013}, "19": {"bias": -0.8358538090464316, "objective_cosine_similarity": -0.9655669462330847, "is_tight": 1.0, "dual_solution_value": -0.016075916589982874, "scaled_age": 0.0}, "20": {"bias": -0.3779644730092272, "objective_cosine_similarity": -0.38581773290107874, "is_tight": 0.0, "dual_solution_value": 0.0, "scaled_age": 0.189873417721519}, "21": {"bias": -0.31622776601683794, "objective_cosine_similarity": -0.4717820937138719, "is_tight": 0.0, "dual_solution_value": 0.0, "scaled_age": 0.26582278481012656}, "22": {"bias": -0.35355339059327373, "objective_cosine_similarity": -0.3684707595413002, "is_tight": 0.0, "dual_solution_value": 0.0, "scaled_age": 0.13924050632911392}, "23": {"bias": -0.3779644730092272, "objective_cosine_similarity": -0.3777236545884687, "is_tight": 0.0, "dual_solution_value": 0.0, "scaled_age": 0.26582278481012656}, "24": {"bias": -0.2886751345948129, "objective_cosine_similarity": -0.64292326017289, "is_tight": 0.0, "dual_solution_value": 0.0, "scaled_age": 0.26582278481012656}, "25": {"bias": -0.35355339059327373, "objective_cosine_similarity": -0.3911847104719283, "is_tight": 0.0, "dual_solution_value": 0.0, "scaled_age": 0.26582278481012656}, "26": {"bias": -0.35355339059327373, "objective_cosine_similarity": -0.4239937507050578, "is_tight": 0.0, "dual_solution_value": 0.0, "scaled_age": 0.26582278481012656}, "27": {"bias": -0.3333333333333333, "objective_cosine_similarity": -0.5353729576861873, "is_tight": 1.0, "dual_solution_value": -0.00014777925260217546, "scaled_age": 0.0}, "28": {"bias": -0.35355339059327373, "objective_cosine_similarity": -0.5728963179169531, "is_tight": 1.0, "dual_solution_value": -7.433061802554253e-07, "scaled_age": 0.0}, "29": {"bias": -0.3333333333333333, "objective_cosine_similarity": -0.4187806246789732, "is_tight": 0.0, "dual_solution_value": 0.0, "scaled_age": 0.26582278481012656}, "30": {"bias": -0.3779644730092272, "objective_cosine_similarity": -0.5719815340911097, "is_tight": 0.0, "dual_solution_value": 0.0, "scaled_age": 0.0379746835443038}, "31": {"bias": -0.3779644730092272, "objective_cosine_similarity": -0.49373877706921265, "is_tight": 0.0, "dual_solution_value": 0.0, "scaled_age": 0.26582278481012656}, "32": {"bias": -0.4082482904638631, "objective_cosine_similarity": -0.4050739755773275, "is_tight": 1.0, "dual_solution_value": -7.402000965329098e-05, "scaled_age": 0.0}, "33": {"bias": -0.4472135954999579, "objective_cosine_similarity": -0.280926583332603, "is_tight": 0.0, "dual_solution_value": 0.0, "scaled_age": 0.26582278481012656}, "34": {"bias": -0.35355339059327373, "objective_cosine_similarity": -0.5678487732657024, "is_tight": 0.0, "dual_solution_value": 0.0, "scaled_age": 0.012658227848101266}, "35": {"bias": -0.3779644730092272, "objective_cosine_similarity": -0.3615354979632486, "is_tight": 0.0, "dual_solution_value": 0.0, "scaled_age": 0.26582278481012656}, "36": {"bias": -0.35355339059327373, "objective_cosine_similarity": -0.5022306927994434, "is_tight": 0.0, "dual_solution_value": 0.0, "scaled_age": 0.26582278481012656}, "37": {"bias": -0.31622776601683794, "objective_cosine_similarity": -0.4537234489784127, "is_tight": 0.0, "dual_solution_value": 0.0, "scaled_age": 0.26582278481012656}, "38": {"bias": -0.2773500981126146, "objective_cosine_similarity": -0.5642458208961978, "is_tight": 0.0, "dual_solution_value": 0.0, "scaled_age": 0.26582278481012656}, "39": {"bias": -0.4082482904638631, "objective_cosine_similarity": -0.4254733844193512, "is_tight": 0.0, "dual_solution_value": 0.0, "scaled_age": 0.26582278481012656}, "40": {"bias": -0.5773502691896258, "objective_cosine_similarity": -0.32970423598609744, "is_tight": 1.0, "dual_solution_value": -0.00037234637356011135, "scaled_age": 0.0}, "41": {"bias": -0.31622776601683794, "objective_cosine_similarity": -0.41760615950749425, "is_tight": 0.0, "dual_solution_value": 0.0, "scaled_age": 0.26582278481012656}, "42": {"bias": -0.4082482904638631, "objective_cosine_similarity": -0.2855917237883316, "is_tight": 0.0, "dual_solution_value": 0.0, "scaled_age": 0.26582278481012656}, "43": {"bias": -0.35355339059327373, "objective_cosine_similarity": -0.4744691972175647, "is_tight": 0.0, "dual_solution_value": 0.0, "scaled_age": 0.26582278481012656}, "44": {"bias": -0.4472135954999579, "objective_cosine_similarity": -0.4884291732941848, "is_tight": 0.0, "dual_solution_value": 0.0, "scaled_age": 0.0379746835443038}, "45": {"bias": -0.5773502691896258, "objective_cosine_similarity": -0.23903557108992066, "is_tight": 0.0, "dual_solution_value": 0.0, "scaled_age": 0.13924050632911392}, "46": {"bias": -0.30151134457776363, "objective_cosine_similarity": -0.4089332514837591, "is_tight": 0.0, "dual_solution_value": 0.0, "scaled_age": 0.26582278481012656}, "47": {"bias": -0.3779644730092272, "objective_cosine_similarity": -0.3912137851094854, "is_tight": 0.0, "dual_solution_value": 0.0, "scaled_age": 0.26582278481012656}, "48": {"bias": -0.3779644730092272, "objective_cosine_similarity": -0.4235900983599256, "is_tight": 0.0, "dual_solution_value": 0.0, "scaled_age": 0.26582278481012656}, "49": {"bias": -0.4082482904638631, "objective_cosine_similarity": -0.4167307806299124, "is_tight": 0.0, "dual_solution_value": 0.0, "scaled_age": 0.26582278481012656}, "50": {"bias": -0.4082482904638631, "objective_cosine_similarity": -0.3788461642090113, "is_tight": 0.0, "dual_solution_value": 0.0, "scaled_age": 0.21518987341772153}, "51": {"bias": -0.3333333333333333, "objective_cosine_similarity": -0.4544721551913857, "is_tight": 0.0, "dual_solution_value": 0.0, "scaled_age": 0.26582278481012656}, "52": {"bias": -0.4472135954999579, "objective_cosine_similarity": -0.2266566751888047, "is_tight": 0.0, "dual_solution_value": 0.0, "scaled_age": 0.26582278481012656}, "53": {"bias": -0.35355339059327373, "objective_cosine_similarity": -0.3760420765181763, "is_tight": 0.0, "dual_solution_value": 0.0, "scaled_age": 0.26582278481012656}, "54": {"bias": -0.4472135954999579, "objective_cosine_similarity": -0.46927508806696183, "is_tight": 1.0, "dual_solution_value": -0.01564776836518866, "scaled_age": 0.0}, "55": {"bias": -0.4082482904638631, "objective_cosine_similarity": -0.36427515789328013, "is_tight": 0.0, "dual_solution_value": 0.0, "scaled_age": 0.26582278481012656}, "56": {"bias": -0.3779644730092272, "objective_cosine_similarity": -0.4208920722557222, "is_tight": 0.0, "dual_solution_value": 0.0, "scaled_age": 0.26582278481012656}, "57": {"bias": -0.3333333333333333, "objective_cosine_similarity": -0.5187169101137281, "is_tight": 0.0, "dual_solution_value": 0.0, "scaled_age": 0.26582278481012656}, "58": {"bias": -0.4082482904638631, "objective_cosine_similarity": -0.326390541472379, "is_tight": 0.0, "dual_solution_value": 0.0, "scaled_age": 0.26582278481012656}, "59": {"bias": -0.30151134457776363, "objective_cosine_similarity": -0.41108553175472623, "is_tight": 0.0, "dual_solution_value": 0.0, "scaled_age": 0.26582278481012656}, "60": {"bias": -0.3779644730092272, "objective_cosine_similarity": -0.37502562848426535, "is_tight": 0.0, "dual_solution_value": 0.0, "scaled_age": 0.26582278481012656}, "61": {"bias": -0.4082482904638631, "objective_cosine_similarity": -0.37301776168271883, "is_tight": 0.0, "dual_solution_value": 0.0, "scaled_age": 0.26582278481012656}, "62": {"bias": -0.30151134457776363, "objective_cosine_similarity": -0.48856762150954375, "is_tight": 0.0, "dual_solution_value": 0.0, "scaled_age": 0.26582278481012656}, "63": {"bias": -0.35355339059327373, "objective_cosine_similarity": -0.4643741079150633, "is_tight": 0.0, "dual_solution_value": 0.0, "scaled_age": 0.02531645569620253}, "64": {"bias": -0.35355339059327373, "objective_cosine_similarity": -0.403803572100055, "is_tight": 0.0, "dual_solution_value": 0.0, "scaled_age": 0.26582278481012656}, "65": {"bias": -0.3779644730092272, "objective_cosine_similarity": -0.3966098373178921, "is_tight": 0.0, "dual_solution_value": 0.0, "scaled_age": 0.26582278481012656}, "66": {"bias": -0.35355339059327373, "objective_cosine_similarity": -0.3684707595413002, "is_tight": 0.0, "dual_solution_value": 0.0, "scaled_age": 0.26582278481012656}, "67": {"bias": -0.3333333333333333, "objective_cosine_similarity": -0.4830253796013157, "is_tight": 0.0, "dual_solution_value": 0.0, "scaled_age": 0.26582278481012656}, "68": {"bias": -0.31622776601683794, "objective_cosine_similarity": -0.39729018418010265, "is_tight": 0.0, "dual_solution_value": 0.0, "scaled_age": 0.26582278481012656}, "69": {"bias": -0.3779644730092272, "objective_cosine_similarity": -0.434382202776739, "is_tight": 0.0, "dual_solution_value": 0.0, "scaled_age": 0.26582278481012656}, "70": {"bias": -0.4082482904638631, "objective_cosine_similarity": -0.36718935915642636, "is_tight": 1.0, "dual_solution_value": -0.00011552688537211977, "scaled_age": 0.0}, "71": {"bias": -0.31622776601683794, "objective_cosine_similarity": -0.4537234489784127, "is_tight": 0.0, "dual_solution_value": 0.0, "scaled_age": 0.26582278481012656}, "72": {"bias": -0.4082482904638631, "objective_cosine_similarity": -0.34387574905125645, "is_tight": 0.0, "dual_solution_value": 0.0, "scaled_age": 0.05063291139240506}, "73": {"bias": -0.3779644730092272, "objective_cosine_similarity": -0.3048769497749783, "is_tight": 0.0, "dual_solution_value": 0.0, "scaled_age": 0.26582278481012656}, "74": {"bias": -0.5, "objective_cosine_similarity": -0.36405361122660734, "is_tight": 1.0, "dual_solution_value": -0.004915689273802858, "scaled_age": 0.0}, "75": {"bias": -0.35355339059327373, "objective_cosine_similarity": -0.34070926395942147, "is_tight": 0.0, "dual_solution_value": 0.0, "scaled_age": 0.26582278481012656}, "76": {"bias": -0.3779644730092272, "objective_cosine_similarity": -0.4047039156305022, "is_tight": 1.0, "dual_solution_value": -0.00016013995437577847, "scaled_age": 0.0}, "77": {"bias": -0.5, "objective_cosine_similarity": -0.3676227642778486, "is_tight": 1.0, "dual_solution_value": -0.00040893995203353234, "scaled_age": 0.0}, "78": {"bias": -0.3779644730092272, "objective_cosine_similarity": -0.43708022888094233, "is_tight": 0.0, "dual_solution_value": 0.0, "scaled_age": 0.0379746835443038}, "79": {"bias": -0.35355339059327373, "objective_cosine_similarity": -0.4870880588456914, "is_tight": 0.0, "dual_solution_value": 0.0, "scaled_age": 0.26582278481012656}, "80": {"bias": -0.31622776601683794, "objective_cosine_similarity": -0.3634302253011166, "is_tight": 0.0, "dual_solution_value": 0.0, "scaled_age": 0.26582278481012656}, "81": {"bias": -0.4082482904638631, "objective_cosine_similarity": -0.31764793768294025, "is_tight": 0.0, "dual_solution_value": 0.0, "scaled_age": 0.26582278481012656}, "82": {"bias": -0.3779644730092272, "objective_cosine_similarity": -0.4020058895262988, "is_tight": 0.0, "dual_solution_value": 0.0, "scaled_age": 0.26582278481012656}, "83": {"bias": -0.4082482904638631, "objective_cosine_similarity": -0.36427515789328013, "is_tight": 0.0, "dual_solution_value": 0.0, "scaled_age": 0.26582278481012656}, "84": {"bias": -0.2773500981126146, "objective_cosine_similarity": -0.514750573449163, "is_tight": 0.0, "dual_solution_value": 0.0, "scaled_age": 0.26582278481012656}, "85": {"bias": -0.35355339059327373, "objective_cosine_similarity": -0.4668978802406886, "is_tight": 0.0, "dual_solution_value": 0.0, "scaled_age": 0.26582278481012656}, "86": {"bias": -0.3779644730092272, "objective_cosine_similarity": -0.6016598212373465, "is_tight": 1.0, "dual_solution_value": -0.00023929584885646243, "scaled_age": 0.0}, "87": {"bias": -0.3779644730092272, "objective_cosine_similarity": -0.3129710280875883, "is_tight": 0.0, "dual_solution_value": 0.0, "scaled_age": 0.26582278481012656}, "88": {"bias": -0.30151134457776363, "objective_cosine_similarity": -0.5380700677417882, "is_tight": 0.0, "dual_solution_value": 0.0, "scaled_age": 0.26582278481012656}, "89": {"bias": -0.35355339059327373, "objective_cosine_similarity": -0.3785658488438016, "is_tight": 0.0, "dual_solution_value": 0.0, "scaled_age": 0.26582278481012656}, "90": {"bias": -0.4472135954999579, "objective_cosine_similarity": -0.3479658816278833, "is_tight": 0.0, "dual_solution_value": 0.0, "scaled_age": 0.26582278481012656}, "91": {"bias": -0.5, "objective_cosine_similarity": -0.2926705502017824, "is_tight": 1.0, "dual_solution_value": -0.0001333411097942573, "scaled_age": 0.0}, "92": {"bias": -0.3779644730092272, "objective_cosine_similarity": -0.4802486465481959, "is_tight": 0.0, "dual_solution_value": 0.0, "scaled_age": 0.26582278481012656}, "93": {"bias": -0.4472135954999579, "objective_cosine_similarity": -0.20111789488584078, "is_tight": 0.0, "dual_solution_value": 0.0, "scaled_age": 0.26582278481012656}, "94": {"bias": -0.35355339059327373, "objective_cosine_similarity": -0.5678487732657024, "is_tight": 0.0, "dual_solution_value": 0.0, "scaled_age": 0.1518987341772152}, "95": {"bias": -0.5, "objective_cosine_similarity": -0.2641173257918524, "is_tight": 0.0, "dual_solution_value": 0.0, "scaled_age": 0.26582278481012656}, "96": {"bias": -0.4472135954999579, "objective_cosine_similarity": -0.280926583332603, "is_tight": 0.0, "dual_solution_value": 0.0, "scaled_age": 0.26582278481012656}, "97": {"bias": -0.35355339059327373, "objective_cosine_similarity": -0.4239937507050578, "is_tight": 0.0, "dual_solution_value": 0.0, "scaled_age": 0.0379746835443038}, "98": {"bias": -0.35355339059327373, "objective_cosine_similarity": -0.35332812558754817, "is_tight": 0.0, "dual_solution_value": 0.0, "scaled_age": 0.26582278481012656}, "99": {"bias": -0.3333333333333333, "objective_cosine_similarity": -0.4758870734988332, "is_tight": 0.0, "dual_solution_value": 0.0, "scaled_age": 0.26582278481012656}, "100": {"bias": -0.31622776601683794, "objective_cosine_similarity": -0.40180484536396743, "is_tight": 0.0, "dual_solution_value": 0.0, "scaled_age": 0.26582278481012656}, "101": {"bias": -0.3779644730092272, "objective_cosine_similarity": -0.504530881486026, "is_tight": 0.0, "dual_solution_value": 0.0, "scaled_age": 0.21518987341772153}, "102": {"bias": -0.4082482904638631, "objective_cosine_similarity": -0.32930474273552524, "is_tight": 0.0, "dual_solution_value": 0.0, "scaled_age": 0.26582278481012656}, "103": {"bias": -0.3779644730092272, "objective_cosine_similarity": -0.442476281089349, "is_tight": 0.0, "dual_solution_value": 0.0, "scaled_age": 0.26582278481012656}, "104": {"bias": -0.3779644730092272, "objective_cosine_similarity": -0.32106510640019836, "is_tight": 0.0, "dual_solution_value": 0.0, "scaled_age": 0.26582278481012656}, "105": {"bias": -0.31622776601683794, "objective_cosine_similarity": -0.4559807795703451, "is_tight": 0.0, "dual_solution_value": 0.0, "scaled_age": 0.26582278481012656}, "106": {"bias": -0.4082482904638631, "objective_cosine_similarity": -0.4983284159980072, "is_tight": 1.0, "dual_solution_value": -0.00013819812363187372, "scaled_age": 0.0}, "107": {"bias": -0.3333333333333333, "objective_cosine_similarity": -0.3711919173290899, "is_tight": 0.0, "dual_solution_value": 0.0, "scaled_age": 0.26582278481012656}, "108": {"bias": -0.31622776601683794, "objective_cosine_similarity": -0.45146611838648026, "is_tight": 0.0, "dual_solution_value": 0.0, "scaled_age": 0.26582278481012656}, "109": {"bias": -0.5, "objective_cosine_similarity": -0.24270240748440491, "is_tight": 1.0, "dual_solution_value": -0.020355565411216928, "scaled_age": 0.0}, "110": {"bias": -0.4082482904638631, "objective_cosine_similarity": -0.39924557305103503, "is_tight": 1.0, "dual_solution_value": -4.628863262126219e-05, "scaled_age": 0.0}, "111": {"bias": -0.4082482904638631, "objective_cosine_similarity": -0.3497041515775489, "is_tight": 0.0, "dual_solution_value": 0.0, "scaled_age": 0.26582278481012656}, "112": {"bias": -0.4082482904638631, "objective_cosine_similarity": -0.3497041515775489, "is_tight": 0.0, "dual_solution_value": 0.0, "scaled_age": 0.26582278481012656}, "113": {"bias": -0.4082482904638631, "objective_cosine_similarity": -0.4167307806299124, "is_tight": 0.0, "dual_solution_value": 0.0, "scaled_age": 0.26582278481012656}, "114": {"bias": -0.4082482904638631, "objective_cosine_similarity": -0.36718935915642636, "is_tight": 0.0, "dual_solution_value": 0.0, "scaled_age": 0.26582278481012656}, "115": {"bias": -0.35355339059327373, "objective_cosine_similarity": -0.3381854916337961, "is_tight": 0.0, "dual_solution_value": 0.0, "scaled_age": 0.26582278481012656}, "116": {"bias": -0.4472135954999579, "objective_cosine_similarity": -0.41181283238529304, "is_tight": 1.0, "dual_solution_value": -0.008323378372035907, "scaled_age": 0.0}, "117": {"bias": -0.35355339059327373, "objective_cosine_similarity": -0.6839423002444682, "is_tight": 0.0, "dual_solution_value": 0.0, "scaled_age": 0.012658227848101266}, "118": {"bias": -0.6030226891555273, "objective_cosine_similarity": -0.6865774064385218, "is_tight": 0.0, "dual_solution_value": -0.0, "scaled_age": 0.0759493670886076}, "119": {"bias": -0.6666666666666666, "objective_cosine_similarity": -0.7864033889568218, "is_tight": 0.0, "dual_solution_value": -0.0, "scaled_age": 0.05063291139240506}, "120": {"bias": -0.808290376865476, "objective_cosine_similarity": -0.9256446425309685, "is_tight": 0.0, "dual_solution_value": -0.0, "scaled_age": 0.13924050632911392}, "121": {"bias": -0.8106805439069019, "objective_cosine_similarity": -0.9708079741776945, "is_tight": 0.0, "dual_solution_value": -0.0, "scaled_age": 0.17721518987341772}, "122": {"bias": -0.8308119919485895, "objective_cosine_similarity": -0.9813566284934343, "is_tight": 0.0, "dual_solution_value": -0.0, "scaled_age": 0.012658227848101266}, "123": {"bias": -0.7960297521679913, "objective_cosine_similarity": -0.9588888063548555, "is_tight": 0.0, "dual_solution_value": -0.0, "scaled_age": 0.05063291139240506}, "124": {"bias": -0.8176235608718829, "objective_cosine_similarity": -0.9614220385853345, "is_tight": 0.0, "dual_solution_value": -0.0, "scaled_age": 0.02531645569620253}, "125": {"bias": -0.8504589870893515, "objective_cosine_similarity": -0.9869215798805234, "is_tight": 1.0, "dual_solution_value": -0.02166689512332471, "scaled_age": 0.0}, "126": {"bias": -0.8710505614034648, "objective_cosine_similarity": -0.9898838542233844, "is_tight": 1.0, "dual_solution_value": -0.008710402873212864, "scaled_age": 0.0}, "127": {"bias": -0.6546536707079772, "objective_cosine_similarity": -0.8380458804778329, "is_tight": 0.0, "dual_solution_value": -0.0, "scaled_age": 0.012658227848101266}, "128": {"bias": -0.7905694150420948, "objective_cosine_similarity": -0.972909485122865, "is_tight": 0.0, "dual_solution_value": -0.0, "scaled_age": 0.05063291139240506}, "129": {"bias": -0.8411784753765535, "objective_cosine_similarity": -0.968883396723258, "is_tight": 1.0, "dual_solution_value": -4.22996282666477e-05, "scaled_age": 0.0}, "130": {"bias": -0.8219949365267865, "objective_cosine_similarity": -0.9617080761983333, "is_tight": 0.0, "dual_solution_value": -0.0, "scaled_age": 0.0759493670886076}, "131": {"bias": -0.8503904055243743, "objective_cosine_similarity": -0.9682203498889294, "is_tight": 0.0, "dual_solution_value": -0.0, "scaled_age": 0.02531645569620253}, "132": {"bias": -0.8189230248533256, "objective_cosine_similarity": -0.9784841337910808, "is_tight": 0.0, "dual_solution_value": -0.0, "scaled_age": 0.05063291139240506}, "133": {"bias": -0.8505317485662419, "objective_cosine_similarity": -0.9882024689505668, "is_tight": 1.0, "dual_solution_value": -2.556492271442618e-05, "scaled_age": 0.0}, "134": {"bias": -0.8360796171499412, "objective_cosine_similarity": -0.9618736482608313, "is_tight": 1.0, "dual_solution_value": -0.00026928006637814164, "scaled_age": 0.0}, "135": {"bias": -0.8533849172695832, "objective_cosine_similarity": -0.9835086400398504, "is_tight": 1.0, "dual_solution_value": -2.3398709443199877e-05, "scaled_age": 0.0}, "136": {"bias": -0.803016981165593, "objective_cosine_similarity": -0.959782059042548, "is_tight": 1.0, "dual_solution_value": -2.7391284911984104e-05, "scaled_age": 0.0}}