{"0": {"bias": -0.9899494936611665, "objective_cosine_similarity": -0.7797390268474346, "is_tight": 0.0, "dual_solution_value": -0.0, "scaled_age": 0.019230769230769232}, "1": {"bias": -0.8320502943378437, "objective_cosine_similarity": -0.6305442972058248, "is_tight": 0.0, "dual_solution_value": -0.0, "scaled_age": 0.009615384615384616}, "2": {"bias": -0.7276068751089989, "objective_cosine_similarity": -0.5155760263412953, "is_tight": 1.0, "dual_solution_value": -2.1222416250607122e-06, "scaled_age": 0.0}, "3": {"bias": -1.0801234497346432, "objective_cosine_similarity": -0.8065694410553148, "is_tight": 0.0, "dual_solution_value": -0.0, "scaled_age": 0.09615384615384616}, "4": {"bias": -1.2792042981336627, "objective_cosine_similarity": -0.8749466271304837, "is_tight": 0.0, "dual_solution_value": -0.0, "scaled_age": 0.038461538461538464}, "5": {"bias": -0.917662935482247, "objective_cosine_similarity": -0.7946716618331402, "is_tight": 1.0, "dual_solution_value": -0.007899558063146883, "scaled_age": 0.0}, "6": {"bias": -0.6324555320336759, "objective_cosine_similarity": -0.5873157707201825, "is_tight": 0.0, "dual_solution_value": -0.0, "scaled_age": 0.057692307692307696}, "7": {"bias": -1.317171119876284, "objective_cosine_similarity": -0.832634156042484, "is_tight": 1.0, "dual_solution_value": -3.279663844027202e-06, "scaled_age": 0.0}, "8": {"bias": -1.1983881412762183, "objective_cosine_similarity": -0.7589457338659181, "is_tight": 1.0, "dual_solution_value": -1.4813239911703938e-06, "scaled_age": 0.0}, "9": {"bias": -1.3249973500079502, "objective_cosine_similarity": -0.9518482741488572, "is_tight": 0.0, "dual_solution_value": -0.0, "scaled_age": 0.09615384615384616}, "10": {"bias": -1.0, "objective_cosine_similarity": -0.8435967940208478, "is_tight": 0.0, "dual_solution_value": -0.0, "scaled_age": 0.057692307692307696}, "11": {"bias": -1.2920387617442872, "objective_cosine_similarity": -0.9090352630549726, "is_tight": 0.0, "dual_solution_value": -0.0, "scaled_age": 0.0673076923076923}, "12": {"bias": -1.1523319193960637, "objective_cosine_similarity": -0.8411717989180083, "is_tight": 1.0, "dual_solution_value": -9.671680534447128e-06, "scaled_age": 0.0}, "13": {"bias": -1.3826960740685668, "objective_cosine_similarity": -0.8908083695292898, "is_tight": 0.0, "dual_solution_value": 0.0, "scaled_age": 0.057692307692307696}, "14": {"bias": -1.3927707618870213, "objective_cosine_similarity": -0.9370457525013309, "is_tight": 0.0, "dual_solution_value": 0.0, "scaled_age": 0.009615384615384616}, "15": {"bias": -1.4013849323854783, "objective_cosine_similarity": -0.9265608167649123, "is_tight": 0.0, "dual_solution_value": 0.0, "scaled_age": 0.0673076923076923}, "16": {"bias": -1.3719931565365078, "objective_cosine_similarity": -0.9470170024412471, "is_tight": 1.0, "dual_solution_value": -0.008748517755058942, "scaled_age": 0.0}, "17": {"bias": -1.3970994789548823, "objective_cosine_similarity": -0.919770743473267, "is_tight": 1.0, "dual_solution_value": -0.0020472883729552548, "scaled_age": 0.0}, "18": {"bias": -0.4472135954999579, "objective_cosine_similarity": -0.22015636655009593, "is_tight": 0.0, "dual_solution_value": 0.0, "scaled_age": 0.028846153846153848}, "19": {"bias": -0.5773502691896258, "objective_cosine_similarity": -0.24546328610592558, "is_tight": 1.0, "dual_solution_value": -9.105597952276923e-05, "scaled_age": 0.0}, "20": {"bias": -0.5, "objective_cosine_similarity": -0.24837995792125758, "is_tight": 0.0, "dual_solution_value": 0.0, "scaled_age": 0.019230769230769232}, "21": {"bias": -0.4082482904638631, "objective_cosine_similarity": -0.18818507027575646, "is_tight": 0.0, "dual_solution_value": 0.0, "scaled_age": 0.20192307692307693}, "22": {"bias": -0.4082482904638631, "objective_cosine_similarity": -0.381851259103234, "is_tight": 0.0, "dual_solution_value": 0.0, "scaled_age": 0.20192307692307693}, "23": {"bias": -0.4082482904638631, "objective_cosine_similarity": -0.25943961144813027, "is_tight": 0.0, "dual_solution_value": 0.0, "scaled_age": 0.20192307692307693}, "24": {"bias": -0.3333333333333333, "objective_cosine_similarity": -0.4624491709044435, "is_tight": 0.0, "dual_solution_value": 0.0, "scaled_age": 0.20192307692307693}, "25": {"bias": -0.4472135954999579, "objective_cosine_similarity": -0.23016347412055485, "is_tight": 0.0, "dual_solution_value": 0.0, "scaled_age": 0.20192307692307693}, "26": {"bias": -0.4472135954999579, "objective_cosine_similarity": -0.2701919044023905, "is_tight": 0.0, "dual_solution_value": 0.0, "scaled_age": 0.20192307692307693}, "27": {"bias": -0.5, "objective_cosine_similarity": -0.16111132405703193, "is_tight": 1.0, "dual_solution_value": -0.0003977973012329013, "scaled_age": 0.0}, "28": {"bias": -0.4082482904638631, "objective_cosine_similarity": -0.28319112517225487, "is_tight": 0.0, "dual_solution_value": 0.0, "scaled_age": 0.20192307692307693}, "29": {"bias": -0.5, "objective_cosine_similarity": -0.32446030539263376, "is_tight": 1.0, "dual_solution_value": -0.014798011069307877, "scaled_age": 0.0}, "30": {"bias": -0.5, "objective_cosine_similarity": -0.2058644696284297, "is_tight": 0.0, "dual_solution_value": 0.0, "scaled_age": 0.20192307692307693}, "31": {"bias": -0.4082482904638631, "objective_cosine_similarity": -0.26857480903433206, "is_tight": 0.0, "dual_solution_value": 0.0, "scaled_age": 0.20192307692307693}, "32": {"bias": -0.4082482904638631, "objective_cosine_similarity": -0.4841654720686938, "is_tight": 0.0, "dual_solution_value": 0.0, "scaled_age": 0.20192307692307693}, "33": {"bias": -0.5773502691896258, "objective_cosine_similarity": -0.23771181391310686, "is_tight": 0.0, "dual_solution_value": 0.0, "scaled_age": 0.07692307692307693}, "34": {"bias": -0.7071067811865475, "objective_cosine_similarity": -0.19620056682037718, "is_tight": 1.0, "dual_solution_value": -0.004353972620976371, "scaled_age": 0.0}, "35": {"bias": -0.4082482904638631, "objective_cosine_similarity": -0.49512770917213594, "is_tight": 1.0, "dual_solution_value": -0.02190818236021607, "scaled_age": 0.0}, "36": {"bias": -0.3779644730092272, "objective_cosine_similarity": -0.2655670555779578, "is_tight": 0.0, "dual_solution_value": 0.0, "scaled_age": 0.20192307692307693}, "37": {"bias": -0.5, "objective_cosine_similarity": -0.1924385259570104, "is_tight": 0.0, "dual_solution_value": 0.0, "scaled_age": 0.20192307692307693}, "38": {"bias": -0.7071067811865475, "objective_cosine_similarity": -0.1613907888361167, "is_tight": 1.0, "dual_solution_value": -1.0673005855086638e-05, "scaled_age": 0.0}, "39": {"bias": -0.5, "objective_cosine_similarity": -0.08726863386422563, "is_tight": 0.0, "dual_solution_value": 0.0, "scaled_age": 0.20192307692307693}, "40": {"bias": -0.4472135954999579, "objective_cosine_similarity": -0.3122217561983179, "is_tight": 0.0, "dual_solution_value": 0.0, "scaled_age": 0.20192307692307693}, "41": {"bias": -0.4472135954999579, "objective_cosine_similarity": -0.22616063109237128, "is_tight": 0.0, "dual_solution_value": 0.0, "scaled_age": 0.20192307692307693}, "42": {"bias": -0.5, "objective_cosine_similarity": -0.4721456857782464, "is_tight": 1.0, "dual_solution_value": -0.04059392487107088, "scaled_age": 0.0}, "43": {"bias": -0.7071067811865475, "objective_cosine_similarity": -0.06961955596852093, "is_tight": 0.0, "dual_solution_value": 0.0, "scaled_age": 0.18269230769230768}, "44": {"bias": -0.3779644730092272, "objective_cosine_similarity": -0.32815292217913256, "is_tight": 0.0, "dual_solution_value": 0.0, "scaled_age": 0.20192307692307693}, "45": {"bias": -0.7071067811865475, "objective_cosine_similarity": -0.12341648558055984, "is_tight": 0.0, "dual_solution_value": 0.0, "scaled_age": 0.17307692307692307}, "46": {"bias": -0.5, "objective_cosine_similarity": -0.13873475127133306, "is_tight": 0.0, "dual_solution_value": 0.0, "scaled_age": 0.20192307692307693}, "47": {"bias": -0.4472135954999579, "objective_cosine_similarity": -0.17812651475416852, "is_tight": 0.0, "dual_solution_value": 0.0, "scaled_age": 0.20192307692307693}, "48": {"bias": -0.4472135954999579, "objective_cosine_similarity": -0.3742658231351631, "is_tight": 0.0, "dual_solution_value": 0.0, "scaled_age": 0.20192307692307693}, "49": {"bias": -0.5, "objective_cosine_similarity": -0.11859583576420407, "is_tight": 0.0, "dual_solution_value": 0.0, "scaled_age": 0.20192307692307693}, "50": {"bias": -0.5, "objective_cosine_similarity": -0.2640435588712468, "is_tight": 0.0, "dual_solution_value": 0.0, "scaled_age": 0.20192307692307693}, "51": {"bias": -0.5, "objective_cosine_similarity": -0.2819448170998059, "is_tight": 0.0, "dual_solution_value": 0.0, "scaled_age": 0.20192307692307693}, "52": {"bias": -0.5, "objective_cosine_similarity": -0.34907453545690253, "is_tight": 1.0, "dual_solution_value": -0.02669847485206944, "scaled_age": 0.0}, "53": {"bias": -0.4472135954999579, "objective_cosine_similarity": -0.4703340558115686, "is_tight": 1.0, "dual_solution_value": -0.031449610656654366, "scaled_age": 0.0}, "54": {"bias": -0.4472135954999579, "objective_cosine_similarity": -0.30821891317013433, "is_tight": 0.0, "dual_solution_value": 0.0, "scaled_age": 0.20192307692307693}, "55": {"bias": -0.5, "objective_cosine_similarity": -0.18125023956416095, "is_tight": 0.0, "dual_solution_value": 0.0, "scaled_age": 0.0673076923076923}, "56": {"bias": -0.4082482904638631, "objective_cosine_similarity": -0.23934217675848637, "is_tight": 0.0, "dual_solution_value": 0.0, "scaled_age": 0.20192307692307693}, "57": {"bias": -0.35355339059327373, "objective_cosine_similarity": -0.3164525271296406, "is_tight": 0.0, "dual_solution_value": 0.0, "scaled_age": 0.20192307692307693}, "58": {"bias": -0.4082482904638631, "objective_cosine_similarity": -0.41291093089632, "is_tight": 1.0, "dual_solution_value": -0.0026307765651484615, "scaled_age": 0.0}, "59": {"bias": -0.4082482904638631, "objective_cosine_similarity": -0.2265529001378039, "is_tight": 0.0, "dual_solution_value": 0.0, "scaled_age": 0.20192307692307693}, "60": {"bias": -0.5, "objective_cosine_similarity": -0.1342594367141933, "is_tight": 0.0, "dual_solution_value": 0.0, "scaled_age": 0.20192307692307693}, "61": {"bias": -0.5, "objective_cosine_similarity": -0.2774695025426661, "is_tight": 0.0, "dual_solution_value": 0.0, "scaled_age": 0.125}, "62": {"bias": -0.7071067811865475, "objective_cosine_similarity": -0.18670699100648797, "is_tight": 1.0, "dual_solution_value": -0.05318343061721499, "scaled_age": 0.0}, "63": {"bias": -0.5, "objective_cosine_similarity": -0.23047869969269846, "is_tight": 0.0, "dual_solution_value": 0.0, "scaled_age": 0.17307692307692307}, "64": {"bias": -0.5773502691896258, "objective_cosine_similarity": -0.18861915669192175, "is_tight": 1.0, "dual_solution_value": -0.00601700689639516, "scaled_age": 0.0}, "65": {"bias": -0.4472135954999579, "objective_cosine_similarity": -0.21215068049372882, "is_tight": 0.0, "dual_solution_value": 0.0, "scaled_age": 0.08653846153846154}, "66": {"bias": -0.5, "objective_cosine_similarity": -0.33117327722834344, "is_tight": 0.0, "dual_solution_value": 0.0, "scaled_age": 0.009615384615384616}, "67": {"bias": -0.35355339059327373, "objective_cosine_similarity": -0.3496800424782529, "is_tight": 0.0, "dual_solution_value": 0.0, "scaled_age": 0.20192307692307693}, "68": {"bias": -0.4082482904638631, "objective_cosine_similarity": -0.4585869188273289, "is_tight": 0.0, "dual_solution_value": 0.0, "scaled_age": 0.20192307692307693}, "69": {"bias": -0.5, "objective_cosine_similarity": -0.2931331034926553, "is_tight": 1.0, "dual_solution_value": -0.011399665758049866, "scaled_age": 0.0}, "70": {"bias": -0.5, "objective_cosine_similarity": -0.4721456857782464, "is_tight": 0.0, "dual_solution_value": 0.0, "scaled_age": 0.07692307692307693}, "71": {"bias": -0.5, "objective_cosine_similarity": -0.2461423006426877, "is_tight": 0.0, "dual_solution_value": 0.0, "scaled_age": 0.057692307692307696}, "72": {"bias": -0.35355339059327373, "objective_cosine_similarity": -0.33860420402871544, "is_tight": 0.0, "dual_solution_value": 0.0, "scaled_age": 0.20192307692307693}, "73": {"bias": -0.5773502691896258, "objective_cosine_similarity": -0.06459560160682253, "is_tight": 0.0, "dual_solution_value": 0.0, "scaled_age": 0.20192307692307693}, "74": {"bias": -0.5, "objective_cosine_similarity": -0.2461423006426877, "is_tight": 0.0, "dual_solution_value": 0.0, "scaled_age": 0.20192307692307693}, "75": {"bias": -0.5, "objective_cosine_similarity": -0.3043213898855048, "is_tight": 1.0, "dual_solution_value": -0.017815952644250135, "scaled_age": 0.0}, "76": {"bias": -0.5, "objective_cosine_similarity": -0.22152807057841892, "is_tight": 1.0, "dual_solution_value": -3.1863962972911335e-05, "scaled_age": 0.0}, "77": {"bias": -0.4082482904638631, "objective_cosine_similarity": -0.19549322834471788, "is_tight": 0.0, "dual_solution_value": 0.0, "scaled_age": 0.20192307692307693}, "78": {"bias": -0.5, "objective_cosine_similarity": -0.23047869969269846, "is_tight": 0.0, "dual_solution_value": 0.0, "scaled_age": 0.125}, "79": {"bias": -0.5773502691896258, "objective_cosine_similarity": -0.2661338786201088, "is_tight": 1.0, "dual_solution_value": -0.0439250090926393, "scaled_age": 0.0}, "80": {"bias": -0.5, "objective_cosine_similarity": -0.3669757936854616, "is_tight": 1.0, "dual_solution_value": -0.014651676464527618, "scaled_age": 0.0}, "81": {"bias": -0.3779644730092272, "objective_cosine_similarity": -0.3602916104337899, "is_tight": 0.0, "dual_solution_value": 0.0, "scaled_age": 0.20192307692307693}, "82": {"bias": -0.5, "objective_cosine_similarity": -0.2237657278569888, "is_tight": 0.0, "dual_solution_value": 0.0, "scaled_age": 0.20192307692307693}, "83": {"bias": -0.3779644730092272, "objective_cosine_similarity": -0.33830198162797176, "is_tight": 0.0, "dual_solution_value": 0.0, "scaled_age": 0.20192307692307693}, "84": {"bias": -0.5, "objective_cosine_similarity": -0.16782429589274162, "is_tight": 0.0, "dual_solution_value": 0.0, "scaled_age": 0.009615384615384616}, "85": {"bias": -0.5773502691896258, "objective_cosine_similarity": -0.08785001818527863, "is_tight": 0.0, "dual_solution_value": 0.0, "scaled_age": 0.20192307692307693}, "86": {"bias": -0.5, "objective_cosine_similarity": -0.40725362469971965, "is_tight": 0.0, "dual_solution_value": 0.0, "scaled_age": 0.20192307692307693}, "87": {"bias": -0.5, "objective_cosine_similarity": -0.16334898133560183, "is_tight": 0.0, "dual_solution_value": 0.0, "scaled_age": 0.038461538461538464}, "88": {"bias": -0.4472135954999579, "objective_cosine_similarity": -0.38827577373380556, "is_tight": 1.0, "dual_solution_value": -0.000101783831382926, "scaled_age": 0.0}, "89": {"bias": -0.5, "objective_cosine_similarity": -0.2931331034926553, "is_tight": 0.0, "dual_solution_value": 0.0, "scaled_age": 0.20192307692307693}, "90": {"bias": -0.5773502691896258, "objective_cosine_similarity": -0.23254416578456108, "is_tight": 1.0, "dual_solution_value": -0.010335296257091602, "scaled_age": 0.0}, "91": {"bias": -0.4472135954999579, "objective_cosine_similarity": -0.2141521020078206, "is_tight": 0.0, "dual_solution_value": 0.0, "scaled_age": 0.20192307692307693}, "92": {"bias": -0.3333333333333333, "objective_cosine_similarity": -0.39979476710448664, "is_tight": 0.0, "dual_solution_value": 0.0, "scaled_age": 0.20192307692307693}, "93": {"bias": -0.5, "objective_cosine_similarity": -0.3020837326069349, "is_tight": 0.0, "dual_solution_value": 0.0, "scaled_age": 0.009615384615384616}, "94": {"bias": -0.4472135954999579, "objective_cosine_similarity": -0.3302345498251439, "is_tight": 0.0, "dual_solution_value": 0.0, "scaled_age": 0.20192307692307693}, "95": {"bias": -0.5, "objective_cosine_similarity": -0.2864201316569457, "is_tight": 1.0, "dual_solution_value": -0.0030178799803915273, "scaled_age": 0.0}, "96": {"bias": -0.4082482904638631, "objective_cosine_similarity": -0.25213145337916887, "is_tight": 0.0, "dual_solution_value": 0.0, "scaled_age": 0.20192307692307693}, "97": {"bias": -0.4082482904638631, "objective_cosine_similarity": -0.27222888806881274, "is_tight": 0.0, "dual_solution_value": 0.0, "scaled_age": 0.20192307692307693}, "98": {"bias": -0.4472135954999579, "objective_cosine_similarity": -0.2601847968319316, "is_tight": 0.0, "dual_solution_value": 0.0, "scaled_age": 0.20192307692307693}, "99": {"bias": -0.3779644730092272, "objective_cosine_similarity": -0.2790991348430767, "is_tight": 0.0, "dual_solution_value": 0.0, "scaled_age": 0.20192307692307693}, "100": {"bias": -0.35355339059327373, "objective_cosine_similarity": -0.295883112866214, "is_tight": 0.0, "dual_solution_value": 0.0, "scaled_age": 0.20192307692307693}, "101": {"bias": -0.4082482904638631, "objective_cosine_similarity": -0.38733237765495504, "is_tight": 0.0, "dual_solution_value": 0.0, "scaled_age": 0.20192307692307693}, "102": {"bias": -0.4472135954999579, "objective_cosine_similarity": -0.3462459219378782, "is_tight": 0.0, "dual_solution_value": 0.0, "scaled_age": 0.04807692307692308}, "103": {"bias": -0.4472135954999579, "objective_cosine_similarity": -0.3942800382760809, "is_tight": 0.0, "dual_solution_value": 0.0, "scaled_age": 0.019230769230769232}, "104": {"bias": -0.4472135954999579, "objective_cosine_similarity": -0.23816916017692197, "is_tight": 0.0, "dual_solution_value": 0.0, "scaled_age": 0.16346153846153846}, "105": {"bias": -0.4472135954999579, "objective_cosine_similarity": -0.3502487649660617, "is_tight": 1.0, "dual_solution_value": -1.0354976870800894e-05, "scaled_age": 0.0}, "106": {"bias": -0.5773502691896258, "objective_cosine_similarity": -0.17570003637055726, "is_tight": 1.0, "dual_solution_value": -0.011582257806367955, "scaled_age": 0.0}, "107": {"bias": -0.4082482904638631, "objective_cosine_similarity": -0.20462842593091965, "is_tight": 0.0, "dual_solution_value": 0.0, "scaled_age": 0.20192307692307693}, "108": {"bias": -0.4472135954999579, "objective_cosine_similarity": -0.27219332591648226, "is_tight": 1.0, "dual_solution_value": -0.004368673869818654, "scaled_age": 0.0}, "109": {"bias": -0.3779644730092272, "objective_cosine_similarity": -0.3163123528221536, "is_tight": 0.0, "dual_solution_value": 0.0, "scaled_age": 0.20192307692307693}, "110": {"bias": -0.5, "objective_cosine_similarity": -0.25509292975696723, "is_tight": 0.0, "dual_solution_value": 0.0, "scaled_age": 0.009615384615384616}, "111": {"bias": -0.5, "objective_cosine_similarity": -0.4788586576139561, "is_tight": 1.0, "dual_solution_value": -0.04645097510354249, "scaled_age": 0.0}, "112": {"bias": -1.3514049369871937, "objective_cosine_similarity": -0.9472868842842171, "is_tight": 1.0, "dual_solution_value": -0.0015869245144721157, "scaled_age": 0.0}, "113": {"bias": -1.3820254352925545, "objective_cosine_similarity": -0.947326507584617, "is_tight": 0.0, "dual_solution_value": -0.0, "scaled_age": 0.057692307692307696}, "114": {"bias": -1.3764944032233706, "objective_cosine_similarity": -0.8874175792994542, "is_tight": 1.0, "dual_solution_value": -8.340938338374084e-06, "scaled_age": 0.0}, "115": {"bias": -1.2535663410560174, "objective_cosine_similarity": -0.855795818119822, "is_tight": 0.0, "dual_solution_value": -0.0, "scaled_age": 0.019230769230769232}, "116": {"bias": -1.3789256790417004, "objective_cosine_similarity": -0.9446882624734978, "is_tight": 1.0, "dual_solution_value": -3.1146205134723664e-05, "scaled_age": 0.0}, "117": {"bias": -0.3779644730092272, "objective_cosine_similarity": -0.622475646195468, "is_tight": 0.0, "dual_solution_value": 0.0, "scaled_age": 0.057692307692307696}, "118": {"bias": -0.9370425713316364, "objective_cosine_similarity": -0.7814000618061164, "is_tight": 0.0, "dual_solution_value": -0.0, "scaled_age": 0.09615384615384616}, "119": {"bias": -1.2367946543178268, "objective_cosine_similarity": -0.9106605814308946, "is_tight": 0.0, "dual_solution_value": -0.0, "scaled_age": 0.019230769230769232}, "120": {"bias": -1.0425720702853738, "objective_cosine_similarity": -0.7400019009342563, "is_tight": 1.0, "dual_solution_value": -2.1070432964882127e-06, "scaled_age": 0.0}, "121": {"bias": -0.6030226891555273, "objective_cosine_similarity": -0.5559355411270409, "is_tight": 0.0, "dual_solution_value": -0.0, "scaled_age": 0.04807692307692308}, "122": {"bias": -1.3970092048960228, "objective_cosine_similarity": -0.9431652161019128, "is_tight": 1.0, "dual_solution_value": -0.00811214392979863, "scaled_age": 0.0}, "123": {"bias": -1.3736705553357156, "objective_cosine_similarity": -0.9480834232888444, "is_tight": 1.0, "dual_solution_value": -0.019344536787915804, "scaled_age": 0.0}, "124": {"bias": -0.6030226891555273, "objective_cosine_similarity": -0.5991150006320538, "is_tight": 1.0, "dual_solution_value": -0.00017128176137621258, "scaled_age": 0.0}, "125": {"bias": -1.044465935734187, "objective_cosine_similarity": -0.8367021355863807, "is_tight": 1.0, "dual_solution_value": -2.18629201204955e-05, "scaled_age": 0.0}, "126": {"bias": -1.3455941277301955, "objective_cosine_similarity": -0.9194237901066065, "is_tight": 0.0, "dual_solution_value": -0.0, "scaled_age": 0.019230769230769232}, "127": {"bias": -1.1626367179523596, "objective_cosine_similarity": -0.9142704264394871, "is_tight": 0.0, "dual_solution_value": -0.0, "scaled_age": 0.009615384615384616}, "128": {"bias": -1.3114302292654214, "objective_cosine_similarity": -0.9487260697597237, "is_tight": 1.0, "dual_solution_value": -6.047152539888182e-06, "scaled_age": 0.0}, "129": {"bias": -1.1430011430017144, "objective_cosine_similarity": -0.8394758687900106, "is_tight": 1.0, "dual_solution_value": -2.5718454683587917e-05, "scaled_age": 0.0}}