{"0": {"bias": -0.6666666666666666, "objective_cosine_similarity": -0.43443351569957267, "is_tight": 0.0, "dual_solution_value": -0.0, "scaled_age": 0.06306306306306306}, "1": {"bias": -0.75, "objective_cosine_similarity": -0.6220298065698426, "is_tight": 0.0, "dual_solution_value": -0.0, "scaled_age": 0.02702702702702703}, "2": {"bias": -0.8819171036881969, "objective_cosine_similarity": -0.9042808635243731, "is_tight": 1.0, "dual_solution_value": -0.0022783379641055676, "scaled_age": 0.0}, "3": {"bias": -1.023844991332147, "objective_cosine_similarity": -0.9393028506802299, "is_tight": 0.0, "dual_solution_value": -0.0, "scaled_age": 0.04504504504504504}, "4": {"bias": -0.8528028654224417, "objective_cosine_similarity": -0.8242873606039498, "is_tight": 1.0, "dual_solution_value": -0.0017737880052975876, "scaled_age": 0.0}, "5": {"bias": -0.8543576577167609, "objective_cosine_similarity": -0.905705341925549, "is_tight": 0.0, "dual_solution_value": -0.0, "scaled_age": 0.08108108108108109}, "6": {"bias": -0.8782365416646889, "objective_cosine_similarity": -0.9538749153291812, "is_tight": 0.0, "dual_solution_value": -0.0, "scaled_age": 0.06306306306306306}, "7": {"bias": -0.9045340337332909, "objective_cosine_similarity": -0.9805195599509335, "is_tight": 1.0, "dual_solution_value": -6.22038579010002e-05, "scaled_age": 0.0}, "8": {"bias": -0.7184212081070996, "objective_cosine_similarity": -0.9385587505914228, "is_tight": 0.0, "dual_solution_value": -0.0, "scaled_age": 0.08108108108108109}, "9": {"bias": -0.8451542547285166, "objective_cosine_similarity": -0.9433813897613245, "is_tight": 0.0, "dual_solution_value": -0.0, "scaled_age": 0.08108108108108109}, "10": {"bias": -0.9396987521062874, "objective_cosine_similarity": -0.9880089376230642, "is_tight": 1.0, "dual_solution_value": -0.00045455668391955695, "scaled_age": 0.0}, "11": {"bias": -0.890134104826173, "objective_cosine_similarity": -0.9714557552101903, "is_tight": 0.0, "dual_solution_value": 0.0, "scaled_age": 0.009009009009009009}, "12": {"bias": -0.31622776601683794, "objective_cosine_similarity": -0.5363733548538453, "is_tight": 0.0, "dual_solution_value": 0.0, "scaled_age": 0.25225225225225223}, "13": {"bias": -0.3333333333333333, "objective_cosine_similarity": -0.440669403484734, "is_tight": 0.0, "dual_solution_value": 0.0, "scaled_age": 0.25225225225225223}, "14": {"bias": -0.4082482904638631, "objective_cosine_similarity": -0.5728028687587347, "is_tight": 1.0, "dual_solution_value": -0.005644674932861533, "scaled_age": 0.0}, "15": {"bias": -0.4472135954999579, "objective_cosine_similarity": -0.16732642785217605, "is_tight": 0.0, "dual_solution_value": 0.0, "scaled_age": 0.25225225225225223}, "16": {"bias": -0.3779644730092272, "objective_cosine_similarity": -0.4148221511215195, "is_tight": 0.0, "dual_solution_value": 0.0, "scaled_age": 0.1891891891891892}, "17": {"bias": -0.4472135954999579, "objective_cosine_similarity": -0.3011875701339169, "is_tight": 0.0, "dual_solution_value": 0.0, "scaled_age": 0.25225225225225223}, "18": {"bias": -0.3333333333333333, "objective_cosine_similarity": -0.41988311086752955, "is_tight": 0.0, "dual_solution_value": 0.0, "scaled_age": 0.25225225225225223}, "19": {"bias": -0.4472135954999579, "objective_cosine_similarity": -0.31234266532406196, "is_tight": 0.0, "dual_solution_value": 0.0, "scaled_age": 0.12612612612612611}, "20": {"bias": -0.5, "objective_cosine_similarity": -0.4458659766390351, "is_tight": 0.0, "dual_solution_value": 0.0, "scaled_age": 0.2072072072072072}, "21": {"bias": -0.4082482904638631, "objective_cosine_similarity": -0.285128539115459, "is_tight": 0.0, "dual_solution_value": 0.0, "scaled_age": 0.25225225225225223}, "22": {"bias": -0.3333333333333333, "objective_cosine_similarity": -0.47392747167226107, "is_tight": 0.0, "dual_solution_value": 0.0, "scaled_age": 0.25225225225225223}, "23": {"bias": -0.3333333333333333, "objective_cosine_similarity": -0.3034798722111847, "is_tight": 0.0, "dual_solution_value": 0.0, "scaled_age": 0.25225225225225223}, "24": {"bias": -0.3779644730092272, "objective_cosine_similarity": -0.2592638444509497, "is_tight": 0.0, "dual_solution_value": 0.0, "scaled_age": 0.25225225225225223}, "25": {"bias": -0.4472135954999579, "objective_cosine_similarity": -0.3346528557043521, "is_tight": 0.0, "dual_solution_value": 0.0, "scaled_age": 0.09009009009009009}, "26": {"bias": -0.3333333333333333, "objective_cosine_similarity": -0.5030282813363472, "is_tight": 0.0, "dual_solution_value": 0.0, "scaled_age": 0.25225225225225223}, "27": {"bias": -0.30151134457776363, "objective_cosine_similarity": -0.33091360029024797, "is_tight": 0.0, "dual_solution_value": 0.0, "scaled_age": 0.25225225225225223}, "28": {"bias": -0.4082482904638631, "objective_cosine_similarity": -0.6058981456203504, "is_tight": 1.0, "dual_solution_value": -0.011649749654018273, "scaled_age": 0.0}, "29": {"bias": -0.35355339059327373, "objective_cosine_similarity": -0.30425125923280966, "is_tight": 0.0, "dual_solution_value": 0.0, "scaled_age": 0.25225225225225223}, "30": {"bias": -0.3779644730092272, "objective_cosine_similarity": -0.3134735573816028, "is_tight": 0.0, "dual_solution_value": 0.0, "scaled_age": 0.25225225225225223}, "31": {"bias": -0.4082482904638631, "objective_cosine_similarity": -0.5295244297858525, "is_tight": 0.0, "dual_solution_value": 0.0, "scaled_age": 0.018018018018018018}, "32": {"bias": -0.35355339059327373, "objective_cosine_similarity": -0.3329126097402482, "is_tight": 0.0, "dual_solution_value": 0.0, "scaled_age": 0.25225225225225223}, "33": {"bias": -0.3779644730092272, "objective_cosine_similarity": -0.5585957375897734, "is_tight": 0.0, "dual_solution_value": 0.0, "scaled_age": 0.04504504504504504}, "34": {"bias": -0.35355339059327373, "objective_cosine_similarity": -0.39905418783433727, "is_tight": 1.0, "dual_solution_value": -0.0012723441791386342, "scaled_age": 0.0}, "35": {"bias": -0.4082482904638631, "objective_cosine_similarity": -0.297857491754542, "is_tight": 0.0, "dual_solution_value": 0.0, "scaled_age": 0.10810810810810811}, "36": {"bias": -0.4082482904638631, "objective_cosine_similarity": -0.3538648833665072, "is_tight": 0.0, "dual_solution_value": 0.0, "scaled_age": 0.25225225225225223}, "37": {"bias": -0.5773502691896258, "objective_cosine_similarity": -0.23761923843234678, "is_tight": 1.0, "dual_solution_value": -0.002212000341606307, "scaled_age": 0.0}, "38": {"bias": -0.3333333333333333, "objective_cosine_similarity": -0.6443750711333375, "is_tight": 0.0, "dual_solution_value": 0.0, "scaled_age": 0.14414414414414414}, "39": {"bias": -0.4472135954999579, "objective_cosine_similarity": -0.3792732364649324, "is_tight": 0.0, "dual_solution_value": 0.0, "scaled_age": 0.018018018018018018}, "40": {"bias": -0.3333333333333333, "objective_cosine_similarity": -0.41988311086752955, "is_tight": 0.0, "dual_solution_value": 0.0, "scaled_age": 0.25225225225225223}, "41": {"bias": -0.3779644730092272, "objective_cosine_similarity": -0.34647077394808734, "is_tight": 0.0, "dual_solution_value": 0.0, "scaled_age": 0.25225225225225223}, "42": {"bias": -0.30151134457776363, "objective_cosine_similarity": -0.40236085489836965, "is_tight": 0.0, "dual_solution_value": 0.0, "scaled_age": 0.25225225225225223}, "43": {"bias": -0.5, "objective_cosine_similarity": -0.37727121100226046, "is_tight": 1.0, "dual_solution_value": -0.0015916707407076483, "scaled_age": 0.0}, "44": {"bias": -0.3333333333333333, "objective_cosine_similarity": -0.4261189986526909, "is_tight": 0.0, "dual_solution_value": 0.0, "scaled_age": 0.25225225225225223}, "45": {"bias": -0.4082482904638631, "objective_cosine_similarity": -0.34877330231087394, "is_tight": 0.0, "dual_solution_value": 0.0, "scaled_age": 0.0990990990990991}, "46": {"bias": -0.35355339059327373, "objective_cosine_similarity": -0.5423609403715303, "is_tight": 0.0, "dual_solution_value": 0.0, "scaled_age": 0.25225225225225223}, "47": {"bias": -0.3333333333333333, "objective_cosine_similarity": -0.4365121449612931, "is_tight": 0.0, "dual_solution_value": 0.0, "scaled_age": 0.25225225225225223}, "48": {"bias": -0.4082482904638631, "objective_cosine_similarity": -0.49388336239642006, "is_tight": 0.0, "dual_solution_value": 0.0, "scaled_age": 0.07207207207207207}, "49": {"bias": -0.5, "objective_cosine_similarity": -0.26190728697677584, "is_tight": 0.0, "dual_solution_value": 0.0, "scaled_age": 0.1981981981981982}, "50": {"bias": -0.4082482904638631, "objective_cosine_similarity": -0.16547638430807887, "is_tight": 0.0, "dual_solution_value": 0.0, "scaled_age": 0.25225225225225223}, "51": {"bias": -0.4082482904638631, "objective_cosine_similarity": -0.21639219486441086, "is_tight": 0.0, "dual_solution_value": 0.0, "scaled_age": 0.25225225225225223}, "52": {"bias": -0.31622776601683794, "objective_cosine_similarity": -0.4949621767217469, "is_tight": 0.0, "dual_solution_value": 0.0, "scaled_age": 0.25225225225225223}, "53": {"bias": -0.4082482904638631, "objective_cosine_similarity": -0.25712484330947644, "is_tight": 0.0, "dual_solution_value": 0.0, "scaled_age": 0.25225225225225223}, "54": {"bias": -0.2773500981126146, "objective_cosine_similarity": -0.5448000880456312, "is_tight": 0.0, "dual_solution_value": 0.0, "scaled_age": 0.25225225225225223}, "55": {"bias": -0.5, "objective_cosine_similarity": -0.2587893430841952, "is_tight": 1.0, "dual_solution_value": -0.006661200737211988, "scaled_age": 0.0}, "56": {"bias": -0.3779644730092272, "objective_cosine_similarity": -0.3134735573816028, "is_tight": 0.0, "dual_solution_value": 0.0, "scaled_age": 0.11711711711711711}, "57": {"bias": -0.3333333333333333, "objective_cosine_similarity": -0.46769158388709975, "is_tight": 0.0, "dual_solution_value": 0.0, "scaled_age": 0.25225225225225223}, "58": {"bias": -0.35355339059327373, "objective_cosine_similarity": -0.40346362637394323, "is_tight": 0.0, "dual_solution_value": 0.0, "scaled_age": 0.25225225225225223}, "59": {"bias": -0.3779644730092272, "objective_cosine_similarity": -0.5491679614279207, "is_tight": 0.0, "dual_solution_value": 0.0, "scaled_age": 0.009009009009009009}, "60": {"bias": -0.3779644730092272, "objective_cosine_similarity": -0.37239715839318227, "is_tight": 0.0, "dual_solution_value": 0.0, "scaled_age": 0.25225225225225223}, "61": {"bias": -0.31622776601683794, "objective_cosine_similarity": -0.45749492031651506, "is_tight": 0.0, "dual_solution_value": 0.0, "scaled_age": 0.25225225225225223}, "62": {"bias": -0.30151134457776363, "objective_cosine_similarity": -0.3967202821661495, "is_tight": 0.0, "dual_solution_value": 0.0, "scaled_age": 0.25225225225225223}, "63": {"bias": -0.3779644730092272, "objective_cosine_similarity": -0.447819367688004, "is_tight": 0.0, "dual_solution_value": 0.0, "scaled_age": 0.25225225225225223}, "64": {"bias": -0.2886751345948129, "objective_cosine_similarity": -0.5292428492356814, "is_tight": 0.0, "dual_solution_value": 0.0, "scaled_age": 0.25225225225225223}, "65": {"bias": -0.5773502691896258, "objective_cosine_similarity": -0.2160174894839516, "is_tight": 0.0, "dual_solution_value": 0.0, "scaled_age": 0.16216216216216217}, "66": {"bias": -0.31622776601683794, "objective_cosine_similarity": -0.5107378636292129, "is_tight": 0.0, "dual_solution_value": 0.0, "scaled_age": 0.25225225225225223}, "67": {"bias": -0.4472135954999579, "objective_cosine_similarity": -0.32070898671667075, "is_tight": 0.0, "dual_solution_value": 0.0, "scaled_age": 0.11711711711711711}, "68": {"bias": -0.5, "objective_cosine_similarity": -0.21513812858806589, "is_tight": 0.0, "dual_solution_value": 0.0, "scaled_age": 0.036036036036036036}, "69": {"bias": -0.3779644730092272, "objective_cosine_similarity": -0.2663346765723392, "is_tight": 0.0, "dual_solution_value": 0.0, "scaled_age": 0.25225225225225223}, "70": {"bias": -0.31622776601683794, "objective_cosine_similarity": -0.309597855559021, "is_tight": 0.0, "dual_solution_value": 0.0, "scaled_age": 0.25225225225225223}, "71": {"bias": -0.4082482904638631, "objective_cosine_similarity": -0.23421272855912703, "is_tight": 0.0, "dual_solution_value": 0.0, "scaled_age": 0.25225225225225223}, "72": {"bias": -0.4082482904638631, "objective_cosine_similarity": -0.38186857917248973, "is_tight": 0.0, "dual_solution_value": 0.0, "scaled_age": 0.25225225225225223}, "73": {"bias": -0.35355339059327373, "objective_cosine_similarity": -0.5710222908789688, "is_tight": 0.0, "dual_solution_value": 0.0, "scaled_age": 0.25225225225225223}, "74": {"bias": -0.4082482904638631, "objective_cosine_similarity": -0.3029490728101752, "is_tight": 0.0, "dual_solution_value": 0.0, "scaled_age": 0.25225225225225223}, "75": {"bias": -0.4082482904638631, "objective_cosine_similarity": -0.3054948633379918, "is_tight": 0.0, "dual_solution_value": 0.0, "scaled_age": 0.25225225225225223}, "76": {"bias": -0.4472135954999579, "objective_cosine_similarity": -0.2677222845634817, "is_tight": 0.0, "dual_solution_value": 0.0, "scaled_age": 0.25225225225225223}, "77": {"bias": -0.2886751345948129, "objective_cosine_similarity": -0.6372515939776573, "is_tight": 0.0, "dual_solution_value": 0.0, "scaled_age": 0.25225225225225223}, "78": {"bias": -0.3779644730092272, "objective_cosine_similarity": -0.5303124091042153, "is_tight": 1.0, "dual_solution_value": -0.0009489780125992846, "scaled_age": 0.0}, "79": {"bias": -0.5, "objective_cosine_similarity": -0.1714869140919366, "is_tight": 0.0, "dual_solution_value": 0.0, "scaled_age": 0.25225225225225223}, "80": {"bias": -0.4472135954999579, "objective_cosine_similarity": -0.2063692610176838, "is_tight": 1.0, "dual_solution_value": -1.0389677306745711e-05, "scaled_age": 0.0}, "81": {"bias": -0.35355339059327373, "objective_cosine_similarity": -0.32409373266103636, "is_tight": 0.0, "dual_solution_value": 0.0, "scaled_age": 0.25225225225225223}, "82": {"bias": -0.3779644730092272, "objective_cosine_similarity": -0.28754717293650783, "is_tight": 0.0, "dual_solution_value": 0.0, "scaled_age": 0.25225225225225223}, "83": {"bias": -0.3779644730092272, "objective_cosine_similarity": -0.4572471438498567, "is_tight": 1.0, "dual_solution_value": -0.010294784464491209, "scaled_age": 0.0}, "84": {"bias": -0.5, "objective_cosine_similarity": -0.511342798383229, "is_tight": 0.0, "dual_solution_value": 0.0, "scaled_age": 0.07207207207207207}, "85": {"bias": -0.4082482904638631, "objective_cosine_similarity": -0.20366324222532786, "is_tight": 0.0, "dual_solution_value": 0.0, "scaled_age": 0.25225225225225223}, "86": {"bias": -0.30151134457776363, "objective_cosine_similarity": -0.35723627304060857, "is_tight": 0.0, "dual_solution_value": 0.0, "scaled_age": 0.25225225225225223}, "87": {"bias": -0.4082482904638631, "objective_cosine_similarity": -0.3716854170612233, "is_tight": 0.0, "dual_solution_value": 0.0, "scaled_age": 0.12612612612612611}, "88": {"bias": -0.3333333333333333, "objective_cosine_similarity": -0.440669403484734, "is_tight": 0.0, "dual_solution_value": 0.0, "scaled_age": 0.25225225225225223}, "89": {"bias": -0.4472135954999579, "objective_cosine_similarity": -0.22589067760043768, "is_tight": 0.0, "dual_solution_value": 0.0, "scaled_age": 0.05405405405405406}, "90": {"bias": -0.3333333333333333, "objective_cosine_similarity": -0.4697702131488202, "is_tight": 0.0, "dual_solution_value": 0.0, "scaled_age": 0.25225225225225223}, "91": {"bias": -0.31622776601683794, "objective_cosine_similarity": -0.38847629009635115, "is_tight": 0.0, "dual_solution_value": 0.0, "scaled_age": 0.25225225225225223}, "92": {"bias": -0.5773502691896258, "objective_cosine_similarity": -0.13321078518177015, "is_tight": 1.0, "dual_solution_value": -0.0002505300604565203, "scaled_age": 0.0}, "93": {"bias": -0.4472135954999579, "objective_cosine_similarity": -0.3764844626673961, "is_tight": 0.0, "dual_solution_value": 0.0, "scaled_age": 0.25225225225225223}, "94": {"bias": -0.4082482904638631, "objective_cosine_similarity": -0.4251470181453719, "is_tight": 0.0, "dual_solution_value": 0.0, "scaled_age": 0.11711711711711711}, "95": {"bias": -0.4082482904638631, "objective_cosine_similarity": -0.3462275117830574, "is_tight": 0.0, "dual_solution_value": 0.0, "scaled_age": 0.25225225225225223}, "96": {"bias": -0.3779644730092272, "objective_cosine_similarity": -0.3582554941504032, "is_tight": 0.0, "dual_solution_value": 0.0, "scaled_age": 0.09009009009009009}, "97": {"bias": -0.4082482904638631, "objective_cosine_similarity": -0.3054948633379918, "is_tight": 0.0, "dual_solution_value": 0.0, "scaled_age": 0.25225225225225223}, "98": {"bias": -0.3333333333333333, "objective_cosine_similarity": -0.48224198871914287, "is_tight": 0.0, "dual_solution_value": 0.0, "scaled_age": 0.25225225225225223}, "99": {"bias": -0.4472135954999579, "objective_cosine_similarity": -0.5493884381146447, "is_tight": 1.0, "dual_solution_value": -0.027916896568003054, "scaled_age": 0.0}, "100": {"bias": -0.4082482904638631, "objective_cosine_similarity": -0.4455133423679047, "is_tight": 0.0, "dual_solution_value": 0.0, "scaled_age": 0.25225225225225223}, "101": {"bias": -0.5, "objective_cosine_similarity": -0.33361999650613117, "is_tight": 0.0, "dual_solution_value": 0.0, "scaled_age": 0.18018018018018017}, "102": {"bias": -0.3779644730092272, "objective_cosine_similarity": -0.2922610610174342, "is_tight": 0.0, "dual_solution_value": 0.0, "scaled_age": 0.25225225225225223}, "103": {"bias": -0.35355339059327373, "objective_cosine_similarity": -0.3196842941214304, "is_tight": 0.0, "dual_solution_value": 0.0, "scaled_age": 0.25225225225225223}, "104": {"bias": -0.35355339059327373, "objective_cosine_similarity": -0.28220406653478, "is_tight": 0.0, "dual_solution_value": 0.0, "scaled_age": 0.25225225225225223}, "105": {"bias": -0.3333333333333333, "objective_cosine_similarity": -0.3305020526135505, "is_tight": 0.0, "dual_solution_value": 0.0, "scaled_age": 0.25225225225225223}, "106": {"bias": -0.30151134457776363, "objective_cosine_similarity": -0.4098816185413299, "is_tight": 0.0, "dual_solution_value": 0.0, "scaled_age": 0.25225225225225223}, "107": {"bias": -0.4472135954999579, "objective_cosine_similarity": -0.2956100225388444, "is_tight": 0.0, "dual_solution_value": 0.0, "scaled_age": 0.25225225225225223}, "108": {"bias": -0.9697495189051398, "objective_cosine_similarity": -0.9870755911974347, "is_tight": 0.0, "dual_solution_value": -0.0, "scaled_age": 0.02702702702702703}, "109": {"bias": -0.7844645405527362, "objective_cosine_similarity": -0.887867661607988, "is_tight": 1.0, "dual_solution_value": -0.002498847313377056, "scaled_age": 0.0}, "110": {"bias": -1.015346165133619, "objective_cosine_similarity": -0.9598682479282575, "is_tight": 0.0, "dual_solution_value": -0.0, "scaled_age": 0.018018018018018018}, "111": {"bias": -0.9773555548504418, "objective_cosine_similarity": -0.9743868956544496, "is_tight": 1.0, "dual_solution_value": -0.0008324991450660492, "scaled_age": 0.0}, "112": {"bias": -1.025755289064345, "objective_cosine_similarity": -0.9362142502729071, "is_tight": 0.0, "dual_solution_value": -0.0, "scaled_age": 0.07207207207207207}, "113": {"bias": -0.9850471530340644, "objective_cosine_similarity": -0.9708115314597219, "is_tight": 0.0, "dual_solution_value": -0.0, "scaled_age": 0.036036036036036036}, "114": {"bias": -0.9176629354822471, "objective_cosine_similarity": -0.9227439483058818, "is_tight": 0.0, "dual_solution_value": -0.0, "scaled_age": 0.07207207207207207}, "115": {"bias": -0.8697956671643065, "objective_cosine_similarity": -0.963867496533766, "is_tight": 1.0, "dual_solution_value": -6.787972104432112e-06, "scaled_age": 0.0}, "116": {"bias": -0.9111469032188404, "objective_cosine_similarity": -0.9741721242084642, "is_tight": 0.0, "dual_solution_value": -0.0, "scaled_age": 0.009009009009009009}, "117": {"bias": -0.9583148474999098, "objective_cosine_similarity": -0.9529638462438217, "is_tight": 1.0, "dual_solution_value": -0.00010280687308798539, "scaled_age": 0.0}, "118": {"bias": -0.9513029883089881, "objective_cosine_similarity": -0.9865279672794944, "is_tight": 1.0, "dual_solution_value": -2.649561039701817e-05, "scaled_age": 0.0}, "119": {"bias": -0.9546996376535497, "objective_cosine_similarity": -0.9779665956418315, "is_tight": 1.0, "dual_solution_value": -1.0104109868549747e-05, "scaled_age": 0.0}, "120": {"bias": -0.9090909090909091, "objective_cosine_similarity": -0.9512563366818829, "is_tight": 1.0, "dual_solution_value": -0.00023311240385815587, "scaled_age": 0.0}, "121": {"bias": -0.9571366576963796, "objective_cosine_similarity": -0.9888617137441741, "is_tight": 0.0, "dual_solution_value": -0.0, "scaled_age": 0.02702702702702703}, "122": {"bias": -0.927498145005565, "objective_cosine_similarity": -0.982250135869165, "is_tight": 1.0, "dual_solution_value": -8.201819462506478e-06, "scaled_age": 0.0}, "123": {"bias": -0.9346904350565922, "objective_cosine_similarity": -0.972982913141094, "is_tight": 1.0, "dual_solution_value": -4.238304726265762e-06, "scaled_age": 0.0}, "124": {"bias": -0.9762880515282931, "objective_cosine_similarity": -0.9762866961275437, "is_tight": 1.0, "dual_solution_value": -0.002598726378053534, "scaled_age": 0.0}, "125": {"bias": -0.9560679286789505, "objective_cosine_similarity": -0.985401769667997, "is_tight": 1.0, "dual_solution_value": -0.00042535983430721835, "scaled_age": 0.0}, "126": {"bias": -0.9690582663799517, "objective_cosine_similarity": -0.9766455188918769, "is_tight": 1.0, "dual_solution_value": -1.6057888302162187e-05, "scaled_age": 0.0}, "127": {"bias": -0.9846797074714938, "objective_cosine_similarity": -0.977317990771155, "is_tight": 1.0, "dual_solution_value": -0.014169707078074512, "scaled_age": 0.0}, "128": {"bias": -0.9919870740365994, "objective_cosine_similarity": -0.9770107729780008, "is_tight": 1.0, "dual_solution_value": -0.0038437311191858426, "scaled_age": 0.0}, "129": {"bias": -0.9887565044036889, "objective_cosine_similarity": -0.9703855825167755, "is_tight": 1.0, "dual_solution_value": -0.004986284380386474, "scaled_age": 0.0}, "130": {"bias": -0.9716042113151822, "objective_cosine_similarity": -0.977100248413195, "is_tight": 1.0, "dual_solution_value": -0.003763645157511652, "scaled_age": 0.0}}