{"0": {"objective": 0.20185179356584734, "is_type_binary": 1.0, "is_type_integer": 0.0, "is_type_implicit_integer": 0.0, "is_type_continuous": 0.0, "has_lower_bound": 1.0, "has_upper_bound": 1.0, "normed_reduced_cost": 0.0, "solution_value": 0.2123666019889625, "solution_frac": 0.2123666019889625, "is_solution_at_lower_bound": 0.0, "is_solution_at_upper_bound": 0.0, "scaled_age": 0.0, "incumbent_value": 0.0, "average_incumbent_value": 0.44160541522675767, "is_basis_lower": 0.0, "is_basis_basic": 1.0, "is_basis_upper": 0.0, "is_basis_zero": 0.0}, "1": {"objective": 0.07989966828648125, "is_type_binary": 1.0, "is_type_integer": 0.0, "is_type_implicit_integer": 0.0, "is_type_continuous": 0.0, "has_lower_bound": 1.0, "has_upper_bound": 1.0, "normed_reduced_cost": 0.0, "solution_value": 0.39628560579285466, "solution_frac": 0.39628560579285466, "is_solution_at_lower_bound": 0.0, "is_solution_at_upper_bound": 0.0, "scaled_age": 0.0, "incumbent_value": 1.0, "average_incumbent_value": 0.9593628283805933, "is_basis_lower": 0.0, "is_basis_basic": 1.0, "is_basis_upper": 0.0, "is_basis_zero": 0.0}, "2": {"objective": 0.13877310807652005, "is_type_binary": 1.0, "is_type_integer": 0.0, "is_type_implicit_integer": 0.0, "is_type_continuous": 0.0, "has_lower_bound": 1.0, "has_upper_bound": 1.0, "normed_reduced_cost": 0.0, "solution_value": 0.28714951367006447, "solution_frac": 0.28714951367006447, "is_solution_at_lower_bound": 0.0, "is_solution_at_upper_bound": 0.0, "scaled_age": 0.0, "incumbent_value": 1.0, "average_incumbent_value": 0.8405745357553893, "is_basis_lower": 0.0, "is_basis_basic": 1.0, "is_basis_upper": 0.0, "is_basis_zero": 0.0}, "3": {"objective": 0.11774687958007762, "is_type_binary": 1.0, "is_type_integer": 0.0, "is_type_implicit_integer": 0.0, "is_type_continuous": 0.0, "has_lower_bound": 1.0, "has_upper_bound": 1.0, "normed_reduced_cost": 0.0, "solution_value": 0.04241682679788148, "solution_frac": 0.04241682679788148, "is_solution_at_lower_bound": 0.0, "is_solution_at_upper_bound": 0.0, "scaled_age": 0.0, "incumbent_value": 0.0, "average_incumbent_value": 0.3014645442915516, "is_basis_lower": 0.0, "is_basis_basic": 1.0, "is_basis_upper": 0.0, "is_basis_zero": 0.0}, "4": {"objective": 0.18082556506940492, "is_type_binary": 1.0, "is_type_integer": 0.0, "is_type_implicit_integer": 0.0, "is_type_continuous": 0.0, "has_lower_bound": 1.0, "has_upper_bound": 1.0, "normed_reduced_cost": 0.0, "solution_value": 0.2629860852319045, "solution_frac": 0.2629860852319045, "is_solution_at_lower_bound": 0.0, "is_solution_at_upper_bound": 0.0, "scaled_age": 0.0, "incumbent_value": 0.0, "average_incumbent_value": 0.6527237244949758, "is_basis_lower": 0.0, "is_basis_basic": 1.0, "is_basis_upper": 0.0, "is_basis_zero": 0.0}, "5": {"objective": 0.04625770269217335, "is_type_binary": 1.0, "is_type_integer": 0.0, "is_type_implicit_integer": 0.0, "is_type_continuous": 0.0, "has_lower_bound": 1.0, "has_upper_bound": 1.0, "normed_reduced_cost": 0.0, "solution_value": 0.524647312779133, "solution_frac": 0.524647312779133, "is_solution_at_lower_bound": 0.0, "is_solution_at_upper_bound": 0.0, "scaled_age": 0.0, "incumbent_value": 1.0, "average_incumbent_value": 0.92099555316749, "is_basis_lower": 0.0, "is_basis_basic": 1.0, "is_basis_upper": 0.0, "is_basis_zero": 0.0}, "6": {"objective": 0.004205245699288486, "is_type_binary": 1.0, "is_type_integer": 0.0, "is_type_implicit_integer": 0.0, "is_type_continuous": 0.0, "has_lower_bound": 1.0, "has_upper_bound": 1.0, "normed_reduced_cost": 0.0, "solution_value": 0.197098046217836, "solution_frac": 0.197098046217836, "is_solution_at_lower_bound": 0.0, "is_solution_at_upper_bound": 0.0, "scaled_age": 0.0, "incumbent_value": 0.0, "average_incumbent_value": 0.6317426411523765, "is_basis_lower": 0.0, "is_basis_basic": 1.0, "is_basis_upper": 0.0, "is_basis_zero": 0.0}, "7": {"objective": 0.021026228496442433, "is_type_binary": 1.0, "is_type_integer": 0.0, "is_type_implicit_integer": 0.0, "is_type_continuous": 0.0, "has_lower_bound": 1.0, "has_upper_bound": 1.0, "normed_reduced_cost": 0.0, "solution_value": 0.87320127925966, "solution_frac": 0.87320127925966, "is_solution_at_lower_bound": 0.0, "is_solution_at_upper_bound": 0.0, "scaled_age": 0.0, "incumbent_value": 1.0, "average_incumbent_value": 0.999999862442883, "is_basis_lower": 0.0, "is_basis_basic": 1.0, "is_basis_upper": 0.0, "is_basis_zero": 0.0}, "8": {"objective": 0.155594090873674, "is_type_binary": 1.0, "is_type_integer": 0.0, "is_type_implicit_integer": 0.0, "is_type_continuous": 0.0, "has_lower_bound": 1.0, "has_upper_bound": 1.0, "normed_reduced_cost": 0.0, "solution_value": 0.30984492202699, "solution_frac": 0.30984492202699, "is_solution_at_lower_bound": 0.0, "is_solution_at_upper_bound": 0.0, "scaled_age": 0.0, "incumbent_value": 0.0, "average_incumbent_value": 0.9296456676745012, "is_basis_lower": 0.0, "is_basis_basic": 1.0, "is_basis_upper": 0.0, "is_basis_zero": 0.0}, "9": {"objective": 0.08410491398576973, "is_type_binary": 1.0, "is_type_integer": 0.0, "is_type_implicit_integer": 0.0, "is_type_continuous": 0.0, "has_lower_bound": 1.0, "has_upper_bound": 1.0, "normed_reduced_cost": 0.0, "solution_value": 0.3657647714520894, "solution_frac": 0.3657647714520894, "is_solution_at_lower_bound": 0.0, "is_solution_at_upper_bound": 0.0, "scaled_age": 0.0, "incumbent_value": 1.0, "average_incumbent_value": 0.9560649129893494, "is_basis_lower": 0.0, "is_basis_basic": 1.0, "is_basis_upper": 0.0, "is_basis_zero": 0.0}, "10": {"objective": 0.012615737097865459, "is_type_binary": 1.0, "is_type_integer": 0.0, "is_type_implicit_integer": 0.0, "is_type_continuous": 0.0, "has_lower_bound": 1.0, "has_upper_bound": 1.0, "normed_reduced_cost": 0.0, "solution_value": 0.2893173685546177, "solution_frac": 0.2893173685546177, "is_solution_at_lower_bound": 0.0, "is_solution_at_upper_bound": 0.0, "scaled_age": 0.0, "incumbent_value": 0.0, "average_incumbent_value": 0.6498679460651262, "is_basis_lower": 0.0, "is_basis_basic": 1.0, "is_basis_upper": 0.0, "is_basis_zero": 0.0}, "11": {"objective": 0.11774687958007762, "is_type_binary": 1.0, "is_type_integer": 0.0, "is_type_implicit_integer": 0.0, "is_type_continuous": 0.0, "has_lower_bound": 1.0, "has_upper_bound": 1.0, "normed_reduced_cost": 0.011297033470143509, "solution_value": 0.0, "solution_frac": 0.0, "is_solution_at_lower_bound": 1.0, "is_solution_at_upper_bound": 0.0, "scaled_age": 0.22772277227722773, "incumbent_value": 0.0, "average_incumbent_value": 1.1127069068539744e-29, "is_basis_lower": 1.0, "is_basis_basic": 0.0, "is_basis_upper": 0.0, "is_basis_zero": 0.0}, "12": {"objective": 0.20185179356584734, "is_type_binary": 1.0, "is_type_integer": 0.0, "is_type_implicit_integer": 0.0, "is_type_continuous": 0.0, "has_lower_bound": 1.0, "has_upper_bound": 1.0, "normed_reduced_cost": 0.0, "solution_value": 0.10410127989013772, "solution_frac": 0.10410127989013772, "is_solution_at_lower_bound": 0.0, "is_solution_at_upper_bound": 0.0, "scaled_age": 0.0, "incumbent_value": 0.0, "average_incumbent_value": 0.034172004063102446, "is_basis_lower": 0.0, "is_basis_basic": 1.0, "is_basis_upper": 0.0, "is_basis_zero": 0.0}, "13": {"objective": 0.2102622849644243, "is_type_binary": 1.0, "is_type_integer": 0.0, "is_type_implicit_integer": 0.0, "is_type_continuous": 0.0, "has_lower_bound": 1.0, "has_upper_bound": 1.0, "normed_reduced_cost": 0.0039946385547550015, "solution_value": 0.0, "solution_frac": 0.0, "is_solution_at_lower_bound": 1.0, "is_solution_at_upper_bound": 0.0, "scaled_age": 0.22772277227722773, "incumbent_value": 0.0, "average_incumbent_value": 0.4509252932620218, "is_basis_lower": 1.0, "is_basis_basic": 0.0, "is_basis_upper": 0.0, "is_basis_zero": 0.0}, "14": {"objective": 0.08831015968505822, "is_type_binary": 1.0, "is_type_integer": 0.0, "is_type_implicit_integer": 0.0, "is_type_continuous": 0.0, "has_lower_bound": 1.0, "has_upper_bound": 1.0, "normed_reduced_cost": 0.0, "solution_value": 0.5418979569779501, "solution_frac": 0.5418979569779501, "is_solution_at_lower_bound": 0.0, "is_solution_at_upper_bound": 0.0, "scaled_age": 0.0, "incumbent_value": 1.0, "average_incumbent_value": 0.9245204453169829, "is_basis_lower": 0.0, "is_basis_basic": 1.0, "is_basis_upper": 0.0, "is_basis_zero": 0.0}, "15": {"objective": 0.17662031937011644, "is_type_binary": 1.0, "is_type_integer": 0.0, "is_type_implicit_integer": 0.0, "is_type_continuous": 0.0, "has_lower_bound": 1.0, "has_upper_bound": 1.0, "normed_reduced_cost": 0.0, "solution_value": 0.2988546210801146, "solution_frac": 0.2988546210801146, "is_solution_at_lower_bound": 0.0, "is_solution_at_upper_bound": 0.0, "scaled_age": 0.0, "incumbent_value": 0.0, "average_incumbent_value": 0.9123601462996275, "is_basis_lower": 0.0, "is_basis_basic": 1.0, "is_basis_upper": 0.0, "is_basis_zero": 0.0}, "16": {"objective": 0.2144675306637128, "is_type_binary": 1.0, "is_type_integer": 0.0, "is_type_implicit_integer": 0.0, "is_type_continuous": 0.0, "has_lower_bound": 1.0, "has_upper_bound": 1.0, "normed_reduced_cost": 0.0, "solution_value": 0.0843818939424586, "solution_frac": 0.0843818939424586, "is_solution_at_lower_bound": 0.0, "is_solution_at_upper_bound": 0.0, "scaled_age": 0.0, "incumbent_value": 0.0, "average_incumbent_value": 0.021307400756986405, "is_basis_lower": 0.0, "is_basis_basic": 1.0, "is_basis_upper": 0.0, "is_basis_zero": 0.0}, "17": {"objective": 0.13877310807652005, "is_type_binary": 1.0, "is_type_integer": 0.0, "is_type_implicit_integer": 0.0, "is_type_continuous": 0.0, "has_lower_bound": 1.0, "has_upper_bound": 1.0, "normed_reduced_cost": 0.0, "solution_value": 0.19424974600034695, "solution_frac": 0.19424974600034695, "is_solution_at_lower_bound": 0.0, "is_solution_at_upper_bound": 0.0, "scaled_age": 0.0, "incumbent_value": 1.0, "average_incumbent_value": 0.964984798338326, "is_basis_lower": 0.0, "is_basis_basic": 1.0, "is_basis_upper": 0.0, "is_basis_zero": 0.0}, "18": {"objective": 0.2523147419573092, "is_type_binary": 1.0, "is_type_integer": 0.0, "is_type_implicit_integer": 0.0, "is_type_continuous": 0.0, "has_lower_bound": 1.0, "has_upper_bound": 1.0, "normed_reduced_cost": 0.0028375627719015276, "solution_value": 0.0, "solution_frac": 0.0, "is_solution_at_lower_bound": 1.0, "is_solution_at_upper_bound": 0.0, "scaled_age": 0.22772277227722773, "incumbent_value": 0.0, "average_incumbent_value": 1.1127069068539744e-29, "is_basis_lower": 1.0, "is_basis_basic": 0.0, "is_basis_upper": 0.0, "is_basis_zero": 0.0}, "19": {"objective": 0.23128851346086676, "is_type_binary": 1.0, "is_type_integer": 0.0, "is_type_implicit_integer": 0.0, "is_type_continuous": 0.0, "has_lower_bound": 1.0, "has_upper_bound": 1.0, "normed_reduced_cost": 0.0, "solution_value": 0.213979251567594, "solution_frac": 0.213979251567594, "is_solution_at_lower_bound": 0.0, "is_solution_at_upper_bound": 0.0, "scaled_age": 0.0, "incumbent_value": 0.0, "average_incumbent_value": 0.3959042239808163, "is_basis_lower": 0.0, "is_basis_basic": 1.0, "is_basis_upper": 0.0, "is_basis_zero": 0.0}, "20": {"objective": 0.2523147419573092, "is_type_binary": 1.0, "is_type_integer": 0.0, "is_type_implicit_integer": 0.0, "is_type_continuous": 0.0, "has_lower_bound": 1.0, "has_upper_bound": 1.0, "normed_reduced_cost": 0.0, "solution_value": 0.18976819229001762, "solution_frac": 0.18976819229001762, "is_solution_at_lower_bound": 0.0, "is_solution_at_upper_bound": 0.0, "scaled_age": 0.0, "incumbent_value": 0.0, "average_incumbent_value": 0.08329787221927828, "is_basis_lower": 0.0, "is_basis_basic": 1.0, "is_basis_upper": 0.0, "is_basis_zero": 0.0}, "21": {"objective": 0.04625770269217335, "is_type_binary": 1.0, "is_type_integer": 0.0, "is_type_implicit_integer": 0.0, "is_type_continuous": 0.0, "has_lower_bound": 1.0, "has_upper_bound": 1.0, "normed_reduced_cost": 0.0, "solution_value": 0.7316661492679677, "solution_frac": 0.7316661492679677, "is_solution_at_lower_bound": 0.0, "is_solution_at_upper_bound": 0.0, "scaled_age": 0.0, "incumbent_value": 1.0, "average_incumbent_value": 1.0, "is_basis_lower": 0.0, "is_basis_basic": 1.0, "is_basis_upper": 0.0, "is_basis_zero": 0.0}, "22": {"objective": 0.3069829360480595, "is_type_binary": 1.0, "is_type_integer": 0.0, "is_type_implicit_integer": 0.0, "is_type_continuous": 0.0, "has_lower_bound": 1.0, "has_upper_bound": 1.0, "normed_reduced_cost": 0.0, "solution_value": 0.21679654558300002, "solution_frac": 0.21679654558300002, "is_solution_at_lower_bound": 0.0, "is_solution_at_upper_bound": 0.0, "scaled_age": 0.0, "incumbent_value": 0.0, "average_incumbent_value": 0.30017738031383456, "is_basis_lower": 0.0, "is_basis_basic": 1.0, "is_basis_upper": 0.0, "is_basis_zero": 0.0}, "23": {"objective": 0.07569442258719275, "is_type_binary": 1.0, "is_type_integer": 0.0, "is_type_implicit_integer": 0.0, "is_type_continuous": 0.0, "has_lower_bound": 1.0, "has_upper_bound": 1.0, "normed_reduced_cost": 0.0, "solution_value": 0.2868672493735476, "solution_frac": 0.2868672493735476, "is_solution_at_lower_bound": 0.0, "is_solution_at_upper_bound": 0.0, "scaled_age": 0.0, "incumbent_value": 0.0, "average_incumbent_value": 0.9730131418853498, "is_basis_lower": 0.0, "is_basis_basic": 1.0, "is_basis_upper": 0.0, "is_basis_zero": 0.0}, "24": {"objective": 0.1597993365729625, "is_type_binary": 1.0, "is_type_integer": 0.0, "is_type_implicit_integer": 0.0, "is_type_continuous": 0.0, "has_lower_bound": 1.0, "has_upper_bound": 1.0, "normed_reduced_cost": 0.013749129206450852, "solution_value": 0.0, "solution_frac": 0.0, "is_solution_at_lower_bound": 1.0, "is_solution_at_upper_bound": 0.0, "scaled_age": 0.22772277227722773, "incumbent_value": 0.0, "average_incumbent_value": 1.1127069068539744e-29, "is_basis_lower": 1.0, "is_basis_basic": 0.0, "is_basis_upper": 0.0, "is_basis_zero": 0.0}, "25": {"objective": 0.11354163388078914, "is_type_binary": 1.0, "is_type_integer": 0.0, "is_type_implicit_integer": 0.0, "is_type_continuous": 0.0, "has_lower_bound": 1.0, "has_upper_bound": 1.0, "normed_reduced_cost": 0.0, "solution_value": 0.05056981991024845, "solution_frac": 0.05056981991024845, "is_solution_at_lower_bound": 0.0, "is_solution_at_upper_bound": 0.0, "scaled_age": 0.0, "incumbent_value": 1.0, "average_incumbent_value": 0.5362782608853522, "is_basis_lower": 0.0, "is_basis_basic": 1.0, "is_basis_upper": 0.0, "is_basis_zero": 0.0}, "26": {"objective": 0.10933638818150065, "is_type_binary": 1.0, "is_type_integer": 0.0, "is_type_implicit_integer": 0.0, "is_type_continuous": 0.0, "has_lower_bound": 1.0, "has_upper_bound": 1.0, "normed_reduced_cost": 0.002413333834240646, "solution_value": 0.0, "solution_frac": 0.0, "is_solution_at_lower_bound": 1.0, "is_solution_at_upper_bound": 0.0, "scaled_age": 0.1485148514851485, "incumbent_value": 0.0, "average_incumbent_value": 0.0035150882720961824, "is_basis_lower": 1.0, "is_basis_basic": 0.0, "is_basis_upper": 0.0, "is_basis_zero": 0.0}, "27": {"objective": 0.16400458227225098, "is_type_binary": 1.0, "is_type_integer": 0.0, "is_type_implicit_integer": 0.0, "is_type_continuous": 0.0, "has_lower_bound": 1.0, "has_upper_bound": 1.0, "normed_reduced_cost": 0.02558906006036556, "solution_value": 0.0, "solution_frac": 0.0, "is_solution_at_lower_bound": 1.0, "is_solution_at_upper_bound": 0.0, "scaled_age": 0.22772277227722773, "incumbent_value": 0.0, "average_incumbent_value": 1.1127069068539744e-29, "is_basis_lower": 1.0, "is_basis_basic": 0.0, "is_basis_upper": 0.0, "is_basis_zero": 0.0}, "28": {"objective": 0.06728393118861578, "is_type_binary": 1.0, "is_type_integer": 0.0, "is_type_implicit_integer": 0.0, "is_type_continuous": 0.0, "has_lower_bound": 1.0, "has_upper_bound": 1.0, "normed_reduced_cost": 0.0, "solution_value": 0.06296947154967758, "solution_frac": 0.06296947154967758, "is_solution_at_lower_bound": 0.0, "is_solution_at_upper_bound": 0.0, "scaled_age": 0.0, "incumbent_value": 0.0, "average_incumbent_value": 0.9197329261845104, "is_basis_lower": 0.0, "is_basis_basic": 1.0, "is_basis_upper": 0.0, "is_basis_zero": 0.0}, "29": {"objective": 0.19344130216727037, "is_type_binary": 1.0, "is_type_integer": 0.0, "is_type_implicit_integer": 0.0, "is_type_continuous": 0.0, "has_lower_bound": 1.0, "has_upper_bound": 1.0, "normed_reduced_cost": 0.0, "solution_value": 0.313617634878013, "solution_frac": 0.313617634878013, "is_solution_at_lower_bound": 0.0, "is_solution_at_upper_bound": 0.0, "scaled_age": 0.0, "incumbent_value": 0.0, "average_incumbent_value": 0.6784764461223587, "is_basis_lower": 0.0, "is_basis_basic": 1.0, "is_basis_upper": 0.0, "is_basis_zero": 0.0}, "30": {"objective": 0.09672065108363519, "is_type_binary": 1.0, "is_type_integer": 0.0, "is_type_implicit_integer": 0.0, "is_type_continuous": 0.0, "has_lower_bound": 1.0, "has_upper_bound": 1.0, "normed_reduced_cost": 0.007675150807615296, "solution_value": 0.0, "solution_frac": 0.0, "is_solution_at_lower_bound": 1.0, "is_solution_at_upper_bound": 0.0, "scaled_age": 0.22772277227722773, "incumbent_value": 0.0, "average_incumbent_value": 1.1127069068539744e-29, "is_basis_lower": 1.0, "is_basis_basic": 0.0, "is_basis_upper": 0.0, "is_basis_zero": 0.0}, "31": {"objective": 0.004205245699288486, "is_type_binary": 1.0, "is_type_integer": 0.0, "is_type_implicit_integer": 0.0, "is_type_continuous": 0.0, "has_lower_bound": 1.0, "has_upper_bound": 1.0, "normed_reduced_cost": 0.0, "solution_value": 0.32791870541035606, "solution_frac": 0.32791870541035606, "is_solution_at_lower_bound": 0.0, "is_solution_at_upper_bound": 0.0, "scaled_age": 0.0, "incumbent_value": 1.0, "average_incumbent_value": 0.9292396742361584, "is_basis_lower": 0.0, "is_basis_basic": 1.0, "is_basis_upper": 0.0, "is_basis_zero": 0.0}, "32": {"objective": 0.07569442258719275, "is_type_binary": 1.0, "is_type_integer": 0.0, "is_type_implicit_integer": 0.0, "is_type_continuous": 0.0, "has_lower_bound": 1.0, "has_upper_bound": 1.0, "normed_reduced_cost": 0.0, "solution_value": 0.506153457850743, "solution_frac": 0.506153457850743, "is_solution_at_lower_bound": 0.0, "is_solution_at_upper_bound": 0.0, "scaled_age": 0.0, "incumbent_value": 1.0, "average_incumbent_value": 0.9893725121453321, "is_basis_lower": 0.0, "is_basis_basic": 1.0, "is_basis_upper": 0.0, "is_basis_zero": 0.0}, "33": {"objective": 0.155594090873674, "is_type_binary": 1.0, "is_type_integer": 0.0, "is_type_implicit_integer": 0.0, "is_type_continuous": 0.0, "has_lower_bound": 1.0, "has_upper_bound": 1.0, "normed_reduced_cost": 0.0, "solution_value": 0.2798176272489694, "solution_frac": 0.2798176272489694, "is_solution_at_lower_bound": 0.0, "is_solution_at_upper_bound": 0.0, "scaled_age": 0.0, "incumbent_value": 1.0, "average_incumbent_value": 0.9659211897505682, "is_basis_lower": 0.0, "is_basis_basic": 1.0, "is_basis_upper": 0.0, "is_basis_zero": 0.0}, "34": {"objective": 0.13036261667794308, "is_type_binary": 1.0, "is_type_integer": 0.0, "is_type_implicit_integer": 0.0, "is_type_continuous": 0.0, "has_lower_bound": 1.0, "has_upper_bound": 1.0, "normed_reduced_cost": 0.0, "solution_value": 0.2000166136822269, "solution_frac": 0.2000166136822269, "is_solution_at_lower_bound": 0.0, "is_solution_at_upper_bound": 0.0, "scaled_age": 0.0, "incumbent_value": 0.0, "average_incumbent_value": 0.6794613492135932, "is_basis_lower": 0.0, "is_basis_basic": 1.0, "is_basis_upper": 0.0, "is_basis_zero": 0.0}, "35": {"objective": 0.14297835377580853, "is_type_binary": 1.0, "is_type_integer": 0.0, "is_type_implicit_integer": 0.0, "is_type_continuous": 0.0, "has_lower_bound": 1.0, "has_upper_bound": 1.0, "normed_reduced_cost": 0.00015500980501622773, "solution_value": 0.0, "solution_frac": 0.0, "is_solution_at_lower_bound": 1.0, "is_solution_at_upper_bound": 0.0, "scaled_age": 0.10891089108910891, "incumbent_value": 0.0, "average_incumbent_value": 0.014313636207223304, "is_basis_lower": 1.0, "is_basis_basic": 0.0, "is_basis_upper": 0.0, "is_basis_zero": 0.0}, "36": {"objective": 0.004205245699288486, "is_type_binary": 1.0, "is_type_integer": 0.0, "is_type_implicit_integer": 0.0, "is_type_continuous": 0.0, "has_lower_bound": 1.0, "has_upper_bound": 1.0, "normed_reduced_cost": 0.0, "solution_value": 0.4546751919837231, "solution_frac": 0.4546751919837231, "is_solution_at_lower_bound": 0.0, "is_solution_at_upper_bound": 0.0, "scaled_age": 0.0, "incumbent_value": 1.0, "average_incumbent_value": 0.9998924004804103, "is_basis_lower": 0.0, "is_basis_basic": 1.0, "is_basis_upper": 0.0, "is_basis_zero": 0.0}, "37": {"objective": 0.08410491398576973, "is_type_binary": 1.0, "is_type_integer": 0.0, "is_type_implicit_integer": 0.0, "is_type_continuous": 0.0, "has_lower_bound": 1.0, "has_upper_bound": 1.0, "normed_reduced_cost": 0.0, "solution_value": 0.23588514953043702, "solution_frac": 0.23588514953043702, "is_solution_at_lower_bound": 0.0, "is_solution_at_upper_bound": 0.0, "scaled_age": 0.0, "incumbent_value": 0.0, "average_incumbent_value": 0.9729323936281358, "is_basis_lower": 0.0, "is_basis_basic": 1.0, "is_basis_upper": 0.0, "is_basis_zero": 0.0}, "38": {"objective": 0.2144675306637128, "is_type_binary": 1.0, "is_type_integer": 0.0, "is_type_implicit_integer": 0.0, "is_type_continuous": 0.0, "has_lower_bound": 1.0, "has_upper_bound": 1.0, "normed_reduced_cost": 0.0, "solution_value": 0.07321789294188687, "solution_frac": 0.07321789294188687, "is_solution_at_lower_bound": 0.0, "is_solution_at_upper_bound": 0.0, "scaled_age": 0.0, "incumbent_value": 0.0, "average_incumbent_value": 0.141909367237122, "is_basis_lower": 0.0, "is_basis_basic": 1.0, "is_basis_upper": 0.0, "is_basis_zero": 0.0}, "39": {"objective": 0.04625770269217335, "is_type_binary": 1.0, "is_type_integer": 0.0, "is_type_implicit_integer": 0.0, "is_type_continuous": 0.0, "has_lower_bound": 1.0, "has_upper_bound": 1.0, "normed_reduced_cost": 0.0, "solution_value": 0.057268891837824576, "solution_frac": 0.057268891837824576, "is_solution_at_lower_bound": 0.0, "is_solution_at_upper_bound": 0.0, "scaled_age": 0.0, "incumbent_value": 0.0, "average_incumbent_value": 0.033993499072296776, "is_basis_lower": 0.0, "is_basis_basic": 1.0, "is_basis_upper": 0.0, "is_basis_zero": 0.0}, "40": {"objective": 0.29436719895019403, "is_type_binary": 1.0, "is_type_integer": 0.0, "is_type_implicit_integer": 0.0, "is_type_continuous": 0.0, "has_lower_bound": 1.0, "has_upper_bound": 1.0, "normed_reduced_cost": 0.0, "solution_value": 0.16423257084189458, "solution_frac": 0.16423257084189458, "is_solution_at_lower_bound": 0.0, "is_solution_at_upper_bound": 0.0, "scaled_age": 0.0, "incumbent_value": 0.0, "average_incumbent_value": 0.363616476214968, "is_basis_lower": 0.0, "is_basis_basic": 1.0, "is_basis_upper": 0.0, "is_basis_zero": 0.0}, "41": {"objective": 0.16820982797153947, "is_type_binary": 1.0, "is_type_integer": 0.0, "is_type_implicit_integer": 0.0, "is_type_continuous": 0.0, "has_lower_bound": 1.0, "has_upper_bound": 1.0, "normed_reduced_cost": 0.0, "solution_value": 0.13249930045219305, "solution_frac": 0.13249930045219305, "is_solution_at_lower_bound": 0.0, "is_solution_at_upper_bound": 0.0, "scaled_age": 0.0, "incumbent_value": 0.0, "average_incumbent_value": 0.6753536039334583, "is_basis_lower": 0.0, "is_basis_basic": 1.0, "is_basis_upper": 0.0, "is_basis_zero": 0.0}, "42": {"objective": 0.029436719895019406, "is_type_binary": 1.0, "is_type_integer": 0.0, "is_type_implicit_integer": 0.0, "is_type_continuous": 0.0, "has_lower_bound": 1.0, "has_upper_bound": 1.0, "normed_reduced_cost": 0.0, "solution_value": 0.783203454417, "solution_frac": 0.783203454417, "is_solution_at_lower_bound": 0.0, "is_solution_at_upper_bound": 0.0, "scaled_age": 0.0, "incumbent_value": 1.0, "average_incumbent_value": 1.0, "is_basis_lower": 0.0, "is_basis_basic": 1.0, "is_basis_upper": 0.0, "is_basis_zero": 0.0}}