{"0": {"bias": -0.9642365197998376, "objective_cosine_similarity": -0.9549964788790735, "is_tight": 0.0, "dual_solution_value": -0.0, "scaled_age": 0.027522935779816515}, "1": {"bias": -0.9091372900969896, "objective_cosine_similarity": -0.9333347424327023, "is_tight": 1.0, "dual_solution_value": -7.266454223776502e-05, "scaled_age": 0.0}, "2": {"bias": -0.8866646124409363, "objective_cosine_similarity": -0.9220007616037169, "is_tight": 0.0, "dual_solution_value": -0.0, "scaled_age": 0.07339449541284404}, "3": {"bias": -0.9674025558108774, "objective_cosine_similarity": -0.9594616137777255, "is_tight": 1.0, "dual_solution_value": -1.354812390953443e-06, "scaled_age": 0.0}, "4": {"bias": -0.8592694072643102, "objective_cosine_similarity": -0.8393613055105263, "is_tight": 0.0, "dual_solution_value": -0.0, "scaled_age": 0.09174311926605505}, "5": {"bias": -0.7977240352174656, "objective_cosine_similarity": -0.8551362730560667, "is_tight": 0.0, "dual_solution_value": -0.0, "scaled_age": 0.01834862385321101}, "6": {"bias": -0.8964214570007952, "objective_cosine_similarity": -0.9452823060321724, "is_tight": 1.0, "dual_solution_value": -5.46876324954375e-06, "scaled_age": 0.0}, "7": {"bias": -0.6666666666666666, "objective_cosine_similarity": -0.8634254605173409, "is_tight": 1.0, "dual_solution_value": -2.6641374848407486e-05, "scaled_age": 0.0}, "8": {"bias": -0.9694537294226856, "objective_cosine_similarity": -0.9688754764592515, "is_tight": 1.0, "dual_solution_value": -0.004464324379077828, "scaled_age": 0.0}, "9": {"bias": -0.9514765141726185, "objective_cosine_similarity": -0.9592344185959855, "is_tight": 0.0, "dual_solution_value": 0.0, "scaled_age": 0.11009174311926606}, "10": {"bias": -0.9603536925211049, "objective_cosine_similarity": -0.9475709642350052, "is_tight": 0.0, "dual_solution_value": 0.0, "scaled_age": 0.009174311926605505}, "11": {"bias": -0.3333333333333333, "objective_cosine_similarity": -0.29374268244404383, "is_tight": 0.0, "dual_solution_value": 0.0, "scaled_age": 0.1926605504587156}, "12": {"bias": -0.4082482904638631, "objective_cosine_similarity": -0.37066165728161005, "is_tight": 0.0, "dual_solution_value": 0.0, "scaled_age": 0.1926605504587156}, "13": {"bias": -0.2773500981126146, "objective_cosine_similarity": -0.4345043295771634, "is_tight": 0.0, "dual_solution_value": 0.0, "scaled_age": 0.1926605504587156}, "14": {"bias": -0.35355339059327373, "objective_cosine_similarity": -0.45632695740327195, "is_tight": 0.0, "dual_solution_value": 0.0, "scaled_age": 0.1926605504587156}, "15": {"bias": -0.3779644730092272, "objective_cosine_similarity": -0.6829676523808123, "is_tight": 1.0, "dual_solution_value": -0.01591663384700432, "scaled_age": 0.0}, "16": {"bias": -0.2886751345948129, "objective_cosine_similarity": -0.40599396744674443, "is_tight": 0.0, "dual_solution_value": 0.0, "scaled_age": 0.1926605504587156}, "17": {"bias": -0.4472135954999579, "objective_cosine_similarity": -0.4975974286651637, "is_tight": 0.0, "dual_solution_value": 0.0, "scaled_age": 0.09174311926605505}, "18": {"bias": -0.5, "objective_cosine_similarity": -0.27148944892555565, "is_tight": 1.0, "dual_solution_value": -0.004906568027420141, "scaled_age": 0.0}, "19": {"bias": -0.4472135954999579, "objective_cosine_similarity": -0.3582701486389179, "is_tight": 0.0, "dual_solution_value": 0.0, "scaled_age": 0.01834862385321101}, "20": {"bias": -0.5773502691896258, "objective_cosine_similarity": -0.11306161118770099, "is_tight": 0.0, "dual_solution_value": 0.0, "scaled_age": 0.1926605504587156}, "21": {"bias": -0.3779644730092272, "objective_cosine_similarity": -0.3364372671826661, "is_tight": 0.0, "dual_solution_value": 0.0, "scaled_age": 0.1926605504587156}, "22": {"bias": -0.3779644730092272, "objective_cosine_similarity": -0.4508259380247726, "is_tight": 0.0, "dual_solution_value": 0.0, "scaled_age": 0.1926605504587156}, "23": {"bias": -0.3333333333333333, "objective_cosine_similarity": -0.39462400772785683, "is_tight": 0.0, "dual_solution_value": 0.0, "scaled_age": 0.1926605504587156}, "24": {"bias": -0.3779644730092272, "objective_cosine_similarity": -0.386902857260066, "is_tight": 0.0, "dual_solution_value": 0.0, "scaled_age": 0.1926605504587156}, "25": {"bias": -0.3779644730092272, "objective_cosine_similarity": -0.427275329321986, "is_tight": 0.0, "dual_solution_value": 0.0, "scaled_age": 0.08256880733944955}, "26": {"bias": -0.35355339059327373, "objective_cosine_similarity": -0.41856196782507016, "is_tight": 0.0, "dual_solution_value": 0.0, "scaled_age": 0.1926605504587156}, "27": {"bias": -0.5, "objective_cosine_similarity": -0.3248972093699273, "is_tight": 0.0, "dual_solution_value": 0.0, "scaled_age": 0.1926605504587156}, "28": {"bias": -0.4472135954999579, "objective_cosine_similarity": -0.5533283406756621, "is_tight": 0.0, "dual_solution_value": 0.0, "scaled_age": 0.027522935779816515}, "29": {"bias": -0.5, "objective_cosine_similarity": -0.25368686211076513, "is_tight": 0.0, "dual_solution_value": 0.0, "scaled_age": 0.1926605504587156}, "30": {"bias": -0.4082482904638631, "objective_cosine_similarity": -0.2543756471540461, "is_tight": 0.0, "dual_solution_value": 0.0, "scaled_age": 0.1926605504587156}, "31": {"bias": -0.25, "objective_cosine_similarity": -0.5941613349436341, "is_tight": 0.0, "dual_solution_value": 0.0, "scaled_age": 0.1926605504587156}, "32": {"bias": -0.4082482904638631, "objective_cosine_similarity": -0.3670277194651237, "is_tight": 0.0, "dual_solution_value": 0.0, "scaled_age": 0.03669724770642202}, "33": {"bias": -0.35355339059327373, "objective_cosine_similarity": -0.33359074127411603, "is_tight": 0.0, "dual_solution_value": 0.0, "scaled_age": 0.1926605504587156}, "34": {"bias": -0.35355339059327373, "objective_cosine_similarity": -0.4280032152196206, "is_tight": 0.0, "dual_solution_value": 0.0, "scaled_age": 0.1926605504587156}, "35": {"bias": -0.3779644730092272, "objective_cosine_similarity": -0.3801741119164127, "is_tight": 0.0, "dual_solution_value": 0.0, "scaled_age": 0.1926605504587156}, "36": {"bias": -0.5, "objective_cosine_similarity": -0.5073737242215303, "is_tight": 1.0, "dual_solution_value": -0.049899199247884274, "scaled_age": 0.0}, "37": {"bias": -0.4082482904638631, "objective_cosine_similarity": -0.3851974085475555, "is_tight": 0.0, "dual_solution_value": 0.0, "scaled_age": 0.1926605504587156}, "38": {"bias": -0.4472135954999579, "objective_cosine_similarity": -0.29855845719909824, "is_tight": 0.0, "dual_solution_value": 0.0, "scaled_age": 0.11926605504587157}, "39": {"bias": -0.4472135954999579, "objective_cosine_similarity": -0.44186651665466536, "is_tight": 1.0, "dual_solution_value": -0.01592311771728524, "scaled_age": 0.0}, "40": {"bias": -0.35355339059327373, "objective_cosine_similarity": -0.4657682047978224, "is_tight": 0.0, "dual_solution_value": 0.0, "scaled_age": 0.1926605504587156}, "41": {"bias": -0.4472135954999579, "objective_cosine_similarity": -0.44982807551330795, "is_tight": 0.0, "dual_solution_value": 0.0, "scaled_age": 0.1926605504587156}, "42": {"bias": -0.5, "objective_cosine_similarity": -0.4005582033327871, "is_tight": 0.0, "dual_solution_value": 0.0, "scaled_age": 0.01834862385321101}, "43": {"bias": -0.3779644730092272, "objective_cosine_similarity": -0.48783403741486586, "is_tight": 1.0, "dual_solution_value": -0.0036473573775830386, "scaled_age": 0.0}, "44": {"bias": -0.3779644730092272, "objective_cosine_similarity": -0.43063970199381263, "is_tight": 0.0, "dual_solution_value": 0.0, "scaled_age": 0.1926605504587156}, "45": {"bias": -0.3779644730092272, "objective_cosine_similarity": -0.4676478013839059, "is_tight": 0.0, "dual_solution_value": 0.0, "scaled_age": 0.1926605504587156}, "46": {"bias": -0.4472135954999579, "objective_cosine_similarity": -0.31050079548706216, "is_tight": 0.0, "dual_solution_value": 0.0, "scaled_age": 0.1926605504587156}, "47": {"bias": -0.4472135954999579, "objective_cosine_similarity": -0.31448157491638346, "is_tight": 0.0, "dual_solution_value": 0.0, "scaled_age": 0.10091743119266056}, "48": {"bias": -0.3779644730092272, "objective_cosine_similarity": -0.4911984100866925, "is_tight": 1.0, "dual_solution_value": -0.0055393933762650565, "scaled_age": 0.0}, "49": {"bias": -0.35355339059327373, "objective_cosine_similarity": -0.5444452664190762, "is_tight": 0.0, "dual_solution_value": 0.0, "scaled_age": 0.1926605504587156}, "50": {"bias": -0.3779644730092272, "objective_cosine_similarity": -0.49456278275851917, "is_tight": 0.0, "dual_solution_value": 0.0, "scaled_age": 0.1926605504587156}, "51": {"bias": -0.5, "objective_cosine_similarity": -0.3426997961847178, "is_tight": 1.0, "dual_solution_value": -0.0005155439001632536, "scaled_age": 0.0}, "52": {"bias": -0.4082482904638631, "objective_cosine_similarity": -0.26164352278701886, "is_tight": 0.0, "dual_solution_value": 0.0, "scaled_age": 0.1926605504587156}, "53": {"bias": -0.3779644730092272, "objective_cosine_similarity": -0.3263441491671861, "is_tight": 0.0, "dual_solution_value": 0.0, "scaled_age": 0.1926605504587156}, "54": {"bias": -0.35355339059327373, "objective_cosine_similarity": -0.2612078445825626, "is_tight": 0.0, "dual_solution_value": 0.0, "scaled_age": 0.1926605504587156}, "55": {"bias": -0.31622776601683794, "objective_cosine_similarity": -0.4813369780386532, "is_tight": 0.0, "dual_solution_value": 0.0, "scaled_age": 0.1926605504587156}, "56": {"bias": -0.3779644730092272, "objective_cosine_similarity": -0.34989475786997276, "is_tight": 0.0, "dual_solution_value": 0.0, "scaled_age": 0.1926605504587156}, "57": {"bias": -0.4082482904638631, "objective_cosine_similarity": -0.27617927405296433, "is_tight": 0.0, "dual_solution_value": 0.0, "scaled_age": 0.1926605504587156}, "58": {"bias": -0.3779644730092272, "objective_cosine_similarity": -0.3936316026037194, "is_tight": 0.0, "dual_solution_value": 0.0, "scaled_age": 0.009174311926605505}, "59": {"bias": -0.35355339059327373, "objective_cosine_similarity": -0.47520945219237287, "is_tight": 0.0, "dual_solution_value": 0.0, "scaled_age": 0.07339449541284404}, "60": {"bias": -0.4082482904638631, "objective_cosine_similarity": -0.34159015474971904, "is_tight": 0.0, "dual_solution_value": 0.0, "scaled_age": 0.01834862385321101}, "61": {"bias": -0.31622776601683794, "objective_cosine_similarity": -0.3940770580433418, "is_tight": 0.0, "dual_solution_value": 0.0, "scaled_age": 0.1926605504587156}, "62": {"bias": -0.5, "objective_cosine_similarity": -0.4450646703697634, "is_tight": 0.0, "dual_solution_value": 0.0, "scaled_age": 0.1926605504587156}, "63": {"bias": -0.4082482904638631, "objective_cosine_similarity": -0.32705440348377357, "is_tight": 0.0, "dual_solution_value": 0.0, "scaled_age": 0.1926605504587156}, "64": {"bias": -0.3779644730092272, "objective_cosine_similarity": -0.5214777641331325, "is_tight": 0.0, "dual_solution_value": 0.0, "scaled_age": 0.1926605504587156}, "65": {"bias": -0.4082482904638631, "objective_cosine_similarity": -0.5378227968399832, "is_tight": 1.0, "dual_solution_value": -0.021986836841700573, "scaled_age": 0.0}, "66": {"bias": -0.4472135954999579, "objective_cosine_similarity": -0.47371275208923586, "is_tight": 0.0, "dual_solution_value": 0.0, "scaled_age": 0.11926605504587157}, "67": {"bias": -0.4082482904638631, "objective_cosine_similarity": -0.3597598438321509, "is_tight": 0.0, "dual_solution_value": 0.0, "scaled_age": 0.1926605504587156}, "68": {"bias": -0.3779644730092272, "objective_cosine_similarity": -0.4911984100866925, "is_tight": 0.0, "dual_solution_value": 0.0, "scaled_age": 0.1926605504587156}, "69": {"bias": -0.3333333333333333, "objective_cosine_similarity": -0.5192421154313905, "is_tight": 0.0, "dual_solution_value": 0.0, "scaled_age": 0.1926605504587156}, "70": {"bias": -0.4082482904638631, "objective_cosine_similarity": -0.31615259003431445, "is_tight": 0.0, "dual_solution_value": 0.0, "scaled_age": 0.10091743119266056}, "71": {"bias": -0.35355339059327373, "objective_cosine_similarity": -0.29582575169591424, "is_tight": 0.0, "dual_solution_value": 0.0, "scaled_age": 0.1926605504587156}, "72": {"bias": -0.2773500981126146, "objective_cosine_similarity": -0.6245999737671725, "is_tight": 0.0, "dual_solution_value": 0.0, "scaled_age": 0.1926605504587156}, "73": {"bias": -0.5773502691896258, "objective_cosine_similarity": -0.13361826776728297, "is_tight": 0.0, "dual_solution_value": 0.0, "scaled_age": 0.1926605504587156}, "74": {"bias": -0.31622776601683794, "objective_cosine_similarity": -0.49541115868305824, "is_tight": 0.0, "dual_solution_value": 0.0, "scaled_age": 0.1926605504587156}, "75": {"bias": -0.35355339059327373, "objective_cosine_similarity": -0.3713557308523179, "is_tight": 0.0, "dual_solution_value": 0.0, "scaled_age": 0.1926605504587156}, "76": {"bias": -0.3779644730092272, "objective_cosine_similarity": -0.34989475786997276, "is_tight": 0.0, "dual_solution_value": 0.0, "scaled_age": 0.1926605504587156}, "77": {"bias": -0.35355339059327373, "objective_cosine_similarity": -0.46891528726267256, "is_tight": 0.0, "dual_solution_value": 0.0, "scaled_age": 0.1926605504587156}, "78": {"bias": -0.4472135954999579, "objective_cosine_similarity": -0.19107741260742286, "is_tight": 0.0, "dual_solution_value": 0.0, "scaled_age": 0.1926605504587156}, "79": {"bias": -0.3779644730092272, "objective_cosine_similarity": -0.4979271554303458, "is_tight": 0.0, "dual_solution_value": 0.0, "scaled_age": 0.009174311926605505}, "80": {"bias": -0.3779644730092272, "objective_cosine_similarity": -0.3027935404643995, "is_tight": 0.0, "dual_solution_value": 0.0, "scaled_age": 0.1926605504587156}, "81": {"bias": -0.4082482904638631, "objective_cosine_similarity": -0.3633937816486373, "is_tight": 0.0, "dual_solution_value": 0.0, "scaled_age": 0.1926605504587156}, "82": {"bias": -0.35355339059327373, "objective_cosine_similarity": -0.3430319886686665, "is_tight": 0.0, "dual_solution_value": 0.0, "scaled_age": 0.1926605504587156}, "83": {"bias": -0.5, "objective_cosine_similarity": -0.2358842752959746, "is_tight": 0.0, "dual_solution_value": 0.0, "scaled_age": 0.07339449541284404}, "84": {"bias": -0.3779644730092272, "objective_cosine_similarity": -0.42054658397833267, "is_tight": 0.0, "dual_solution_value": 0.0, "scaled_age": 0.1926605504587156}, "85": {"bias": -0.5773502691896258, "objective_cosine_similarity": -0.3237673411284165, "is_tight": 1.0, "dual_solution_value": -0.03123229529662346, "scaled_age": 0.0}, "86": {"bias": -0.5, "objective_cosine_similarity": -0.18692716155530062, "is_tight": 0.0, "dual_solution_value": 0.0, "scaled_age": 0.1926605504587156}, "87": {"bias": -0.35355339059327373, "objective_cosine_similarity": -0.40912072043051967, "is_tight": 0.0, "dual_solution_value": 0.0, "scaled_age": 0.1926605504587156}, "88": {"bias": -0.4472135954999579, "objective_cosine_similarity": -0.27069300119384904, "is_tight": 0.0, "dual_solution_value": 0.0, "scaled_age": 0.1926605504587156}, "89": {"bias": -0.5773502691896258, "objective_cosine_similarity": -0.38029814672226697, "is_tight": 1.0, "dual_solution_value": -0.022632997427137137, "scaled_age": 0.0}, "90": {"bias": -0.3779644730092272, "objective_cosine_similarity": -0.5113846461176524, "is_tight": 0.0, "dual_solution_value": 0.0, "scaled_age": 0.14678899082568808}, "91": {"bias": -0.3333333333333333, "objective_cosine_similarity": -0.4509988659746935, "is_tight": 0.0, "dual_solution_value": 0.0, "scaled_age": 0.1926605504587156}, "92": {"bias": -0.3333333333333333, "objective_cosine_similarity": -0.5815511692831574, "is_tight": 0.0, "dual_solution_value": 0.0, "scaled_age": 0.1926605504587156}, "93": {"bias": -0.4082482904638631, "objective_cosine_similarity": -0.3379562169332327, "is_tight": 0.0, "dual_solution_value": 0.0, "scaled_age": 0.1926605504587156}, "94": {"bias": -0.35355339059327373, "objective_cosine_similarity": -0.4846506995869233, "is_tight": 0.0, "dual_solution_value": 0.0, "scaled_age": 0.1926605504587156}, "95": {"bias": -0.3333333333333333, "objective_cosine_similarity": -0.36792012750567105, "is_tight": 0.0, "dual_solution_value": 0.0, "scaled_age": 0.1926605504587156}, "96": {"bias": -0.4082482904638631, "objective_cosine_similarity": -0.3234204656672872, "is_tight": 0.0, "dual_solution_value": 0.0, "scaled_age": 0.045871559633027525}, "97": {"bias": -0.3779644730092272, "objective_cosine_similarity": -0.39026722993189267, "is_tight": 0.0, "dual_solution_value": 0.0, "scaled_age": 0.1926605504587156}, "98": {"bias": -0.3779644730092272, "objective_cosine_similarity": -0.4340040746656393, "is_tight": 0.0, "dual_solution_value": 0.0, "scaled_age": 0.14678899082568808}, "99": {"bias": -0.4082482904638631, "objective_cosine_similarity": -0.5196531077575514, "is_tight": 0.0, "dual_solution_value": 0.0, "scaled_age": 0.14678899082568808}, "100": {"bias": -0.4082482904638631, "objective_cosine_similarity": -0.3306883413002599, "is_tight": 0.0, "dual_solution_value": 0.0, "scaled_age": 0.1926605504587156}, "101": {"bias": -0.5, "objective_cosine_similarity": -0.17357522144420773, "is_tight": 0.0, "dual_solution_value": 0.0, "scaled_age": 0.1926605504587156}, "102": {"bias": -0.4082482904638631, "objective_cosine_similarity": -0.29798290095188257, "is_tight": 0.0, "dual_solution_value": 0.0, "scaled_age": 0.1926605504587156}, "103": {"bias": -0.5773502691896258, "objective_cosine_similarity": -0.21584489408561097, "is_tight": 0.0, "dual_solution_value": 0.0, "scaled_age": 0.03669724770642202}, "104": {"bias": -0.4082482904638631, "objective_cosine_similarity": -0.31615259003431445, "is_tight": 0.0, "dual_solution_value": 0.0, "scaled_age": 0.1926605504587156}, "105": {"bias": -0.9326192598159835, "objective_cosine_similarity": -0.9634616655773965, "is_tight": 1.0, "dual_solution_value": -0.001082827406105344, "scaled_age": 0.0}, "106": {"bias": -0.9270996064485947, "objective_cosine_similarity": -0.9583985330473822, "is_tight": 1.0, "dual_solution_value": -0.02071510201441172, "scaled_age": 0.0}, "107": {"bias": -0.7683498199278324, "objective_cosine_similarity": -0.8695690565943273, "is_tight": 1.0, "dual_solution_value": -0.00014109762093241648, "scaled_age": 0.0}, "108": {"bias": -0.9413319623030992, "objective_cosine_similarity": -0.9658353990196816, "is_tight": 1.0, "dual_solution_value": -0.0057590153945860255, "scaled_age": 0.0}, "109": {"bias": -0.5, "objective_cosine_similarity": -0.6408931253324592, "is_tight": 0.0, "dual_solution_value": -0.0, "scaled_age": 0.09174311926605505}, "110": {"bias": -0.8606629658238705, "objective_cosine_similarity": -0.9407724680755696, "is_tight": 0.0, "dual_solution_value": -0.0, "scaled_age": 0.11926605504587157}, "111": {"bias": -0.9359937344675237, "objective_cosine_similarity": -0.9657411621109575, "is_tight": 1.0, "dual_solution_value": -0.003039118133798497, "scaled_age": 0.0}, "112": {"bias": -0.7808688094430304, "objective_cosine_similarity": -0.8660625012377654, "is_tight": 0.0, "dual_solution_value": -0.0, "scaled_age": 0.045871559633027525}, "113": {"bias": -0.7745966692414834, "objective_cosine_similarity": -0.9066809576282057, "is_tight": 0.0, "dual_solution_value": -0.0, "scaled_age": 0.08256880733944955}, "114": {"bias": -0.9294704345992805, "objective_cosine_similarity": -0.9603390142670092, "is_tight": 1.0, "dual_solution_value": -0.009174821918947062, "scaled_age": 0.0}, "115": {"bias": -0.8432740427115678, "objective_cosine_similarity": -0.9120069057574482, "is_tight": 1.0, "dual_solution_value": -4.480907672935274e-05, "scaled_age": 0.0}, "116": {"bias": -0.8867963503478639, "objective_cosine_similarity": -0.9410966473409488, "is_tight": 0.0, "dual_solution_value": -0.0, "scaled_age": 0.045871559633027525}, "117": {"bias": -0.8917204687580271, "objective_cosine_similarity": -0.9372559297582225, "is_tight": 0.0, "dual_solution_value": -0.0, "scaled_age": 0.06422018348623854}, "118": {"bias": -0.8664485777182117, "objective_cosine_similarity": -0.9298398500924532, "is_tight": 1.0, "dual_solution_value": -2.3121978927533745e-05, "scaled_age": 0.0}, "119": {"bias": -0.8849953577374196, "objective_cosine_similarity": -0.9526273185987244, "is_tight": 1.0, "dual_solution_value": -9.364301477962644e-06, "scaled_age": 0.0}, "120": {"bias": -0.8911327886790069, "objective_cosine_similarity": -0.9152917157817799, "is_tight": 1.0, "dual_solution_value": -9.057817841595148e-06, "scaled_age": 0.0}, "121": {"bias": -0.892217816219194, "objective_cosine_similarity": -0.9497781518071903, "is_tight": 1.0, "dual_solution_value": -5.013115094449277e-06, "scaled_age": 0.0}, "122": {"bias": -0.8918899883435061, "objective_cosine_similarity": -0.9376572553675732, "is_tight": 1.0, "dual_solution_value": -6.350550601945305e-06, "scaled_age": 0.0}, "123": {"bias": -0.9456834462964838, "objective_cosine_similarity": -0.962208786506054, "is_tight": 1.0, "dual_solution_value": -0.0006552899626838467, "scaled_age": 0.0}}