{"0": {"bias": -0.6546536707079772, "objective_cosine_similarity": -0.5815995070585975, "is_tight": 1.0, "dual_solution_value": -1.2224112141312915e-05, "scaled_age": 0.0}, "1": {"bias": -0.8006407690254357, "objective_cosine_similarity": -0.6625494695339904, "is_tight": 0.0, "dual_solution_value": -0.0, "scaled_age": 0.07317073170731707}, "2": {"bias": -0.7844645405527362, "objective_cosine_similarity": -0.7759464223774064, "is_tight": 0.0, "dual_solution_value": -0.0, "scaled_age": 0.14634146341463414}, "3": {"bias": -1.034792955221957, "objective_cosine_similarity": -0.9259975304898704, "is_tight": 1.0, "dual_solution_value": -7.188071510462559e-05, "scaled_age": 0.0}, "4": {"bias": -0.9701425001453319, "objective_cosine_similarity": -0.8840535798269935, "is_tight": 0.0, "dual_solution_value": -0.0, "scaled_age": 0.12195121951219512}, "5": {"bias": -0.6324555320336759, "objective_cosine_similarity": -0.38815083524244914, "is_tight": 0.0, "dual_solution_value": -0.0, "scaled_age": 0.15853658536585366}, "6": {"bias": -0.7559289460184544, "objective_cosine_similarity": -0.7930065913640496, "is_tight": 1.0, "dual_solution_value": -0.0002228922751237496, "scaled_age": 0.0}, "7": {"bias": -1.1328153917709556, "objective_cosine_similarity": -0.9180262755934003, "is_tight": 1.0, "dual_solution_value": -1.1625572776823783e-09, "scaled_age": 0.0}, "8": {"bias": -1.1515511870572923, "objective_cosine_similarity": -0.9585302006803007, "is_tight": 1.0, "dual_solution_value": -0.0004567287309547894, "scaled_age": 0.0}, "9": {"bias": -1.150201312040376, "objective_cosine_similarity": -0.9511710982762912, "is_tight": 1.0, "dual_solution_value": -0.0014681820613162803, "scaled_age": 0.0}, "10": {"bias": -1.1629163257239818, "objective_cosine_similarity": -0.942911455238279, "is_tight": 0.0, "dual_solution_value": 0.0, "scaled_age": 0.15853658536585366}, "11": {"bias": -1.1470249758523148, "objective_cosine_similarity": -0.9447343381306909, "is_tight": 0.0, "dual_solution_value": 0.0, "scaled_age": 0.04878048780487805}, "12": {"bias": -1.107782983811475, "objective_cosine_similarity": -0.967404963482623, "is_tight": 1.0, "dual_solution_value": -0.004473674706452722, "scaled_age": 0.0}, "13": {"bias": -1.127918917023645, "objective_cosine_similarity": -0.9548154685510594, "is_tight": 0.0, "dual_solution_value": 0.0, "scaled_age": 0.024390243902439025}, "14": {"bias": -1.1400611831480318, "objective_cosine_similarity": -0.9518735680766969, "is_tight": 0.0, "dual_solution_value": 0.0, "scaled_age": 0.15853658536585366}, "15": {"bias": -1.129713818194638, "objective_cosine_similarity": -0.9107772988125004, "is_tight": 1.0, "dual_solution_value": -0.003835013034566909, "scaled_age": 0.0}, "16": {"bias": -0.5773502691896258, "objective_cosine_similarity": -0.0814732126780066, "is_tight": 0.0, "dual_solution_value": 0.0, "scaled_age": 0.3048780487804878}, "17": {"bias": -0.3779644730092272, "objective_cosine_similarity": -0.2827853453975862, "is_tight": 0.0, "dual_solution_value": 0.0, "scaled_age": 0.3048780487804878}, "18": {"bias": -0.3779644730092272, "objective_cosine_similarity": -0.37536987129288135, "is_tight": 0.0, "dual_solution_value": 0.0, "scaled_age": 0.0975609756097561}, "19": {"bias": -0.5773502691896258, "objective_cosine_similarity": -0.21367502947628148, "is_tight": 1.0, "dual_solution_value": -0.04150522155294676, "scaled_age": 0.0}, "20": {"bias": -0.4472135954999579, "objective_cosine_similarity": -0.29649265875516867, "is_tight": 1.0, "dual_solution_value": -7.88493257246343e-05, "scaled_age": 0.0}, "21": {"bias": -0.4082482904638631, "objective_cosine_similarity": -0.43262045180244457, "is_tight": 1.0, "dual_solution_value": -0.017886586879642893, "scaled_age": 0.0}, "22": {"bias": -0.3333333333333333, "objective_cosine_similarity": -0.3274950280970412, "is_tight": 0.0, "dual_solution_value": 0.0, "scaled_age": 0.3048780487804878}, "23": {"bias": -0.4082482904638631, "objective_cosine_similarity": -0.3195739015827103, "is_tight": 1.0, "dual_solution_value": -0.0007263820791720503, "scaled_age": 0.0}, "24": {"bias": -0.5, "objective_cosine_similarity": -0.26891868160813953, "is_tight": 1.0, "dual_solution_value": -0.007655585779048046, "scaled_age": 0.0}, "25": {"bias": -0.3333333333333333, "objective_cosine_similarity": -0.44642276187753854, "is_tight": 0.0, "dual_solution_value": 0.0, "scaled_age": 0.3048780487804878}, "26": {"bias": -0.4082482904638631, "objective_cosine_similarity": -0.22391912831985825, "is_tight": 0.0, "dual_solution_value": 0.0, "scaled_age": 0.3048780487804878}, "27": {"bias": -0.3779644730092272, "objective_cosine_similarity": -0.3381347902262953, "is_tight": 1.0, "dual_solution_value": -0.005233467081499992, "scaled_age": 0.0}, "28": {"bias": -0.4472135954999579, "objective_cosine_similarity": -0.33935906724989184, "is_tight": 1.0, "dual_solution_value": -0.022987712271278143, "scaled_age": 0.0}, "29": {"bias": -0.4082482904638631, "objective_cosine_similarity": -0.41088073060634184, "is_tight": 1.0, "dual_solution_value": -0.020552296044790384, "scaled_age": 0.0}, "30": {"bias": -0.4082482904638631, "objective_cosine_similarity": -0.23804994709732502, "is_tight": 0.0, "dual_solution_value": 0.0, "scaled_age": 0.3048780487804878}, "31": {"bias": -0.4082482904638631, "objective_cosine_similarity": -0.2402239192169353, "is_tight": 0.0, "dual_solution_value": 0.0, "scaled_age": 0.07317073170731707}, "32": {"bias": -0.4082482904638631, "objective_cosine_similarity": -0.25000679375518153, "is_tight": 0.0, "dual_solution_value": 0.0, "scaled_age": 0.18292682926829268}, "33": {"bias": -0.3779644730092272, "objective_cosine_similarity": -0.2697027493471641, "is_tight": 0.0, "dual_solution_value": 0.0, "scaled_age": 0.3048780487804878}, "34": {"bias": -0.35355339059327373, "objective_cosine_similarity": -0.36053993833735626, "is_tight": 0.0, "dual_solution_value": 0.0, "scaled_age": 0.2682926829268293}, "35": {"bias": -0.4472135954999579, "objective_cosine_similarity": -0.29649265875516867, "is_tight": 0.0, "dual_solution_value": 0.0, "scaled_age": 0.3048780487804878}, "36": {"bias": -0.4472135954999579, "objective_cosine_similarity": -0.1798007689639778, "is_tight": 0.0, "dual_solution_value": 0.0, "scaled_age": 0.3048780487804878}, "37": {"bias": -0.5, "objective_cosine_similarity": -0.29021917124046737, "is_tight": 1.0, "dual_solution_value": -0.004325008083886417, "scaled_age": 0.0}, "38": {"bias": -0.4082482904638631, "objective_cosine_similarity": -0.3032691106856332, "is_tight": 0.0, "dual_solution_value": 0.0, "scaled_age": 0.12195121951219512}, "39": {"bias": -0.4082482904638631, "objective_cosine_similarity": -0.3130519852238795, "is_tight": 0.0, "dual_solution_value": 0.0, "scaled_age": 0.3048780487804878}, "40": {"bias": -0.5, "objective_cosine_similarity": -0.20501721271115586, "is_tight": 0.0, "dual_solution_value": 0.0, "scaled_age": 0.3048780487804878}, "41": {"bias": -0.4082482904638631, "objective_cosine_similarity": -0.21631022590122229, "is_tight": 0.0, "dual_solution_value": 0.0, "scaled_age": 0.3048780487804878}, "42": {"bias": -0.3779644730092272, "objective_cosine_similarity": -0.3844270531739428, "is_tight": 0.0, "dual_solution_value": 0.0, "scaled_age": 0.3048780487804878}, "43": {"bias": -0.5, "objective_cosine_similarity": -0.2742438040162215, "is_tight": 1.0, "dual_solution_value": -0.002338841121371165, "scaled_age": 0.0}, "44": {"bias": -0.35355339059327373, "objective_cosine_similarity": -0.3181788489765703, "is_tight": 0.0, "dual_solution_value": 0.0, "scaled_age": 0.10975609756097561}, "45": {"bias": -0.4082482904638631, "objective_cosine_similarity": -0.26848555677186886, "is_tight": 0.0, "dual_solution_value": 0.0, "scaled_age": 0.3048780487804878}, "46": {"bias": -0.5, "objective_cosine_similarity": -0.29021917124046737, "is_tight": 0.0, "dual_solution_value": 0.0, "scaled_age": 0.21951219512195122}, "47": {"bias": -0.31622776601683794, "objective_cosine_similarity": -0.28542978990713724, "is_tight": 0.0, "dual_solution_value": 0.0, "scaled_age": 0.3048780487804878}, "48": {"bias": -0.5, "objective_cosine_similarity": -0.22498642174146324, "is_tight": 0.0, "dual_solution_value": 0.0, "scaled_age": 0.012195121951219513}, "49": {"bias": -0.4082482904638631, "objective_cosine_similarity": -0.214136253781612, "is_tight": 0.0, "dual_solution_value": 0.0, "scaled_age": 0.3048780487804878}, "50": {"bias": -0.3779644730092272, "objective_cosine_similarity": -0.18315634470590994, "is_tight": 0.0, "dual_solution_value": 0.0, "scaled_age": 0.3048780487804878}, "51": {"bias": -0.4082482904638631, "objective_cosine_similarity": -0.20652735136297604, "is_tight": 0.0, "dual_solution_value": 0.0, "scaled_age": 0.3048780487804878}, "52": {"bias": -0.4472135954999579, "objective_cosine_similarity": -0.24052818099816894, "is_tight": 0.0, "dual_solution_value": 0.0, "scaled_age": 0.3048780487804878}, "53": {"bias": -0.4082482904638631, "objective_cosine_similarity": -0.31739992946310003, "is_tight": 0.0, "dual_solution_value": 0.0, "scaled_age": 0.3048780487804878}, "54": {"bias": -0.3333333333333333, "objective_cosine_similarity": -0.3470204769266751, "is_tight": 0.0, "dual_solution_value": 0.0, "scaled_age": 0.3048780487804878}, "55": {"bias": -0.5, "objective_cosine_similarity": -0.22099257993540178, "is_tight": 1.0, "dual_solution_value": -0.0026237964890511232, "scaled_age": 0.0}, "56": {"bias": -0.4082482904638631, "objective_cosine_similarity": -0.33479170641998224, "is_tight": 0.0, "dual_solution_value": 0.0, "scaled_age": 0.3048780487804878}, "57": {"bias": -0.35355339059327373, "objective_cosine_similarity": -0.2984103406082035, "is_tight": 0.0, "dual_solution_value": 0.0, "scaled_age": 0.3048780487804878}, "58": {"bias": -0.5, "objective_cosine_similarity": -0.2968755742505699, "is_tight": 0.0, "dual_solution_value": 0.0, "scaled_age": 0.04878048780487805}, "59": {"bias": -0.4082482904638631, "objective_cosine_similarity": -0.4413163402808857, "is_tight": 1.0, "dual_solution_value": -0.015191533347448568, "scaled_age": 0.0}, "60": {"bias": -0.7071067811865475, "objective_cosine_similarity": -0.15438263678153114, "is_tight": 0.0, "dual_solution_value": 0.0, "scaled_age": 0.08536585365853659}, "61": {"bias": -0.5, "objective_cosine_similarity": -0.2183300187313608, "is_tight": 1.0, "dual_solution_value": -0.006298058764503948, "scaled_age": 0.0}, "62": {"bias": -0.3333333333333333, "objective_cosine_similarity": -0.34879551772936906, "is_tight": 0.0, "dual_solution_value": 0.0, "scaled_age": 0.25609756097560976}, "63": {"bias": -0.35355339059327373, "objective_cosine_similarity": -0.18450607810475672, "is_tight": 0.0, "dual_solution_value": 0.0, "scaled_age": 0.2682926829268293}, "64": {"bias": -0.4082482904638631, "objective_cosine_similarity": -0.3141389712836846, "is_tight": 1.0, "dual_solution_value": -0.00023334543930194593, "scaled_age": 0.0}, "65": {"bias": -0.30151134457776363, "objective_cosine_similarity": -0.5619546860556908, "is_tight": 1.0, "dual_solution_value": -0.007564118567738822, "scaled_age": 0.0}, "66": {"bias": -0.3333333333333333, "objective_cosine_similarity": -0.2724687632135275, "is_tight": 0.0, "dual_solution_value": 0.0, "scaled_age": 0.3048780487804878}, "67": {"bias": -0.4472135954999579, "objective_cosine_similarity": -0.27505945450780706, "is_tight": 0.0, "dual_solution_value": 0.0, "scaled_age": 0.2073170731707317}, "68": {"bias": -0.35355339059327373, "objective_cosine_similarity": -0.3059412009390099, "is_tight": 0.0, "dual_solution_value": 0.0, "scaled_age": 0.3048780487804878}, "69": {"bias": -0.4082482904638631, "objective_cosine_similarity": -0.2869643197885562, "is_tight": 1.0, "dual_solution_value": -0.00016624197878104465, "scaled_age": 0.0}, "70": {"bias": -0.31622776601683794, "objective_cosine_similarity": -0.45214099463165985, "is_tight": 0.0, "dual_solution_value": 0.0, "scaled_age": 0.3048780487804878}, "71": {"bias": -0.4472135954999579, "objective_cosine_similarity": -0.21314130890431804, "is_tight": 0.0, "dual_solution_value": 0.0, "scaled_age": 0.3048780487804878}, "72": {"bias": -0.31622776601683794, "objective_cosine_similarity": -0.42603974540711337, "is_tight": 0.0, "dual_solution_value": 0.0, "scaled_age": 0.3048780487804878}, "73": {"bias": -0.5, "objective_cosine_similarity": -0.275575084618242, "is_tight": 1.0, "dual_solution_value": -8.278426609613138e-05, "scaled_age": 0.0}, "74": {"bias": -0.4082482904638631, "objective_cosine_similarity": -0.26413761253264834, "is_tight": 0.0, "dual_solution_value": 0.0, "scaled_age": 0.3048780487804878}, "75": {"bias": -0.5773502691896258, "objective_cosine_similarity": -0.2259728728993768, "is_tight": 0.0, "dual_solution_value": 0.0, "scaled_age": 0.012195121951219513}, "76": {"bias": -0.2773500981126146, "objective_cosine_similarity": -0.3500308036953424, "is_tight": 0.0, "dual_solution_value": 0.0, "scaled_age": 0.3048780487804878}, "77": {"bias": -0.4472135954999579, "objective_cosine_similarity": -0.248863315983254, "is_tight": 0.0, "dual_solution_value": 0.0, "scaled_age": 0.15853658536585366}, "78": {"bias": -0.4082482904638631, "objective_cosine_similarity": -0.20326639318356063, "is_tight": 0.0, "dual_solution_value": 0.0, "scaled_age": 0.024390243902439025}, "79": {"bias": -0.3779644730092272, "objective_cosine_similarity": -0.44883367988371337, "is_tight": 1.0, "dual_solution_value": -0.008484882974886788, "scaled_age": 0.0}, "80": {"bias": -0.4472135954999579, "objective_cosine_similarity": -0.28220385592359426, "is_tight": 0.0, "dual_solution_value": 0.0, "scaled_age": 0.2073170731707317}, "81": {"bias": -0.4472135954999579, "objective_cosine_similarity": -0.26434285238412625, "is_tight": 0.0, "dual_solution_value": 0.0, "scaled_age": 0.3048780487804878}, "82": {"bias": -0.3779644730092272, "objective_cosine_similarity": -0.36128092170011905, "is_tight": 0.0, "dual_solution_value": 0.0, "scaled_age": 0.24390243902439024}, "83": {"bias": -0.4472135954999579, "objective_cosine_similarity": -0.16432123256310552, "is_tight": 0.0, "dual_solution_value": 0.0, "scaled_age": 0.3048780487804878}, "84": {"bias": -0.3333333333333333, "objective_cosine_similarity": -0.3470204769266751, "is_tight": 0.0, "dual_solution_value": 0.0, "scaled_age": 0.3048780487804878}, "85": {"bias": -0.4082482904638631, "objective_cosine_similarity": -0.16956982532960138, "is_tight": 0.0, "dual_solution_value": 0.0, "scaled_age": 0.3048780487804878}, "86": {"bias": -0.4082482904638631, "objective_cosine_similarity": -0.2815293894895305, "is_tight": 0.0, "dual_solution_value": 0.0, "scaled_age": 0.13414634146341464}, "87": {"bias": -0.4082482904638631, "objective_cosine_similarity": -0.3163129434032949, "is_tight": 0.0, "dual_solution_value": 0.0, "scaled_age": 0.024390243902439025}, "88": {"bias": -0.4082482904638631, "objective_cosine_similarity": -0.40001087000829044, "is_tight": 1.0, "dual_solution_value": -0.0012670953971825505, "scaled_age": 0.0}, "89": {"bias": -0.4472135954999579, "objective_cosine_similarity": -0.33578686654199824, "is_tight": 0.0, "dual_solution_value": 0.0, "scaled_age": 0.3048780487804878}, "90": {"bias": -0.35355339059327373, "objective_cosine_similarity": -0.31535477635251785, "is_tight": 0.0, "dual_solution_value": 0.0, "scaled_age": 0.3048780487804878}, "91": {"bias": -0.4472135954999579, "objective_cosine_similarity": -0.21552277604291376, "is_tight": 0.0, "dual_solution_value": 0.0, "scaled_age": 0.3048780487804878}, "92": {"bias": -0.4472135954999579, "objective_cosine_similarity": -0.19528030536485003, "is_tight": 0.0, "dual_solution_value": 0.0, "scaled_age": 0.3048780487804878}, "93": {"bias": -0.4082482904638631, "objective_cosine_similarity": -0.372836218513162, "is_tight": 1.0, "dual_solution_value": -0.0013230093972379244, "scaled_age": 0.0}, "94": {"bias": -0.4082482904638631, "objective_cosine_similarity": -0.2315280307384942, "is_tight": 0.0, "dual_solution_value": 0.0, "scaled_age": 0.3048780487804878}, "95": {"bias": -0.5, "objective_cosine_similarity": -0.178391600670746, "is_tight": 0.0, "dual_solution_value": 0.0, "scaled_age": 0.036585365853658534}, "96": {"bias": -0.4082482904638631, "objective_cosine_similarity": -0.2021794071237555, "is_tight": 0.0, "dual_solution_value": 0.0, "scaled_age": 0.3048780487804878}, "97": {"bias": -0.3333333333333333, "objective_cosine_similarity": -0.29820685485259035, "is_tight": 0.0, "dual_solution_value": 0.0, "scaled_age": 0.3048780487804878}, "98": {"bias": -0.4082482904638631, "objective_cosine_similarity": -0.24674583557576613, "is_tight": 1.0, "dual_solution_value": -0.003292324682981466, "scaled_age": 0.0}, "99": {"bias": -0.35355339059327373, "objective_cosine_similarity": -0.2588733238714699, "is_tight": 0.0, "dual_solution_value": 0.0, "scaled_age": 0.3048780487804878}, "100": {"bias": -0.4082482904638631, "objective_cosine_similarity": -0.25544172405420723, "is_tight": 0.0, "dual_solution_value": 0.0, "scaled_age": 0.3048780487804878}, "101": {"bias": -0.3779644730092272, "objective_cosine_similarity": -0.36329362878479937, "is_tight": 0.0, "dual_solution_value": 0.0, "scaled_age": 0.24390243902439024}, "102": {"bias": -0.3333333333333333, "objective_cosine_similarity": -0.3008694160566313, "is_tight": 0.0, "dual_solution_value": 0.0, "scaled_age": 0.3048780487804878}, "103": {"bias": -0.3333333333333333, "objective_cosine_similarity": -0.44642276187753854, "is_tight": 0.0, "dual_solution_value": 0.0, "scaled_age": 0.3048780487804878}, "104": {"bias": -0.4082482904638631, "objective_cosine_similarity": -0.1554390065521346, "is_tight": 0.0, "dual_solution_value": 0.0, "scaled_age": 0.3048780487804878}, "105": {"bias": -0.4082482904638631, "objective_cosine_similarity": -0.3076170549248538, "is_tight": 0.0, "dual_solution_value": 0.0, "scaled_age": 0.3048780487804878}, "106": {"bias": -0.3779644730092272, "objective_cosine_similarity": -0.33109031542991413, "is_tight": 0.0, "dual_solution_value": 0.0, "scaled_age": 0.3048780487804878}, "107": {"bias": -0.5773502691896258, "objective_cosine_similarity": -0.27516424659175814, "is_tight": 1.0, "dual_solution_value": -0.010301267582546242, "scaled_age": 0.0}, "108": {"bias": -0.3333333333333333, "objective_cosine_similarity": -0.34524543612398106, "is_tight": 0.0, "dual_solution_value": 0.0, "scaled_age": 0.3048780487804878}, "109": {"bias": -0.35355339059327373, "objective_cosine_similarity": -0.30499984339765907, "is_tight": 0.0, "dual_solution_value": 0.0, "scaled_age": 0.13414634146341464}, "110": {"bias": -0.35355339059327373, "objective_cosine_similarity": -0.3953701673673358, "is_tight": 1.0, "dual_solution_value": -0.006271116185470629, "scaled_age": 0.0}, "111": {"bias": -0.35355339059327373, "objective_cosine_similarity": -0.33888871488628786, "is_tight": 0.0, "dual_solution_value": 0.0, "scaled_age": 0.3048780487804878}, "112": {"bias": -0.35355339059327373, "objective_cosine_similarity": -0.3341819271795339, "is_tight": 0.0, "dual_solution_value": 0.0, "scaled_age": 0.15853658536585366}, "113": {"bias": -0.31622776601683794, "objective_cosine_similarity": -0.37720515008376837, "is_tight": 0.0, "dual_solution_value": 0.0, "scaled_age": 0.3048780487804878}, "114": {"bias": -0.3779644730092272, "objective_cosine_similarity": -0.32706490126055343, "is_tight": 0.0, "dual_solution_value": 0.0, "scaled_age": 0.3048780487804878}, "115": {"bias": -0.5, "objective_cosine_similarity": -0.1278029377939673, "is_tight": 0.0, "dual_solution_value": 0.0, "scaled_age": 0.3048780487804878}, "116": {"bias": -1.1111677990074318, "objective_cosine_similarity": -0.8872967225475109, "is_tight": 1.0, "dual_solution_value": -5.4399579793095315e-05, "scaled_age": 0.0}, "117": {"bias": -1.1340042978761804, "objective_cosine_similarity": -0.9748880719397469, "is_tight": 0.0, "dual_solution_value": -0.0, "scaled_age": 0.024390243902439025}, "118": {"bias": -1.1467583792324576, "objective_cosine_similarity": -0.9723145689960558, "is_tight": 0.0, "dual_solution_value": -0.0, "scaled_age": 0.06097560975609756}, "119": {"bias": -0.9912407071619304, "objective_cosine_similarity": -0.9150038770580823, "is_tight": 0.0, "dual_solution_value": -0.0, "scaled_age": 0.17073170731707318}, "120": {"bias": -1.091089451179962, "objective_cosine_similarity": -0.908131897634953, "is_tight": 0.0, "dual_solution_value": -0.0, "scaled_age": 0.06097560975609756}, "121": {"bias": -1.034792955221957, "objective_cosine_similarity": -0.8976941166555844, "is_tight": 1.0, "dual_solution_value": -0.00014319955826321283, "scaled_age": 0.0}, "122": {"bias": -1.087543810630665, "objective_cosine_similarity": -0.9408455819812107, "is_tight": 0.0, "dual_solution_value": -0.0, "scaled_age": 0.17073170731707318}, "123": {"bias": -0.7559289460184544, "objective_cosine_similarity": -0.6948871209858836, "is_tight": 0.0, "dual_solution_value": -0.0, "scaled_age": 0.08536585365853659}, "124": {"bias": -1.1520328663593185, "objective_cosine_similarity": -0.9771464766005542, "is_tight": 1.0, "dual_solution_value": -0.0022050451734258866, "scaled_age": 0.0}, "125": {"bias": -1.165793470473205, "objective_cosine_similarity": -0.9654901366781847, "is_tight": 1.0, "dual_solution_value": -0.009712295928320274, "scaled_age": 0.0}, "126": {"bias": -1.059625885652035, "objective_cosine_similarity": -0.9566033967872267, "is_tight": 0.0, "dual_solution_value": -0.0, "scaled_age": 0.024390243902439025}, "127": {"bias": -1.0583005244258363, "objective_cosine_similarity": -0.9250401761190792, "is_tight": 1.0, "dual_solution_value": -2.2854516711029156e-05, "scaled_age": 0.0}, "128": {"bias": -1.0341753799900384, "objective_cosine_similarity": -0.9625052358673158, "is_tight": 0.0, "dual_solution_value": -0.0, "scaled_age": 0.0975609756097561}, "129": {"bias": -1.079268244968941, "objective_cosine_similarity": -0.9677155525086222, "is_tight": 0.0, "dual_solution_value": -0.0, "scaled_age": 0.036585365853658534}, "130": {"bias": -1.0591481821704043, "objective_cosine_similarity": -0.9685652369763473, "is_tight": 0.0, "dual_solution_value": -0.0, "scaled_age": 0.06097560975609756}, "131": {"bias": -1.0909090909090908, "objective_cosine_similarity": -0.9302020642845007, "is_tight": 1.0, "dual_solution_value": -4.4532959927522704e-05, "scaled_age": 0.0}, "132": {"bias": -1.075663182437366, "objective_cosine_similarity": -0.9407548916872439, "is_tight": 1.0, "dual_solution_value": -2.2340224918813327e-05, "scaled_age": 0.0}, "133": {"bias": -1.0785523602488891, "objective_cosine_similarity": -0.97380328824691, "is_tight": 1.0, "dual_solution_value": -1.2698365849083193e-05, "scaled_age": 0.0}, "134": {"bias": -1.13363604939608, "objective_cosine_similarity": -0.9631916270783307, "is_tight": 0.0, "dual_solution_value": 0.0, "scaled_age": 0.024390243902439025}, "135": {"bias": -1.1714532562264683, "objective_cosine_similarity": -0.9740959040721632, "is_tight": 1.0, "dual_solution_value": -0.0021810217520099235, "scaled_age": 0.0}, "136": {"bias": -1.155011108632873, "objective_cosine_similarity": -0.9763919073728817, "is_tight": 1.0, "dual_solution_value": -0.016536493380526828, "scaled_age": 0.0}, "137": {"bias": -0.6123724356957946, "objective_cosine_similarity": -0.6723008779894772, "is_tight": 1.0, "dual_solution_value": -3.200238139969783e-05, "scaled_age": 0.0}}