{"0": {"bias": -0.9486832980505138, "objective_cosine_similarity": -0.8781029586704148, "is_tight": 0.0, "dual_solution_value": -0.0, "scaled_age": 0.05194805194805195}, "1": {"bias": -0.7947194142390263, "objective_cosine_similarity": -0.8066467602005416, "is_tight": 1.0, "dual_solution_value": -1.1980182176856718e-06, "scaled_age": 0.0}, "2": {"bias": -0.7715167498104595, "objective_cosine_similarity": -0.7305115086491915, "is_tight": 0.0, "dual_solution_value": -0.0, "scaled_age": 0.16883116883116883}, "3": {"bias": -0.7293249574894728, "objective_cosine_similarity": -0.7609046409852784, "is_tight": 1.0, "dual_solution_value": -0.00013936410741088404, "scaled_age": 0.0}, "4": {"bias": -1.0899464384255253, "objective_cosine_similarity": -0.9276011589855094, "is_tight": 1.0, "dual_solution_value": -2.98262297240235e-08, "scaled_age": 0.0}, "5": {"bias": -0.9435029031374838, "objective_cosine_similarity": -0.8814533572522766, "is_tight": 0.0, "dual_solution_value": -0.0, "scaled_age": 0.15584415584415584}, "6": {"bias": -0.9827076298239908, "objective_cosine_similarity": -0.9251034420253564, "is_tight": 1.0, "dual_solution_value": -1.4013396523823655e-05, "scaled_age": 0.0}, "7": {"bias": -1.0634033908591158, "objective_cosine_similarity": -0.9498921483117394, "is_tight": 0.0, "dual_solution_value": 0.0, "scaled_age": 0.19480519480519481}, "8": {"bias": -0.9867502924624338, "objective_cosine_similarity": -0.9326989573181212, "is_tight": 0.0, "dual_solution_value": 0.0, "scaled_age": 0.14285714285714285}, "9": {"bias": -0.9554477444513486, "objective_cosine_similarity": -0.9371565001550382, "is_tight": 0.0, "dual_solution_value": 0.0, "scaled_age": 0.025974025974025976}, "10": {"bias": -0.9870486068588699, "objective_cosine_similarity": -0.9247989916922307, "is_tight": 1.0, "dual_solution_value": -0.0003272344908808388, "scaled_age": 0.0}, "11": {"bias": -1.0001778207955618, "objective_cosine_similarity": -0.9342868954041039, "is_tight": 1.0, "dual_solution_value": -0.002731331799162705, "scaled_age": 0.0}, "12": {"bias": -1.0258698820216756, "objective_cosine_similarity": -0.9399971061269605, "is_tight": 0.0, "dual_solution_value": 0.0, "scaled_age": 0.14285714285714285}, "13": {"bias": -0.9667171293421686, "objective_cosine_similarity": -0.927173752719201, "is_tight": 1.0, "dual_solution_value": -0.002682165892858959, "scaled_age": 0.0}, "14": {"bias": -0.9075527211676516, "objective_cosine_similarity": -0.9075895914218192, "is_tight": 1.0, "dual_solution_value": -0.0004253322434455552, "scaled_age": 0.0}, "15": {"bias": -0.9974621543416853, "objective_cosine_similarity": -0.9419119626369059, "is_tight": 1.0, "dual_solution_value": -0.0010117989896711252, "scaled_age": 0.0}, "16": {"bias": -1.0142863711661776, "objective_cosine_similarity": -0.9538513408703807, "is_tight": 1.0, "dual_solution_value": -0.0034313839814243117, "scaled_age": 0.0}, "17": {"bias": -0.9470728478257179, "objective_cosine_similarity": -0.8954362108120734, "is_tight": 1.0, "dual_solution_value": -0.0035023291410124827, "scaled_age": 0.0}, "18": {"bias": -0.9994276005549053, "objective_cosine_similarity": -0.952523028707179, "is_tight": 0.0, "dual_solution_value": 0.0, "scaled_age": 0.025974025974025976}, "19": {"bias": -1.0109768290338863, "objective_cosine_similarity": -0.9417474051974659, "is_tight": 0.0, "dual_solution_value": 0.0, "scaled_age": 0.06493506493506493}, "20": {"bias": -0.4082482904638631, "objective_cosine_similarity": -0.20812519186549974, "is_tight": 0.0, "dual_solution_value": 0.0, "scaled_age": 0.2727272727272727}, "21": {"bias": -0.35355339059327373, "objective_cosine_similarity": -0.22700711823927958, "is_tight": 0.0, "dual_solution_value": 0.0, "scaled_age": 0.2727272727272727}, "22": {"bias": -0.3333333333333333, "objective_cosine_similarity": -0.35272684813099064, "is_tight": 0.0, "dual_solution_value": 0.0, "scaled_age": 0.2727272727272727}, "23": {"bias": -0.3779644730092272, "objective_cosine_similarity": -0.2645533373952269, "is_tight": 0.0, "dual_solution_value": 0.0, "scaled_age": 0.2727272727272727}, "24": {"bias": -0.3779644730092272, "objective_cosine_similarity": -0.3614173546304872, "is_tight": 0.0, "dual_solution_value": 0.0, "scaled_age": 0.07792207792207792}, "25": {"bias": -0.4082482904638631, "objective_cosine_similarity": -0.28800026550036717, "is_tight": 1.0, "dual_solution_value": -5.7773807822391605e-05, "scaled_age": 0.0}, "26": {"bias": -0.3779644730092272, "objective_cosine_similarity": -0.12081963440096977, "is_tight": 0.0, "dual_solution_value": 0.0, "scaled_age": 0.2727272727272727}, "27": {"bias": -0.4472135954999579, "objective_cosine_similarity": -0.2748200465780643, "is_tight": 0.0, "dual_solution_value": 0.0, "scaled_age": 0.2727272727272727}, "28": {"bias": -0.5773502691896258, "objective_cosine_similarity": -0.14159826346856547, "is_tight": 0.0, "dual_solution_value": 0.0, "scaled_age": 0.2727272727272727}, "29": {"bias": -0.35355339059327373, "objective_cosine_similarity": -0.35658628873637904, "is_tight": 0.0, "dual_solution_value": 0.0, "scaled_age": 0.2727272727272727}, "30": {"bias": -0.4082482904638631, "objective_cosine_similarity": -0.23625021779326996, "is_tight": 0.0, "dual_solution_value": 0.0, "scaled_age": 0.2727272727272727}, "31": {"bias": -0.4082482904638631, "objective_cosine_similarity": -0.3217502966136915, "is_tight": 1.0, "dual_solution_value": -0.014434603997099848, "scaled_age": 0.0}, "32": {"bias": -0.5, "objective_cosine_similarity": -0.4353972031616916, "is_tight": 1.0, "dual_solution_value": -0.014564696851308487, "scaled_age": 0.0}, "33": {"bias": -0.3779644730092272, "objective_cosine_similarity": -0.1489414458563679, "is_tight": 0.0, "dual_solution_value": 0.0, "scaled_age": 0.2727272727272727}, "34": {"bias": -0.4472135954999579, "objective_cosine_similarity": -0.21443357894431925, "is_tight": 0.0, "dual_solution_value": 0.0, "scaled_age": 0.2727272727272727}, "35": {"bias": -0.4472135954999579, "objective_cosine_similarity": -0.224292594068196, "is_tight": 0.0, "dual_solution_value": 0.0, "scaled_age": 0.2727272727272727}, "36": {"bias": -0.5773502691896258, "objective_cosine_similarity": -0.2354667752061538, "is_tight": 0.0, "dual_solution_value": 0.0, "scaled_age": 0.012987012987012988}, "37": {"bias": -0.3333333333333333, "objective_cosine_similarity": -0.4243744891575981, "is_tight": 1.0, "dual_solution_value": -0.0013841106410104242, "scaled_age": 0.0}, "38": {"bias": -0.4082482904638631, "objective_cosine_similarity": -0.17325015971506463, "is_tight": 0.0, "dual_solution_value": 0.0, "scaled_age": 0.12987012987012986}, "39": {"bias": -0.3779644730092272, "objective_cosine_similarity": -0.2020604230498977, "is_tight": 0.0, "dual_solution_value": 0.0, "scaled_age": 0.2727272727272727}, "40": {"bias": -0.4082482904638631, "objective_cosine_similarity": -0.2733752520179267, "is_tight": 0.0, "dual_solution_value": 0.0, "scaled_age": 0.2727272727272727}, "41": {"bias": -0.3779644730092272, "objective_cosine_similarity": -0.18227100017387682, "is_tight": 0.0, "dual_solution_value": 0.0, "scaled_age": 0.2727272727272727}, "42": {"bias": -0.3779644730092272, "objective_cosine_similarity": -0.18747874303598758, "is_tight": 0.0, "dual_solution_value": 0.0, "scaled_age": 0.2727272727272727}, "43": {"bias": -0.3779644730092272, "objective_cosine_similarity": -0.21768365163623002, "is_tight": 0.0, "dual_solution_value": 0.0, "scaled_age": 0.2727272727272727}, "44": {"bias": -0.35355339059327373, "objective_cosine_similarity": -0.4111459394719999, "is_tight": 0.0, "dual_solution_value": 0.0, "scaled_age": 0.2727272727272727}, "45": {"bias": -0.3779644730092272, "objective_cosine_similarity": -0.3520434174786878, "is_tight": 1.0, "dual_solution_value": -0.01091505175672053, "scaled_age": 0.0}, "46": {"bias": -0.30151134457776363, "objective_cosine_similarity": -0.39798593010237604, "is_tight": 0.0, "dual_solution_value": 0.0, "scaled_age": 0.2727272727272727}, "47": {"bias": -0.5, "objective_cosine_similarity": -0.42575232840810984, "is_tight": 1.0, "dual_solution_value": -0.03233881537016394, "scaled_age": 0.0}, "48": {"bias": -0.4082482904638631, "objective_cosine_similarity": -0.21487519808816458, "is_tight": 0.0, "dual_solution_value": 0.0, "scaled_age": 0.2727272727272727}, "49": {"bias": -0.4472135954999579, "objective_cosine_similarity": -0.2809819310304873, "is_tight": 0.0, "dual_solution_value": 0.0, "scaled_age": 0.2077922077922078}, "50": {"bias": -0.5, "objective_cosine_similarity": -0.14191744280270327, "is_tight": 0.0, "dual_solution_value": 0.0, "scaled_age": 0.2727272727272727}, "51": {"bias": -0.3779644730092272, "objective_cosine_similarity": -0.35308496605110995, "is_tight": 0.0, "dual_solution_value": 0.0, "scaled_age": 0.2727272727272727}, "52": {"bias": -0.2672612419124244, "objective_cosine_similarity": -0.43673623268745937, "is_tight": 0.0, "dual_solution_value": 0.0, "scaled_age": 0.2727272727272727}, "53": {"bias": -0.35355339059327373, "objective_cosine_similarity": -0.288386725316853, "is_tight": 0.0, "dual_solution_value": 0.0, "scaled_age": 0.19480519480519481}, "54": {"bias": -0.4082482904638631, "objective_cosine_similarity": -0.36900034017234545, "is_tight": 0.0, "dual_solution_value": 0.0, "scaled_age": 0.025974025974025976}, "55": {"bias": -0.4082482904638631, "objective_cosine_similarity": -0.2970002737972537, "is_tight": 1.0, "dual_solution_value": -0.005364742671683913, "scaled_age": 0.0}, "56": {"bias": -0.5, "objective_cosine_similarity": -0.15845151380884345, "is_tight": 0.0, "dual_solution_value": 0.0, "scaled_age": 0.2727272727272727}, "57": {"bias": -0.4472135954999579, "objective_cosine_similarity": -0.20950407138238086, "is_tight": 0.0, "dual_solution_value": 0.0, "scaled_age": 0.2727272727272727}, "58": {"bias": -0.3333333333333333, "objective_cosine_similarity": -0.41702601315486915, "is_tight": 1.0, "dual_solution_value": -0.0002057628375179295, "scaled_age": 0.0}, "59": {"bias": -0.35355339059327373, "objective_cosine_similarity": -0.4345286469301231, "is_tight": 1.0, "dual_solution_value": -0.00484066715544451, "scaled_age": 0.0}, "60": {"bias": -0.3333333333333333, "objective_cosine_similarity": -0.2526038625938084, "is_tight": 0.0, "dual_solution_value": 0.0, "scaled_age": 0.2727272727272727}, "61": {"bias": -0.3779644730092272, "objective_cosine_similarity": -0.3291293488854004, "is_tight": 0.0, "dual_solution_value": 0.0, "scaled_age": 0.2727272727272727}, "62": {"bias": -0.3333333333333333, "objective_cosine_similarity": -0.48499941618011216, "is_tight": 0.0, "dual_solution_value": 0.0, "scaled_age": 0.03896103896103896}, "63": {"bias": -0.4082482904638631, "objective_cosine_similarity": -0.1923751773459484, "is_tight": 0.0, "dual_solution_value": 0.0, "scaled_age": 0.2727272727272727}, "64": {"bias": -0.3779644730092272, "objective_cosine_similarity": -0.27288572597460414, "is_tight": 0.0, "dual_solution_value": 0.0, "scaled_age": 0.09090909090909091}, "65": {"bias": -0.3779644730092272, "objective_cosine_similarity": -0.2864258574160921, "is_tight": 1.0, "dual_solution_value": -0.0012466168782415666, "scaled_age": 0.0}, "66": {"bias": -0.3333333333333333, "objective_cosine_similarity": -0.23147699408596262, "is_tight": 0.0, "dual_solution_value": 0.0, "scaled_age": 0.2727272727272727}, "67": {"bias": -0.4082482904638631, "objective_cosine_similarity": -0.2160001991252754, "is_tight": 1.0, "dual_solution_value": -6.630177942243114e-05, "scaled_age": 0.0}, "68": {"bias": -0.30151134457776363, "objective_cosine_similarity": -0.24842963069020968, "is_tight": 0.0, "dual_solution_value": 0.0, "scaled_age": 0.2727272727272727}, "69": {"bias": -0.35355339059327373, "objective_cosine_similarity": -0.1402962447487393, "is_tight": 0.0, "dual_solution_value": 0.0, "scaled_age": 0.2727272727272727}, "70": {"bias": -0.3779644730092272, "objective_cosine_similarity": -0.4603644690105917, "is_tight": 0.0, "dual_solution_value": 0.0, "scaled_age": 0.2727272727272727}, "71": {"bias": -0.4472135954999579, "objective_cosine_similarity": -0.15651186509154336, "is_tight": 0.0, "dual_solution_value": 0.0, "scaled_age": 0.06493506493506493}, "72": {"bias": -0.35355339059327373, "objective_cosine_similarity": -0.3049494764330236, "is_tight": 0.0, "dual_solution_value": 0.0, "scaled_age": 0.2727272727272727}, "73": {"bias": -0.5, "objective_cosine_similarity": -0.19703101282317056, "is_tight": 1.0, "dual_solution_value": -0.011141384055419468, "scaled_age": 0.0}, "74": {"bias": -0.4082482904638631, "objective_cosine_similarity": -0.26212524164681855, "is_tight": 0.0, "dual_solution_value": 0.0, "scaled_age": 0.2727272727272727}, "75": {"bias": -0.35355339059327373, "objective_cosine_similarity": -0.2533126641296682, "is_tight": 0.0, "dual_solution_value": 0.0, "scaled_age": 0.2727272727272727}, "76": {"bias": -0.3779644730092272, "objective_cosine_similarity": -0.28538430884367, "is_tight": 0.0, "dual_solution_value": 0.0, "scaled_age": 0.2727272727272727}, "77": {"bias": -0.35355339059327373, "objective_cosine_similarity": -0.22311000032959236, "is_tight": 0.0, "dual_solution_value": 0.0, "scaled_age": 0.2727272727272727}, "78": {"bias": -0.3779644730092272, "objective_cosine_similarity": -0.29059205170578073, "is_tight": 0.0, "dual_solution_value": 0.0, "scaled_age": 0.11688311688311688}, "79": {"bias": -0.3333333333333333, "objective_cosine_similarity": -0.31874014661836914, "is_tight": 0.0, "dual_solution_value": 0.0, "scaled_age": 0.2727272727272727}, "80": {"bias": -0.4472135954999579, "objective_cosine_similarity": -0.33027700664987103, "is_tight": 0.0, "dual_solution_value": 0.0, "scaled_age": 0.23376623376623376}, "81": {"bias": -0.4472135954999579, "objective_cosine_similarity": -0.17869464912026603, "is_tight": 0.0, "dual_solution_value": 0.0, "scaled_age": 0.2727272727272727}, "82": {"bias": -0.31622776601683794, "objective_cosine_similarity": -0.23702679929707526, "is_tight": 0.0, "dual_solution_value": 0.0, "scaled_age": 0.2727272727272727}, "83": {"bias": -0.3333333333333333, "objective_cosine_similarity": -0.3922249066456589, "is_tight": 0.0, "dual_solution_value": 0.0, "scaled_age": 0.2727272727272727}, "84": {"bias": -0.3333333333333333, "objective_cosine_similarity": -0.29302048060881775, "is_tight": 0.0, "dual_solution_value": 0.0, "scaled_age": 0.2727272727272727}, "85": {"bias": -0.3779644730092272, "objective_cosine_similarity": -0.20101887447747557, "is_tight": 0.0, "dual_solution_value": 0.0, "scaled_age": 0.2727272727272727}, "86": {"bias": -0.35355339059327373, "objective_cosine_similarity": -0.2318785156263886, "is_tight": 0.0, "dual_solution_value": 0.0, "scaled_age": 0.2727272727272727}, "87": {"bias": -0.35355339059327373, "objective_cosine_similarity": -0.44329716222691934, "is_tight": 1.0, "dual_solution_value": -0.0005046610745020954, "scaled_age": 0.0}, "88": {"bias": -0.4472135954999579, "objective_cosine_similarity": -0.30809422262114833, "is_tight": 1.0, "dual_solution_value": -0.018586001273961414, "scaled_age": 0.0}, "89": {"bias": -0.4082482904638631, "objective_cosine_similarity": -0.2970002737972537, "is_tight": 0.0, "dual_solution_value": 0.0, "scaled_age": 0.06493506493506493}, "90": {"bias": -0.30151134457776363, "objective_cosine_similarity": -0.31739170208581974, "is_tight": 0.0, "dual_solution_value": 0.0, "scaled_age": 0.2727272727272727}, "91": {"bias": -0.4082482904638631, "objective_cosine_similarity": -0.14737513586151602, "is_tight": 0.0, "dual_solution_value": 0.0, "scaled_age": 0.2727272727272727}, "92": {"bias": -0.3779644730092272, "objective_cosine_similarity": -0.15623228586332297, "is_tight": 0.0, "dual_solution_value": 0.0, "scaled_age": 0.2727272727272727}, "93": {"bias": -0.3779644730092272, "objective_cosine_similarity": -0.2530963030985832, "is_tight": 0.0, "dual_solution_value": 0.0, "scaled_age": 0.2727272727272727}, "94": {"bias": -0.35355339059327373, "objective_cosine_similarity": -0.32735790441372503, "is_tight": 0.0, "dual_solution_value": 0.0, "scaled_age": 0.2727272727272727}, "95": {"bias": -0.4472135954999579, "objective_cosine_similarity": -0.2982352074972716, "is_tight": 1.0, "dual_solution_value": -0.007953458275378225, "scaled_age": 0.0}, "96": {"bias": -0.4082482904638631, "objective_cosine_similarity": -0.4668754304009859, "is_tight": 1.0, "dual_solution_value": -0.006345705866755089, "scaled_age": 0.0}, "97": {"bias": -0.35355339059327373, "objective_cosine_similarity": -0.32540934545888145, "is_tight": 1.0, "dual_solution_value": -3.95210507571614e-05, "scaled_age": 0.0}, "98": {"bias": -0.3779644730092272, "objective_cosine_similarity": -0.244763914519206, "is_tight": 0.0, "dual_solution_value": 0.0, "scaled_age": 0.2727272727272727}, "99": {"bias": -0.31622776601683794, "objective_cosine_similarity": -0.25968377275929566, "is_tight": 0.0, "dual_solution_value": 0.0, "scaled_age": 0.2727272727272727}, "100": {"bias": -0.4472135954999579, "objective_cosine_similarity": -0.4276347809981539, "is_tight": 1.0, "dual_solution_value": -0.0358773331874315, "scaled_age": 0.0}, "101": {"bias": -0.5, "objective_cosine_similarity": -0.3113916706156402, "is_tight": 1.0, "dual_solution_value": -0.005008996523885065, "scaled_age": 0.0}, "102": {"bias": -0.4082482904638631, "objective_cosine_similarity": -0.25762523749837535, "is_tight": 0.0, "dual_solution_value": 0.0, "scaled_age": 0.14285714285714285}, "103": {"bias": -0.3333333333333333, "objective_cosine_similarity": -0.37017947863747197, "is_tight": 0.0, "dual_solution_value": 0.0, "scaled_age": 0.2727272727272727}, "104": {"bias": -0.5773502691896258, "objective_cosine_similarity": -0.12887032967363823, "is_tight": 0.0, "dual_solution_value": 0.0, "scaled_age": 0.03896103896103896}, "105": {"bias": -0.4082482904638631, "objective_cosine_similarity": -0.24862522920148886, "is_tight": 0.0, "dual_solution_value": 0.0, "scaled_age": 0.2727272727272727}, "106": {"bias": -0.3779644730092272, "objective_cosine_similarity": -0.26767798311249336, "is_tight": 0.0, "dual_solution_value": 0.0, "scaled_age": 0.2727272727272727}, "107": {"bias": -0.5, "objective_cosine_similarity": -0.41610745365452806, "is_tight": 1.0, "dual_solution_value": -0.008634536119498652, "scaled_age": 0.0}, "108": {"bias": -0.35355339059327373, "objective_cosine_similarity": -0.3682776424654407, "is_tight": 0.0, "dual_solution_value": 0.0, "scaled_age": 0.06493506493506493}, "109": {"bias": -0.4472135954999579, "objective_cosine_similarity": -0.3487626600071399, "is_tight": 1.0, "dual_solution_value": -0.0015052670765800058, "scaled_age": 0.0}, "110": {"bias": -0.4082482904638631, "objective_cosine_similarity": -0.21262519601394297, "is_tight": 0.0, "dual_solution_value": 0.0, "scaled_age": 0.22077922077922077}, "111": {"bias": -0.4082482904638631, "objective_cosine_similarity": -0.32625030076213474, "is_tight": 1.0, "dual_solution_value": -0.011989299510824676, "scaled_age": 0.0}, "112": {"bias": -0.4082482904638631, "objective_cosine_similarity": -0.23287521468193753, "is_tight": 0.0, "dual_solution_value": 0.0, "scaled_age": 0.2727272727272727}, "113": {"bias": -0.3779644730092272, "objective_cosine_similarity": -0.30829837743695737, "is_tight": 0.0, "dual_solution_value": 0.0, "scaled_age": 0.06493506493506493}, "114": {"bias": -0.3779644730092272, "objective_cosine_similarity": -0.2812181145539814, "is_tight": 0.0, "dual_solution_value": 0.0, "scaled_age": 0.2727272727272727}, "115": {"bias": -0.4472135954999579, "objective_cosine_similarity": -0.20827169449189628, "is_tight": 0.0, "dual_solution_value": 0.0, "scaled_age": 0.2727272727272727}, "116": {"bias": -0.4082482904638631, "objective_cosine_similarity": -0.2396252209046024, "is_tight": 0.0, "dual_solution_value": 0.0, "scaled_age": 0.14285714285714285}, "117": {"bias": -0.4082482904638631, "objective_cosine_similarity": -0.1811251669748403, "is_tight": 0.0, "dual_solution_value": 0.0, "scaled_age": 0.2727272727272727}, "118": {"bias": -0.5, "objective_cosine_similarity": -0.21356508382931075, "is_tight": 0.0, "dual_solution_value": 0.0, "scaled_age": 0.15584415584415584}, "119": {"bias": -0.4472135954999579, "objective_cosine_similarity": -0.2403134936444957, "is_tight": 1.0, "dual_solution_value": -0.017253276466784307, "scaled_age": 0.0}, "120": {"bias": -0.9341987329938275, "objective_cosine_similarity": -0.9317006645580077, "is_tight": 1.0, "dual_solution_value": -7.45341478694414e-05, "scaled_age": 0.0}, "121": {"bias": -0.949157995752499, "objective_cosine_similarity": -0.8600008242404005, "is_tight": 1.0, "dual_solution_value": -0.0003497423936042193, "scaled_age": 0.0}, "122": {"bias": -1.033538433100778, "objective_cosine_similarity": -0.9460388058700895, "is_tight": 0.0, "dual_solution_value": -0.0, "scaled_age": 0.06493506493506493}, "123": {"bias": -0.9938837346736188, "objective_cosine_similarity": -0.8715546723343739, "is_tight": 0.0, "dual_solution_value": -0.0, "scaled_age": 0.18181818181818182}, "124": {"bias": -1.0515071281148762, "objective_cosine_similarity": -0.9509493051991778, "is_tight": 0.0, "dual_solution_value": -0.0, "scaled_age": 0.07792207792207792}, "125": {"bias": -1.0490632842761851, "objective_cosine_similarity": -0.9507641665779218, "is_tight": 0.0, "dual_solution_value": -0.0, "scaled_age": 0.06493506493506493}, "126": {"bias": -0.9561828874675149, "objective_cosine_similarity": -0.9545043437832342, "is_tight": 0.0, "dual_solution_value": -0.0, "scaled_age": 0.15584415584415584}, "127": {"bias": -0.9676172723968438, "objective_cosine_similarity": -0.9456594926139382, "is_tight": 0.0, "dual_solution_value": -0.0, "scaled_age": 0.025974025974025976}, "128": {"bias": -0.939793423488437, "objective_cosine_similarity": -0.8911158086864753, "is_tight": 1.0, "dual_solution_value": -3.55348967151251e-07, "scaled_age": 0.0}, "129": {"bias": -0.9583350521118706, "objective_cosine_similarity": -0.950470709475636, "is_tight": 0.0, "dual_solution_value": -0.0, "scaled_age": 0.025974025974025976}, "130": {"bias": -0.6708203932499369, "objective_cosine_similarity": -0.6303607794828695, "is_tight": 0.0, "dual_solution_value": -0.0, "scaled_age": 0.05194805194805195}, "131": {"bias": -0.9659092088013584, "objective_cosine_similarity": -0.9390139018481501, "is_tight": 1.0, "dual_solution_value": -4.168086289123721e-06, "scaled_age": 0.0}, "132": {"bias": -0.9851380077988758, "objective_cosine_similarity": -0.9379913081650494, "is_tight": 1.0, "dual_solution_value": -3.648382759806689e-05, "scaled_age": 0.0}, "133": {"bias": -1.0521056323530544, "objective_cosine_similarity": -0.9507956676039686, "is_tight": 1.0, "dual_solution_value": -0.004875189306416614, "scaled_age": 0.0}, "134": {"bias": -1.0488182373904125, "objective_cosine_similarity": -0.9522491112786239, "is_tight": 1.0, "dual_solution_value": -0.0106263802576991, "scaled_age": 0.0}, "135": {"bias": -0.9650585620411924, "objective_cosine_similarity": -0.9167961862094204, "is_tight": 1.0, "dual_solution_value": -7.233704836961638e-07, "scaled_age": 0.0}, "136": {"bias": -0.9730619455798819, "objective_cosine_similarity": -0.9451811479484146, "is_tight": 1.0, "dual_solution_value": -1.0603034182932748e-05, "scaled_age": 0.0}, "137": {"bias": -0.9489870225014042, "objective_cosine_similarity": -0.9457258979791043, "is_tight": 1.0, "dual_solution_value": -5.001860538969435e-05, "scaled_age": 0.0}, "138": {"bias": -0.9867967802605516, "objective_cosine_similarity": -0.9531516296879456, "is_tight": 1.0, "dual_solution_value": -3.936729942712231e-07, "scaled_age": 0.0}}