{"0": {"bias": -0.9014978717104176, "objective_cosine_similarity": -0.9469095244584529, "is_tight": 0.0, "dual_solution_value": -0.0, "scaled_age": 0.12087912087912088}, "1": {"bias": -0.819288030372914, "objective_cosine_similarity": -0.8410397775782334, "is_tight": 0.0, "dual_solution_value": -0.0, "scaled_age": 0.06593406593406594}, "2": {"bias": -0.9805806756909202, "objective_cosine_similarity": -0.924369110265715, "is_tight": 0.0, "dual_solution_value": -0.0, "scaled_age": 0.054945054945054944}, "3": {"bias": -0.8890008890013334, "objective_cosine_similarity": -0.7896021992935784, "is_tight": 1.0, "dual_solution_value": -0.0003021343750683326, "scaled_age": 0.0}, "4": {"bias": -0.7905694150420948, "objective_cosine_similarity": -0.7733849710325139, "is_tight": 1.0, "dual_solution_value": -8.535470620022456e-05, "scaled_age": 0.0}, "5": {"bias": -0.6, "objective_cosine_similarity": -0.7254097930983107, "is_tight": 0.0, "dual_solution_value": -0.0, "scaled_age": 0.12087912087912088}, "6": {"bias": -0.7184212081070996, "objective_cosine_similarity": -0.7267377643518816, "is_tight": 1.0, "dual_solution_value": -0.00014764503869871964, "scaled_age": 0.0}, "7": {"bias": -0.5773502691896258, "objective_cosine_similarity": -0.5450981817737822, "is_tight": 0.0, "dual_solution_value": -0.0, "scaled_age": 0.15384615384615385}, "8": {"bias": -0.9474926722027046, "objective_cosine_similarity": -0.9221596924611637, "is_tight": 0.0, "dual_solution_value": -0.0, "scaled_age": 0.054945054945054944}, "9": {"bias": -1.0264281030830273, "objective_cosine_similarity": -0.9166347920016901, "is_tight": 1.0, "dual_solution_value": -4.118622731328124e-06, "scaled_age": 0.0}, "10": {"bias": -0.9292248391497092, "objective_cosine_similarity": -0.8802231604348, "is_tight": 0.0, "dual_solution_value": 0.0, "scaled_age": 0.01098901098901099}, "11": {"bias": -0.9465463525079036, "objective_cosine_similarity": -0.9506894515161092, "is_tight": 1.0, "dual_solution_value": -0.001381429847911118, "scaled_age": 0.0}, "12": {"bias": -0.9492524927995762, "objective_cosine_similarity": -0.9545524692189301, "is_tight": 0.0, "dual_solution_value": 0.0, "scaled_age": 0.04395604395604396}, "13": {"bias": -0.9578983789362832, "objective_cosine_similarity": -0.9523978479392979, "is_tight": 0.0, "dual_solution_value": 0.0, "scaled_age": 0.06593406593406594}, "14": {"bias": -0.9219703326611501, "objective_cosine_similarity": -0.8866104852086867, "is_tight": 0.0, "dual_solution_value": 0.0, "scaled_age": 0.12087912087912088}, "15": {"bias": -0.4472135954999579, "objective_cosine_similarity": -0.22237996251211264, "is_tight": 1.0, "dual_solution_value": -0.0002060147531609332, "scaled_age": 0.0}, "16": {"bias": -0.4082482904638631, "objective_cosine_similarity": -0.3754914343227186, "is_tight": 1.0, "dual_solution_value": -8.536177876510324e-05, "scaled_age": 0.0}, "17": {"bias": -0.3779644730092272, "objective_cosine_similarity": -0.32675469813467767, "is_tight": 0.0, "dual_solution_value": 0.0, "scaled_age": 0.27472527472527475}, "18": {"bias": -0.35355339059327373, "objective_cosine_similarity": -0.2194712300923805, "is_tight": 0.0, "dual_solution_value": 0.0, "scaled_age": 0.27472527472527475}, "19": {"bias": -0.3779644730092272, "objective_cosine_similarity": -0.46187882142345416, "is_tight": 1.0, "dual_solution_value": -0.0003558057314113205, "scaled_age": 0.0}, "20": {"bias": -0.4472135954999579, "objective_cosine_similarity": -0.3590055603953714, "is_tight": 1.0, "dual_solution_value": -0.025624281950706186, "scaled_age": 0.0}, "21": {"bias": -0.35355339059327373, "objective_cosine_similarity": -0.31139635264416293, "is_tight": 0.0, "dual_solution_value": 0.0, "scaled_age": 0.27472527472527475}, "22": {"bias": -0.5773502691896258, "objective_cosine_similarity": -0.12009047722382808, "is_tight": 1.0, "dual_solution_value": -0.00042424741521872783, "scaled_age": 0.0}, "23": {"bias": -0.4472135954999579, "objective_cosine_similarity": -0.22092649870484393, "is_tight": 1.0, "dual_solution_value": -0.0015364575545909404, "scaled_age": 0.0}, "24": {"bias": -0.35355339059327373, "objective_cosine_similarity": -0.3780420664942052, "is_tight": 0.0, "dual_solution_value": 0.0, "scaled_age": 0.07692307692307693}, "25": {"bias": -0.30151134457776363, "objective_cosine_similarity": -0.22342292256193713, "is_tight": 0.0, "dual_solution_value": 0.0, "scaled_age": 0.27472527472527475}, "26": {"bias": -0.3333333333333333, "objective_cosine_similarity": -0.4810064936314964, "is_tight": 0.0, "dual_solution_value": 0.0, "scaled_age": 0.27472527472527475}, "27": {"bias": -0.3779644730092272, "objective_cosine_similarity": -0.43853920012812003, "is_tight": 1.0, "dual_solution_value": -0.0009148896195237074, "scaled_age": 0.0}, "28": {"bias": -0.4082482904638631, "objective_cosine_similarity": -0.09553138965100967, "is_tight": 0.0, "dual_solution_value": 0.0, "scaled_age": 0.27472527472527475}, "29": {"bias": -0.5773502691896258, "objective_cosine_similarity": -0.15386592394302973, "is_tight": 1.0, "dual_solution_value": -0.0018764137066223138, "scaled_age": 0.0}, "30": {"bias": -0.4472135954999579, "objective_cosine_similarity": -0.2921462252610107, "is_tight": 1.0, "dual_solution_value": -0.004205900880648124, "scaled_age": 0.0}, "31": {"bias": -0.4082482904638631, "objective_cosine_similarity": -0.29455511809061313, "is_tight": 0.0, "dual_solution_value": 0.0, "scaled_age": 0.27472527472527475}, "32": {"bias": -0.30151134457776363, "objective_cosine_similarity": -0.4439060698270067, "is_tight": 0.0, "dual_solution_value": 0.0, "scaled_age": 0.27472527472527475}, "33": {"bias": -0.4472135954999579, "objective_cosine_similarity": -0.18458990352312618, "is_tight": 0.0, "dual_solution_value": 0.0, "scaled_age": 0.054945054945054944}, "34": {"bias": -0.5, "objective_cosine_similarity": -0.15600210604264747, "is_tight": 0.0, "dual_solution_value": 0.0, "scaled_age": 0.27472527472527475}, "35": {"bias": -0.35355339059327373, "objective_cosine_similarity": -0.4504331005037338, "is_tight": 1.0, "dual_solution_value": -0.00893779162859798, "scaled_age": 0.0}, "36": {"bias": -0.5, "objective_cosine_similarity": -0.23562818100191546, "is_tight": 1.0, "dual_solution_value": -0.008125109689721223, "scaled_age": 0.0}, "37": {"bias": -0.3779644730092272, "objective_cosine_similarity": -0.4532800135778048, "is_tight": 1.0, "dual_solution_value": -0.005014709156919061, "scaled_age": 0.0}, "38": {"bias": -0.5773502691896258, "objective_cosine_similarity": -0.36027143167148423, "is_tight": 1.0, "dual_solution_value": -0.046302953434219654, "scaled_age": 0.0}, "39": {"bias": -0.4472135954999579, "objective_cosine_similarity": -0.15697409118502068, "is_tight": 0.0, "dual_solution_value": 0.0, "scaled_age": 0.27472527472527475}, "40": {"bias": -0.5773502691896258, "objective_cosine_similarity": -0.16887723359600826, "is_tight": 0.0, "dual_solution_value": 0.0, "scaled_age": 0.27472527472527475}, "41": {"bias": -0.31622776601683794, "objective_cosine_similarity": -0.36999148115841196, "is_tight": 0.0, "dual_solution_value": 0.0, "scaled_age": 0.27472527472527475}, "42": {"bias": -0.4472135954999579, "objective_cosine_similarity": -0.2441819196211433, "is_tight": 0.0, "dual_solution_value": 0.0, "scaled_age": 0.27472527472527475}, "43": {"bias": -0.4472135954999579, "objective_cosine_similarity": -0.25726309388656166, "is_tight": 0.0, "dual_solution_value": 0.0, "scaled_age": 0.27472527472527475}, "44": {"bias": -0.4082482904638631, "objective_cosine_similarity": -0.4192766545794313, "is_tight": 0.0, "dual_solution_value": 0.0, "scaled_age": 0.27472527472527475}, "45": {"bias": -0.3779644730092272, "objective_cosine_similarity": -0.29850147235611535, "is_tight": 0.0, "dual_solution_value": 0.0, "scaled_age": 0.27472527472527475}, "46": {"bias": -0.4472135954999579, "objective_cosine_similarity": -0.18895029494493232, "is_tight": 0.0, "dual_solution_value": 0.0, "scaled_age": 0.04395604395604396}, "47": {"bias": -0.4082482904638631, "objective_cosine_similarity": -0.3051697169407253, "is_tight": 0.0, "dual_solution_value": 0.0, "scaled_age": 0.27472527472527475}, "48": {"bias": -0.4082482904638631, "objective_cosine_similarity": -0.3144574909345735, "is_tight": 1.0, "dual_solution_value": -0.022245663678961525, "scaled_age": 0.0}, "49": {"bias": -0.3779644730092272, "objective_cosine_similarity": -0.1707477557921812, "is_tight": 0.0, "dual_solution_value": 0.0, "scaled_age": 0.27472527472527475}, "50": {"bias": -0.3779644730092272, "objective_cosine_similarity": -0.3611499295172753, "is_tight": 0.0, "dual_solution_value": 0.0, "scaled_age": 0.12087912087912088}, "51": {"bias": -0.4472135954999579, "objective_cosine_similarity": -0.3284828204427285, "is_tight": 0.0, "dual_solution_value": 0.0, "scaled_age": 0.27472527472527475}, "52": {"bias": -0.4082482904638631, "objective_cosine_similarity": -0.3051697169407253, "is_tight": 0.0, "dual_solution_value": 0.0, "scaled_age": 0.27472527472527475}, "53": {"bias": -0.4082482904638631, "objective_cosine_similarity": -0.31578431579083754, "is_tight": 0.0, "dual_solution_value": 0.0, "scaled_age": 0.01098901098901099}, "54": {"bias": -0.5, "objective_cosine_similarity": -0.3103791901473507, "is_tight": 0.0, "dual_solution_value": 0.0, "scaled_age": 0.08791208791208792}, "55": {"bias": -0.3779644730092272, "objective_cosine_similarity": -0.45696521694022596, "is_tight": 1.0, "dual_solution_value": -0.003785707524867697, "scaled_age": 0.0}, "56": {"bias": -0.3779644730092272, "objective_cosine_similarity": -0.3071002802017647, "is_tight": 1.0, "dual_solution_value": -0.0001654008680141121, "scaled_age": 0.0}, "57": {"bias": -0.3779644730092272, "objective_cosine_similarity": -0.18426016812105886, "is_tight": 0.0, "dual_solution_value": 0.0, "scaled_age": 0.27472527472527475}, "58": {"bias": -0.4472135954999579, "objective_cosine_similarity": -0.3313897480572659, "is_tight": 0.0, "dual_solution_value": 0.0, "scaled_age": 0.25274725274725274}, "59": {"bias": -0.35355339059327373, "objective_cosine_similarity": -0.3251851210269303, "is_tight": 0.0, "dual_solution_value": 0.0, "scaled_age": 0.27472527472527475}, "60": {"bias": -0.3779644730092272, "objective_cosine_similarity": -0.3771191440877671, "is_tight": 1.0, "dual_solution_value": -0.0008761713086256338, "scaled_age": 0.0}, "61": {"bias": -0.5773502691896258, "objective_cosine_similarity": -0.17075364730263057, "is_tight": 0.0, "dual_solution_value": 0.0, "scaled_age": 0.08791208791208792}, "62": {"bias": -0.3779644730092272, "objective_cosine_similarity": -0.3206126925306424, "is_tight": 0.0, "dual_solution_value": 0.0, "scaled_age": 0.27472527472527475}, "63": {"bias": -0.5773502691896258, "objective_cosine_similarity": -0.12009047722382808, "is_tight": 1.0, "dual_solution_value": -0.0004447698508122129, "scaled_age": 0.0}, "64": {"bias": -0.3779644730092272, "objective_cosine_similarity": -0.29235946675208, "is_tight": 0.0, "dual_solution_value": 0.0, "scaled_age": 0.27472527472527475}, "65": {"bias": -0.3779644730092272, "objective_cosine_similarity": -0.3857179519334165, "is_tight": 0.0, "dual_solution_value": 0.0, "scaled_age": 0.21978021978021978}, "66": {"bias": -0.31622776601683794, "objective_cosine_similarity": -0.3206592836706237, "is_tight": 0.0, "dual_solution_value": 0.0, "scaled_age": 0.27472527472527475}, "67": {"bias": -0.31622776601683794, "objective_cosine_similarity": -0.3638249564724384, "is_tight": 0.0, "dual_solution_value": 0.0, "scaled_age": 0.27472527472527475}, "68": {"bias": -0.4082482904638631, "objective_cosine_similarity": -0.18708230473322726, "is_tight": 0.0, "dual_solution_value": 0.0, "scaled_age": 0.27472527472527475}, "69": {"bias": -0.3779644730092272, "objective_cosine_similarity": -0.4311687934032777, "is_tight": 1.0, "dual_solution_value": -0.007414685888860929, "scaled_age": 0.0}, "70": {"bias": -0.30151134457776363, "objective_cosine_similarity": -0.33709423404081745, "is_tight": 0.0, "dual_solution_value": 0.0, "scaled_age": 0.27472527472527475}, "71": {"bias": -0.35355339059327373, "objective_cosine_similarity": -0.2734772395915527, "is_tight": 0.0, "dual_solution_value": 0.0, "scaled_age": 0.27472527472527475}, "72": {"bias": -0.31622776601683794, "objective_cosine_similarity": -0.3730747435013987, "is_tight": 0.0, "dual_solution_value": 0.0, "scaled_age": 0.27472527472527475}, "73": {"bias": -0.35355339059327373, "objective_cosine_similarity": -0.3010547763570874, "is_tight": 0.0, "dual_solution_value": 0.0, "scaled_age": 0.27472527472527475}, "74": {"bias": -0.31622776601683794, "objective_cosine_similarity": -0.3473808906431757, "is_tight": 0.0, "dual_solution_value": 0.0, "scaled_age": 0.27472527472527475}, "75": {"bias": -0.4472135954999579, "objective_cosine_similarity": -0.145346380726871, "is_tight": 0.0, "dual_solution_value": 0.0, "scaled_age": 0.27472527472527475}, "76": {"bias": -0.5773502691896258, "objective_cosine_similarity": -0.16700081988938592, "is_tight": 0.0, "dual_solution_value": 0.0, "scaled_age": 0.17582417582417584}, "77": {"bias": -0.3779644730092272, "objective_cosine_similarity": -0.270248246577553, "is_tight": 0.0, "dual_solution_value": 0.0, "scaled_age": 0.04395604395604396}, "78": {"bias": -0.3779644730092272, "objective_cosine_similarity": -0.20514298717477886, "is_tight": 0.0, "dual_solution_value": 0.0, "scaled_age": 0.27472527472527475}, "79": {"bias": -0.3333333333333333, "objective_cosine_similarity": -0.34883804267869783, "is_tight": 0.0, "dual_solution_value": 0.0, "scaled_age": 0.27472527472527475}, "80": {"bias": -0.3333333333333333, "objective_cosine_similarity": -0.2610868580297086, "is_tight": 0.0, "dual_solution_value": 0.0, "scaled_age": 0.27472527472527475}, "81": {"bias": -0.4472135954999579, "objective_cosine_similarity": -0.30086700810462297, "is_tight": 0.0, "dual_solution_value": 0.0, "scaled_age": 0.04395604395604396}, "82": {"bias": -0.5, "objective_cosine_similarity": -0.27625372945052157, "is_tight": 1.0, "dual_solution_value": -1.3161975412017957e-06, "scaled_age": 0.0}, "83": {"bias": -0.2886751345948129, "objective_cosine_similarity": -0.47754728833537885, "is_tight": 1.0, "dual_solution_value": -0.00026752634709724637, "scaled_age": 0.0}, "84": {"bias": -0.35355339059327373, "objective_cosine_similarity": -0.32748324909072485, "is_tight": 0.0, "dual_solution_value": 0.0, "scaled_age": 0.27472527472527475}, "85": {"bias": -0.3333333333333333, "objective_cosine_similarity": -0.4203390079482446, "is_tight": 1.0, "dual_solution_value": -0.00015576334357888152, "scaled_age": 0.0}, "86": {"bias": -0.4082482904638631, "objective_cosine_similarity": -0.2229065758523559, "is_tight": 0.0, "dual_solution_value": 0.0, "scaled_age": 0.27472527472527475}, "87": {"bias": -0.5, "objective_cosine_similarity": -0.19012756673947662, "is_tight": 0.0, "dual_solution_value": 0.0, "scaled_age": 0.0989010989010989}, "88": {"bias": -0.3333333333333333, "objective_cosine_similarity": -0.46367292629342444, "is_tight": 0.0, "dual_solution_value": 0.0, "scaled_age": 0.27472527472527475}, "89": {"bias": -0.5773502691896258, "objective_cosine_similarity": -0.0825622030913818, "is_tight": 0.0, "dual_solution_value": 0.0, "scaled_age": 0.054945054945054944}, "90": {"bias": -0.3779644730092272, "objective_cosine_similarity": -0.2727050488191671, "is_tight": 0.0, "dual_solution_value": 0.0, "scaled_age": 0.27472527472527475}, "91": {"bias": -0.3779644730092272, "objective_cosine_similarity": -0.2935878678728871, "is_tight": 0.0, "dual_solution_value": 0.0, "scaled_age": 0.27472527472527475}, "92": {"bias": -0.5, "objective_cosine_similarity": -0.18200245704975537, "is_tight": 1.0, "dual_solution_value": 0.0, "scaled_age": 0.27472527472527475}, "93": {"bias": -0.5, "objective_cosine_similarity": -0.17062730348414568, "is_tight": 0.0, "dual_solution_value": 0.0, "scaled_age": 0.01098901098901099}, "94": {"bias": -0.4082482904638631, "objective_cosine_similarity": -0.28526734409676496, "is_tight": 0.0, "dual_solution_value": 0.0, "scaled_age": 0.26373626373626374}, "95": {"bias": -0.5, "objective_cosine_similarity": -0.19662765449125358, "is_tight": 0.0, "dual_solution_value": 0.0, "scaled_age": 0.01098901098901099}, "96": {"bias": -0.4082482904638631, "objective_cosine_similarity": -0.2122919770022437, "is_tight": 0.0, "dual_solution_value": 0.0, "scaled_age": 0.27472527472527475}, "97": {"bias": -0.4082482904638631, "objective_cosine_similarity": -0.21361880185850773, "is_tight": 0.0, "dual_solution_value": 0.0, "scaled_age": 0.27472527472527475}, "98": {"bias": -0.3333333333333333, "objective_cosine_similarity": -0.296837340664482, "is_tight": 0.0, "dual_solution_value": 0.0, "scaled_age": 0.17582417582417584}, "99": {"bias": -0.4082482904638631, "objective_cosine_similarity": -0.12339471163255415, "is_tight": 0.0, "dual_solution_value": 0.0, "scaled_age": 0.27472527472527475}, "100": {"bias": -0.3779644730092272, "objective_cosine_similarity": -0.3685203362421177, "is_tight": 1.0, "dual_solution_value": -0.0035632039096513204, "scaled_age": 0.0}, "101": {"bias": -0.35355339059327373, "objective_cosine_similarity": -0.30450196845277927, "is_tight": 0.0, "dual_solution_value": 0.0, "scaled_age": 0.27472527472527475}, "102": {"bias": -0.31622776601683794, "objective_cosine_similarity": -0.35663067767213597, "is_tight": 0.0, "dual_solution_value": 0.0, "scaled_age": 0.27472527472527475}, "103": {"bias": -0.35355339059327373, "objective_cosine_similarity": -0.25509221508119617, "is_tight": 0.0, "dual_solution_value": 0.0, "scaled_age": 0.27472527472527475}, "104": {"bias": -0.35355339059327373, "objective_cosine_similarity": -0.39987428310025347, "is_tight": 1.0, "dual_solution_value": -0.008750665164656144, "scaled_age": 0.0}, "105": {"bias": -0.4082482904638631, "objective_cosine_similarity": -0.3025160672281973, "is_tight": 1.0, "dual_solution_value": -0.010982301679743895, "scaled_age": 0.0}, "106": {"bias": -0.4082482904638631, "objective_cosine_similarity": -0.22556022556488395, "is_tight": 0.0, "dual_solution_value": 0.0, "scaled_age": 0.27472527472527475}, "107": {"bias": -0.31622776601683794, "objective_cosine_similarity": -0.35560292355780704, "is_tight": 0.0, "dual_solution_value": 0.0, "scaled_age": 0.27472527472527475}, "108": {"bias": -0.5, "objective_cosine_similarity": -0.2632535539469676, "is_tight": 0.0, "dual_solution_value": 0.0, "scaled_age": 0.27472527472527475}, "109": {"bias": -0.35355339059327373, "objective_cosine_similarity": -0.3366757613459031, "is_tight": 0.0, "dual_solution_value": 0.0, "scaled_age": 0.27472527472527475}, "110": {"bias": -0.4082482904638631, "objective_cosine_similarity": -0.2640381463965406, "is_tight": 0.0, "dual_solution_value": 0.0, "scaled_age": 0.02197802197802198}, "111": {"bias": -0.5773502691896258, "objective_cosine_similarity": -0.0825622030913818, "is_tight": 0.0, "dual_solution_value": 0.0, "scaled_age": 0.27472527472527475}, "112": {"bias": -0.4472135954999579, "objective_cosine_similarity": -0.25144923865748686, "is_tight": 0.0, "dual_solution_value": 0.0, "scaled_age": 0.03296703296703297}, "113": {"bias": -0.4082482904638631, "objective_cosine_similarity": -0.3489549371974381, "is_tight": 1.0, "dual_solution_value": -0.000589127355132377, "scaled_age": 0.0}, "114": {"bias": -0.8944271909999159, "objective_cosine_similarity": -0.8308968098219459, "is_tight": 0.0, "dual_solution_value": -0.0, "scaled_age": 0.06593406593406594}, "115": {"bias": -1.0323190635749928, "objective_cosine_similarity": -0.9713771346318146, "is_tight": 1.0, "dual_solution_value": -0.013108033088760239, "scaled_age": 0.0}, "116": {"bias": -0.9926381594849694, "objective_cosine_similarity": -0.9588080980576954, "is_tight": 0.0, "dual_solution_value": -0.0, "scaled_age": 0.01098901098901099}, "117": {"bias": -0.6030226891555273, "objective_cosine_similarity": -0.4733038227956826, "is_tight": 1.0, "dual_solution_value": -0.0007172980715259483, "scaled_age": 0.0}, "118": {"bias": -0.9897840867858195, "objective_cosine_similarity": -0.9642232507189349, "is_tight": 0.0, "dual_solution_value": -0.0, "scaled_age": 0.02197802197802198}, "119": {"bias": -1.0130201878675853, "objective_cosine_similarity": -0.9697353303180568, "is_tight": 0.0, "dual_solution_value": -0.0, "scaled_age": 0.04395604395604396}, "120": {"bias": -0.9332565252573828, "objective_cosine_similarity": -0.9277991304404877, "is_tight": 0.0, "dual_solution_value": -0.0, "scaled_age": 0.04395604395604396}, "121": {"bias": -0.7844645405527362, "objective_cosine_similarity": -0.7374556528718719, "is_tight": 1.0, "dual_solution_value": -8.606733543664325e-05, "scaled_age": 0.0}, "122": {"bias": -0.813733471206735, "objective_cosine_similarity": -0.8527170038528573, "is_tight": 1.0, "dual_solution_value": -2.0152822216866714e-05, "scaled_age": 0.0}, "123": {"bias": -0.7293249574894728, "objective_cosine_similarity": -0.8485810439604231, "is_tight": 0.0, "dual_solution_value": -0.0, "scaled_age": 0.06593406593406594}, "124": {"bias": -0.8741572761215377, "objective_cosine_similarity": -0.9347052860994928, "is_tight": 0.0, "dual_solution_value": -0.0, "scaled_age": 0.04395604395604396}, "125": {"bias": -0.8006407690254357, "objective_cosine_similarity": -0.7530528415888579, "is_tight": 0.0, "dual_solution_value": -0.0, "scaled_age": 0.12087912087912088}, "126": {"bias": -0.8948249794078403, "objective_cosine_similarity": -0.9416817798696809, "is_tight": 1.0, "dual_solution_value": -5.859284198805839e-05, "scaled_age": 0.0}, "127": {"bias": -0.8838834764831843, "objective_cosine_similarity": -0.8049193543440447, "is_tight": 0.0, "dual_solution_value": -0.0, "scaled_age": 0.08791208791208792}, "128": {"bias": -0.848528137423857, "objective_cosine_similarity": -0.8650154032122727, "is_tight": 0.0, "dual_solution_value": -0.0, "scaled_age": 0.08791208791208792}, "129": {"bias": -0.9431191251430152, "objective_cosine_similarity": -0.9164883825344056, "is_tight": 1.0, "dual_solution_value": -9.206881388823723e-05, "scaled_age": 0.0}, "130": {"bias": -0.9897782665572894, "objective_cosine_similarity": -0.9438536526491571, "is_tight": 0.0, "dual_solution_value": -0.0, "scaled_age": 0.06593406593406594}, "131": {"bias": -0.9643712264456069, "objective_cosine_similarity": -0.9490057612310071, "is_tight": 1.0, "dual_solution_value": -6.584265954956768e-05, "scaled_age": 0.0}, "132": {"bias": -1.0434782608695652, "objective_cosine_similarity": -0.9512737118470134, "is_tight": 1.0, "dual_solution_value": -7.221199848182698e-06, "scaled_age": 0.0}, "133": {"bias": -0.9916843546028935, "objective_cosine_similarity": -0.9681875545646904, "is_tight": 1.0, "dual_solution_value": -0.017349678125371353, "scaled_age": 0.0}, "134": {"bias": -0.9500490740501916, "objective_cosine_similarity": -0.8850178893923676, "is_tight": 1.0, "dual_solution_value": -3.481335711887503e-08, "scaled_age": 0.0}, "135": {"bias": -0.9808353922732934, "objective_cosine_similarity": -0.9669604148072154, "is_tight": 1.0, "dual_solution_value": -0.0016626313620780038, "scaled_age": 0.0}, "136": {"bias": -1.0271141494261389, "objective_cosine_similarity": -0.9588885660778877, "is_tight": 1.0, "dual_solution_value": -0.0016307584510489954, "scaled_age": 0.0}}