{"0": {"bias": -1.1094003924504583, "objective_cosine_similarity": -0.6431120625241863, "is_tight": 1.0, "dual_solution_value": -0.002606066047322843, "scaled_age": 0.0}, "1": {"bias": -1.4002800840280096, "objective_cosine_similarity": -0.8365820661744233, "is_tight": 0.0, "dual_solution_value": -0.0, "scaled_age": 0.08695652173913043}, "2": {"bias": -1.2792042981336627, "objective_cosine_similarity": -0.794513852606016, "is_tight": 0.0, "dual_solution_value": -0.0, "scaled_age": 0.15942028985507245}, "3": {"bias": -1.1766968108291043, "objective_cosine_similarity": -0.7911702809262153, "is_tight": 1.0, "dual_solution_value": -0.0015436605164632254, "scaled_age": 0.0}, "4": {"bias": -0.8164965809277261, "objective_cosine_similarity": -0.44111918178324033, "is_tight": 1.0, "dual_solution_value": -0.012508765378416699, "scaled_age": 0.0}, "5": {"bias": -0.8017837257372732, "objective_cosine_similarity": -0.5585896150885832, "is_tight": 1.0, "dual_solution_value": -0.00042568122549838805, "scaled_age": 0.0}, "6": {"bias": -0.9045340337332909, "objective_cosine_similarity": -0.6099609443178798, "is_tight": 0.0, "dual_solution_value": -0.0, "scaled_age": 0.13043478260869565}, "7": {"bias": -0.6324555320336759, "objective_cosine_similarity": -0.5013107973614094, "is_tight": 1.0, "dual_solution_value": -0.001133763651441384, "scaled_age": 0.0}, "8": {"bias": -1.152254418399027, "objective_cosine_similarity": -0.7822156371905282, "is_tight": 0.0, "dual_solution_value": -0.0, "scaled_age": 0.057971014492753624}, "9": {"bias": -1.2924329780756854, "objective_cosine_similarity": -0.8310081815715405, "is_tight": 0.0, "dual_solution_value": -0.0, "scaled_age": 0.07246376811594203}, "10": {"bias": -1.112984838759457, "objective_cosine_similarity": -0.8324047517709624, "is_tight": 0.0, "dual_solution_value": -0.0, "scaled_age": 0.057971014492753624}, "11": {"bias": -1.2223956444015114, "objective_cosine_similarity": -0.7874060046265017, "is_tight": 0.0, "dual_solution_value": -0.0, "scaled_age": 0.08695652173913043}, "12": {"bias": -1.2946657963220676, "objective_cosine_similarity": -0.880412029834153, "is_tight": 1.0, "dual_solution_value": -0.010049773816144596, "scaled_age": 0.0}, "13": {"bias": -1.2633623805953844, "objective_cosine_similarity": -0.8731648874236018, "is_tight": 0.0, "dual_solution_value": 0.0, "scaled_age": 0.07246376811594203}, "14": {"bias": -0.5, "objective_cosine_similarity": -0.2957619282270863, "is_tight": 0.0, "dual_solution_value": 0.0, "scaled_age": 0.13043478260869565}, "15": {"bias": -0.4082482904638631, "objective_cosine_similarity": -0.34291381649573066, "is_tight": 0.0, "dual_solution_value": 0.0, "scaled_age": 0.34782608695652173}, "16": {"bias": -0.5, "objective_cosine_similarity": -0.18534414168897406, "is_tight": 0.0, "dual_solution_value": 0.0, "scaled_age": 0.15942028985507245}, "17": {"bias": -0.3779644730092272, "objective_cosine_similarity": -0.17736950212382244, "is_tight": 0.0, "dual_solution_value": 0.0, "scaled_age": 0.34782608695652173}, "18": {"bias": -0.4472135954999579, "objective_cosine_similarity": -0.41620568345235787, "is_tight": 0.0, "dual_solution_value": 0.0, "scaled_age": 0.34782608695652173}, "19": {"bias": -0.5, "objective_cosine_similarity": -0.3411120905552395, "is_tight": 0.0, "dual_solution_value": 0.0, "scaled_age": 0.34782608695652173}, "20": {"bias": -0.4082482904638631, "objective_cosine_similarity": -0.21572981882830003, "is_tight": 0.0, "dual_solution_value": 0.0, "scaled_age": 0.34782608695652173}, "21": {"bias": -0.4472135954999579, "objective_cosine_similarity": -0.16930400682807778, "is_tight": 0.0, "dual_solution_value": 0.0, "scaled_age": 0.34782608695652173}, "22": {"bias": -0.4082482904638631, "objective_cosine_similarity": -0.4169703214666396, "is_tight": 0.0, "dual_solution_value": 0.0, "scaled_age": 0.34782608695652173}, "23": {"bias": -0.4472135954999579, "objective_cosine_similarity": -0.26630109407333064, "is_tight": 1.0, "dual_solution_value": -0.00010048309856439702, "scaled_age": 0.0}, "24": {"bias": -0.4472135954999579, "objective_cosine_similarity": -0.18517625746821006, "is_tight": 0.0, "dual_solution_value": 0.0, "scaled_age": 0.34782608695652173}, "25": {"bias": -0.4082482904638631, "objective_cosine_similarity": -0.3461336645379441, "is_tight": 0.0, "dual_solution_value": 0.0, "scaled_age": 0.34782608695652173}, "26": {"bias": -0.3779644730092272, "objective_cosine_similarity": -0.2787235033374353, "is_tight": 0.0, "dual_solution_value": 0.0, "scaled_age": 0.34782608695652173}, "27": {"bias": -0.4082482904638631, "objective_cosine_similarity": -0.2913962478203157, "is_tight": 0.0, "dual_solution_value": 0.0, "scaled_age": 0.34782608695652173}, "28": {"bias": -0.4472135954999579, "objective_cosine_similarity": -0.17812192385037348, "is_tight": 0.0, "dual_solution_value": 0.0, "scaled_age": 0.34782608695652173}, "29": {"bias": -0.4082482904638631, "objective_cosine_similarity": -0.3268145762846635, "is_tight": 0.0, "dual_solution_value": 0.0, "scaled_age": 0.34782608695652173}, "30": {"bias": -0.5, "objective_cosine_similarity": -0.4377276537760877, "is_tight": 1.0, "dual_solution_value": -0.03477896762690712, "scaled_age": 0.0}, "31": {"bias": -0.5, "objective_cosine_similarity": -0.40815146095337906, "is_tight": 1.0, "dual_solution_value": -0.016908896641159358, "scaled_age": 0.0}, "32": {"bias": -0.5, "objective_cosine_similarity": -0.15773969505444602, "is_tight": 0.0, "dual_solution_value": 0.0, "scaled_age": 0.10144927536231885}, "33": {"bias": -0.5773502691896258, "objective_cosine_similarity": -0.1343298067173215, "is_tight": 0.0, "dual_solution_value": 0.0, "scaled_age": 0.21739130434782608}, "34": {"bias": -0.5773502691896258, "objective_cosine_similarity": -0.3255790230606267, "is_tight": 1.0, "dual_solution_value": -0.04301318424536181, "scaled_age": 0.0}, "35": {"bias": -0.7071067811865475, "objective_cosine_similarity": -0.13384656964235625, "is_tight": 0.0, "dual_solution_value": 0.0, "scaled_age": 0.014492753623188406}, "36": {"bias": -0.5, "objective_cosine_similarity": -0.35294256768432297, "is_tight": 0.0, "dual_solution_value": 0.0, "scaled_age": 0.34782608695652173}, "37": {"bias": -0.5, "objective_cosine_similarity": -0.14985271030172373, "is_tight": 0.0, "dual_solution_value": 0.0, "scaled_age": 0.34782608695652173}, "38": {"bias": -0.7071067811865475, "objective_cosine_similarity": -0.01394235100441211, "is_tight": 0.0, "dual_solution_value": 0.0, "scaled_age": 0.15942028985507245}, "39": {"bias": -0.5773502691896258, "objective_cosine_similarity": -0.380221656301571, "is_tight": 1.0, "dual_solution_value": -0.04632907227633364, "scaled_age": 0.0}, "40": {"bias": -0.5, "objective_cosine_similarity": -0.3174511362970726, "is_tight": 0.0, "dual_solution_value": 0.0, "scaled_age": 0.18840579710144928}, "41": {"bias": -0.3779644730092272, "objective_cosine_similarity": -0.4054160048544513, "is_tight": 0.0, "dual_solution_value": 0.0, "scaled_age": 0.34782608695652173}, "42": {"bias": -0.5, "objective_cosine_similarity": -0.23660954258166902, "is_tight": 0.0, "dual_solution_value": 0.0, "scaled_age": 0.34782608695652173}, "43": {"bias": -0.5773502691896258, "objective_cosine_similarity": -0.19352599272834453, "is_tight": 0.0, "dual_solution_value": 0.0, "scaled_age": 0.2898550724637681}, "44": {"bias": -0.5, "objective_cosine_similarity": -0.2543552582752942, "is_tight": 0.0, "dual_solution_value": 0.0, "scaled_age": 0.08695652173913043}, "45": {"bias": -0.4472135954999579, "objective_cosine_similarity": -0.3650617647230427, "is_tight": 1.0, "dual_solution_value": -0.007013193391564991, "scaled_age": 0.0}, "46": {"bias": -0.3779644730092272, "objective_cosine_similarity": -0.2578565030875738, "is_tight": 0.0, "dual_solution_value": 0.0, "scaled_age": 0.34782608695652173}, "47": {"bias": -0.5773502691896258, "objective_cosine_similarity": -0.17075822887795106, "is_tight": 0.0, "dual_solution_value": 0.0, "scaled_age": 0.07246376811594203}, "48": {"bias": -0.5, "objective_cosine_similarity": -0.23463779639348845, "is_tight": 1.0, "dual_solution_value": -0.0006590340832312515, "scaled_age": 0.0}, "49": {"bias": -0.5, "objective_cosine_similarity": -0.42589717664700427, "is_tight": 1.0, "dual_solution_value": -0.007955693872113822, "scaled_age": 0.0}, "50": {"bias": -0.5, "objective_cosine_similarity": -0.20506160357077982, "is_tight": 0.0, "dual_solution_value": 0.0, "scaled_age": 0.043478260869565216}, "51": {"bias": -0.5773502691896258, "objective_cosine_similarity": -0.19580276911338387, "is_tight": 0.0, "dual_solution_value": 0.0, "scaled_age": 0.10144927536231885}, "52": {"bias": -0.5773502691896258, "objective_cosine_similarity": -0.2732131662047217, "is_tight": 0.0, "dual_solution_value": 0.0, "scaled_age": 0.34782608695652173}, "53": {"bias": -0.3779644730092272, "objective_cosine_similarity": -0.41584950497938206, "is_tight": 1.0, "dual_solution_value": -0.0008534470525986831, "scaled_age": 0.0}, "54": {"bias": -0.3779644730092272, "objective_cosine_similarity": -0.46056450551479944, "is_tight": 0.0, "dual_solution_value": 0.0, "scaled_age": 0.34782608695652173}, "55": {"bias": -0.4472135954999579, "objective_cosine_similarity": -0.2698282608822489, "is_tight": 0.0, "dual_solution_value": 0.0, "scaled_age": 0.34782608695652173}, "56": {"bias": -0.5773502691896258, "objective_cosine_similarity": -0.3460700105259808, "is_tight": 0.0, "dual_solution_value": 0.0, "scaled_age": 0.34782608695652173}, "57": {"bias": -0.5773502691896258, "objective_cosine_similarity": -0.3847752090716497, "is_tight": 1.0, "dual_solution_value": -0.018206251043350413, "scaled_age": 0.0}, "58": {"bias": -0.35355339059327373, "objective_cosine_similarity": -0.29976054659486034, "is_tight": 0.0, "dual_solution_value": 0.0, "scaled_age": 0.34782608695652173}, "59": {"bias": -0.5, "objective_cosine_similarity": -0.24252478114621076, "is_tight": 1.0, "dual_solution_value": -0.000695378939797977, "scaled_age": 0.0}, "60": {"bias": -0.7071067811865475, "objective_cosine_similarity": -0.22307761607059376, "is_tight": 1.0, "dual_solution_value": -0.011909997351993135, "scaled_age": 0.0}, "61": {"bias": -0.4472135954999579, "objective_cosine_similarity": -0.2310294259841478, "is_tight": 1.0, "dual_solution_value": -0.00027292090619303436, "scaled_age": 0.0}, "62": {"bias": -0.5, "objective_cosine_similarity": -0.21294858832350214, "is_tight": 1.0, "dual_solution_value": -0.015316429264889027, "scaled_age": 0.0}, "63": {"bias": -0.5, "objective_cosine_similarity": -0.18534414168897406, "is_tight": 0.0, "dual_solution_value": 0.0, "scaled_age": 0.34782608695652173}, "64": {"bias": -0.4082482904638631, "objective_cosine_similarity": -0.1561626300473515, "is_tight": 0.0, "dual_solution_value": 0.0, "scaled_age": 0.34782608695652173}, "65": {"bias": -0.4472135954999579, "objective_cosine_similarity": -0.3050999289714318, "is_tight": 0.0, "dual_solution_value": 0.0, "scaled_age": 0.34782608695652173}, "66": {"bias": -0.5773502691896258, "objective_cosine_similarity": -0.11839237202204606, "is_tight": 0.0, "dual_solution_value": 0.0, "scaled_age": 0.34782608695652173}, "67": {"bias": -0.4472135954999579, "objective_cosine_similarity": -0.368588931531961, "is_tight": 0.0, "dual_solution_value": 0.0, "scaled_age": 0.2898550724637681}, "68": {"bias": -0.5773502691896258, "objective_cosine_similarity": -0.23450796765905277, "is_tight": 1.0, "dual_solution_value": 0.0, "scaled_age": 0.11594202898550725}, "69": {"bias": -0.5773502691896258, "objective_cosine_similarity": -0.39615909099684643, "is_tight": 1.0, "dual_solution_value": -0.007060692084223566, "scaled_age": 0.0}, "70": {"bias": -0.3333333333333333, "objective_cosine_similarity": -0.31810838502646616, "is_tight": 0.0, "dual_solution_value": 0.0, "scaled_age": 0.34782608695652173}, "71": {"bias": -0.4472135954999579, "objective_cosine_similarity": -0.26277392726441234, "is_tight": 0.0, "dual_solution_value": 0.0, "scaled_age": 0.34782608695652173}, "72": {"bias": -0.4082482904638631, "objective_cosine_similarity": -0.2334389830604739, "is_tight": 0.0, "dual_solution_value": 0.0, "scaled_age": 0.34782608695652173}, "73": {"bias": -0.4082482904638631, "objective_cosine_similarity": -0.23665883110268734, "is_tight": 0.0, "dual_solution_value": 0.0, "scaled_age": 0.34782608695652173}, "74": {"bias": -0.5773502691896258, "objective_cosine_similarity": -0.5054443574787351, "is_tight": 1.0, "dual_solution_value": -0.10895256751697675, "scaled_age": 0.0}, "75": {"bias": -0.4082482904638631, "objective_cosine_similarity": -0.28012677967256866, "is_tight": 0.0, "dual_solution_value": 0.0, "scaled_age": 0.34782608695652173}, "76": {"bias": -0.5, "objective_cosine_similarity": -0.2385812887698496, "is_tight": 0.0, "dual_solution_value": 0.0, "scaled_age": 0.34782608695652173}, "77": {"bias": -0.4472135954999579, "objective_cosine_similarity": -0.27864617790454466, "is_tight": 0.0, "dual_solution_value": 0.0, "scaled_age": 0.34782608695652173}, "78": {"bias": -0.4472135954999579, "objective_cosine_similarity": -0.3862247655765524, "is_tight": 0.0, "dual_solution_value": 0.0, "scaled_age": 0.057971014492753624}, "79": {"bias": -0.4082482904638631, "objective_cosine_similarity": -0.24792829925043436, "is_tight": 0.0, "dual_solution_value": 0.0, "scaled_age": 0.34782608695652173}, "80": {"bias": -0.5, "objective_cosine_similarity": -0.23463779639348845, "is_tight": 0.0, "dual_solution_value": 0.0, "scaled_age": 0.34782608695652173}, "81": {"bias": -0.5, "objective_cosine_similarity": -0.143937471737182, "is_tight": 1.0, "dual_solution_value": -0.00022720842494183848, "scaled_age": 0.0}, "82": {"bias": -0.4472135954999579, "objective_cosine_similarity": -0.29804559535359526, "is_tight": 1.0, "dual_solution_value": -0.0003830199321648451, "scaled_age": 0.0}, "83": {"bias": -0.5773502691896258, "objective_cosine_similarity": -0.08879427901653454, "is_tight": 0.0, "dual_solution_value": 0.0, "scaled_age": 0.34782608695652173}, "84": {"bias": -0.5773502691896258, "objective_cosine_similarity": -0.2458918495842495, "is_tight": 1.0, "dual_solution_value": -0.016629066118884463, "scaled_age": 0.0}, "85": {"bias": -0.4472135954999579, "objective_cosine_similarity": -0.2909912617357587, "is_tight": 0.0, "dual_solution_value": 0.0, "scaled_age": 0.34782608695652173}, "86": {"bias": -0.4472135954999579, "objective_cosine_similarity": -0.4144421000478987, "is_tight": 0.0, "dual_solution_value": 0.0, "scaled_age": 0.3333333333333333}, "87": {"bias": -0.35355339059327373, "objective_cosine_similarity": -0.2732700796864774, "is_tight": 0.0, "dual_solution_value": 0.0, "scaled_age": 0.34782608695652173}, "88": {"bias": -0.4472135954999579, "objective_cosine_similarity": -0.2275022591752295, "is_tight": 0.0, "dual_solution_value": 0.0, "scaled_age": 0.34782608695652173}, "89": {"bias": -0.5, "objective_cosine_similarity": -0.16365493361898775, "is_tight": 0.0, "dual_solution_value": 0.0, "scaled_age": 0.10144927536231885}, "90": {"bias": -0.4472135954999579, "objective_cosine_similarity": -0.3139178459937275, "is_tight": 0.0, "dual_solution_value": 0.0, "scaled_age": 0.34782608695652173}, "91": {"bias": -0.4082482904638631, "objective_cosine_similarity": -0.193190882532806, "is_tight": 0.0, "dual_solution_value": 0.0, "scaled_age": 0.34782608695652173}, "92": {"bias": -0.4472135954999579, "objective_cosine_similarity": -0.21692075874847463, "is_tight": 0.0, "dual_solution_value": 0.0, "scaled_age": 0.34782608695652173}, "93": {"bias": -0.5, "objective_cosine_similarity": -0.2385812887698496, "is_tight": 0.0, "dual_solution_value": 0.0, "scaled_age": 0.043478260869565216}, "94": {"bias": -0.5, "objective_cosine_similarity": -0.27407272015709994, "is_tight": 0.0, "dual_solution_value": 0.0, "scaled_age": 0.34782608695652173}, "95": {"bias": -0.4472135954999579, "objective_cosine_similarity": -0.2275022591752295, "is_tight": 0.0, "dual_solution_value": 0.0, "scaled_age": 0.34782608695652173}, "96": {"bias": -0.4472135954999579, "objective_cosine_similarity": -0.479694686012887, "is_tight": 1.0, "dual_solution_value": -0.0076770212138533135, "scaled_age": 0.0}, "97": {"bias": -0.4082482904638631, "objective_cosine_similarity": -0.4765375102475881, "is_tight": 0.0, "dual_solution_value": 0.0, "scaled_age": 0.2028985507246377}, "98": {"bias": -0.4082482904638631, "objective_cosine_similarity": -0.20446035068055302, "is_tight": 0.0, "dual_solution_value": 0.0, "scaled_age": 0.34782608695652173}, "99": {"bias": -0.4082482904638631, "objective_cosine_similarity": -0.22216951491272688, "is_tight": 0.0, "dual_solution_value": 0.0, "scaled_age": 0.34782608695652173}, "100": {"bias": -0.5, "objective_cosine_similarity": -0.23266605020530787, "is_tight": 1.0, "dual_solution_value": -2.070950322914313e-05, "scaled_age": 0.0}, "101": {"bias": -0.4472135954999579, "objective_cosine_similarity": -0.2909912617357587, "is_tight": 0.0, "dual_solution_value": 0.0, "scaled_age": 0.34782608695652173}, "102": {"bias": -0.5773502691896258, "objective_cosine_similarity": -0.1548207941826756, "is_tight": 0.0, "dual_solution_value": 0.0, "scaled_age": 0.043478260869565216}, "103": {"bias": -0.5, "objective_cosine_similarity": -0.13013524841991797, "is_tight": 0.0, "dual_solution_value": 0.0, "scaled_age": 0.2608695652173913}, "104": {"bias": -0.4082482904638631, "objective_cosine_similarity": -0.42984971363549335, "is_tight": 0.0, "dual_solution_value": 0.0, "scaled_age": 0.34782608695652173}, "105": {"bias": -0.5, "objective_cosine_similarity": -0.222807319264405, "is_tight": 0.0, "dual_solution_value": 0.0, "scaled_age": 0.34782608695652173}, "106": {"bias": -0.5, "objective_cosine_similarity": -0.035491431387250354, "is_tight": 0.0, "dual_solution_value": 0.0, "scaled_age": 0.34782608695652173}, "107": {"bias": -0.5773502691896258, "objective_cosine_similarity": -0.2367847440440921, "is_tight": 1.0, "dual_solution_value": -0.03415164577559021, "scaled_age": 0.0}, "108": {"bias": -0.4082482904638631, "objective_cosine_similarity": -0.27690693163035524, "is_tight": 0.0, "dual_solution_value": 0.0, "scaled_age": 0.34782608695652173}, "109": {"bias": -0.5, "objective_cosine_similarity": -0.29970542060344746, "is_tight": 0.0, "dual_solution_value": 0.0, "scaled_age": 0.34782608695652173}, "110": {"bias": -1.0690449676496976, "objective_cosine_similarity": -0.5923157805278938, "is_tight": 0.0, "dual_solution_value": -0.0, "scaled_age": 0.057971014492753624}, "111": {"bias": -1.2374368670764582, "objective_cosine_similarity": -0.7842572439981812, "is_tight": 1.0, "dual_solution_value": -0.001433793282271491, "scaled_age": 0.0}, "112": {"bias": -0.7071067811865475, "objective_cosine_similarity": -0.3722607718178033, "is_tight": 1.0, "dual_solution_value": -0.0024364467821828216, "scaled_age": 0.0}, "113": {"bias": -1.4662106628822404, "objective_cosine_similarity": -0.8747780707632606, "is_tight": 1.0, "dual_solution_value": -0.0057547671048745535, "scaled_age": 0.0}, "114": {"bias": -0.917662935482247, "objective_cosine_similarity": -0.7481862363621552, "is_tight": 0.0, "dual_solution_value": -0.0, "scaled_age": 0.07246376811594203}, "115": {"bias": -1.3474430737064305, "objective_cosine_similarity": -0.8780776035146063, "is_tight": 0.0, "dual_solution_value": -0.0, "scaled_age": 0.11594202898550725}, "116": {"bias": -1.3130643285972254, "objective_cosine_similarity": -0.8186511546971487, "is_tight": 1.0, "dual_solution_value": -3.5486401836486935e-05, "scaled_age": 0.0}, "117": {"bias": -1.407052941362897, "objective_cosine_similarity": -0.8984934767827379, "is_tight": 1.0, "dual_solution_value": -7.665851062712596e-05, "scaled_age": 0.0}, "118": {"bias": -1.5275252316519465, "objective_cosine_similarity": -0.8995517597873336, "is_tight": 0.0, "dual_solution_value": -0.0, "scaled_age": 0.057971014492753624}, "119": {"bias": -1.5634719199411433, "objective_cosine_similarity": -0.8665385651703004, "is_tight": 1.0, "dual_solution_value": -8.688328565448375e-05, "scaled_age": 0.0}, "120": {"bias": -1.4450491525772642, "objective_cosine_similarity": -0.915375526198775, "is_tight": 0.0, "dual_solution_value": -0.0, "scaled_age": 0.13043478260869565}, "121": {"bias": -1.4266083091043715, "objective_cosine_similarity": -0.8809370678858509, "is_tight": 0.0, "dual_solution_value": -0.0, "scaled_age": 0.11594202898550725}, "122": {"bias": -1.448082605185577, "objective_cosine_similarity": -0.9122819437619382, "is_tight": 1.0, "dual_solution_value": -8.47293783263969e-05, "scaled_age": 0.0}, "123": {"bias": -1.4338483366910109, "objective_cosine_similarity": -0.9001757015481795, "is_tight": 1.0, "dual_solution_value": -2.214905631960689e-05, "scaled_age": 0.0}, "124": {"bias": -1.3339459376998313, "objective_cosine_similarity": -0.8612718681882525, "is_tight": 0.0, "dual_solution_value": -0.0, "scaled_age": 0.043478260869565216}, "125": {"bias": -1.460273520233138, "objective_cosine_similarity": -0.8984937263624441, "is_tight": 1.0, "dual_solution_value": -8.98491678280284e-06, "scaled_age": 0.0}, "126": {"bias": -1.4539949995489925, "objective_cosine_similarity": -0.8783605557914385, "is_tight": 1.0, "dual_solution_value": -0.0046944137482183975, "scaled_age": 0.0}, "127": {"bias": -1.4241102090921367, "objective_cosine_similarity": -0.8917565636712566, "is_tight": 1.0, "dual_solution_value": -0.00012669643805002175, "scaled_age": 0.0}, "128": {"bias": -1.4942948614142928, "objective_cosine_similarity": -0.8838038668263665, "is_tight": 0.0, "dual_solution_value": -0.0, "scaled_age": 0.028985507246376812}, "129": {"bias": -1.5017381352527102, "objective_cosine_similarity": -0.8860205158855704, "is_tight": 1.0, "dual_solution_value": -0.0030947533926956178, "scaled_age": 0.0}, "130": {"bias": -1.257941804066302, "objective_cosine_similarity": -0.7982567198666873, "is_tight": 1.0, "dual_solution_value": -7.936276826134791e-06, "scaled_age": 0.0}}