{"0": {"bias": -0.5547001962252291, "objective_cosine_similarity": -0.6782633211686807, "is_tight": 0.0, "dual_solution_value": -0.0, "scaled_age": 0.020618556701030927}, "1": {"bias": -0.8892972917998876, "objective_cosine_similarity": -0.9582858612560796, "is_tight": 0.0, "dual_solution_value": -0.0, "scaled_age": 0.061855670103092786}, "2": {"bias": -0.9431089562632972, "objective_cosine_similarity": -0.9503149746522792, "is_tight": 0.0, "dual_solution_value": -0.0, "scaled_age": 0.020618556701030927}, "3": {"bias": -0.5547001962252291, "objective_cosine_similarity": -0.8061919902859052, "is_tight": 1.0, "dual_solution_value": -0.01200586361407725, "scaled_age": 0.0}, "4": {"bias": -0.8695652173913043, "objective_cosine_similarity": -0.9773728223762771, "is_tight": 0.0, "dual_solution_value": -0.0, "scaled_age": 0.09278350515463918}, "5": {"bias": -0.8017837257372732, "objective_cosine_similarity": -0.7373249545742119, "is_tight": 0.0, "dual_solution_value": -0.0, "scaled_age": 0.010309278350515464}, "6": {"bias": -0.8385254915624211, "objective_cosine_similarity": -0.9739861299280038, "is_tight": 0.0, "dual_solution_value": -0.0, "scaled_age": 0.1134020618556701}, "7": {"bias": -0.926962554947373, "objective_cosine_similarity": -0.9889806421917129, "is_tight": 0.0, "dual_solution_value": 0.0, "scaled_age": 0.09278350515463918}, "8": {"bias": -0.9792135514272702, "objective_cosine_similarity": -0.9818288686072929, "is_tight": 0.0, "dual_solution_value": 0.0, "scaled_age": 0.10309278350515463}, "9": {"bias": -0.35355339059327373, "objective_cosine_similarity": -0.384617205292855, "is_tight": 0.0, "dual_solution_value": 0.0, "scaled_age": 0.23711340206185566}, "10": {"bias": -0.4472135954999579, "objective_cosine_similarity": -0.42812577139692476, "is_tight": 0.0, "dual_solution_value": 0.0, "scaled_age": 0.07216494845360824}, "11": {"bias": -0.4082482904638631, "objective_cosine_similarity": -0.33042356435205766, "is_tight": 0.0, "dual_solution_value": 0.0, "scaled_age": 0.23711340206185566}, "12": {"bias": -0.3779644730092272, "objective_cosine_similarity": -0.36841108665967626, "is_tight": 0.0, "dual_solution_value": 0.0, "scaled_age": 0.23711340206185566}, "13": {"bias": -0.3333333333333333, "objective_cosine_similarity": -0.40323408351231876, "is_tight": 0.0, "dual_solution_value": 0.0, "scaled_age": 0.23711340206185566}, "14": {"bias": -0.4082482904638631, "objective_cosine_similarity": -0.3837176876346476, "is_tight": 0.0, "dual_solution_value": 0.0, "scaled_age": 0.23711340206185566}, "15": {"bias": -0.3779644730092272, "objective_cosine_similarity": -0.3388066243388094, "is_tight": 0.0, "dual_solution_value": 0.0, "scaled_age": 0.23711340206185566}, "16": {"bias": -0.4472135954999579, "objective_cosine_similarity": -0.2802277776416235, "is_tight": 0.0, "dual_solution_value": 0.0, "scaled_age": 0.23711340206185566}, "17": {"bias": -0.4472135954999579, "objective_cosine_similarity": -0.3580688269865189, "is_tight": 0.0, "dual_solution_value": 0.0, "scaled_age": 0.23711340206185566}, "18": {"bias": -0.5773502691896258, "objective_cosine_similarity": -0.35674788718750616, "is_tight": 1.0, "dual_solution_value": -0.018412221197176237, "scaled_age": 0.0}, "19": {"bias": -0.4472135954999579, "objective_cosine_similarity": -0.3814211417899875, "is_tight": 0.0, "dual_solution_value": 0.0, "scaled_age": 0.23711340206185566}, "20": {"bias": -0.4472135954999579, "objective_cosine_similarity": -0.5293191355452888, "is_tight": 0.0, "dual_solution_value": 0.0, "scaled_age": 0.041237113402061855}, "21": {"bias": -0.4472135954999579, "objective_cosine_similarity": -0.2646595677726444, "is_tight": 0.0, "dual_solution_value": 0.0, "scaled_age": 0.23711340206185566}, "22": {"bias": -0.35355339059327373, "objective_cosine_similarity": -0.4861561474901687, "is_tight": 0.0, "dual_solution_value": 0.0, "scaled_age": 0.23711340206185566}, "23": {"bias": -0.5, "objective_cosine_similarity": -0.3350614147170706, "is_tight": 0.0, "dual_solution_value": 0.0, "scaled_age": 0.23711340206185566}, "24": {"bias": -0.3779644730092272, "objective_cosine_similarity": -0.2730189302924387, "is_tight": 0.0, "dual_solution_value": 0.0, "scaled_age": 0.23711340206185566}, "25": {"bias": -0.4472135954999579, "objective_cosine_similarity": -0.4008814041262113, "is_tight": 0.0, "dual_solution_value": 0.0, "scaled_age": 0.13402061855670103}, "26": {"bias": -0.5, "objective_cosine_similarity": -0.5134707394365498, "is_tight": 1.0, "dual_solution_value": -0.004351446944377541, "scaled_age": 0.0}, "27": {"bias": -0.35355339059327373, "objective_cosine_similarity": -0.52000246155594, "is_tight": 0.0, "dual_solution_value": 0.0, "scaled_age": 0.23711340206185566}, "28": {"bias": -0.4082482904638631, "objective_cosine_similarity": -0.2913412072781584, "is_tight": 0.0, "dual_solution_value": 0.0, "scaled_age": 0.23711340206185566}, "29": {"bias": -0.5773502691896258, "objective_cosine_similarity": -0.19093548891725684, "is_tight": 1.0, "dual_solution_value": -0.008959060373867827, "scaled_age": 0.0}, "30": {"bias": -0.4082482904638631, "objective_cosine_similarity": -0.5151765250650361, "is_tight": 0.0, "dual_solution_value": 0.0, "scaled_age": 0.23711340206185566}, "31": {"bias": -0.3333333333333333, "objective_cosine_similarity": -0.4525504822152642, "is_tight": 0.0, "dual_solution_value": 0.0, "scaled_age": 0.23711340206185566}, "32": {"bias": -0.4082482904638631, "objective_cosine_similarity": -0.33042356435205766, "is_tight": 0.0, "dual_solution_value": 0.0, "scaled_age": 0.14432989690721648}, "33": {"bias": -0.4472135954999579, "objective_cosine_similarity": -0.1556820986897908, "is_tight": 0.0, "dual_solution_value": 0.0, "scaled_age": 0.23711340206185566}, "34": {"bias": -0.5, "objective_cosine_similarity": -0.28719549832891766, "is_tight": 1.0, "dual_solution_value": -6.696891400753467e-05, "scaled_age": 0.0}, "35": {"bias": -0.4472135954999579, "objective_cosine_similarity": -0.3814211417899875, "is_tight": 0.0, "dual_solution_value": 0.0, "scaled_age": 0.23711340206185566}, "36": {"bias": -0.7071067811865475, "objective_cosine_similarity": -0.08000037870091384, "is_tight": 0.0, "dual_solution_value": 0.0, "scaled_age": 0.23711340206185566}, "37": {"bias": -0.3333333333333333, "objective_cosine_similarity": -0.3858282957348086, "is_tight": 0.0, "dual_solution_value": 0.0, "scaled_age": 0.23711340206185566}, "38": {"bias": -0.4472135954999579, "objective_cosine_similarity": -0.525427083078044, "is_tight": 1.0, "dual_solution_value": -7.078819658367469e-05, "scaled_age": 0.0}, "39": {"bias": -0.4082482904638631, "objective_cosine_similarity": -0.46188240178244616, "is_tight": 0.0, "dual_solution_value": 0.0, "scaled_age": 0.23711340206185566}, "40": {"bias": -0.35355339059327373, "objective_cosine_similarity": -0.3476939535847409, "is_tight": 0.0, "dual_solution_value": 0.0, "scaled_age": 0.23711340206185566}, "41": {"bias": -0.5, "objective_cosine_similarity": -0.3524672024945808, "is_tight": 0.0, "dual_solution_value": 0.0, "scaled_age": 0.05154639175257732}, "42": {"bias": -0.5, "objective_cosine_similarity": -0.4177389066602439, "is_tight": 0.0, "dual_solution_value": 0.0, "scaled_age": 0.020618556701030927}, "43": {"bias": -0.35355339059327373, "objective_cosine_similarity": -0.44923289578205466, "is_tight": 0.0, "dual_solution_value": 0.0, "scaled_age": 0.23711340206185566}, "44": {"bias": -0.35355339059327373, "objective_cosine_similarity": -0.37846333000816934, "is_tight": 0.0, "dual_solution_value": 0.0, "scaled_age": 0.23711340206185566}, "45": {"bias": -0.4472135954999579, "objective_cosine_similarity": -0.49039861087284103, "is_tight": 0.0, "dual_solution_value": 0.0, "scaled_age": 0.23711340206185566}, "46": {"bias": -0.4082482904638631, "objective_cosine_similarity": -0.3659529798737843, "is_tight": 0.0, "dual_solution_value": 0.0, "scaled_age": 0.23711340206185566}, "47": {"bias": -0.4082482904638631, "objective_cosine_similarity": -0.41569416160420153, "is_tight": 0.0, "dual_solution_value": 0.0, "scaled_age": 0.18556701030927836}, "48": {"bias": -0.4472135954999579, "objective_cosine_similarity": -0.31914830231407115, "is_tight": 0.0, "dual_solution_value": 0.0, "scaled_age": 0.030927835051546393}, "49": {"bias": -0.5773502691896258, "objective_cosine_similarity": -0.3416740327993017, "is_tight": 0.0, "dual_solution_value": 0.0, "scaled_age": 0.041237113402061855}, "50": {"bias": -0.5, "objective_cosine_similarity": -0.3742244372164685, "is_tight": 1.0, "dual_solution_value": -0.009016802271522692, "scaled_age": 0.0}, "51": {"bias": -0.35355339059327373, "objective_cosine_similarity": -0.5661565261910826, "is_tight": 0.0, "dual_solution_value": 0.0, "scaled_age": 0.23711340206185566}, "52": {"bias": -0.35355339059327373, "objective_cosine_similarity": -0.5415410250523398, "is_tight": 0.0, "dual_solution_value": 0.0, "scaled_age": 0.23711340206185566}, "53": {"bias": -0.30151134457776363, "objective_cosine_similarity": -0.45920371667032567, "is_tight": 0.0, "dual_solution_value": 0.0, "scaled_age": 0.23711340206185566}, "54": {"bias": -0.4082482904638631, "objective_cosine_similarity": -0.38727062918682026, "is_tight": 0.0, "dual_solution_value": 0.0, "scaled_age": 0.23711340206185566}, "55": {"bias": -0.4472135954999579, "objective_cosine_similarity": -0.5215350306107992, "is_tight": 1.0, "dual_solution_value": -0.012458195031879098, "scaled_age": 0.0}, "56": {"bias": -0.5, "objective_cosine_similarity": -0.23932958194076473, "is_tight": 0.0, "dual_solution_value": 0.0, "scaled_age": 0.23711340206185566}, "57": {"bias": -0.4472135954999579, "objective_cosine_similarity": -0.36196087945376365, "is_tight": 0.0, "dual_solution_value": 0.0, "scaled_age": 0.23711340206185566}, "58": {"bias": -0.5, "objective_cosine_similarity": -0.5482823149915701, "is_tight": 1.0, "dual_solution_value": -0.01373902969143642, "scaled_age": 0.0}, "59": {"bias": -0.5, "objective_cosine_similarity": -0.2567353697182749, "is_tight": 0.0, "dual_solution_value": 0.0, "scaled_age": 0.23711340206185566}, "60": {"bias": -0.4472135954999579, "objective_cosine_similarity": -0.2607675153053996, "is_tight": 0.0, "dual_solution_value": 0.0, "scaled_age": 0.23711340206185566}, "61": {"bias": -0.4472135954999579, "objective_cosine_similarity": -0.25298341037091004, "is_tight": 0.0, "dual_solution_value": 0.0, "scaled_age": 0.23711340206185566}, "62": {"bias": -0.4082482904638631, "objective_cosine_similarity": -0.35529415521726626, "is_tight": 0.0, "dual_solution_value": 0.0, "scaled_age": 0.23711340206185566}, "63": {"bias": -0.4082482904638631, "objective_cosine_similarity": -0.3410823890085756, "is_tight": 0.0, "dual_solution_value": 0.0, "scaled_age": 0.23711340206185566}, "64": {"bias": -0.4472135954999579, "objective_cosine_similarity": -0.26855162023988915, "is_tight": 0.0, "dual_solution_value": 0.0, "scaled_age": 0.23711340206185566}, "65": {"bias": -0.3779644730092272, "objective_cosine_similarity": -0.434198780706047, "is_tight": 0.0, "dual_solution_value": 0.0, "scaled_age": 0.23711340206185566}, "66": {"bias": -0.3779644730092272, "objective_cosine_similarity": -0.2927552385063499, "is_tight": 0.0, "dual_solution_value": 0.0, "scaled_age": 0.23711340206185566}, "67": {"bias": -0.4472135954999579, "objective_cosine_similarity": -0.18681851842774896, "is_tight": 0.0, "dual_solution_value": 0.0, "scaled_age": 0.23711340206185566}, "68": {"bias": -0.5, "objective_cosine_similarity": -0.2132209002744995, "is_tight": 0.0, "dual_solution_value": 0.0, "scaled_age": 0.05154639175257732}, "69": {"bias": -0.3779644730092272, "objective_cosine_similarity": -0.4473563195153212, "is_tight": 0.0, "dual_solution_value": 0.0, "scaled_age": 0.23711340206185566}, "70": {"bias": -0.4472135954999579, "objective_cosine_similarity": -0.38531319425723226, "is_tight": 0.0, "dual_solution_value": 0.0, "scaled_age": 0.23711340206185566}, "71": {"bias": -0.4082482904638631, "objective_cosine_similarity": -0.5151765250650361, "is_tight": 0.0, "dual_solution_value": 0.0, "scaled_age": 0.1134020618556701}, "72": {"bias": -0.3779644730092272, "objective_cosine_similarity": -0.6611663251660261, "is_tight": 0.0, "dual_solution_value": 0.0, "scaled_age": 0.23711340206185566}, "73": {"bias": -0.4082482904638631, "objective_cosine_similarity": -0.37305886297812957, "is_tight": 0.0, "dual_solution_value": 0.0, "scaled_age": 0.23711340206185566}, "74": {"bias": -0.3779644730092272, "objective_cosine_similarity": -0.5263015523709661, "is_tight": 0.0, "dual_solution_value": 0.0, "scaled_age": 0.23711340206185566}, "75": {"bias": -0.5773502691896258, "objective_cosine_similarity": -0.25625552459947626, "is_tight": 0.0, "dual_solution_value": 0.0, "scaled_age": 0.23711340206185566}, "76": {"bias": -0.4082482904638631, "objective_cosine_similarity": -0.4512235771259282, "is_tight": 0.0, "dual_solution_value": 0.0, "scaled_age": 0.08247422680412371}, "77": {"bias": -0.4472135954999579, "objective_cosine_similarity": -0.47872245347110676, "is_tight": 0.0, "dual_solution_value": 0.0, "scaled_age": 0.041237113402061855}, "78": {"bias": -0.4472135954999579, "objective_cosine_similarity": -0.31914830231407115, "is_tight": 0.0, "dual_solution_value": 0.0, "scaled_age": 0.23711340206185566}, "79": {"bias": -0.4472135954999579, "objective_cosine_similarity": -0.36196087945376365, "is_tight": 0.0, "dual_solution_value": 0.0, "scaled_age": 0.23711340206185566}, "80": {"bias": -0.5, "objective_cosine_similarity": -0.3655215433277134, "is_tight": 0.0, "dual_solution_value": 0.0, "scaled_age": 0.10309278350515463}, "81": {"bias": -0.35355339059327373, "objective_cosine_similarity": -0.3753863923658265, "is_tight": 0.0, "dual_solution_value": 0.0, "scaled_age": 0.23711340206185566}, "82": {"bias": -0.4082482904638631, "objective_cosine_similarity": -0.5293882912737268, "is_tight": 0.0, "dual_solution_value": 0.0, "scaled_age": 0.12371134020618557}, "83": {"bias": -0.4472135954999579, "objective_cosine_similarity": -0.2763357251743787, "is_tight": 0.0, "dual_solution_value": 0.0, "scaled_age": 0.23711340206185566}, "84": {"bias": -0.4472135954999579, "objective_cosine_similarity": -0.36585293192100843, "is_tight": 0.0, "dual_solution_value": 0.0, "scaled_age": 0.17525773195876287}, "85": {"bias": -0.35355339059327373, "objective_cosine_similarity": -0.44923289578205466, "is_tight": 0.0, "dual_solution_value": 0.0, "scaled_age": 0.23711340206185566}, "86": {"bias": -0.3779644730092272, "objective_cosine_similarity": -0.28288708439939425, "is_tight": 0.0, "dual_solution_value": 0.0, "scaled_age": 0.23711340206185566}, "87": {"bias": -0.5, "objective_cosine_similarity": -0.2784926044401626, "is_tight": 0.0, "dual_solution_value": 0.0, "scaled_age": 0.15463917525773196}, "88": {"bias": -0.4472135954999579, "objective_cosine_similarity": -0.4865065584055963, "is_tight": 1.0, "dual_solution_value": -6.007995142588177e-05, "scaled_age": 0.0}, "89": {"bias": -0.35355339059327373, "objective_cosine_similarity": -0.49538696041719726, "is_tight": 0.0, "dual_solution_value": 0.0, "scaled_age": 0.23711340206185566}, "90": {"bias": -0.5, "objective_cosine_similarity": -0.22192379416325456, "is_tight": 0.0, "dual_solution_value": 0.0, "scaled_age": 0.23711340206185566}, "91": {"bias": -0.35355339059327373, "objective_cosine_similarity": -0.5723104014757683, "is_tight": 0.0, "dual_solution_value": 0.0, "scaled_age": 0.23711340206185566}, "92": {"bias": -0.4082482904638631, "objective_cosine_similarity": -0.2913412072781584, "is_tight": 0.0, "dual_solution_value": 0.0, "scaled_age": 0.23711340206185566}, "93": {"bias": -0.4082482904638631, "objective_cosine_similarity": -0.54715299903459, "is_tight": 1.0, "dual_solution_value": -0.008519372560469212, "scaled_age": 0.0}, "94": {"bias": -0.3779644730092272, "objective_cosine_similarity": -0.7203752498077598, "is_tight": 0.0, "dual_solution_value": 0.0, "scaled_age": 0.1958762886597938}, "95": {"bias": -0.5, "objective_cosine_similarity": -0.24368102888514226, "is_tight": 0.0, "dual_solution_value": 0.0, "scaled_age": 0.23711340206185566}, "96": {"bias": -0.35355339059327373, "objective_cosine_similarity": -0.4400020828550261, "is_tight": 0.0, "dual_solution_value": 0.0, "scaled_age": 0.23711340206185566}, "97": {"bias": -0.5, "objective_cosine_similarity": -0.34811575555020324, "is_tight": 0.0, "dual_solution_value": 0.0, "scaled_age": 0.23711340206185566}, "98": {"bias": -0.5773502691896258, "objective_cosine_similarity": -0.29645246963468824, "is_tight": 0.0, "dual_solution_value": 0.0, "scaled_age": 0.030927835051546393}, "99": {"bias": -0.5, "objective_cosine_similarity": -0.26108681666265243, "is_tight": 0.0, "dual_solution_value": 0.0, "scaled_age": 0.23711340206185566}, "100": {"bias": -0.6708203932499369, "objective_cosine_similarity": -0.8679277001955837, "is_tight": 1.0, "dual_solution_value": -0.004633515513622525, "scaled_age": 0.0}, "101": {"bias": -0.890533739272744, "objective_cosine_similarity": -0.9938052807556067, "is_tight": 1.0, "dual_solution_value": -0.03038443555921852, "scaled_age": 0.0}, "102": {"bias": -0.6030226891555273, "objective_cosine_similarity": -0.7373499679106372, "is_tight": 1.0, "dual_solution_value": -0.002285857700752207, "scaled_age": 0.0}, "103": {"bias": -0.9470899190783335, "objective_cosine_similarity": -0.9931807729639689, "is_tight": 1.0, "dual_solution_value": -0.032327515949390026, "scaled_age": 0.0}, "104": {"bias": -0.7559289460184544, "objective_cosine_similarity": -0.819056790877316, "is_tight": 0.0, "dual_solution_value": -0.0, "scaled_age": 0.10309278350515463}, "105": {"bias": -0.934508110555333, "objective_cosine_similarity": -0.988440827207054, "is_tight": 1.0, "dual_solution_value": -0.01432434365612914, "scaled_age": 0.0}, "106": {"bias": -0.9798406353818739, "objective_cosine_similarity": -0.9778316253322157, "is_tight": 0.0, "dual_solution_value": -0.0, "scaled_age": 0.020618556701030927}, "107": {"bias": -0.762000762001143, "objective_cosine_similarity": -0.9295309171076459, "is_tight": 0.0, "dual_solution_value": -0.0, "scaled_age": 0.030927835051546393}, "108": {"bias": -0.8111071056538127, "objective_cosine_similarity": -0.871078017598376, "is_tight": 0.0, "dual_solution_value": -0.0, "scaled_age": 0.08247422680412371}, "109": {"bias": -0.8451542547285166, "objective_cosine_similarity": -0.8590976148685565, "is_tight": 1.0, "dual_solution_value": -0.0005320543332737882, "scaled_age": 0.0}, "110": {"bias": -0.7960297521679913, "objective_cosine_similarity": -0.933515992214002, "is_tight": 1.0, "dual_solution_value": -0.00016588827344342358, "scaled_age": 0.0}, "111": {"bias": -0.8251369970070347, "objective_cosine_similarity": -0.9119971255370567, "is_tight": 1.0, "dual_solution_value": -8.08085521054559e-05, "scaled_age": 0.0}, "112": {"bias": -0.8765009801785554, "objective_cosine_similarity": -0.9802102105690669, "is_tight": 1.0, "dual_solution_value": -6.719636680743344e-05, "scaled_age": 0.0}, "113": {"bias": -0.9918365981341755, "objective_cosine_similarity": -0.9636281968158117, "is_tight": 1.0, "dual_solution_value": -3.580124674516787e-05, "scaled_age": 0.0}, "114": {"bias": -0.8907986681660889, "objective_cosine_similarity": -0.9762645600695004, "is_tight": 0.0, "dual_solution_value": -0.0, "scaled_age": 0.041237113402061855}, "115": {"bias": -0.9263671131731709, "objective_cosine_similarity": -0.9813743642911981, "is_tight": 1.0, "dual_solution_value": -7.822458851126048e-05, "scaled_age": 0.0}, "116": {"bias": -0.8528028654224417, "objective_cosine_similarity": -0.7941382545003636, "is_tight": 1.0, "dual_solution_value": -0.00017140697348144908, "scaled_age": 0.0}, "117": {"bias": -0.9482801368343917, "objective_cosine_similarity": -0.9921949386753255, "is_tight": 1.0, "dual_solution_value": -0.0040044785908141525, "scaled_age": 0.0}, "118": {"bias": -0.6030226891555273, "objective_cosine_similarity": -0.8396867961971669, "is_tight": 1.0, "dual_solution_value": -4.656902448459376e-05, "scaled_age": 0.0}}