{"0": {"bias": -1.2883132528016616, "objective_cosine_similarity": -0.9227681275222196, "is_tight": 0.0, "dual_solution_value": -0.0, "scaled_age": 0.014492753623188406}, "1": {"bias": -0.7276068751089989, "objective_cosine_similarity": -0.6282916012196283, "is_tight": 1.0, "dual_solution_value": -0.0020070701265829257, "scaled_age": 0.0}, "2": {"bias": -0.8320502943378437, "objective_cosine_similarity": -0.3823247538555444, "is_tight": 0.0, "dual_solution_value": -0.0, "scaled_age": 0.13043478260869565}, "3": {"bias": -0.9622504486493763, "objective_cosine_similarity": -0.7402288168124923, "is_tight": 0.0, "dual_solution_value": -0.0, "scaled_age": 0.043478260869565216}, "4": {"bias": -0.7745966692414834, "objective_cosine_similarity": -0.6515236845779426, "is_tight": 0.0, "dual_solution_value": -0.0, "scaled_age": 0.028985507246376812}, "5": {"bias": -0.6030226891555273, "objective_cosine_similarity": -0.5345082878956131, "is_tight": 1.0, "dual_solution_value": -0.000531040011751476, "scaled_age": 0.0}, "6": {"bias": -1.241382990215552, "objective_cosine_similarity": -0.9288337391258388, "is_tight": 0.0, "dual_solution_value": -0.0, "scaled_age": 0.11594202898550725}, "7": {"bias": -1.1956640138214372, "objective_cosine_similarity": -0.8316598197400381, "is_tight": 1.0, "dual_solution_value": -8.451876806738056e-11, "scaled_age": 0.0}, "8": {"bias": -1.135150689065402, "objective_cosine_similarity": -0.8059581305023668, "is_tight": 0.0, "dual_solution_value": -0.0, "scaled_age": 0.057971014492753624}, "9": {"bias": -1.2175719748322809, "objective_cosine_similarity": -0.8671018735055733, "is_tight": 1.0, "dual_solution_value": -4.984419900555815e-10, "scaled_age": 0.0}, "10": {"bias": -1.2811205318522154, "objective_cosine_similarity": -0.9158782371668839, "is_tight": 0.0, "dual_solution_value": 0.0, "scaled_age": 0.014492753623188406}, "11": {"bias": -1.1557795139560563, "objective_cosine_similarity": -0.918961505387994, "is_tight": 1.0, "dual_solution_value": -0.0005896835296899498, "scaled_age": 0.0}, "12": {"bias": -0.3779644730092272, "objective_cosine_similarity": -0.32674186692181273, "is_tight": 0.0, "dual_solution_value": 0.0, "scaled_age": 0.34782608695652173}, "13": {"bias": -0.4472135954999579, "objective_cosine_similarity": -0.3591780487343239, "is_tight": 1.0, "dual_solution_value": -0.011869433349503836, "scaled_age": 0.0}, "14": {"bias": -0.4472135954999579, "objective_cosine_similarity": -0.22073123722218452, "is_tight": 0.0, "dual_solution_value": 0.0, "scaled_age": 0.34782608695652173}, "15": {"bias": -0.5773502691896258, "objective_cosine_similarity": -0.1348936340432788, "is_tight": 1.0, "dual_solution_value": -0.0011058358686538957, "scaled_age": 0.0}, "16": {"bias": -0.5, "objective_cosine_similarity": -0.26576848910038886, "is_tight": 0.0, "dual_solution_value": 0.0, "scaled_age": 0.2463768115942029}, "17": {"bias": -0.4082482904638631, "objective_cosine_similarity": -0.2503835338486098, "is_tight": 0.0, "dual_solution_value": 0.0, "scaled_age": 0.34782608695652173}, "18": {"bias": -0.5, "objective_cosine_similarity": -0.09637758395948168, "is_tight": 0.0, "dual_solution_value": 0.0, "scaled_age": 0.2898550724637681}, "19": {"bias": -0.5, "objective_cosine_similarity": -0.2424042263223327, "is_tight": 0.0, "dual_solution_value": 0.0, "scaled_age": 0.07246376811594203}, "20": {"bias": -0.35355339059327373, "objective_cosine_similarity": -0.46878418788098325, "is_tight": 0.0, "dual_solution_value": 0.0, "scaled_age": 0.043478260869565216}, "21": {"bias": -0.4472135954999579, "objective_cosine_similarity": -0.31085227490461487, "is_tight": 0.0, "dual_solution_value": 0.0, "scaled_age": 0.34782608695652173}, "22": {"bias": -0.5, "objective_cosine_similarity": -0.2424042263223327, "is_tight": 1.0, "dual_solution_value": -0.004053538080509842, "scaled_age": 0.0}, "23": {"bias": -0.4082482904638631, "objective_cosine_similarity": -0.41015207449486557, "is_tight": 0.0, "dual_solution_value": 0.0, "scaled_age": 0.15942028985507245}, "24": {"bias": -0.7071067811865475, "objective_cosine_similarity": -0.010325642904867472, "is_tight": 0.0, "dual_solution_value": 0.0, "scaled_age": 0.2463768115942029}, "25": {"bias": -0.5773502691896258, "objective_cosine_similarity": -0.08599469170259023, "is_tight": 0.0, "dual_solution_value": 0.0, "scaled_age": 0.34782608695652173}, "26": {"bias": -0.3333333333333333, "objective_cosine_similarity": -0.4448945037321528, "is_tight": 0.0, "dual_solution_value": 0.0, "scaled_age": 0.34782608695652173}, "27": {"bias": -0.4472135954999579, "objective_cosine_similarity": -0.3278316008447829, "is_tight": 0.0, "dual_solution_value": 0.0, "scaled_age": 0.34782608695652173}, "28": {"bias": -0.35355339059327373, "objective_cosine_similarity": -0.30254133711261694, "is_tight": 0.0, "dual_solution_value": 0.0, "scaled_age": 0.34782608695652173}, "29": {"bias": -0.4472135954999579, "objective_cosine_similarity": -0.23640446116695502, "is_tight": 0.0, "dual_solution_value": 0.0, "scaled_age": 0.34782608695652173}, "30": {"bias": -0.3779644730092272, "objective_cosine_similarity": -0.21194067043577042, "is_tight": 0.0, "dual_solution_value": 0.0, "scaled_age": 0.34782608695652173}, "31": {"bias": -0.31622776601683794, "objective_cosine_similarity": -0.3463325917000809, "is_tight": 0.0, "dual_solution_value": 0.0, "scaled_age": 0.34782608695652173}, "32": {"bias": -0.7071067811865475, "objective_cosine_similarity": -0.05988872884823134, "is_tight": 0.0, "dual_solution_value": 0.0, "scaled_age": 0.2028985507246377}, "33": {"bias": -0.4082482904638631, "objective_cosine_similarity": -0.4936132524444022, "is_tight": 1.0, "dual_solution_value": -0.02002520091934856, "scaled_age": 0.0}, "34": {"bias": -0.7071067811865475, "objective_cosine_similarity": -0.0743446289150458, "is_tight": 0.0, "dual_solution_value": 0.0, "scaled_age": 0.34782608695652173}, "35": {"bias": -0.4472135954999579, "objective_cosine_similarity": -0.3278316008447829, "is_tight": 1.0, "dual_solution_value": -0.00016731280211866722, "scaled_age": 0.0}, "36": {"bias": -0.3779644730092272, "objective_cosine_similarity": -0.328949582238852, "is_tight": 0.0, "dual_solution_value": 0.0, "scaled_age": 0.34782608695652173}, "37": {"bias": -0.4472135954999579, "objective_cosine_similarity": -0.18938478933264352, "is_tight": 0.0, "dual_solution_value": 0.0, "scaled_age": 0.34782608695652173}, "38": {"bias": -0.5, "objective_cosine_similarity": -0.19129490149533485, "is_tight": 0.0, "dual_solution_value": 0.0, "scaled_age": 0.34782608695652173}, "39": {"bias": -0.35355339059327373, "objective_cosine_similarity": -0.2509131225882796, "is_tight": 0.0, "dual_solution_value": 0.0, "scaled_age": 0.34782608695652173}, "40": {"bias": -0.35355339059327373, "objective_cosine_similarity": -0.2633038940741205, "is_tight": 0.0, "dual_solution_value": 0.0, "scaled_age": 0.34782608695652173}, "41": {"bias": -0.3779644730092272, "objective_cosine_similarity": -0.2704451263373112, "is_tight": 0.0, "dual_solution_value": 0.0, "scaled_age": 0.34782608695652173}, "42": {"bias": -0.5, "objective_cosine_similarity": -0.1285034452793089, "is_tight": 0.0, "dual_solution_value": 0.0, "scaled_age": 0.34782608695652173}, "43": {"bias": -0.3779644730092272, "objective_cosine_similarity": -0.27154898399583083, "is_tight": 0.0, "dual_solution_value": 0.0, "scaled_age": 0.34782608695652173}, "44": {"bias": -0.3333333333333333, "objective_cosine_similarity": -0.2686890219476459, "is_tight": 0.0, "dual_solution_value": 0.0, "scaled_age": 0.34782608695652173}, "45": {"bias": -0.5, "objective_cosine_similarity": -0.29789435042021606, "is_tight": 0.0, "dual_solution_value": 0.0, "scaled_age": 0.34782608695652173}, "46": {"bias": -0.4472135954999579, "objective_cosine_similarity": -0.33697431481256573, "is_tight": 0.0, "dual_solution_value": 0.0, "scaled_age": 0.2753623188405797}, "47": {"bias": -0.4082482904638631, "objective_cosine_similarity": -0.185999196573253, "is_tight": 0.0, "dual_solution_value": 0.0, "scaled_age": 0.34782608695652173}, "48": {"bias": -0.4472135954999579, "objective_cosine_similarity": -0.23771056316235256, "is_tight": 0.0, "dual_solution_value": 0.0, "scaled_age": 0.34782608695652173}, "49": {"bias": -0.35355339059327373, "objective_cosine_similarity": -0.40786289474226517, "is_tight": 0.0, "dual_solution_value": 0.0, "scaled_age": 0.34782608695652173}, "50": {"bias": -0.5, "objective_cosine_similarity": -0.3081162153856157, "is_tight": 1.0, "dual_solution_value": -0.008626090282469582, "scaled_age": 0.0}, "51": {"bias": -0.4472135954999579, "objective_cosine_similarity": -0.2938729489644468, "is_tight": 0.0, "dual_solution_value": 0.0, "scaled_age": 0.34782608695652173}, "52": {"bias": -0.4472135954999579, "objective_cosine_similarity": -0.3644024567159141, "is_tight": 0.0, "dual_solution_value": 0.0, "scaled_age": 0.11594202898550725}, "53": {"bias": -0.3779644730092272, "objective_cosine_similarity": -0.35985759667740186, "is_tight": 0.0, "dual_solution_value": 0.0, "scaled_age": 0.34782608695652173}, "54": {"bias": -0.4082482904638631, "objective_cosine_similarity": -0.346960039761645, "is_tight": 0.0, "dual_solution_value": 0.0, "scaled_age": 0.34782608695652173}, "55": {"bias": -0.4472135954999579, "objective_cosine_similarity": -0.361790252725119, "is_tight": 1.0, "dual_solution_value": -0.00948429595515017, "scaled_age": 0.0}, "56": {"bias": -0.4082482904638631, "objective_cosine_similarity": -0.29092182028124186, "is_tight": 0.0, "dual_solution_value": 0.0, "scaled_age": 0.08695652173913043}, "57": {"bias": -0.5, "objective_cosine_similarity": -0.19713596718984888, "is_tight": 0.0, "dual_solution_value": 0.0, "scaled_age": 0.34782608695652173}, "58": {"bias": -0.4472135954999579, "objective_cosine_similarity": -0.2925668469690493, "is_tight": 0.0, "dual_solution_value": 0.0, "scaled_age": 0.10144927536231885}, "59": {"bias": -0.4082482904638631, "objective_cosine_similarity": -0.16930696098334566, "is_tight": 0.0, "dual_solution_value": 0.0, "scaled_age": 0.34782608695652173}, "60": {"bias": -0.3779644730092272, "objective_cosine_similarity": -0.2814837029225076, "is_tight": 0.0, "dual_solution_value": 0.0, "scaled_age": 0.2898550724637681}, "61": {"bias": -0.4082482904638631, "objective_cosine_similarity": -0.3231139889189203, "is_tight": 0.0, "dual_solution_value": 0.0, "scaled_age": 0.34782608695652173}, "62": {"bias": -0.5, "objective_cosine_similarity": -0.23656316062781865, "is_tight": 0.0, "dual_solution_value": 0.0, "scaled_age": 0.34782608695652173}, "63": {"bias": -0.5, "objective_cosine_similarity": -0.21173863142613397, "is_tight": 1.0, "dual_solution_value": -0.0037379822544934735, "scaled_age": 0.0}, "64": {"bias": -0.4082482904638631, "objective_cosine_similarity": -0.29688333299192304, "is_tight": 0.0, "dual_solution_value": 0.0, "scaled_age": 0.34782608695652173}, "65": {"bias": -0.5773502691896258, "objective_cosine_similarity": -0.20908513276708213, "is_tight": 1.0, "dual_solution_value": -0.017261905354516657, "scaled_age": 0.0}, "66": {"bias": -0.4472135954999579, "objective_cosine_similarity": -0.37615737467449195, "is_tight": 0.0, "dual_solution_value": 0.0, "scaled_age": 0.2028985507246377}, "67": {"bias": -0.4472135954999579, "objective_cosine_similarity": -0.4153404345364182, "is_tight": 0.0, "dual_solution_value": 0.0, "scaled_age": 0.014492753623188406}, "68": {"bias": -0.4472135954999579, "objective_cosine_similarity": -0.3513414367619387, "is_tight": 0.0, "dual_solution_value": 0.0, "scaled_age": 0.2318840579710145}, "69": {"bias": -0.5773502691896258, "objective_cosine_similarity": -0.24955322298006577, "is_tight": 1.0, "dual_solution_value": -0.0025580297909160135, "scaled_age": 0.0}, "70": {"bias": -0.3779644730092272, "objective_cosine_similarity": -0.32453415160477345, "is_tight": 0.0, "dual_solution_value": 0.0, "scaled_age": 0.2028985507246377}, "71": {"bias": -0.3779644730092272, "objective_cosine_similarity": -0.341092016482568, "is_tight": 0.0, "dual_solution_value": 0.0, "scaled_age": 0.34782608695652173}, "72": {"bias": -0.3779644730092272, "objective_cosine_similarity": -0.38635018048187314, "is_tight": 0.0, "dual_solution_value": 0.0, "scaled_age": 0.34782608695652173}, "73": {"bias": -0.5, "objective_cosine_similarity": -0.24678502559321822, "is_tight": 1.0, "dual_solution_value": -0.005625992440062176, "scaled_age": 0.0}, "74": {"bias": -0.4472135954999579, "objective_cosine_similarity": -0.2233434412129796, "is_tight": 0.0, "dual_solution_value": 0.0, "scaled_age": 0.2028985507246377}, "75": {"bias": -0.31622776601683794, "objective_cosine_similarity": -0.33986771665501275, "is_tight": 0.0, "dual_solution_value": 0.0, "scaled_age": 0.34782608695652173}, "76": {"bias": -0.5773502691896258, "objective_cosine_similarity": -0.30519684702291827, "is_tight": 1.0, "dual_solution_value": -0.03580788643110319, "scaled_age": 0.0}, "77": {"bias": -0.3333333333333333, "objective_cosine_similarity": -0.3202851022491866, "is_tight": 0.0, "dual_solution_value": 0.0, "scaled_age": 0.34782608695652173}, "78": {"bias": -0.5, "objective_cosine_similarity": -0.23218236135693313, "is_tight": 0.0, "dual_solution_value": 0.0, "scaled_age": 0.11594202898550725}, "79": {"bias": -0.5773502691896258, "objective_cosine_similarity": -0.21920215532032805, "is_tight": 0.0, "dual_solution_value": 0.0, "scaled_age": 0.34782608695652173}, "80": {"bias": -0.4082482904638631, "objective_cosine_similarity": -0.19553761691034288, "is_tight": 0.0, "dual_solution_value": 0.0, "scaled_age": 0.34782608695652173}, "81": {"bias": -0.3779644730092272, "objective_cosine_similarity": -0.32563800926329306, "is_tight": 0.0, "dual_solution_value": 0.0, "scaled_age": 0.34782608695652173}, "82": {"bias": -0.5, "objective_cosine_similarity": -0.16208957302276464, "is_tight": 1.0, "dual_solution_value": -0.0020891069293073727, "scaled_age": 0.0}, "83": {"bias": -0.4472135954999579, "objective_cosine_similarity": -0.2599142970841108, "is_tight": 1.0, "dual_solution_value": -0.01789020929437601, "scaled_age": 0.0}, "84": {"bias": -0.3779644730092272, "objective_cosine_similarity": -0.5298516760894261, "is_tight": 1.0, "dual_solution_value": -0.013843422436539597, "scaled_age": 0.0}, "85": {"bias": -0.4472135954999579, "objective_cosine_similarity": -0.31868888687700014, "is_tight": 1.0, "dual_solution_value": -0.00695917806568859, "scaled_age": 0.0}, "86": {"bias": -0.5773502691896258, "objective_cosine_similarity": -0.2107713031926231, "is_tight": 0.0, "dual_solution_value": 0.0, "scaled_age": 0.3188405797101449}, "87": {"bias": -0.4472135954999579, "objective_cosine_similarity": -0.4192587405226108, "is_tight": 1.0, "dual_solution_value": -0.029307122959678446, "scaled_age": 0.0}, "88": {"bias": -0.5, "objective_cosine_similarity": -0.12120211316116634, "is_tight": 0.0, "dual_solution_value": 0.0, "scaled_age": 0.057971014492753624}, "89": {"bias": -0.5, "objective_cosine_similarity": -0.32125861319827226, "is_tight": 0.0, "dual_solution_value": 0.0, "scaled_age": 0.07246376811594203}, "90": {"bias": -0.5, "objective_cosine_similarity": -0.26722875552401737, "is_tight": 0.0, "dual_solution_value": 0.0, "scaled_age": 0.11594202898550725}, "91": {"bias": -0.35355339059327373, "objective_cosine_similarity": -0.37275570886571574, "is_tight": 0.0, "dual_solution_value": 0.0, "scaled_age": 0.34782608695652173}, "92": {"bias": -0.3779644730092272, "objective_cosine_similarity": -0.5519288292598188, "is_tight": 1.0, "dual_solution_value": -0.03642730273114804, "scaled_age": 0.0}, "93": {"bias": -0.4082482904638631, "objective_cosine_similarity": -0.2217682728373401, "is_tight": 0.0, "dual_solution_value": 0.0, "scaled_age": 0.34782608695652173}, "94": {"bias": -0.5, "objective_cosine_similarity": -0.3475434088235854, "is_tight": 1.0, "dual_solution_value": -0.015106723287797592, "scaled_age": 0.0}, "95": {"bias": -0.4472135954999579, "objective_cosine_similarity": -0.12669189355356153, "is_tight": 0.0, "dual_solution_value": 0.0, "scaled_age": 0.34782608695652173}, "96": {"bias": -0.4082482904638631, "objective_cosine_similarity": -0.22892208809015754, "is_tight": 0.0, "dual_solution_value": 0.0, "scaled_age": 0.34782608695652173}, "97": {"bias": -0.4472135954999579, "objective_cosine_similarity": -0.18285427935565582, "is_tight": 0.0, "dual_solution_value": 0.0, "scaled_age": 0.34782608695652173}, "98": {"bias": -0.4472135954999579, "objective_cosine_similarity": -0.18546648334645088, "is_tight": 0.0, "dual_solution_value": 0.0, "scaled_age": 0.34782608695652173}, "99": {"bias": -0.4082482904638631, "objective_cosine_similarity": -0.4483057558432252, "is_tight": 1.0, "dual_solution_value": -0.01992967143358676, "scaled_age": 0.0}, "100": {"bias": -0.4082482904638631, "objective_cosine_similarity": -0.19672991945247914, "is_tight": 0.0, "dual_solution_value": 0.0, "scaled_age": 0.34782608695652173}, "101": {"bias": -0.5773502691896258, "objective_cosine_similarity": -0.13152129319219683, "is_tight": 0.0, "dual_solution_value": 0.0, "scaled_age": 0.34782608695652173}, "102": {"bias": -0.35355339059327373, "objective_cosine_similarity": -0.5245426595672676, "is_tight": 1.0, "dual_solution_value": -3.6159166820667656e-05, "scaled_age": 0.0}, "103": {"bias": -0.5, "objective_cosine_similarity": -0.29351355114933053, "is_tight": 0.0, "dual_solution_value": 0.0, "scaled_age": 0.21739130434782608}, "104": {"bias": -0.35355339059327373, "objective_cosine_similarity": -0.28189005130288197, "is_tight": 0.0, "dual_solution_value": 0.0, "scaled_age": 0.34782608695652173}, "105": {"bias": -0.5, "objective_cosine_similarity": -0.26722875552401737, "is_tight": 0.0, "dual_solution_value": 0.0, "scaled_age": 0.18840579710144928}, "106": {"bias": -0.4082482904638631, "objective_cosine_similarity": -0.2933064253655143, "is_tight": 0.0, "dual_solution_value": 0.0, "scaled_age": 0.34782608695652173}, "107": {"bias": -0.4472135954999579, "objective_cosine_similarity": -0.22856784919456977, "is_tight": 0.0, "dual_solution_value": 0.0, "scaled_age": 0.2028985507246377}, "108": {"bias": -0.5, "objective_cosine_similarity": -0.15186770805736508, "is_tight": 0.0, "dual_solution_value": 0.0, "scaled_age": 0.34782608695652173}, "109": {"bias": -1.2535628273927357, "objective_cosine_similarity": -0.9586646980863042, "is_tight": 1.0, "dual_solution_value": -0.010166948766613214, "scaled_age": 0.0}, "110": {"bias": -0.6324555320336759, "objective_cosine_similarity": -0.5088780214046522, "is_tight": 1.0, "dual_solution_value": -0.004677408452217705, "scaled_age": 0.0}, "111": {"bias": -1.0206207261596576, "objective_cosine_similarity": -0.6718624824937697, "is_tight": 1.0, "dual_solution_value": -0.0003454941905905563, "scaled_age": 0.0}, "112": {"bias": -1.2941736962629131, "objective_cosine_similarity": -0.9184911393257572, "is_tight": 1.0, "dual_solution_value": -0.007627097719309864, "scaled_age": 0.0}, "113": {"bias": -0.9733285267845753, "objective_cosine_similarity": -0.696446293743426, "is_tight": 1.0, "dual_solution_value": -1.990382537112211e-06, "scaled_age": 0.0}, "114": {"bias": -0.6324555320336759, "objective_cosine_similarity": -0.4534648067326393, "is_tight": 1.0, "dual_solution_value": -0.0012448817826454916, "scaled_age": 0.0}, "115": {"bias": -1.342681802206321, "objective_cosine_similarity": -0.9100307824651436, "is_tight": 1.0, "dual_solution_value": -0.006998102285191959, "scaled_age": 0.0}, "116": {"bias": -1.200198396297958, "objective_cosine_similarity": -0.8294622399557856, "is_tight": 0.0, "dual_solution_value": -0.0, "scaled_age": 0.08695652173913043}, "117": {"bias": -0.6963106238227914, "objective_cosine_similarity": -0.7183685107274687, "is_tight": 0.0, "dual_solution_value": -0.0, "scaled_age": 0.057971014492753624}, "118": {"bias": -0.9284766908852594, "objective_cosine_similarity": -0.7928854873731849, "is_tight": 1.0, "dual_solution_value": -0.0001813948061213796, "scaled_age": 0.0}, "119": {"bias": -1.113780197846022, "objective_cosine_similarity": -0.8868613155242534, "is_tight": 0.0, "dual_solution_value": -0.0, "scaled_age": 0.043478260869565216}, "120": {"bias": -0.6324555320336759, "objective_cosine_similarity": -0.4045164671056945, "is_tight": 0.0, "dual_solution_value": -0.0, "scaled_age": 0.028985507246376812}, "121": {"bias": -1.284690546173254, "objective_cosine_similarity": -0.9025077482867327, "is_tight": 1.0, "dual_solution_value": -0.0001081609881093144, "scaled_age": 0.0}, "122": {"bias": -1.1141720290623112, "objective_cosine_similarity": -0.9138249290176583, "is_tight": 1.0, "dual_solution_value": -5.4178643475625216e-05, "scaled_age": 0.0}, "123": {"bias": -1.1584777828095945, "objective_cosine_similarity": -0.930850336368238, "is_tight": 0.0, "dual_solution_value": -0.0, "scaled_age": 0.057971014492753624}, "124": {"bias": -0.7745966692414834, "objective_cosine_similarity": -0.6779164264300583, "is_tight": 1.0, "dual_solution_value": -0.0004963738670569107, "scaled_age": 0.0}, "125": {"bias": -0.8090398349558905, "objective_cosine_similarity": -0.6950650639108426, "is_tight": 1.0, "dual_solution_value": -0.00028396454503275216, "scaled_age": 0.0}, "126": {"bias": -0.7276068751089989, "objective_cosine_similarity": -0.6091666032118155, "is_tight": 1.0, "dual_solution_value": -0.0002616462400708565, "scaled_age": 0.0}, "127": {"bias": -1.194219551654026, "objective_cosine_similarity": -0.9446456847710581, "is_tight": 1.0, "dual_solution_value": -1.8568394237977878e-05, "scaled_age": 0.0}, "128": {"bias": -1.3387978685792952, "objective_cosine_similarity": -0.9067168039263613, "is_tight": 1.0, "dual_solution_value": -0.0013110820068969584, "scaled_age": 0.0}}