{"0": {"bias": -1.0690449676496976, "objective_cosine_similarity": -0.7308640954859368, "is_tight": 0.0, "dual_solution_value": -0.0, "scaled_age": 0.10476190476190476}, "1": {"bias": -0.6546536707079772, "objective_cosine_similarity": -0.7132919551402799, "is_tight": 1.0, "dual_solution_value": -0.0004948950171477478, "scaled_age": 0.0}, "2": {"bias": -1.3764944032233704, "objective_cosine_similarity": -0.8361153587234668, "is_tight": 0.0, "dual_solution_value": -0.0, "scaled_age": 0.08571428571428572}, "3": {"bias": -1.1769646985527409, "objective_cosine_similarity": -0.7709544960904704, "is_tight": 1.0, "dual_solution_value": -6.006021666555843e-06, "scaled_age": 0.0}, "4": {"bias": -1.2326312688558734, "objective_cosine_similarity": -0.8320345213120984, "is_tight": 0.0, "dual_solution_value": -0.0, "scaled_age": 0.0761904761904762}, "5": {"bias": -1.0514674299973241, "objective_cosine_similarity": -0.7881358557045697, "is_tight": 0.0, "dual_solution_value": -0.0, "scaled_age": 0.08571428571428572}, "6": {"bias": -0.953998092005724, "objective_cosine_similarity": -0.7936086368143055, "is_tight": 0.0, "dual_solution_value": -0.0, "scaled_age": 0.09523809523809523}, "7": {"bias": -1.1338934190276817, "objective_cosine_similarity": -0.5205371060224958, "is_tight": 0.0, "dual_solution_value": -0.0, "scaled_age": 0.01904761904761905}, "8": {"bias": -1.2724180205607036, "objective_cosine_similarity": -0.9181119389070436, "is_tight": 0.0, "dual_solution_value": -0.0, "scaled_age": 0.05714285714285714}, "9": {"bias": -1.2713580378392577, "objective_cosine_similarity": -0.8981427051312139, "is_tight": 0.0, "dual_solution_value": -0.0, "scaled_age": 0.01904761904761905}, "10": {"bias": -1.161895003862225, "objective_cosine_similarity": -0.8402756432823009, "is_tight": 0.0, "dual_solution_value": -0.0, "scaled_age": 0.08571428571428572}, "11": {"bias": -1.2514423708060989, "objective_cosine_similarity": -0.9231555520987982, "is_tight": 1.0, "dual_solution_value": -2.3673716413320847e-05, "scaled_age": 0.0}, "12": {"bias": -1.2505318017683686, "objective_cosine_similarity": -0.8157005002432307, "is_tight": 0.0, "dual_solution_value": -0.0, "scaled_age": 0.10476190476190476}, "13": {"bias": -1.2572371141874243, "objective_cosine_similarity": -0.7505011737106784, "is_tight": 1.0, "dual_solution_value": -0.0016427866006389815, "scaled_age": 0.0}, "14": {"bias": -0.9819805060619657, "objective_cosine_similarity": -0.9382864674651639, "is_tight": 1.0, "dual_solution_value": -0.00025637219822483763, "scaled_age": 0.0}, "15": {"bias": -1.2872164540923008, "objective_cosine_similarity": -0.8968510204676053, "is_tight": 0.0, "dual_solution_value": -0.0, "scaled_age": 0.01904761904761905}, "16": {"bias": -1.320912802328785, "objective_cosine_similarity": -0.9086242273607615, "is_tight": 0.0, "dual_solution_value": 0.0, "scaled_age": 0.08571428571428572}, "17": {"bias": -1.2537270879066404, "objective_cosine_similarity": -0.882314980878675, "is_tight": 1.0, "dual_solution_value": -0.002698438742329774, "scaled_age": 0.0}, "18": {"bias": -1.2736261363244097, "objective_cosine_similarity": -0.9045546195419469, "is_tight": 1.0, "dual_solution_value": -0.00012297638820730537, "scaled_age": 0.0}, "19": {"bias": -0.4472135954999579, "objective_cosine_similarity": -0.6745130413172891, "is_tight": 1.0, "dual_solution_value": -0.06579215739682766, "scaled_age": 0.0}, "20": {"bias": -0.5, "objective_cosine_similarity": -0.16318846360378436, "is_tight": 0.0, "dual_solution_value": 0.0, "scaled_age": 0.18095238095238095}, "21": {"bias": -0.3779644730092272, "objective_cosine_similarity": -0.420541647594476, "is_tight": 0.0, "dual_solution_value": 0.0, "scaled_age": 0.18095238095238095}, "22": {"bias": -0.5, "objective_cosine_similarity": -0.22005717061722438, "is_tight": 0.0, "dual_solution_value": 0.0, "scaled_age": 0.009523809523809525}, "23": {"bias": -0.4472135954999579, "objective_cosine_similarity": -0.20124815331106002, "is_tight": 0.0, "dual_solution_value": 0.0, "scaled_age": 0.18095238095238095}, "24": {"bias": -0.3779644730092272, "objective_cosine_similarity": -0.3140044302038754, "is_tight": 0.0, "dual_solution_value": 0.0, "scaled_age": 0.18095238095238095}, "25": {"bias": -0.4472135954999579, "objective_cosine_similarity": -0.33615076157451784, "is_tight": 0.0, "dual_solution_value": 0.0, "scaled_age": 0.18095238095238095}, "26": {"bias": -0.5, "objective_cosine_similarity": -0.17060612104032002, "is_tight": 0.0, "dual_solution_value": 0.0, "scaled_age": 0.18095238095238095}, "27": {"bias": -0.3779644730092272, "objective_cosine_similarity": -0.4485777574341077, "is_tight": 0.0, "dual_solution_value": 0.0, "scaled_age": 0.18095238095238095}, "28": {"bias": -0.3779644730092272, "objective_cosine_similarity": -0.5027809031240624, "is_tight": 0.0, "dual_solution_value": 0.0, "scaled_age": 0.18095238095238095}, "29": {"bias": -0.3333333333333333, "objective_cosine_similarity": -0.6560505910535976, "is_tight": 0.0, "dual_solution_value": 0.0, "scaled_age": 0.18095238095238095}, "30": {"bias": -0.4472135954999579, "objective_cosine_similarity": -0.5396104330538313, "is_tight": 1.0, "dual_solution_value": -0.016773911549759078, "scaled_age": 0.0}, "31": {"bias": -0.5, "objective_cosine_similarity": -0.23489248549029568, "is_tight": 0.0, "dual_solution_value": 0.0, "scaled_age": 0.18095238095238095}, "32": {"bias": -0.5, "objective_cosine_similarity": -0.3535750044748661, "is_tight": 0.0, "dual_solution_value": 0.0, "scaled_age": 0.047619047619047616}, "33": {"bias": -0.4082482904638631, "objective_cosine_similarity": -0.506726491930515, "is_tight": 1.0, "dual_solution_value": -0.015652479677011846, "scaled_age": 0.0}, "34": {"bias": -0.4082482904638631, "objective_cosine_similarity": -0.42193560483457226, "is_tight": 0.0, "dual_solution_value": 0.0, "scaled_age": 0.18095238095238095}, "35": {"bias": -0.5, "objective_cosine_similarity": -0.20522185574415305, "is_tight": 0.0, "dual_solution_value": 0.0, "scaled_age": 0.18095238095238095}, "36": {"bias": -0.3779644730092272, "objective_cosine_similarity": -0.3214807261611105, "is_tight": 0.0, "dual_solution_value": 0.0, "scaled_age": 0.18095238095238095}, "37": {"bias": -0.4082482904638631, "objective_cosine_similarity": -0.3048434274163656, "is_tight": 0.0, "dual_solution_value": 0.0, "scaled_age": 0.18095238095238095}, "38": {"bias": -0.5773502691896258, "objective_cosine_similarity": -0.2655203640998979, "is_tight": 1.0, "dual_solution_value": -0.01913120644277334, "scaled_age": 0.0}, "39": {"bias": -0.5, "objective_cosine_similarity": -0.49945560072673395, "is_tight": 0.0, "dual_solution_value": 0.0, "scaled_age": 0.02857142857142857}, "40": {"bias": -0.4472135954999579, "objective_cosine_similarity": -0.34057379791102466, "is_tight": 0.0, "dual_solution_value": 0.0, "scaled_age": 0.18095238095238095}, "41": {"bias": -0.3779644730092272, "objective_cosine_similarity": -0.31774257818249296, "is_tight": 0.0, "dual_solution_value": 0.0, "scaled_age": 0.18095238095238095}, "42": {"bias": -0.4472135954999579, "objective_cosine_similarity": -0.21230574415232706, "is_tight": 0.0, "dual_solution_value": 0.0, "scaled_age": 0.18095238095238095}, "43": {"bias": -0.5, "objective_cosine_similarity": -0.32143182224987826, "is_tight": 1.0, "dual_solution_value": -0.000410710002502988, "scaled_age": 0.0}, "44": {"bias": -0.4472135954999579, "objective_cosine_similarity": -0.23442092583486113, "is_tight": 0.0, "dual_solution_value": 0.0, "scaled_age": 0.18095238095238095}, "45": {"bias": -0.3779644730092272, "objective_cosine_similarity": -0.3981127597227706, "is_tight": 0.0, "dual_solution_value": 0.0, "scaled_age": 0.18095238095238095}, "46": {"bias": -0.3779644730092272, "objective_cosine_similarity": -0.420541647594476, "is_tight": 0.0, "dual_solution_value": 0.0, "scaled_age": 0.18095238095238095}, "47": {"bias": -0.3779644730092272, "objective_cosine_similarity": -0.29157554233217003, "is_tight": 0.0, "dual_solution_value": 0.0, "scaled_age": 0.18095238095238095}, "48": {"bias": -0.4082482904638631, "objective_cosine_similarity": -0.4057849596734403, "is_tight": 0.0, "dual_solution_value": 0.0, "scaled_age": 0.18095238095238095}, "49": {"bias": -0.5773502691896258, "objective_cosine_similarity": -0.20841921053002738, "is_tight": 1.0, "dual_solution_value": -0.00035238264233068765, "scaled_age": 0.0}, "50": {"bias": -0.4472135954999579, "objective_cosine_similarity": -0.24105548033962135, "is_tight": 0.0, "dual_solution_value": 0.0, "scaled_age": 0.1619047619047619}, "51": {"bias": -0.4472135954999579, "objective_cosine_similarity": -0.5440334693903381, "is_tight": 1.0, "dual_solution_value": -0.02728967005274777, "scaled_age": 0.0}, "52": {"bias": -0.5, "objective_cosine_similarity": -0.17802377847685566, "is_tight": 0.0, "dual_solution_value": 0.0, "scaled_age": 0.18095238095238095}, "53": {"bias": -0.4082482904638631, "objective_cosine_similarity": -0.339163548383771, "is_tight": 0.0, "dual_solution_value": 0.0, "scaled_age": 0.18095238095238095}, "54": {"bias": -0.5, "objective_cosine_similarity": -0.23489248549029568, "is_tight": 1.0, "dual_solution_value": -0.0003546640598245385, "scaled_age": 0.0}, "55": {"bias": -0.5773502691896258, "objective_cosine_similarity": -0.331186690705249, "is_tight": 0.0, "dual_solution_value": 0.0, "scaled_age": 0.08571428571428572}, "56": {"bias": -0.35355339059327373, "objective_cosine_similarity": -0.29722096618728033, "is_tight": 0.0, "dual_solution_value": 0.0, "scaled_age": 0.18095238095238095}, "57": {"bias": -0.5773502691896258, "objective_cosine_similarity": -0.3711574982041584, "is_tight": 0.0, "dual_solution_value": 0.0, "scaled_age": 0.01904761904761905}, "58": {"bias": -0.30151134457776363, "objective_cosine_similarity": -0.5755280245203636, "is_tight": 0.0, "dual_solution_value": 0.0, "scaled_age": 0.18095238095238095}, "59": {"bias": -0.5, "objective_cosine_similarity": -0.3239043747287235, "is_tight": 1.0, "dual_solution_value": -0.019386083374335533, "scaled_age": 0.0}, "60": {"bias": -0.5, "objective_cosine_similarity": -0.17802377847685566, "is_tight": 0.0, "dual_solution_value": 0.0, "scaled_age": 0.0761904761904762}, "61": {"bias": -0.4472135954999579, "objective_cosine_similarity": -0.27422825286342245, "is_tight": 0.0, "dual_solution_value": 0.0, "scaled_age": 0.08571428571428572}, "62": {"bias": -0.35355339059327373, "objective_cosine_similarity": -0.29372424893801824, "is_tight": 0.0, "dual_solution_value": 0.0, "scaled_age": 0.18095238095238095}, "63": {"bias": -0.4082482904638631, "objective_cosine_similarity": -0.31897524193235605, "is_tight": 0.0, "dual_solution_value": 0.0, "scaled_age": 0.18095238095238095}, "64": {"bias": -0.5, "objective_cosine_similarity": -0.21511206565953392, "is_tight": 0.0, "dual_solution_value": 0.0, "scaled_age": 0.0380952380952381}, "65": {"bias": -0.3779644730092272, "objective_cosine_similarity": -0.25606313653530316, "is_tight": 0.0, "dual_solution_value": 0.0, "scaled_age": 0.18095238095238095}, "66": {"bias": -0.3779644730092272, "objective_cosine_similarity": -0.3962436857334618, "is_tight": 0.0, "dual_solution_value": 0.0, "scaled_age": 0.18095238095238095}, "67": {"bias": -0.4472135954999579, "objective_cosine_similarity": -0.42682300647290755, "is_tight": 0.0, "dual_solution_value": 0.0, "scaled_age": 0.18095238095238095}, "68": {"bias": -0.7071067811865475, "objective_cosine_similarity": -0.3566651594247364, "is_tight": 1.0, "dual_solution_value": -0.06294850802168271, "scaled_age": 0.0}, "69": {"bias": -0.4082482904638631, "objective_cosine_similarity": -0.28465512096495066, "is_tight": 0.0, "dual_solution_value": 0.0, "scaled_age": 0.18095238095238095}, "70": {"bias": -0.3779644730092272, "objective_cosine_similarity": -0.37942201982968277, "is_tight": 0.0, "dual_solution_value": 0.0, "scaled_age": 0.18095238095238095}, "71": {"bias": -0.4082482904638631, "objective_cosine_similarity": -0.40780379031858177, "is_tight": 0.0, "dual_solution_value": 0.0, "scaled_age": 0.18095238095238095}, "72": {"bias": -0.4472135954999579, "objective_cosine_similarity": -0.3848041612760928, "is_tight": 0.0, "dual_solution_value": 0.0, "scaled_age": 0.06666666666666667}, "73": {"bias": -0.4472135954999579, "objective_cosine_similarity": -0.1570177899459919, "is_tight": 0.0, "dual_solution_value": 0.0, "scaled_age": 0.18095238095238095}, "74": {"bias": -0.4082482904638631, "objective_cosine_similarity": -0.41991677418943074, "is_tight": 0.0, "dual_solution_value": 0.0, "scaled_age": 0.18095238095238095}, "75": {"bias": -0.4472135954999579, "objective_cosine_similarity": -0.36490049776181216, "is_tight": 0.0, "dual_solution_value": 0.0, "scaled_age": 0.18095238095238095}, "76": {"bias": -0.5773502691896258, "objective_cosine_similarity": -0.2912158832063396, "is_tight": 0.0, "dual_solution_value": 0.0, "scaled_age": 0.10476190476190476}, "77": {"bias": -0.4472135954999579, "objective_cosine_similarity": -0.36490049776181216, "is_tight": 0.0, "dual_solution_value": 0.0, "scaled_age": 0.18095238095238095}, "78": {"bias": -0.31622776601683794, "objective_cosine_similarity": -0.31588345768482573, "is_tight": 0.0, "dual_solution_value": 0.0, "scaled_age": 0.18095238095238095}, "79": {"bias": -0.31622776601683794, "objective_cosine_similarity": -0.33308503211320734, "is_tight": 0.0, "dual_solution_value": 0.0, "scaled_age": 0.18095238095238095}, "80": {"bias": -0.31622776601683794, "objective_cosine_similarity": -0.3455952680611212, "is_tight": 0.0, "dual_solution_value": 0.0, "scaled_age": 0.18095238095238095}, "81": {"bias": -0.4082482904638631, "objective_cosine_similarity": -0.5269147983819299, "is_tight": 0.0, "dual_solution_value": 0.0, "scaled_age": 0.18095238095238095}, "82": {"bias": -0.3779644730092272, "objective_cosine_similarity": -0.5027809031240624, "is_tight": 0.0, "dual_solution_value": 0.0, "scaled_age": 0.17142857142857143}, "83": {"bias": -0.5, "objective_cosine_similarity": -0.1285727288999513, "is_tight": 0.0, "dual_solution_value": 0.0, "scaled_age": 0.18095238095238095}, "84": {"bias": -0.4082482904638631, "objective_cosine_similarity": -0.2987869354809411, "is_tight": 0.0, "dual_solution_value": 0.0, "scaled_age": 0.18095238095238095}, "85": {"bias": -0.5773502691896258, "objective_cosine_similarity": -0.15988322999563745, "is_tight": 0.0, "dual_solution_value": 0.0, "scaled_age": 0.18095238095238095}, "86": {"bias": -0.5, "objective_cosine_similarity": -0.26950822019412873, "is_tight": 0.0, "dual_solution_value": 0.0, "scaled_age": 0.18095238095238095}, "87": {"bias": -0.5, "objective_cosine_similarity": -0.2818709825883548, "is_tight": 0.0, "dual_solution_value": 0.0, "scaled_age": 0.18095238095238095}, "88": {"bias": -0.5773502691896258, "objective_cosine_similarity": -0.12562253785371513, "is_tight": 0.0, "dual_solution_value": 0.0, "scaled_age": 0.18095238095238095}, "89": {"bias": -0.4082482904638631, "objective_cosine_similarity": -0.2705233064489602, "is_tight": 0.0, "dual_solution_value": 0.0, "scaled_age": 0.18095238095238095}, "90": {"bias": -0.4472135954999579, "objective_cosine_similarity": -0.21894029865708728, "is_tight": 0.0, "dual_solution_value": 0.0, "scaled_age": 0.18095238095238095}, "91": {"bias": -0.3779644730092272, "objective_cosine_similarity": -0.2093362868025836, "is_tight": 0.0, "dual_solution_value": 0.0, "scaled_age": 0.18095238095238095}, "92": {"bias": -0.3779644730092272, "objective_cosine_similarity": -0.44110146147687257, "is_tight": 0.0, "dual_solution_value": 0.0, "scaled_age": 0.18095238095238095}, "93": {"bias": -0.7071067811865475, "objective_cosine_similarity": -0.13986868997048488, "is_tight": 1.0, "dual_solution_value": -0.0034967172492621217, "scaled_age": 0.0}, "94": {"bias": -0.35355339059327373, "objective_cosine_similarity": -0.48604369764743494, "is_tight": 0.0, "dual_solution_value": 0.0, "scaled_age": 0.18095238095238095}, "95": {"bias": -0.4472135954999579, "objective_cosine_similarity": -0.26980521652691564, "is_tight": 0.0, "dual_solution_value": 0.0, "scaled_age": 0.18095238095238095}, "96": {"bias": -0.5773502691896258, "objective_cosine_similarity": -0.3283316330267555, "is_tight": 0.0, "dual_solution_value": 0.0, "scaled_age": 0.08571428571428572}, "97": {"bias": -0.3779644730092272, "objective_cosine_similarity": -0.2616703585032295, "is_tight": 0.0, "dual_solution_value": 0.0, "scaled_age": 0.18095238095238095}, "98": {"bias": -0.4472135954999579, "objective_cosine_similarity": -0.451149706323695, "is_tight": 0.0, "dual_solution_value": 0.0, "scaled_age": 0.14285714285714285}, "99": {"bias": -0.5, "objective_cosine_similarity": -0.3931358441363896, "is_tight": 1.0, "dual_solution_value": -0.0055144540166292095, "scaled_age": 0.0}, "100": {"bias": -0.35355339059327373, "objective_cosine_similarity": -0.42659950440997885, "is_tight": 0.0, "dual_solution_value": 0.0, "scaled_age": 0.18095238095238095}, "101": {"bias": -0.4082482904638631, "objective_cosine_similarity": -0.339163548383771, "is_tight": 0.0, "dual_solution_value": 0.0, "scaled_age": 0.18095238095238095}, "102": {"bias": -0.5773502691896258, "objective_cosine_similarity": -0.21983944124400148, "is_tight": 1.0, "dual_solution_value": -0.012279497951125666, "scaled_age": 0.0}, "103": {"bias": -0.3779644730092272, "objective_cosine_similarity": -0.41306535163724084, "is_tight": 0.0, "dual_solution_value": 0.0, "scaled_age": 0.18095238095238095}, "104": {"bias": -0.5773502691896258, "objective_cosine_similarity": -0.13989782624618277, "is_tight": 0.0, "dual_solution_value": 0.0, "scaled_age": 0.01904761904761905}, "105": {"bias": -0.5773502691896258, "objective_cosine_similarity": -0.1855787491020792, "is_tight": 0.0, "dual_solution_value": 0.0, "scaled_age": 0.047619047619047616}, "106": {"bias": -0.5, "objective_cosine_similarity": -0.18791398839223653, "is_tight": 0.0, "dual_solution_value": 0.0, "scaled_age": 0.18095238095238095}, "107": {"bias": -0.4472135954999579, "objective_cosine_similarity": -0.260959143853902, "is_tight": 0.0, "dual_solution_value": 0.0, "scaled_age": 0.18095238095238095}, "108": {"bias": -1.2649487377342643, "objective_cosine_similarity": -0.9174981618130825, "is_tight": 0.0, "dual_solution_value": -0.0, "scaled_age": 0.08571428571428572}, "109": {"bias": -1.3228756555322951, "objective_cosine_similarity": -0.7952909824508868, "is_tight": 1.0, "dual_solution_value": -1.7564021181591335e-05, "scaled_age": 0.0}, "110": {"bias": -1.270001270001905, "objective_cosine_similarity": -0.9269707415001925, "is_tight": 0.0, "dual_solution_value": -0.0, "scaled_age": 0.009523809523809525}, "111": {"bias": -1.2732433825479303, "objective_cosine_similarity": -0.9185252231087234, "is_tight": 1.0, "dual_solution_value": -0.0007561780589335425, "scaled_age": 0.0}, "112": {"bias": -0.3779644730092272, "objective_cosine_similarity": -0.7700584835952182, "is_tight": 0.0, "dual_solution_value": 0.0, "scaled_age": 0.08571428571428572}, "113": {"bias": -1.2792885829009413, "objective_cosine_similarity": -0.9094516938226057, "is_tight": 1.0, "dual_solution_value": -0.00045041396255537366, "scaled_age": 0.0}, "114": {"bias": -1.1607932395055933, "objective_cosine_similarity": -0.9370561134415462, "is_tight": 0.0, "dual_solution_value": -0.0, "scaled_age": 0.08571428571428572}, "115": {"bias": -1.2775230086847003, "objective_cosine_similarity": -0.9114406459107122, "is_tight": 1.0, "dual_solution_value": -0.047637863524278456, "scaled_age": 0.0}, "116": {"bias": -1.2791728522137686, "objective_cosine_similarity": -0.894122425869384, "is_tight": 0.0, "dual_solution_value": -0.0, "scaled_age": 0.02857142857142857}, "117": {"bias": -1.2959098655596613, "objective_cosine_similarity": -0.9017974588544189, "is_tight": 1.0, "dual_solution_value": -1.3005383385221219e-05, "scaled_age": 0.0}, "118": {"bias": -1.3981241472851111, "objective_cosine_similarity": -0.8602007403120024, "is_tight": 0.0, "dual_solution_value": -0.0, "scaled_age": 0.0380952380952381}, "119": {"bias": -1.308995712864256, "objective_cosine_similarity": -0.9177806992868283, "is_tight": 0.0, "dual_solution_value": -0.0, "scaled_age": 0.02857142857142857}, "120": {"bias": -1.355945397811891, "objective_cosine_similarity": -0.9045513009475892, "is_tight": 0.0, "dual_solution_value": -0.0, "scaled_age": 0.009523809523809525}, "121": {"bias": -1.2985993689100672, "objective_cosine_similarity": -0.9120717189983625, "is_tight": 1.0, "dual_solution_value": -1.0280033791869346e-05, "scaled_age": 0.0}, "122": {"bias": -1.2835162634614152, "objective_cosine_similarity": -0.9151757453261584, "is_tight": 1.0, "dual_solution_value": -1.3625795216990195e-06, "scaled_age": 0.0}, "123": {"bias": -1.317303903922544, "objective_cosine_similarity": -0.9137095829279576, "is_tight": 1.0, "dual_solution_value": -6.396114997295582e-07, "scaled_age": 0.0}}