{"0": {"bias": -0.9733285267845753, "objective_cosine_similarity": -0.8070202842337757, "is_tight": 0.0, "dual_solution_value": -0.0, "scaled_age": 0.03529411764705882}, "1": {"bias": -0.8017837257372732, "objective_cosine_similarity": -0.6151756295009512, "is_tight": 0.0, "dual_solution_value": -0.0, "scaled_age": 0.058823529411764705}, "2": {"bias": -1.1785113019775793, "objective_cosine_similarity": -0.8358855778146379, "is_tight": 0.0, "dual_solution_value": -0.0, "scaled_age": 0.047058823529411764}, "3": {"bias": -0.6030226891555273, "objective_cosine_similarity": -0.5149119129991119, "is_tight": 0.0, "dual_solution_value": -0.0, "scaled_age": 0.047058823529411764}, "4": {"bias": -1.3083459671625746, "objective_cosine_similarity": -0.8745488429845555, "is_tight": 1.0, "dual_solution_value": -8.332290117447016e-10, "scaled_age": 0.0}, "5": {"bias": -1.3074028933658497, "objective_cosine_similarity": -0.9029588411281995, "is_tight": 1.0, "dual_solution_value": -1.2640460957061727e-05, "scaled_age": 0.0}, "6": {"bias": -0.8660254037844387, "objective_cosine_similarity": -0.5685212781612768, "is_tight": 1.0, "dual_solution_value": -0.00020038080384906018, "scaled_age": 0.0}, "7": {"bias": -0.917662935482247, "objective_cosine_similarity": -0.7405870756007056, "is_tight": 0.0, "dual_solution_value": -0.0, "scaled_age": 0.03529411764705882}, "8": {"bias": -1.2657795235339375, "objective_cosine_similarity": -0.9038824434558924, "is_tight": 0.0, "dual_solution_value": -0.0, "scaled_age": 0.011764705882352941}, "9": {"bias": -1.2188734180842564, "objective_cosine_similarity": -0.8543856655891444, "is_tight": 0.0, "dual_solution_value": -0.0, "scaled_age": 0.03529411764705882}, "10": {"bias": -1.3343253664450052, "objective_cosine_similarity": -0.8798105537090906, "is_tight": 1.0, "dual_solution_value": -2.8539749958860138e-08, "scaled_age": 0.0}, "11": {"bias": -1.3342530567612492, "objective_cosine_similarity": -0.9176027996084736, "is_tight": 0.0, "dual_solution_value": 0.0, "scaled_age": 0.11764705882352941}, "12": {"bias": -1.3029612153129217, "objective_cosine_similarity": -0.8923801287526296, "is_tight": 0.0, "dual_solution_value": 0.0, "scaled_age": 0.03529411764705882}, "13": {"bias": -1.3403725926411156, "objective_cosine_similarity": -0.9427558091426476, "is_tight": 0.0, "dual_solution_value": 0.0, "scaled_age": 0.09411764705882353}, "14": {"bias": -1.3370479991124673, "objective_cosine_similarity": -0.9384307376426667, "is_tight": 1.0, "dual_solution_value": -0.010371045474252345, "scaled_age": 0.0}, "15": {"bias": -0.5, "objective_cosine_similarity": -0.2863961466991229, "is_tight": 1.0, "dual_solution_value": -0.0008112685669808592, "scaled_age": 0.0}, "16": {"bias": -0.5773502691896258, "objective_cosine_similarity": -0.05511696413053672, "is_tight": 0.0, "dual_solution_value": 0.0, "scaled_age": 0.27058823529411763}, "17": {"bias": -0.4082482904638631, "objective_cosine_similarity": -0.4402570971855947, "is_tight": 1.0, "dual_solution_value": -5.234895425926264e-05, "scaled_age": 0.0}, "18": {"bias": -0.7071067811865475, "objective_cosine_similarity": -0.19001187611339723, "is_tight": 0.0, "dual_solution_value": 0.0, "scaled_age": 0.011764705882352941}, "19": {"bias": -0.35355339059327373, "objective_cosine_similarity": -0.35252203331564486, "is_tight": 0.0, "dual_solution_value": 0.0, "scaled_age": 0.27058823529411763}, "20": {"bias": -0.4082482904638631, "objective_cosine_similarity": -0.3680838025650054, "is_tight": 0.0, "dual_solution_value": 0.0, "scaled_age": 0.11764705882352941}, "21": {"bias": -0.4082482904638631, "objective_cosine_similarity": -0.30168437151406324, "is_tight": 0.0, "dual_solution_value": 0.0, "scaled_age": 0.18823529411764706}, "22": {"bias": -0.5773502691896258, "objective_cosine_similarity": -0.128606249637919, "is_tight": 0.0, "dual_solution_value": 0.0, "scaled_age": 0.047058823529411764}, "23": {"bias": -0.5773502691896258, "objective_cosine_similarity": -0.22250922556401861, "is_tight": 0.0, "dual_solution_value": 0.0, "scaled_age": 0.03529411764705882}, "24": {"bias": -0.3779644730092272, "objective_cosine_similarity": -0.31004241887518147, "is_tight": 0.0, "dual_solution_value": 0.0, "scaled_age": 0.27058823529411763}, "25": {"bias": -0.4472135954999579, "objective_cosine_similarity": -0.24983555036319022, "is_tight": 0.0, "dual_solution_value": 0.0, "scaled_age": 0.27058823529411763}, "26": {"bias": -0.4082482904638631, "objective_cosine_similarity": -0.3377710188243579, "is_tight": 0.0, "dual_solution_value": 0.0, "scaled_age": 0.27058823529411763}, "27": {"bias": -0.4082482904638631, "objective_cosine_similarity": -0.41860510879941787, "is_tight": 1.0, "dual_solution_value": -0.01631204429808481, "scaled_age": 0.0}, "28": {"bias": -0.5773502691896258, "objective_cosine_similarity": -0.10002708305171479, "is_tight": 0.0, "dual_solution_value": 0.0, "scaled_age": 0.27058823529411763}, "29": {"bias": -0.5, "objective_cosine_similarity": -0.2068416615049221, "is_tight": 0.0, "dual_solution_value": 0.0, "scaled_age": 0.27058823529411763}, "30": {"bias": -0.4472135954999579, "objective_cosine_similarity": -0.3020163931605654, "is_tight": 1.0, "dual_solution_value": -0.011939036539362399, "scaled_age": 0.0}, "31": {"bias": -0.4472135954999579, "objective_cosine_similarity": -0.19923594522634158, "is_tight": 0.0, "dual_solution_value": 0.0, "scaled_age": 0.27058823529411763}, "32": {"bias": -0.3333333333333333, "objective_cosine_similarity": -0.4502194569508845, "is_tight": 0.0, "dual_solution_value": 0.0, "scaled_age": 0.27058823529411763}, "33": {"bias": -0.7071067811865475, "objective_cosine_similarity": -0.1450090633496979, "is_tight": 0.0, "dual_solution_value": 0.0, "scaled_age": 0.25882352941176473}, "34": {"bias": -0.4082482904638631, "objective_cosine_similarity": -0.4142747111221825, "is_tight": 0.0, "dual_solution_value": 0.0, "scaled_age": 0.27058823529411763}, "35": {"bias": -0.5, "objective_cosine_similarity": -0.31291430843052315, "is_tight": 1.0, "dual_solution_value": -0.004290718172674949, "scaled_age": 0.0}, "36": {"bias": -0.7071067811865475, "objective_cosine_similarity": -0.22001375128919679, "is_tight": 1.0, "dual_solution_value": -0.00018460841700100212, "scaled_age": 0.0}, "37": {"bias": -0.4472135954999579, "objective_cosine_similarity": -0.23560441141845154, "is_tight": 0.0, "dual_solution_value": 0.0, "scaled_age": 0.27058823529411763}, "38": {"bias": -0.5, "objective_cosine_similarity": -0.41014756811232417, "is_tight": 1.0, "dual_solution_value": -0.021353637444198197, "scaled_age": 0.0}, "39": {"bias": -0.5, "objective_cosine_similarity": -0.31291430843052315, "is_tight": 0.0, "dual_solution_value": 0.0, "scaled_age": 0.15294117647058825}, "40": {"bias": -0.4082482904638631, "objective_cosine_similarity": -0.34065795060918147, "is_tight": 0.0, "dual_solution_value": 0.0, "scaled_age": 0.27058823529411763}, "41": {"bias": -0.7071067811865475, "objective_cosine_similarity": -0.14000875082039796, "is_tight": 1.0, "dual_solution_value": -0.0025001562646499637, "scaled_age": 0.0}, "42": {"bias": -0.5, "objective_cosine_similarity": -0.2863961466991229, "is_tight": 1.0, "dual_solution_value": -0.007006104871988962, "scaled_age": 0.0}, "43": {"bias": -0.5, "objective_cosine_similarity": -0.27578888200656276, "is_tight": 0.0, "dual_solution_value": 0.0, "scaled_age": 0.08235294117647059}, "44": {"bias": -0.4082482904638631, "objective_cosine_similarity": -0.3940661886284175, "is_tight": 0.0, "dual_solution_value": 0.0, "scaled_age": 0.27058823529411763}, "45": {"bias": -0.5773502691896258, "objective_cosine_similarity": -0.3674464275369115, "is_tight": 1.0, "dual_solution_value": -0.02276694939342589, "scaled_age": 0.0}, "46": {"bias": -0.7071067811865475, "objective_cosine_similarity": -0.12750796949714815, "is_tight": 1.0, "dual_solution_value": -0.0025001562646499637, "scaled_age": 0.0}, "47": {"bias": -0.4472135954999579, "objective_cosine_similarity": -0.3320599087105693, "is_tight": 0.0, "dual_solution_value": 0.0, "scaled_age": 0.047058823529411764}, "48": {"bias": -0.5, "objective_cosine_similarity": -0.34827185740572353, "is_tight": 0.0, "dual_solution_value": 0.0, "scaled_age": 0.27058823529411763}, "49": {"bias": -0.5, "objective_cosine_similarity": -0.29523553394292296, "is_tight": 0.0, "dual_solution_value": 0.0, "scaled_age": 0.023529411764705882}, "50": {"bias": -0.5, "objective_cosine_similarity": -0.3199858182255632, "is_tight": 1.0, "dual_solution_value": -4.043961335826459e-05, "scaled_age": 0.0}, "51": {"bias": -0.4082482904638631, "objective_cosine_similarity": -0.31900596222300465, "is_tight": 0.0, "dual_solution_value": 0.0, "scaled_age": 0.27058823529411763}, "52": {"bias": -0.4082482904638631, "objective_cosine_similarity": -0.36375340488777, "is_tight": 0.0, "dual_solution_value": 0.0, "scaled_age": 0.011764705882352941}, "53": {"bias": -0.5773502691896258, "objective_cosine_similarity": -0.1612681543078667, "is_tight": 0.0, "dual_solution_value": 0.0, "scaled_age": 0.27058823529411763}, "54": {"bias": -0.5, "objective_cosine_similarity": -0.12905505375948131, "is_tight": 0.0, "dual_solution_value": 0.0, "scaled_age": 0.27058823529411763}, "55": {"bias": -0.3779644730092272, "objective_cosine_similarity": -0.34077938281539344, "is_tight": 0.0, "dual_solution_value": 0.0, "scaled_age": 0.27058823529411763}, "56": {"bias": -0.5773502691896258, "objective_cosine_similarity": -0.16535089239161016, "is_tight": 0.0, "dual_solution_value": 0.0, "scaled_age": 0.27058823529411763}, "57": {"bias": -0.5773502691896258, "objective_cosine_similarity": -0.33478452286696375, "is_tight": 1.0, "dual_solution_value": -0.07144791646551056, "scaled_age": 0.0}, "58": {"bias": -0.4082482904638631, "objective_cosine_similarity": -0.27137158777341575, "is_tight": 0.0, "dual_solution_value": 0.0, "scaled_age": 0.27058823529411763}, "59": {"bias": -0.35355339059327373, "objective_cosine_similarity": -0.40502531487329413, "is_tight": 0.0, "dual_solution_value": 0.0, "scaled_age": 0.27058823529411763}, "60": {"bias": -0.5773502691896258, "objective_cosine_similarity": -0.26741934448519666, "is_tight": 0.0, "dual_solution_value": 0.0, "scaled_age": 0.27058823529411763}, "61": {"bias": -0.4082482904638631, "objective_cosine_similarity": -0.27137158777341575, "is_tight": 0.0, "dual_solution_value": 0.0, "scaled_age": 0.27058823529411763}, "62": {"bias": -0.4472135954999579, "objective_cosine_similarity": -0.32099124508688365, "is_tight": 1.0, "dual_solution_value": -0.008961568673001033, "scaled_age": 0.0}, "63": {"bias": -0.5, "objective_cosine_similarity": -0.3023070437379631, "is_tight": 0.0, "dual_solution_value": 0.0, "scaled_age": 0.08235294117647059}, "64": {"bias": -0.7071067811865475, "objective_cosine_similarity": -0.21751359502454684, "is_tight": 1.0, "dual_solution_value": -0.05291434624430901, "scaled_age": 0.0}, "65": {"bias": -0.3779644730092272, "objective_cosine_similarity": -0.33944299307886244, "is_tight": 0.0, "dual_solution_value": 0.0, "scaled_age": 0.27058823529411763}, "66": {"bias": -0.4472135954999579, "objective_cosine_similarity": -0.34470980999478146, "is_tight": 1.0, "dual_solution_value": -0.010412035515769734, "scaled_age": 0.0}, "67": {"bias": -0.4472135954999579, "objective_cosine_similarity": -0.47753377347900916, "is_tight": 1.0, "dual_solution_value": -0.023359405262533578, "scaled_age": 0.0}, "68": {"bias": -0.5773502691896258, "objective_cosine_similarity": -0.15922678526599496, "is_tight": 0.0, "dual_solution_value": 0.0, "scaled_age": 0.27058823529411763}, "69": {"bias": -0.4472135954999579, "objective_cosine_similarity": -0.22769822311581894, "is_tight": 0.0, "dual_solution_value": 0.0, "scaled_age": 0.27058823529411763}, "70": {"bias": -0.7071067811865475, "objective_cosine_similarity": -0.03500218770509949, "is_tight": 0.0, "dual_solution_value": 0.0, "scaled_age": 0.27058823529411763}, "71": {"bias": -0.5773502691896258, "objective_cosine_similarity": -0.234757439815249, "is_tight": 1.0, "dual_solution_value": -0.008240793433904572, "scaled_age": 0.0}, "72": {"bias": -0.5, "objective_cosine_similarity": -0.43312997494620437, "is_tight": 1.0, "dual_solution_value": -0.05802971173450513, "scaled_age": 0.0}, "73": {"bias": -0.4472135954999579, "objective_cosine_similarity": -0.4522339709105848, "is_tight": 0.0, "dual_solution_value": 0.0, "scaled_age": 0.1411764705882353}, "74": {"bias": -0.4082482904638631, "objective_cosine_similarity": -0.3767445979194761, "is_tight": 0.0, "dual_solution_value": 0.0, "scaled_age": 0.27058823529411763}, "75": {"bias": -0.5773502691896258, "objective_cosine_similarity": -0.2694607135270684, "is_tight": 1.0, "dual_solution_value": -0.00016288235548528226, "scaled_age": 0.0}, "76": {"bias": -0.5, "objective_cosine_similarity": -0.26341373986524264, "is_tight": 0.0, "dual_solution_value": 0.0, "scaled_age": 0.08235294117647059}, "77": {"bias": -0.5, "objective_cosine_similarity": -0.3040749211867231, "is_tight": 1.0, "dual_solution_value": -0.00038997872436698114, "scaled_age": 0.0}, "78": {"bias": -0.4472135954999579, "objective_cosine_similarity": -0.22137327247371286, "is_tight": 0.0, "dual_solution_value": 0.0, "scaled_age": 0.27058823529411763}, "79": {"bias": -0.5, "objective_cosine_similarity": -0.20860953895368212, "is_tight": 0.0, "dual_solution_value": 0.0, "scaled_age": 0.08235294117647059}, "80": {"bias": -0.4472135954999579, "objective_cosine_similarity": -0.39372817747110356, "is_tight": 1.0, "dual_solution_value": -7.174076709261859e-06, "scaled_age": 0.0}, "81": {"bias": -0.7071067811865475, "objective_cosine_similarity": -0.12000750070319825, "is_tight": 0.0, "dual_solution_value": 0.0, "scaled_age": 0.27058823529411763}, "82": {"bias": -0.4472135954999579, "objective_cosine_similarity": -0.32099124508688365, "is_tight": 0.0, "dual_solution_value": 0.0, "scaled_age": 0.27058823529411763}, "83": {"bias": -0.35355339059327373, "objective_cosine_similarity": -0.4262766431228188, "is_tight": 0.0, "dual_solution_value": 0.0, "scaled_age": 0.27058823529411763}, "84": {"bias": -0.5, "objective_cosine_similarity": -0.21744892619748218, "is_tight": 0.0, "dual_solution_value": 0.0, "scaled_age": 0.27058823529411763}, "85": {"bias": -0.4472135954999579, "objective_cosine_similarity": -0.3921469398105771, "is_tight": 0.0, "dual_solution_value": 0.0, "scaled_age": 0.27058823529411763}, "86": {"bias": -0.7071067811865475, "objective_cosine_similarity": -0.10000625058599855, "is_tight": 0.0, "dual_solution_value": 0.0, "scaled_age": 0.27058823529411763}, "87": {"bias": -0.3333333333333333, "objective_cosine_similarity": -0.40307605831728405, "is_tight": 0.0, "dual_solution_value": 0.0, "scaled_age": 0.27058823529411763}, "88": {"bias": -0.3333333333333333, "objective_cosine_similarity": -0.4808626660627248, "is_tight": 0.0, "dual_solution_value": 0.0, "scaled_age": 0.23529411764705882}, "89": {"bias": -0.3779644730092272, "objective_cosine_similarity": -0.3421157725519244, "is_tight": 0.0, "dual_solution_value": 0.0, "scaled_age": 0.27058823529411763}, "90": {"bias": -0.5773502691896258, "objective_cosine_similarity": -0.20005416610342958, "is_tight": 0.0, "dual_solution_value": 0.0, "scaled_age": 0.27058823529411763}, "91": {"bias": -0.4082482904638631, "objective_cosine_similarity": -0.37097073434982897, "is_tight": 0.0, "dual_solution_value": 0.0, "scaled_age": 0.12941176470588237}, "92": {"bias": -0.4472135954999579, "objective_cosine_similarity": -0.2403481244000311, "is_tight": 0.0, "dual_solution_value": 0.0, "scaled_age": 0.27058823529411763}, "93": {"bias": -0.5, "objective_cosine_similarity": -0.29169977904540295, "is_tight": 1.0, "dual_solution_value": -0.0001521493753230365, "scaled_age": 0.0}, "94": {"bias": -1.3502712035855329, "objective_cosine_similarity": -0.9219285583821655, "is_tight": 0.0, "dual_solution_value": -0.0, "scaled_age": 0.058823529411764705}, "95": {"bias": -1.3512802035063594, "objective_cosine_similarity": -0.9148899407186755, "is_tight": 0.0, "dual_solution_value": -0.0, "scaled_age": 0.058823529411764705}, "96": {"bias": -1.3692935282802785, "objective_cosine_similarity": -0.9252026072747391, "is_tight": 0.0, "dual_solution_value": -0.0, "scaled_age": 0.07058823529411765}, "97": {"bias": -1.2561098751661754, "objective_cosine_similarity": -0.9186544524885519, "is_tight": 0.0, "dual_solution_value": -0.0, "scaled_age": 0.15294117647058825}, "98": {"bias": -1.2857142857142858, "objective_cosine_similarity": -0.9410159105828323, "is_tight": 0.0, "dual_solution_value": -0.0, "scaled_age": 0.011764705882352941}, "99": {"bias": -1.3822984585092821, "objective_cosine_similarity": -0.9240819223949561, "is_tight": 1.0, "dual_solution_value": -0.006427236670409892, "scaled_age": 0.0}, "100": {"bias": -1.3657664673460002, "objective_cosine_similarity": -0.9209320631624469, "is_tight": 1.0, "dual_solution_value": -0.03191256374441323, "scaled_age": 0.0}, "101": {"bias": -1.25, "objective_cosine_similarity": -0.9299035380477694, "is_tight": 0.0, "dual_solution_value": -0.0, "scaled_age": 0.12941176470588237}, "102": {"bias": -1.3647837654638033, "objective_cosine_similarity": -0.9237628151657197, "is_tight": 1.0, "dual_solution_value": -0.0033252806792135408, "scaled_age": 0.0}, "103": {"bias": -1.2398524277321037, "objective_cosine_similarity": -0.9206010016467374, "is_tight": 0.0, "dual_solution_value": -0.0, "scaled_age": 0.07058823529411765}, "104": {"bias": -0.917662935482247, "objective_cosine_similarity": -0.5751108834621033, "is_tight": 1.0, "dual_solution_value": -0.0007095201287117105, "scaled_age": 0.0}, "105": {"bias": -1.1895773785772161, "objective_cosine_similarity": -0.9073860587219469, "is_tight": 0.0, "dual_solution_value": -0.0, "scaled_age": 0.09411764705882353}, "106": {"bias": -1.1875, "objective_cosine_similarity": -0.9177493805875443, "is_tight": 0.0, "dual_solution_value": -0.0, "scaled_age": 0.07058823529411765}, "107": {"bias": -1.3055067315364393, "objective_cosine_similarity": -0.8836250626427079, "is_tight": 0.0, "dual_solution_value": -0.0, "scaled_age": 0.058823529411764705}, "108": {"bias": -1.217395285867036, "objective_cosine_similarity": -0.9193716229923954, "is_tight": 1.0, "dual_solution_value": -6.9931250466499e-05, "scaled_age": 0.0}, "109": {"bias": -1.3310245292923248, "objective_cosine_similarity": -0.9275579741851365, "is_tight": 1.0, "dual_solution_value": -7.317728607147149e-05, "scaled_age": 0.0}, "110": {"bias": -0.7071067811865475, "objective_cosine_similarity": -0.3637727365065697, "is_tight": 1.0, "dual_solution_value": -0.00035734531513448726, "scaled_age": 0.0}, "111": {"bias": -1.241408832903552, "objective_cosine_similarity": -0.9121001475666273, "is_tight": 1.0, "dual_solution_value": -6.393036887900217e-05, "scaled_age": 0.0}, "112": {"bias": -1.0, "objective_cosine_similarity": -0.7580658500282957, "is_tight": 1.0, "dual_solution_value": -6.474422344243288e-05, "scaled_age": 0.0}, "113": {"bias": -1.35562216809616, "objective_cosine_similarity": -0.921977169643666, "is_tight": 1.0, "dual_solution_value": -0.0023564403722558637, "scaled_age": 0.0}}