{"0": {"bias": -0.9922778767136677, "objective_cosine_similarity": -0.8973640709603384, "is_tight": 0.0, "dual_solution_value": -0.0, "scaled_age": 0.10101010101010101}, "1": {"bias": -0.8528028654224417, "objective_cosine_similarity": -0.7998403376647086, "is_tight": 0.0, "dual_solution_value": -0.0, "scaled_age": 0.09090909090909091}, "2": {"bias": -0.8340576562282991, "objective_cosine_similarity": -0.7056149046558221, "is_tight": 1.0, "dual_solution_value": -0.0031032833068455386, "scaled_age": 0.0}, "3": {"bias": -1.1712145349908991, "objective_cosine_similarity": -0.9311962983821207, "is_tight": 0.0, "dual_solution_value": -0.0, "scaled_age": 0.09090909090909091}, "4": {"bias": -1.1288650420603168, "objective_cosine_similarity": -0.9391056599703934, "is_tight": 0.0, "dual_solution_value": -0.0, "scaled_age": 0.06060606060606061}, "5": {"bias": -1.0169503597462533, "objective_cosine_similarity": -0.9272281671231118, "is_tight": 0.0, "dual_solution_value": -0.0, "scaled_age": 0.050505050505050504}, "6": {"bias": -1.1508686142802067, "objective_cosine_similarity": -0.9700461763796254, "is_tight": 0.0, "dual_solution_value": -0.0, "scaled_age": 0.0707070707070707}, "7": {"bias": -1.1482880304365635, "objective_cosine_similarity": -0.9561793165968517, "is_tight": 0.0, "dual_solution_value": -0.0, "scaled_age": 0.10101010101010101}, "8": {"bias": -1.080928011075056, "objective_cosine_similarity": -0.9660474453765803, "is_tight": 0.0, "dual_solution_value": -0.0, "scaled_age": 0.0707070707070707}, "9": {"bias": -1.117827309020104, "objective_cosine_similarity": -0.9559693900117701, "is_tight": 0.0, "dual_solution_value": -0.0, "scaled_age": 0.0707070707070707}, "10": {"bias": -1.1520442189225817, "objective_cosine_similarity": -0.9618966801020787, "is_tight": 0.0, "dual_solution_value": -0.0, "scaled_age": 0.030303030303030304}, "11": {"bias": -0.7276068751089989, "objective_cosine_similarity": -0.49103074364901994, "is_tight": 0.0, "dual_solution_value": -0.0, "scaled_age": 0.06060606060606061}, "12": {"bias": -1.1529936630361317, "objective_cosine_similarity": -0.9530117735111096, "is_tight": 0.0, "dual_solution_value": -0.0, "scaled_age": 0.1111111111111111}, "13": {"bias": -0.6030226891555273, "objective_cosine_similarity": -0.6121904798350862, "is_tight": 0.0, "dual_solution_value": -0.0, "scaled_age": 0.13131313131313133}, "14": {"bias": -0.6666666666666666, "objective_cosine_similarity": -0.5348291987606981, "is_tight": 1.0, "dual_solution_value": -0.00038321377192841375, "scaled_age": 0.0}, "15": {"bias": -0.9271726499455306, "objective_cosine_similarity": -0.8578062796150966, "is_tight": 1.0, "dual_solution_value": -1.3624016868570145e-05, "scaled_age": 0.0}, "16": {"bias": -0.8819171036881969, "objective_cosine_similarity": -0.8019700434878261, "is_tight": 1.0, "dual_solution_value": -5.665687632788281e-05, "scaled_age": 0.0}, "17": {"bias": -1.0579249964025073, "objective_cosine_similarity": -0.9225459299528119, "is_tight": 0.0, "dual_solution_value": -0.0, "scaled_age": 0.010101010101010102}, "18": {"bias": -0.5, "objective_cosine_similarity": -0.3092285185561855, "is_tight": 0.0, "dual_solution_value": 0.0, "scaled_age": 0.04040404040404041}, "19": {"bias": -0.5, "objective_cosine_similarity": -0.38215977293264436, "is_tight": 1.0, "dual_solution_value": -0.0001529290896137472, "scaled_age": 0.0}, "20": {"bias": -0.35355339059327373, "objective_cosine_similarity": -0.3692425212350514, "is_tight": 0.0, "dual_solution_value": 0.0, "scaled_age": 0.21212121212121213}, "21": {"bias": -0.3779644730092272, "objective_cosine_similarity": -0.43222583462038655, "is_tight": 1.0, "dual_solution_value": -2.966128237703102e-05, "scaled_age": 0.0}, "22": {"bias": -0.5, "objective_cosine_similarity": -0.31506301890630223, "is_tight": 1.0, "dual_solution_value": -0.004342442449294695, "scaled_age": 0.0}, "23": {"bias": -0.35355339059327373, "objective_cosine_similarity": -0.2661021521749812, "is_tight": 0.0, "dual_solution_value": 0.0, "scaled_age": 0.21212121212121213}, "24": {"bias": -0.4472135954999579, "objective_cosine_similarity": -0.27136385947023145, "is_tight": 0.0, "dual_solution_value": 0.0, "scaled_age": 0.21212121212121213}, "25": {"bias": -0.31622776601683794, "objective_cosine_similarity": -0.5516642724510177, "is_tight": 0.0, "dual_solution_value": 0.0, "scaled_age": 0.21212121212121213}, "26": {"bias": -0.4082482904638631, "objective_cosine_similarity": -0.5192596050148185, "is_tight": 1.0, "dual_solution_value": -0.028090135593688875, "scaled_age": 0.0}, "27": {"bias": -0.3779644730092272, "objective_cosine_similarity": -0.44325200387090663, "is_tight": 0.0, "dual_solution_value": 0.0, "scaled_age": 0.21212121212121213}, "28": {"bias": -0.4472135954999579, "objective_cosine_similarity": -0.22700630551836667, "is_tight": 0.0, "dual_solution_value": 0.0, "scaled_age": 0.21212121212121213}, "29": {"bias": -0.4472135954999579, "objective_cosine_similarity": -0.37573457465108967, "is_tight": 0.0, "dual_solution_value": 0.0, "scaled_age": 0.21212121212121213}, "30": {"bias": -0.4082482904638631, "objective_cosine_similarity": -0.2977405992057445, "is_tight": 0.0, "dual_solution_value": 0.0, "scaled_age": 0.21212121212121213}, "31": {"bias": -0.4472135954999579, "objective_cosine_similarity": -0.27658239522927436, "is_tight": 0.0, "dual_solution_value": 0.0, "scaled_age": 0.21212121212121213}, "32": {"bias": -0.4472135954999579, "objective_cosine_similarity": -0.36007896737396095, "is_tight": 1.0, "dual_solution_value": -0.03292616583862176, "scaled_age": 0.0}, "33": {"bias": -0.3779644730092272, "objective_cosine_similarity": -0.511614253224131, "is_tight": 1.0, "dual_solution_value": -0.026030697088389045, "scaled_age": 0.0}, "34": {"bias": -0.3333333333333333, "objective_cosine_similarity": -0.2975595178559521, "is_tight": 0.0, "dual_solution_value": 0.0, "scaled_age": 0.21212121212121213}, "35": {"bias": -0.3779644730092272, "objective_cosine_similarity": -0.3550426498667461, "is_tight": 0.0, "dual_solution_value": 0.0, "scaled_age": 0.21212121212121213}, "36": {"bias": -0.4472135954999579, "objective_cosine_similarity": -0.326158484940182, "is_tight": 0.0, "dual_solution_value": 0.0, "scaled_age": 0.21212121212121213}, "37": {"bias": -0.5, "objective_cosine_similarity": -0.35007002100700246, "is_tight": 1.0, "dual_solution_value": -0.026703523217561413, "scaled_age": 0.0}, "38": {"bias": -0.4472135954999579, "objective_cosine_similarity": -0.36529750313300385, "is_tight": 0.0, "dual_solution_value": 0.0, "scaled_age": 0.020202020202020204}, "39": {"bias": -0.5, "objective_cosine_similarity": -0.189621261378793, "is_tight": 0.0, "dual_solution_value": 0.0, "scaled_age": 0.21212121212121213}, "40": {"bias": -0.3779644730092272, "objective_cosine_similarity": -0.43222583462038655, "is_tight": 0.0, "dual_solution_value": 0.0, "scaled_age": 0.21212121212121213}, "41": {"bias": -0.3779644730092272, "objective_cosine_similarity": -0.2822699328133137, "is_tight": 0.0, "dual_solution_value": 0.0, "scaled_age": 0.21212121212121213}, "42": {"bias": -0.4082482904638631, "objective_cosine_similarity": -0.3715802678087692, "is_tight": 0.0, "dual_solution_value": 0.0, "scaled_age": 0.20202020202020202}, "43": {"bias": -0.5, "objective_cosine_similarity": -0.280056016805602, "is_tight": 0.0, "dual_solution_value": 0.0, "scaled_age": 0.20202020202020202}, "44": {"bias": -0.5, "objective_cosine_similarity": -0.288807767330777, "is_tight": 0.0, "dual_solution_value": 0.0, "scaled_age": 0.04040404040404041}, "45": {"bias": -0.5, "objective_cosine_similarity": -0.2683870161053685, "is_tight": 0.0, "dual_solution_value": 0.0, "scaled_age": 0.010101010101010102}, "46": {"bias": -0.4472135954999579, "objective_cosine_similarity": -0.2844101988678387, "is_tight": 0.0, "dual_solution_value": 0.0, "scaled_age": 0.010101010101010102}, "47": {"bias": -0.4082482904638631, "objective_cosine_similarity": -0.23819247936459564, "is_tight": 0.0, "dual_solution_value": 0.0, "scaled_age": 0.21212121212121213}, "48": {"bias": -0.3779644730092272, "objective_cosine_similarity": -0.29109086821372976, "is_tight": 0.0, "dual_solution_value": 0.0, "scaled_age": 0.21212121212121213}, "49": {"bias": -0.3333333333333333, "objective_cosine_similarity": -0.46092552765921985, "is_tight": 0.0, "dual_solution_value": 0.0, "scaled_age": 0.21212121212121213}, "50": {"bias": -0.5, "objective_cosine_similarity": -0.25088351505501844, "is_tight": 0.0, "dual_solution_value": 0.0, "scaled_age": 0.020202020202020204}, "51": {"bias": -0.4082482904638631, "objective_cosine_similarity": -0.30965022317397434, "is_tight": 0.0, "dual_solution_value": 0.0, "scaled_age": 0.21212121212121213}, "52": {"bias": -0.3779644730092272, "objective_cosine_similarity": -0.27785946511310566, "is_tight": 0.0, "dual_solution_value": 0.0, "scaled_age": 0.21212121212121213}, "53": {"bias": -0.3779644730092272, "objective_cosine_similarity": -0.3572478837168501, "is_tight": 0.0, "dual_solution_value": 0.0, "scaled_age": 0.21212121212121213}, "54": {"bias": -0.3779644730092272, "objective_cosine_similarity": -0.26462806201248157, "is_tight": 0.0, "dual_solution_value": 0.0, "scaled_age": 0.21212121212121213}, "55": {"bias": -0.4472135954999579, "objective_cosine_similarity": -0.35225116373539656, "is_tight": 0.0, "dual_solution_value": 0.0, "scaled_age": 0.08080808080808081}, "56": {"bias": -0.2773500981126146, "objective_cosine_similarity": -0.36571302926670735, "is_tight": 0.0, "dual_solution_value": 0.0, "scaled_age": 0.21212121212121213}, "57": {"bias": -0.5773502691896258, "objective_cosine_similarity": -0.34359213546813844, "is_tight": 1.0, "dual_solution_value": -0.036195817959354525, "scaled_age": 0.0}, "58": {"bias": -0.3779644730092272, "objective_cosine_similarity": -0.3572478837168501, "is_tight": 0.0, "dual_solution_value": 0.0, "scaled_age": 0.21212121212121213}, "59": {"bias": -0.5, "objective_cosine_similarity": -0.28589051715571867, "is_tight": 0.0, "dual_solution_value": 0.0, "scaled_age": 0.06060606060606061}, "60": {"bias": -0.4472135954999579, "objective_cosine_similarity": -0.4148735928439115, "is_tight": 0.0, "dual_solution_value": 0.0, "scaled_age": 0.21212121212121213}, "61": {"bias": -0.5, "objective_cosine_similarity": -0.288807767330777, "is_tight": 1.0, "dual_solution_value": -0.001421319348717128, "scaled_age": 0.0}, "62": {"bias": -0.4082482904638631, "objective_cosine_similarity": -0.5526065521258618, "is_tight": 1.0, "dual_solution_value": -0.015526571983114246, "scaled_age": 0.0}, "63": {"bias": -0.35355339059327373, "objective_cosine_similarity": -0.4393779721958992, "is_tight": 0.0, "dual_solution_value": 0.0, "scaled_age": 0.21212121212121213}, "64": {"bias": -0.4082482904638631, "objective_cosine_similarity": -0.3763441173960611, "is_tight": 0.0, "dual_solution_value": 0.0, "scaled_age": 0.21212121212121213}, "65": {"bias": -0.4472135954999579, "objective_cosine_similarity": -0.21135069824123795, "is_tight": 0.0, "dual_solution_value": 0.0, "scaled_age": 0.18181818181818182}, "66": {"bias": -0.35355339059327373, "objective_cosine_similarity": -0.3548028695666416, "is_tight": 0.0, "dual_solution_value": 0.0, "scaled_age": 0.21212121212121213}, "67": {"bias": -0.5, "objective_cosine_similarity": -0.3617390217072359, "is_tight": 0.0, "dual_solution_value": 0.0, "scaled_age": 0.04040404040404041}, "68": {"bias": -0.3779644730092272, "objective_cosine_similarity": -0.34842694831643406, "is_tight": 0.0, "dual_solution_value": 0.0, "scaled_age": 0.06060606060606061}, "69": {"bias": -0.4472135954999579, "objective_cosine_similarity": -0.34703262797635365, "is_tight": 0.0, "dual_solution_value": 0.0, "scaled_age": 0.21212121212121213}, "70": {"bias": -0.35355339059327373, "objective_cosine_similarity": -0.33830041051703036, "is_tight": 0.0, "dual_solution_value": 0.0, "scaled_age": 0.21212121212121213}, "71": {"bias": -0.5, "objective_cosine_similarity": -0.31798026908136057, "is_tight": 0.0, "dual_solution_value": 0.0, "scaled_age": 0.21212121212121213}, "72": {"bias": -0.5, "objective_cosine_similarity": -0.24796626487996007, "is_tight": 0.0, "dual_solution_value": 0.0, "scaled_age": 0.21212121212121213}, "73": {"bias": -0.4472135954999579, "objective_cosine_similarity": -0.3809531104101326, "is_tight": 0.0, "dual_solution_value": 0.0, "scaled_age": 0.12121212121212122}, "74": {"bias": -0.5, "objective_cosine_similarity": -0.22462826347949325, "is_tight": 1.0, "dual_solution_value": -0.001810587643044741, "scaled_age": 0.0}, "75": {"bias": -0.3779644730092272, "objective_cosine_similarity": -0.29770656976404175, "is_tight": 0.0, "dual_solution_value": 0.0, "scaled_age": 0.21212121212121213}, "76": {"bias": -0.4472135954999579, "objective_cosine_similarity": -0.32354921706066053, "is_tight": 0.0, "dual_solution_value": 0.0, "scaled_age": 0.030303030303030304}, "77": {"bias": -0.4472135954999579, "objective_cosine_similarity": -0.26353605583166706, "is_tight": 0.0, "dual_solution_value": 0.0, "scaled_age": 0.21212121212121213}, "78": {"bias": -0.4082482904638631, "objective_cosine_similarity": -0.46685725955460744, "is_tight": 0.0, "dual_solution_value": 0.0, "scaled_age": 0.21212121212121213}, "79": {"bias": -0.4472135954999579, "objective_cosine_similarity": -0.297456538265446, "is_tight": 0.0, "dual_solution_value": 0.0, "scaled_age": 0.21212121212121213}, "80": {"bias": -0.4082482904638631, "objective_cosine_similarity": -0.4478018612054398, "is_tight": 0.0, "dual_solution_value": 0.0, "scaled_age": 0.21212121212121213}, "81": {"bias": -0.4082482904638631, "objective_cosine_similarity": -0.2691575016819931, "is_tight": 0.0, "dual_solution_value": 0.0, "scaled_age": 0.21212121212121213}, "82": {"bias": -0.30151134457776363, "objective_cosine_similarity": -0.3553519451916305, "is_tight": 0.0, "dual_solution_value": 0.0, "scaled_age": 0.21212121212121213}, "83": {"bias": -0.4082482904638631, "objective_cosine_similarity": -0.13815163803146546, "is_tight": 0.0, "dual_solution_value": 0.0, "scaled_age": 0.21212121212121213}, "84": {"bias": -0.4472135954999579, "objective_cosine_similarity": -0.27658239522927436, "is_tight": 0.0, "dual_solution_value": 0.0, "scaled_age": 0.21212121212121213}, "85": {"bias": -0.5, "objective_cosine_similarity": -0.12835900770256756, "is_tight": 0.0, "dual_solution_value": 0.0, "scaled_age": 0.010101010101010102}, "86": {"bias": -0.5773502691896258, "objective_cosine_similarity": -0.22569287329769877, "is_tight": 0.0, "dual_solution_value": 0.0, "scaled_age": 0.030303030303030304}, "87": {"bias": -0.4082482904638631, "objective_cosine_similarity": -0.16673473555521695, "is_tight": 0.0, "dual_solution_value": 0.0, "scaled_age": 0.21212121212121213}, "88": {"bias": -0.4472135954999579, "objective_cosine_similarity": -0.19830435884363065, "is_tight": 0.0, "dual_solution_value": 0.0, "scaled_age": 0.21212121212121213}, "89": {"bias": -0.35355339059327373, "objective_cosine_similarity": -0.3713053286162528, "is_tight": 0.0, "dual_solution_value": 0.0, "scaled_age": 0.21212121212121213}, "90": {"bias": -0.3779644730092272, "objective_cosine_similarity": -0.4278153669201786, "is_tight": 0.0, "dual_solution_value": 0.0, "scaled_age": 0.21212121212121213}, "91": {"bias": -0.4472135954999579, "objective_cosine_similarity": -0.32354921706066053, "is_tight": 0.0, "dual_solution_value": 0.0, "scaled_age": 0.21212121212121213}, "92": {"bias": -0.5, "objective_cosine_similarity": -0.38799427328276104, "is_tight": 0.0, "dual_solution_value": 0.0, "scaled_age": 0.15151515151515152}, "93": {"bias": -0.4472135954999579, "objective_cosine_similarity": -0.17743021580745902, "is_tight": 0.0, "dual_solution_value": 0.0, "scaled_age": 0.21212121212121213}, "94": {"bias": -0.4082482904638631, "objective_cosine_similarity": -0.4620934099673155, "is_tight": 1.0, "dual_solution_value": -0.013918875538875232, "scaled_age": 0.0}, "95": {"bias": -0.3779644730092272, "objective_cosine_similarity": -0.3572478837168501, "is_tight": 0.0, "dual_solution_value": 0.0, "scaled_age": 0.21212121212121213}, "96": {"bias": -0.35355339059327373, "objective_cosine_similarity": -0.46619446815151744, "is_tight": 0.0, "dual_solution_value": 0.0, "scaled_age": 0.21212121212121213}, "97": {"bias": -0.4082482904638631, "objective_cosine_similarity": -0.20960938184084416, "is_tight": 0.0, "dual_solution_value": 0.0, "scaled_age": 0.21212121212121213}, "98": {"bias": -0.4082482904638631, "objective_cosine_similarity": -0.4430380116181479, "is_tight": 1.0, "dual_solution_value": -1.7224112665886945e-05, "scaled_age": 0.0}, "99": {"bias": -0.4082482904638631, "objective_cosine_similarity": -0.35967064384053943, "is_tight": 0.0, "dual_solution_value": 0.0, "scaled_age": 0.21212121212121213}, "100": {"bias": -0.4082482904638631, "objective_cosine_similarity": -0.3715802678087692, "is_tight": 1.0, "dual_solution_value": -9.599216581843753e-06, "scaled_age": 0.0}, "101": {"bias": -0.35355339059327373, "objective_cosine_similarity": -0.41668709100268375, "is_tight": 0.0, "dual_solution_value": 0.0, "scaled_age": 0.21212121212121213}, "102": {"bias": -0.4472135954999579, "objective_cosine_similarity": -0.3157214134220962, "is_tight": 0.0, "dual_solution_value": 0.0, "scaled_age": 0.21212121212121213}, "103": {"bias": -0.4472135954999579, "objective_cosine_similarity": -0.2739731273497529, "is_tight": 0.0, "dual_solution_value": 0.0, "scaled_age": 0.13131313131313133}, "104": {"bias": -0.5, "objective_cosine_similarity": -0.26255251575525185, "is_tight": 0.0, "dual_solution_value": 0.0, "scaled_age": 0.15151515151515152}, "105": {"bias": -0.4082482904638631, "objective_cosine_similarity": -0.21913708101542798, "is_tight": 0.0, "dual_solution_value": 0.0, "scaled_age": 0.21212121212121213}, "106": {"bias": -0.4082482904638631, "objective_cosine_similarity": -0.36681641822147726, "is_tight": 0.0, "dual_solution_value": 0.0, "scaled_age": 0.0707070707070707}, "107": {"bias": -0.4472135954999579, "objective_cosine_similarity": -0.3444233600968322, "is_tight": 0.0, "dual_solution_value": 0.0, "scaled_age": 0.04040404040404041}, "108": {"bias": -0.4082482904638631, "objective_cosine_similarity": -0.3048863735866824, "is_tight": 0.0, "dual_solution_value": 0.0, "scaled_age": 0.010101010101010102}, "109": {"bias": -0.5773502691896258, "objective_cosine_similarity": -0.22569287329769877, "is_tight": 1.0, "dual_solution_value": -0.005277603611714714, "scaled_age": 0.0}, "110": {"bias": -0.4082482904638631, "objective_cosine_similarity": -0.35252486945960154, "is_tight": 0.0, "dual_solution_value": 0.0, "scaled_age": 0.21212121212121213}, "111": {"bias": -0.3779644730092272, "objective_cosine_similarity": -0.4278153669201786, "is_tight": 0.0, "dual_solution_value": 0.0, "scaled_age": 0.21212121212121213}, "112": {"bias": -0.5, "objective_cosine_similarity": -0.23921451435478502, "is_tight": 0.0, "dual_solution_value": 0.0, "scaled_age": 0.21212121212121213}, "113": {"bias": -0.3779644730092272, "objective_cosine_similarity": -0.328579843665498, "is_tight": 0.0, "dual_solution_value": 0.0, "scaled_age": 0.21212121212121213}, "114": {"bias": -0.5, "objective_cosine_similarity": -0.3033940182060688, "is_tight": 1.0, "dual_solution_value": -3.168177723426077e-05, "scaled_age": 0.0}, "115": {"bias": -0.4472135954999579, "objective_cosine_similarity": -0.4696682183138621, "is_tight": 1.0, "dual_solution_value": -0.015029268756691982, "scaled_age": 0.0}, "116": {"bias": -0.4472135954999579, "objective_cosine_similarity": -0.35746969949443946, "is_tight": 0.0, "dual_solution_value": 0.0, "scaled_age": 0.1414141414141414}, "117": {"bias": -0.4082482904638631, "objective_cosine_similarity": -0.48829458269742104, "is_tight": 0.0, "dual_solution_value": 0.0, "scaled_age": 0.06060606060606061}, "118": {"bias": -1.0101525445522108, "objective_cosine_similarity": -0.8840603062291735, "is_tight": 0.0, "dual_solution_value": -0.0, "scaled_age": 0.030303030303030304}, "119": {"bias": -1.124531517867701, "objective_cosine_similarity": -0.9755925703818825, "is_tight": 1.0, "dual_solution_value": -0.0003686926512505688, "scaled_age": 0.0}, "120": {"bias": -1.150686989257285, "objective_cosine_similarity": -0.978774346334737, "is_tight": 1.0, "dual_solution_value": -0.004775172100360109, "scaled_age": 0.0}, "121": {"bias": -1.1434369014654977, "objective_cosine_similarity": -0.9805708216612131, "is_tight": 1.0, "dual_solution_value": -0.0005596497759188883, "scaled_age": 0.0}, "122": {"bias": -1.1480756957638556, "objective_cosine_similarity": -0.9682048450673212, "is_tight": 0.0, "dual_solution_value": -0.0, "scaled_age": 0.030303030303030304}, "123": {"bias": -1.1617472112900267, "objective_cosine_similarity": -0.9792593478349291, "is_tight": 1.0, "dual_solution_value": -0.027556144126089054, "scaled_age": 0.0}, "124": {"bias": -1.1233119126034607, "objective_cosine_similarity": -0.9663819545504674, "is_tight": 1.0, "dual_solution_value": -9.031850646563829e-06, "scaled_age": 0.0}, "125": {"bias": -1.0408329997330663, "objective_cosine_similarity": -0.9356691710934819, "is_tight": 1.0, "dual_solution_value": -2.6797551307645875e-05, "scaled_age": 0.0}, "126": {"bias": -1.1259433727776125, "objective_cosine_similarity": -0.968054553515303, "is_tight": 1.0, "dual_solution_value": -8.775667003906431e-07, "scaled_age": 0.0}, "127": {"bias": -0.8751899489873673, "objective_cosine_similarity": -0.8697724295314496, "is_tight": 0.0, "dual_solution_value": -0.0, "scaled_age": 0.04040404040404041}, "128": {"bias": -1.1300156437623532, "objective_cosine_similarity": -0.9784125777046508, "is_tight": 0.0, "dual_solution_value": -0.0, "scaled_age": 0.010101010101010102}, "129": {"bias": -1.118604851176038, "objective_cosine_similarity": -0.9825180167320617, "is_tight": 1.0, "dual_solution_value": -3.32840210955333e-05, "scaled_age": 0.0}, "130": {"bias": -1.0737509843863184, "objective_cosine_similarity": -0.940167559900616, "is_tight": 1.0, "dual_solution_value": -2.4298691994287643e-05, "scaled_age": 0.0}, "131": {"bias": -1.155428826397655, "objective_cosine_similarity": -0.963866483493132, "is_tight": 1.0, "dual_solution_value": -3.029866709434958e-06, "scaled_age": 0.0}, "132": {"bias": -1.145901130214265, "objective_cosine_similarity": -0.969888550989353, "is_tight": 0.0, "dual_solution_value": -0.0, "scaled_age": 0.030303030303030304}, "133": {"bias": -1.102396379610246, "objective_cosine_similarity": -0.9625845755704018, "is_tight": 0.0, "dual_solution_value": -0.0, "scaled_age": 0.04040404040404041}, "134": {"bias": -1.1572015866617942, "objective_cosine_similarity": -0.9709647132047164, "is_tight": 1.0, "dual_solution_value": -0.006030786079380329, "scaled_age": 0.0}, "135": {"bias": -1.1489058583682945, "objective_cosine_similarity": -0.9762577019097191, "is_tight": 1.0, "dual_solution_value": -1.0450031159239876e-05, "scaled_age": 0.0}, "136": {"bias": -1.1102722200054018, "objective_cosine_similarity": -0.915695125422105, "is_tight": 0.0, "dual_solution_value": -0.0, "scaled_age": 0.010101010101010102}, "137": {"bias": -0.4472135954999579, "objective_cosine_similarity": -0.560992594097113, "is_tight": 1.0, "dual_solution_value": -6.168241470578556e-05, "scaled_age": 0.0}, "138": {"bias": -1.15301279003984, "objective_cosine_similarity": -0.9818636749586809, "is_tight": 1.0, "dual_solution_value": -6.023278223827367e-06, "scaled_age": 0.0}}