{"0": {"bias": -0.5570860145311556, "objective_cosine_similarity": -0.8193742319599088, "is_tight": 1.0, "dual_solution_value": -0.0030348492428264534, "scaled_age": 0.0}, "1": {"bias": -0.746003846592251, "objective_cosine_similarity": -0.9549010443307876, "is_tight": 1.0, "dual_solution_value": -0.00028265518092476094, "scaled_age": 0.0}, "2": {"bias": -0.47140452079103173, "objective_cosine_similarity": -0.7687580534558114, "is_tight": 1.0, "dual_solution_value": -0.000706814814958845, "scaled_age": 0.0}, "3": {"bias": -0.861194855205913, "objective_cosine_similarity": -0.9174745277619305, "is_tight": 1.0, "dual_solution_value": -4.329150292769607e-09, "scaled_age": 0.0}, "4": {"bias": -0.7913587595019416, "objective_cosine_similarity": -0.9309469262008389, "is_tight": 0.0, "dual_solution_value": -0.0, "scaled_age": 0.022727272727272728}, "5": {"bias": -0.9698191481418917, "objective_cosine_similarity": -0.9471806566566667, "is_tight": 1.0, "dual_solution_value": -0.0022478316798253, "scaled_age": 0.0}, "6": {"bias": -0.8489515101642374, "objective_cosine_similarity": -0.9501966470619833, "is_tight": 0.0, "dual_solution_value": 0.0, "scaled_age": 0.14772727272727273}, "7": {"bias": -0.2773500981126146, "objective_cosine_similarity": -0.4353787129963196, "is_tight": 0.0, "dual_solution_value": 0.0, "scaled_age": 0.3181818181818182}, "8": {"bias": -0.31622776601683794, "objective_cosine_similarity": -0.5092684228787536, "is_tight": 0.0, "dual_solution_value": 0.0, "scaled_age": 0.2159090909090909}, "9": {"bias": -0.3333333333333333, "objective_cosine_similarity": -0.38770048216819736, "is_tight": 0.0, "dual_solution_value": 0.0, "scaled_age": 0.3181818181818182}, "10": {"bias": -0.3779644730092272, "objective_cosine_similarity": -0.30434609442764626, "is_tight": 0.0, "dual_solution_value": 0.0, "scaled_age": 0.2159090909090909}, "11": {"bias": -0.3779644730092272, "objective_cosine_similarity": -0.42731421338831144, "is_tight": 0.0, "dual_solution_value": 0.0, "scaled_age": 0.3181818181818182}, "12": {"bias": -0.4082482904638631, "objective_cosine_similarity": -0.36027628128050865, "is_tight": 0.0, "dual_solution_value": 0.0, "scaled_age": 0.06818181818181818}, "13": {"bias": -0.35355339059327373, "objective_cosine_similarity": -0.21423619070744868, "is_tight": 0.0, "dual_solution_value": 0.0, "scaled_age": 0.3181818181818182}, "14": {"bias": -0.35355339059327373, "objective_cosine_similarity": -0.3767106172171245, "is_tight": 1.0, "dual_solution_value": -5.277865802399887e-05, "scaled_age": 0.0}, "15": {"bias": -0.4082482904638631, "objective_cosine_similarity": -0.21749397625689693, "is_tight": 0.0, "dual_solution_value": 0.0, "scaled_age": 0.10227272727272728}, "16": {"bias": -0.4082482904638631, "objective_cosine_similarity": -0.26232097899686807, "is_tight": 0.0, "dual_solution_value": 0.0, "scaled_age": 0.11363636363636363}, "17": {"bias": -0.4082482904638631, "objective_cosine_similarity": -0.4084238027419591, "is_tight": 1.0, "dual_solution_value": -0.0014346715550587192, "scaled_age": 0.0}, "18": {"bias": -0.4082482904638631, "objective_cosine_similarity": -0.3436736876731119, "is_tight": 1.0, "dual_solution_value": -0.00750917646562705, "scaled_age": 0.0}, "19": {"bias": -0.5, "objective_cosine_similarity": -0.23384032578326588, "is_tight": 0.0, "dual_solution_value": 0.0, "scaled_age": 0.056818181818181816}, "20": {"bias": -0.35355339059327373, "objective_cosine_similarity": -0.33788929406879487, "is_tight": 0.0, "dual_solution_value": 0.0, "scaled_age": 0.10227272727272728}, "21": {"bias": -0.4082482904638631, "objective_cosine_similarity": -0.31378901917979785, "is_tight": 1.0, "dual_solution_value": -0.014927419377103143, "scaled_age": 0.0}, "22": {"bias": -0.3779644730092272, "objective_cosine_similarity": -0.3381623271418292, "is_tight": 0.0, "dual_solution_value": 0.0, "scaled_age": 0.3181818181818182}, "23": {"bias": -0.30151134457776363, "objective_cosine_similarity": -0.4733065610914453, "is_tight": 0.0, "dual_solution_value": 0.0, "scaled_age": 0.3181818181818182}, "24": {"bias": -0.30151134457776363, "objective_cosine_similarity": -0.30286715178649476, "is_tight": 0.0, "dual_solution_value": 0.0, "scaled_age": 0.3181818181818182}, "25": {"bias": -0.30151134457776363, "objective_cosine_similarity": -0.28937914097818934, "is_tight": 0.0, "dual_solution_value": 0.0, "scaled_age": 0.3181818181818182}, "26": {"bias": -0.35355339059327373, "objective_cosine_similarity": -0.29044101022083646, "is_tight": 0.0, "dual_solution_value": 0.0, "scaled_age": 0.3181818181818182}, "27": {"bias": -0.3333333333333333, "objective_cosine_similarity": -0.40667882744915806, "is_tight": 0.0, "dual_solution_value": 0.0, "scaled_age": 0.3181818181818182}, "28": {"bias": -0.35355339059327373, "objective_cosine_similarity": -0.40834280644909676, "is_tight": 0.0, "dual_solution_value": 0.0, "scaled_age": 0.3181818181818182}, "29": {"bias": -0.31622776601683794, "objective_cosine_similarity": -0.40895797594809, "is_tight": 0.0, "dual_solution_value": 0.0, "scaled_age": 0.3181818181818182}, "30": {"bias": -0.3333333333333333, "objective_cosine_similarity": -0.3768557134362198, "is_tight": 0.0, "dual_solution_value": 0.0, "scaled_age": 0.3181818181818182}, "31": {"bias": -0.35355339059327373, "objective_cosine_similarity": -0.2171118442739916, "is_tight": 0.0, "dual_solution_value": 0.0, "scaled_age": 0.3181818181818182}, "32": {"bias": -0.3779644730092272, "objective_cosine_similarity": -0.43653682231036134, "is_tight": 1.0, "dual_solution_value": -0.011673527403323844, "scaled_age": 0.0}, "33": {"bias": -0.35355339059327373, "objective_cosine_similarity": -0.38533757791675327, "is_tight": 0.0, "dual_solution_value": 0.0, "scaled_age": 0.3181818181818182}, "34": {"bias": -0.3333333333333333, "objective_cosine_similarity": -0.5842619154352904, "is_tight": 1.0, "dual_solution_value": -0.012523025191515947, "scaled_age": 0.0}, "35": {"bias": -0.3779644730092272, "objective_cosine_similarity": -0.3366252256548209, "is_tight": 0.0, "dual_solution_value": 0.0, "scaled_age": 0.25}, "36": {"bias": -0.3779644730092272, "objective_cosine_similarity": -0.3612188494469539, "is_tight": 0.0, "dual_solution_value": 0.0, "scaled_age": 0.3181818181818182}, "37": {"bias": -0.3333333333333333, "objective_cosine_similarity": -0.4649694593835374, "is_tight": 0.0, "dual_solution_value": 0.0, "scaled_age": 0.13636363636363635}, "38": {"bias": -0.4082482904638631, "objective_cosine_similarity": -0.38185965297012436, "is_tight": 1.0, "dual_solution_value": -0.009332614727779806, "scaled_age": 0.0}, "39": {"bias": -0.35355339059327373, "objective_cosine_similarity": -0.4931745866621134, "is_tight": 1.0, "dual_solution_value": -0.005604175539339948, "scaled_age": 0.0}, "40": {"bias": -0.2773500981126146, "objective_cosine_similarity": -0.5312522637856646, "is_tight": 0.0, "dual_solution_value": 0.0, "scaled_age": 0.3181818181818182}, "41": {"bias": -0.4082482904638631, "objective_cosine_similarity": -0.3154492785405375, "is_tight": 0.0, "dual_solution_value": 0.0, "scaled_age": 0.29545454545454547}, "42": {"bias": -0.2773500981126146, "objective_cosine_similarity": -0.4658326644235233, "is_tight": 0.0, "dual_solution_value": 0.0, "scaled_age": 0.3181818181818182}, "43": {"bias": -0.3779644730092272, "objective_cosine_similarity": -0.3243284137587544, "is_tight": 0.0, "dual_solution_value": 0.0, "scaled_age": 0.3181818181818182}, "44": {"bias": -0.4082482904638631, "objective_cosine_similarity": -0.20587216073171924, "is_tight": 0.0, "dual_solution_value": 0.0, "scaled_age": 0.2727272727272727}, "45": {"bias": -0.3333333333333333, "objective_cosine_similarity": -0.28874196748890224, "is_tight": 0.0, "dual_solution_value": 0.0, "scaled_age": 0.3181818181818182}, "46": {"bias": -0.4082482904638631, "objective_cosine_similarity": -0.23741708858577298, "is_tight": 1.0, "dual_solution_value": -0.00010153193162109491, "scaled_age": 0.0}, "47": {"bias": -0.4082482904638631, "objective_cosine_similarity": -0.4316674337923145, "is_tight": 1.0, "dual_solution_value": -0.0025122457959208325, "scaled_age": 0.0}, "48": {"bias": -0.3779644730092272, "objective_cosine_similarity": -0.4565191416414694, "is_tight": 0.0, "dual_solution_value": 0.0, "scaled_age": 0.03409090909090909}, "49": {"bias": -0.3779644730092272, "objective_cosine_similarity": -0.2551588468433802, "is_tight": 0.0, "dual_solution_value": 0.0, "scaled_age": 0.3181818181818182}, "50": {"bias": -0.3333333333333333, "objective_cosine_similarity": -0.3131426971358517, "is_tight": 0.0, "dual_solution_value": 0.0, "scaled_age": 0.3181818181818182}, "51": {"bias": -0.5, "objective_cosine_similarity": -0.13217061892097637, "is_tight": 0.0, "dual_solution_value": 0.0, "scaled_age": 0.18181818181818182}, "52": {"bias": -0.2773500981126146, "objective_cosine_similarity": -0.42522739585391833, "is_tight": 0.0, "dual_solution_value": 0.0, "scaled_age": 0.3181818181818182}, "53": {"bias": -0.4472135954999579, "objective_cosine_similarity": -0.2237029297838113, "is_tight": 0.0, "dual_solution_value": 0.0, "scaled_age": 0.3181818181818182}, "54": {"bias": -0.35355339059327373, "objective_cosine_similarity": -0.3580188690345954, "is_tight": 0.0, "dual_solution_value": 0.0, "scaled_age": 0.3181818181818182}, "55": {"bias": -0.31622776601683794, "objective_cosine_similarity": -0.4462528857043624, "is_tight": 0.0, "dual_solution_value": 0.0, "scaled_age": 0.3181818181818182}, "56": {"bias": -0.5, "objective_cosine_similarity": -0.21147299027356217, "is_tight": 0.0, "dual_solution_value": 0.0, "scaled_age": 0.11363636363636363}, "57": {"bias": -0.4472135954999579, "objective_cosine_similarity": -0.29281440402596437, "is_tight": 0.0, "dual_solution_value": 0.0, "scaled_age": 0.2840909090909091}, "58": {"bias": -0.3333333333333333, "objective_cosine_similarity": -0.3809225017107114, "is_tight": 0.0, "dual_solution_value": 0.0, "scaled_age": 0.3181818181818182}, "59": {"bias": -0.4082482904638631, "objective_cosine_similarity": -0.32043005662275653, "is_tight": 1.0, "dual_solution_value": -0.0004983506860511612, "scaled_age": 0.0}, "60": {"bias": -0.4472135954999579, "objective_cosine_similarity": -0.307364188076944, "is_tight": 1.0, "dual_solution_value": -1.130425349216855e-05, "scaled_age": 0.0}, "61": {"bias": -0.3333333333333333, "objective_cosine_similarity": -0.45412469065155986, "is_tight": 0.0, "dual_solution_value": 0.0, "scaled_age": 0.3181818181818182}, "62": {"bias": -0.5773502691896258, "objective_cosine_similarity": -0.31932273748203016, "is_tight": 1.0, "dual_solution_value": -0.0011538475270860082, "scaled_age": 0.0}, "63": {"bias": -0.2886751345948129, "objective_cosine_similarity": -0.4367208027327766, "is_tight": 0.0, "dual_solution_value": 0.0, "scaled_age": 0.3181818181818182}, "64": {"bias": -0.4082482904638631, "objective_cosine_similarity": -0.29552616621166145, "is_tight": 0.0, "dual_solution_value": 0.0, "scaled_age": 0.20454545454545456}, "65": {"bias": -0.3779644730092272, "objective_cosine_similarity": -0.3796640672910537, "is_tight": 0.0, "dual_solution_value": 0.0, "scaled_age": 0.3181818181818182}, "66": {"bias": -0.5, "objective_cosine_similarity": -0.34567700333178436, "is_tight": 1.0, "dual_solution_value": -0.0033155702802402432, "scaled_age": 0.0}, "67": {"bias": -0.31622776601683794, "objective_cosine_similarity": -0.4038138504644663, "is_tight": 0.0, "dual_solution_value": 0.0, "scaled_age": 0.3181818181818182}, "68": {"bias": -0.3333333333333333, "objective_cosine_similarity": -0.413456807906644, "is_tight": 0.0, "dual_solution_value": 0.0, "scaled_age": 0.3181818181818182}, "69": {"bias": -0.2672612419124244, "objective_cosine_similarity": -0.4043248971588079, "is_tight": 0.0, "dual_solution_value": 0.0, "scaled_age": 0.3181818181818182}, "70": {"bias": -0.30151134457776363, "objective_cosine_similarity": -0.46717564708767007, "is_tight": 0.0, "dual_solution_value": 0.0, "scaled_age": 0.3181818181818182}, "71": {"bias": -0.2886751345948129, "objective_cosine_similarity": -0.4848540094855826, "is_tight": 0.0, "dual_solution_value": 0.0, "scaled_age": 0.3181818181818182}, "72": {"bias": -0.30151134457776363, "objective_cosine_similarity": -0.39728322744463285, "is_tight": 0.0, "dual_solution_value": 0.0, "scaled_age": 0.3181818181818182}, "73": {"bias": -0.35355339059327373, "objective_cosine_similarity": -0.3594566958178669, "is_tight": 0.0, "dual_solution_value": 0.0, "scaled_age": 0.3181818181818182}, "74": {"bias": -0.35355339059327373, "objective_cosine_similarity": -0.3982780189661965, "is_tight": 0.0, "dual_solution_value": 0.0, "scaled_age": 0.11363636363636363}, "75": {"bias": -0.3333333333333333, "objective_cosine_similarity": -0.34296581114879, "is_tight": 0.0, "dual_solution_value": 0.0, "scaled_age": 0.3181818181818182}, "76": {"bias": -0.4082482904638631, "objective_cosine_similarity": -0.2772633132435251, "is_tight": 0.0, "dual_solution_value": 0.0, "scaled_age": 0.20454545454545456}, "77": {"bias": -0.3779644730092272, "objective_cosine_similarity": -0.5441339264009434, "is_tight": 1.0, "dual_solution_value": -0.005274975582154118, "scaled_age": 0.0}, "78": {"bias": -0.31622776601683794, "objective_cosine_similarity": -0.4578271680425159, "is_tight": 0.0, "dual_solution_value": 0.0, "scaled_age": 0.3181818181818182}, "79": {"bias": -0.3779644730092272, "objective_cosine_similarity": -0.42885131487531974, "is_tight": 0.0, "dual_solution_value": 0.0, "scaled_age": 0.17045454545454544}, "80": {"bias": -0.31622776601683794, "objective_cosine_similarity": -0.42181828965714946, "is_tight": 0.0, "dual_solution_value": 0.0, "scaled_age": 0.3181818181818182}, "81": {"bias": -0.4082482904638631, "objective_cosine_similarity": -0.2839043506864838, "is_tight": 0.0, "dual_solution_value": 0.0, "scaled_age": 0.10227272727272728}, "82": {"bias": -0.31622776601683794, "objective_cosine_similarity": -0.4025278190935603, "is_tight": 0.0, "dual_solution_value": 0.0, "scaled_age": 0.3181818181818182}, "83": {"bias": -0.3779644730092272, "objective_cosine_similarity": -0.3350881241678126, "is_tight": 0.0, "dual_solution_value": 0.0, "scaled_age": 0.3181818181818182}, "84": {"bias": -0.35355339059327373, "objective_cosine_similarity": -0.3134462387531799, "is_tight": 0.0, "dual_solution_value": 0.0, "scaled_age": 0.3181818181818182}, "85": {"bias": -0.4082482904638631, "objective_cosine_similarity": -0.21749397625689693, "is_tight": 0.0, "dual_solution_value": 0.0, "scaled_age": 0.045454545454545456}, "86": {"bias": -0.4472135954999579, "objective_cosine_similarity": -0.12731061044607148, "is_tight": 0.0, "dual_solution_value": 0.0, "scaled_age": 0.3181818181818182}, "87": {"bias": -0.35355339059327373, "objective_cosine_similarity": -0.4140941135821827, "is_tight": 1.0, "dual_solution_value": -0.0007543083819932413, "scaled_age": 0.0}, "88": {"bias": -0.31622776601683794, "objective_cosine_similarity": -0.28292690159930756, "is_tight": 0.0, "dual_solution_value": 0.0, "scaled_age": 0.3181818181818182}, "89": {"bias": -0.3779644730092272, "objective_cosine_similarity": -0.3904237777001119, "is_tight": 1.0, "dual_solution_value": -0.002605387420938919, "scaled_age": 0.0}, "90": {"bias": -0.31622776601683794, "objective_cosine_similarity": -0.38966750538450085, "is_tight": 0.0, "dual_solution_value": 0.0, "scaled_age": 0.3181818181818182}, "91": {"bias": -0.3333333333333333, "objective_cosine_similarity": -0.34974379160627594, "is_tight": 0.0, "dual_solution_value": 0.0, "scaled_age": 0.3181818181818182}, "92": {"bias": -0.4082482904638631, "objective_cosine_similarity": -0.3054877223760995, "is_tight": 0.0, "dual_solution_value": 0.0, "scaled_age": 0.17045454545454544}, "93": {"bias": -0.3333333333333333, "objective_cosine_similarity": -0.42430157663862156, "is_tight": 0.0, "dual_solution_value": 0.0, "scaled_age": 0.011363636363636364}, "94": {"bias": -0.3779644730092272, "objective_cosine_similarity": -0.2520846438693636, "is_tight": 0.0, "dual_solution_value": 0.0, "scaled_age": 0.3181818181818182}, "95": {"bias": -0.3333333333333333, "objective_cosine_similarity": -0.5002149577624644, "is_tight": 0.0, "dual_solution_value": 0.0, "scaled_age": 0.3181818181818182}, "96": {"bias": -0.3779644730092272, "objective_cosine_similarity": -0.3350881241678126, "is_tight": 0.0, "dual_solution_value": 0.0, "scaled_age": 0.011363636363636364}, "97": {"bias": -0.31622776601683794, "objective_cosine_similarity": -0.40895797594809, "is_tight": 0.0, "dual_solution_value": 0.0, "scaled_age": 0.3181818181818182}, "98": {"bias": -0.4472135954999579, "objective_cosine_similarity": -0.20369697671371434, "is_tight": 0.0, "dual_solution_value": 0.0, "scaled_age": 0.3181818181818182}, "99": {"bias": -0.4082482904638631, "objective_cosine_similarity": -0.36027628128050865, "is_tight": 0.0, "dual_solution_value": 0.0, "scaled_age": 0.19318181818181818}, "100": {"bias": -0.35355339059327373, "objective_cosine_similarity": -0.4112184600156397, "is_tight": 0.0, "dual_solution_value": 0.0, "scaled_age": 0.14772727272727273}, "101": {"bias": -0.31622776601683794, "objective_cosine_similarity": -0.3227938740973918, "is_tight": 0.0, "dual_solution_value": 0.0, "scaled_age": 0.3181818181818182}, "102": {"bias": -0.3333333333333333, "objective_cosine_similarity": -0.45412469065155986, "is_tight": 0.0, "dual_solution_value": 0.0, "scaled_age": 0.3181818181818182}, "103": {"bias": -0.5, "objective_cosine_similarity": -0.22367335509703692, "is_tight": 0.0, "dual_solution_value": 0.0, "scaled_age": 0.3181818181818182}, "104": {"bias": -0.35355339059327373, "objective_cosine_similarity": -0.2559331674223212, "is_tight": 0.0, "dual_solution_value": 0.0, "scaled_age": 0.3181818181818182}, "105": {"bias": -0.5, "objective_cosine_similarity": -0.5785006320464273, "is_tight": 1.0, "dual_solution_value": -2.03084807265448e-05, "scaled_age": 0.0}, "106": {"bias": -0.6546536707079772, "objective_cosine_similarity": -0.5830519939434882, "is_tight": 0.0, "dual_solution_value": -0.0, "scaled_age": 0.045454545454545456}, "107": {"bias": -0.7921180343813395, "objective_cosine_similarity": -0.8713822984106622, "is_tight": 0.0, "dual_solution_value": -0.0, "scaled_age": 0.056818181818181816}, "108": {"bias": -0.9064488466707078, "objective_cosine_similarity": -0.9738719919800369, "is_tight": 0.0, "dual_solution_value": -0.0, "scaled_age": 0.011363636363636364}, "109": {"bias": -0.9262842012596244, "objective_cosine_similarity": -0.9829857547288661, "is_tight": 0.0, "dual_solution_value": -0.0, "scaled_age": 0.022727272727272728}, "110": {"bias": -0.8275470519691003, "objective_cosine_similarity": -0.9546024469663701, "is_tight": 0.0, "dual_solution_value": -0.0, "scaled_age": 0.056818181818181816}, "111": {"bias": -0.7650920556760059, "objective_cosine_similarity": -0.9705185401400327, "is_tight": 0.0, "dual_solution_value": -0.0, "scaled_age": 0.10227272727272728}, "112": {"bias": -0.879504129664334, "objective_cosine_similarity": -0.9843837206349594, "is_tight": 1.0, "dual_solution_value": -0.00024744856628113797, "scaled_age": 0.0}, "113": {"bias": -0.8645453794187284, "objective_cosine_similarity": -0.9770604637689713, "is_tight": 1.0, "dual_solution_value": -1.0603188017559404e-05, "scaled_age": 0.0}, "114": {"bias": -0.6882472016116852, "objective_cosine_similarity": -0.6223011393979505, "is_tight": 1.0, "dual_solution_value": -0.0006953725235333703, "scaled_age": 0.0}, "115": {"bias": -0.8815947512291492, "objective_cosine_similarity": -0.9702402378905743, "is_tight": 1.0, "dual_solution_value": -0.008910858385265013, "scaled_age": 0.0}, "116": {"bias": -0.8325507757631524, "objective_cosine_similarity": -0.9759590789774257, "is_tight": 1.0, "dual_solution_value": -4.000521100187301e-05, "scaled_age": 0.0}, "117": {"bias": -0.7442084075352507, "objective_cosine_similarity": -0.9039260236286663, "is_tight": 0.0, "dual_solution_value": -0.0, "scaled_age": 0.125}, "118": {"bias": -0.847998304005088, "objective_cosine_similarity": -0.8944882919996282, "is_tight": 0.0, "dual_solution_value": -0.0, "scaled_age": 0.11363636363636363}, "119": {"bias": -0.7442084075352507, "objective_cosine_similarity": -0.8983773705818385, "is_tight": 0.0, "dual_solution_value": -0.0, "scaled_age": 0.125}, "120": {"bias": -0.7592566023652966, "objective_cosine_similarity": -0.9210274928954293, "is_tight": 1.0, "dual_solution_value": -0.00035765473844440654, "scaled_age": 0.0}, "121": {"bias": -0.8260869565217391, "objective_cosine_similarity": -0.9806264247969698, "is_tight": 1.0, "dual_solution_value": -4.106481733156102e-05, "scaled_age": 0.0}, "122": {"bias": -0.8244848578954476, "objective_cosine_similarity": -0.9513390641289075, "is_tight": 0.0, "dual_solution_value": -0.0, "scaled_age": 0.06818181818181818}, "123": {"bias": -0.849534582538231, "objective_cosine_similarity": -0.9832580736152331, "is_tight": 1.0, "dual_solution_value": -1.29580515534846e-06, "scaled_age": 0.0}, "124": {"bias": -0.9129881551109588, "objective_cosine_similarity": -0.9785520540850184, "is_tight": 1.0, "dual_solution_value": -0.0031557003036870117, "scaled_age": 0.0}, "125": {"bias": -0.8065591326174432, "objective_cosine_similarity": -0.900537979463855, "is_tight": 1.0, "dual_solution_value": -9.309154272230146e-05, "scaled_age": 0.0}, "126": {"bias": -0.8781214728608203, "objective_cosine_similarity": -0.9792001391599188, "is_tight": 1.0, "dual_solution_value": -0.004151519233546612, "scaled_age": 0.0}, "127": {"bias": -0.8835417042978538, "objective_cosine_similarity": -0.985566129481763, "is_tight": 1.0, "dual_solution_value": -0.009939771183358516, "scaled_age": 0.0}, "128": {"bias": -0.928738309488683, "objective_cosine_similarity": -0.9748842183396058, "is_tight": 1.0, "dual_solution_value": -0.0006973100001347055, "scaled_age": 0.0}, "129": {"bias": -0.9282742152041477, "objective_cosine_similarity": -0.9092826257764853, "is_tight": 1.0, "dual_solution_value": -1.815064893877475e-10, "scaled_age": 0.0}, "130": {"bias": -0.8979093174056599, "objective_cosine_similarity": -0.9861673074774948, "is_tight": 1.0, "dual_solution_value": -0.005956253945086, "scaled_age": 0.0}}