{"0": {"bias": -0.8980265101338746, "objective_cosine_similarity": -0.7036078190894931, "is_tight": 0.0, "dual_solution_value": -0.0, "scaled_age": 0.07352941176470588}, "1": {"bias": -0.8164965809277261, "objective_cosine_similarity": -0.7072343758852612, "is_tight": 0.0, "dual_solution_value": -0.0, "scaled_age": 0.08823529411764706}, "2": {"bias": -0.8320502943378437, "objective_cosine_similarity": -0.5330299439547229, "is_tight": 0.0, "dual_solution_value": -0.0, "scaled_age": 0.22058823529411764}, "3": {"bias": -0.6324555320336759, "objective_cosine_similarity": -0.510168614753454, "is_tight": 0.0, "dual_solution_value": -0.0, "scaled_age": 0.014705882352941176}, "4": {"bias": -0.8340576562282991, "objective_cosine_similarity": -0.5021450517758925, "is_tight": 0.0, "dual_solution_value": -0.0, "scaled_age": 0.0}, "5": {"bias": -1.0425720702853738, "objective_cosine_similarity": -0.8140624516255417, "is_tight": 0.0, "dual_solution_value": -0.0, "scaled_age": 0.058823529411764705}, "6": {"bias": -1.0776318121606494, "objective_cosine_similarity": -0.848787172172171, "is_tight": 0.0, "dual_solution_value": -0.0, "scaled_age": 0.17647058823529413}, "7": {"bias": -0.7745966692414834, "objective_cosine_similarity": -0.5490504976996962, "is_tight": 1.0, "dual_solution_value": -0.00034410338915600056, "scaled_age": 0.029411764705882353}, "8": {"bias": -0.6324555320336759, "objective_cosine_similarity": -0.4274385691177588, "is_tight": 1.0, "dual_solution_value": -2.57884149568373e-05, "scaled_age": 0.0}, "9": {"bias": -0.9701425001453319, "objective_cosine_similarity": -0.5832615614718965, "is_tight": 1.0, "dual_solution_value": -0.0008103473185593023, "scaled_age": 0.0}, "10": {"bias": -1.3067709337232918, "objective_cosine_similarity": -0.8879889636683745, "is_tight": 0.0, "dual_solution_value": -0.0, "scaled_age": 0.20588235294117646}, "11": {"bias": -1.2775596379240697, "objective_cosine_similarity": -0.8673546177545315, "is_tight": 1.0, "dual_solution_value": -8.368664892702368e-08, "scaled_age": 0.16176470588235295}, "12": {"bias": -1.2292438561299546, "objective_cosine_similarity": -0.8131991542706611, "is_tight": 0.0, "dual_solution_value": -0.0, "scaled_age": 0.014705882352941176}, "13": {"bias": -1.2642417843894904, "objective_cosine_similarity": -0.8066068868391923, "is_tight": 0.0, "dual_solution_value": -0.0, "scaled_age": 0.16176470588235295}, "14": {"bias": -0.7071067811865475, "objective_cosine_similarity": -0.15415833818589533, "is_tight": 1.0, "dual_solution_value": -0.031300284951408054, "scaled_age": 0.0}, "15": {"bias": -1.2896690428470658, "objective_cosine_similarity": -0.9343844600854972, "is_tight": 0.0, "dual_solution_value": 0.0, "scaled_age": 0.029411764705882353}, "16": {"bias": -1.348242145475825, "objective_cosine_similarity": -0.9426225321835536, "is_tight": 1.0, "dual_solution_value": -0.002271721700951845, "scaled_age": 0.17647058823529413}, "17": {"bias": -0.4082482904638631, "objective_cosine_similarity": -0.5874221631263834, "is_tight": 1.0, "dual_solution_value": -0.004057011235002288, "scaled_age": 0.0}, "18": {"bias": -0.4082482904638631, "objective_cosine_similarity": -0.38750692812299886, "is_tight": 0.0, "dual_solution_value": 0.0, "scaled_age": 0.3235294117647059}, "19": {"bias": -0.4082482904638631, "objective_cosine_similarity": -0.27385648630600623, "is_tight": 0.0, "dual_solution_value": 0.0, "scaled_age": 0.3235294117647059}, "20": {"bias": -0.7071067811865475, "objective_cosine_similarity": -0.20633500649496758, "is_tight": 1.0, "dual_solution_value": -0.002159835217335957, "scaled_age": 0.0}, "21": {"bias": -0.31622776601683794, "objective_cosine_similarity": -0.3128892751606423, "is_tight": 0.0, "dual_solution_value": 0.0, "scaled_age": 0.3235294117647059}, "22": {"bias": -0.5773502691896258, "objective_cosine_similarity": -0.2846592944521799, "is_tight": 1.0, "dual_solution_value": -0.01602678447633946, "scaled_age": 0.0}, "23": {"bias": -0.5, "objective_cosine_similarity": -0.20291961789586427, "is_tight": 1.0, "dual_solution_value": -0.013867464316948555, "scaled_age": 0.0}, "24": {"bias": -0.3779644730092272, "objective_cosine_similarity": -0.41327319834455495, "is_tight": 0.0, "dual_solution_value": 0.0, "scaled_age": 0.3235294117647059}, "25": {"bias": -0.5, "objective_cosine_similarity": -0.35049752182012917, "is_tight": 1.0, "dual_solution_value": -0.002416689569653445, "scaled_age": 0.0}, "26": {"bias": -0.4472135954999579, "objective_cosine_similarity": -0.2579954851185153, "is_tight": 0.0, "dual_solution_value": 0.0, "scaled_age": 0.3235294117647059}, "27": {"bias": -0.4472135954999579, "objective_cosine_similarity": -0.24749566886369198, "is_tight": 0.0, "dual_solution_value": 0.0, "scaled_age": 0.3235294117647059}, "28": {"bias": -0.4082482904638631, "objective_cosine_similarity": -0.3847683632599388, "is_tight": 1.0, "dual_solution_value": -0.003168912344117257, "scaled_age": 0.0}, "29": {"bias": -0.5, "objective_cosine_similarity": -0.11068342794319869, "is_tight": 0.0, "dual_solution_value": 0.0, "scaled_age": 0.3235294117647059}, "30": {"bias": -0.4082482904638631, "objective_cosine_similarity": -0.4066768821644193, "is_tight": 1.0, "dual_solution_value": -0.013496059147223629, "scaled_age": 0.0}, "31": {"bias": -0.5773502691896258, "objective_cosine_similarity": -0.11618746712333874, "is_tight": 0.0, "dual_solution_value": 0.0, "scaled_age": 0.3235294117647059}, "32": {"bias": -0.4082482904638631, "objective_cosine_similarity": -0.21634662418174494, "is_tight": 0.0, "dual_solution_value": 0.0, "scaled_age": 0.3235294117647059}, "33": {"bias": -0.5, "objective_cosine_similarity": -0.11068342794319869, "is_tight": 0.0, "dual_solution_value": 0.0, "scaled_age": 0.0}, "34": {"bias": -0.4472135954999579, "objective_cosine_similarity": -0.15149734881959329, "is_tight": 0.0, "dual_solution_value": 0.0, "scaled_age": 0.3235294117647059}, "35": {"bias": -0.4472135954999579, "objective_cosine_similarity": -0.19349661383888647, "is_tight": 0.0, "dual_solution_value": 0.0, "scaled_age": 0.3235294117647059}, "36": {"bias": -0.5, "objective_cosine_similarity": -0.13416173084024083, "is_tight": 1.0, "dual_solution_value": -2.602966777738358e-05, "scaled_age": 0.04411764705882353}, "37": {"bias": -0.4082482904638631, "objective_cosine_similarity": -0.17663743366737403, "is_tight": 0.0, "dual_solution_value": 0.0, "scaled_age": 0.3235294117647059}, "38": {"bias": -0.35355339059327373, "objective_cosine_similarity": -0.2537683413213969, "is_tight": 0.0, "dual_solution_value": 0.0, "scaled_age": 0.3235294117647059}, "39": {"bias": -0.4472135954999579, "objective_cosine_similarity": -0.4139927551901757, "is_tight": 1.0, "dual_solution_value": -0.028502864205245018, "scaled_age": 0.0}, "40": {"bias": -0.3779644730092272, "objective_cosine_similarity": -0.23199078311979618, "is_tight": 0.0, "dual_solution_value": 0.0, "scaled_age": 0.3235294117647059}, "41": {"bias": -0.4472135954999579, "objective_cosine_similarity": -0.14699742756752615, "is_tight": 0.0, "dual_solution_value": 0.0, "scaled_age": 0.3235294117647059}, "42": {"bias": -0.5, "objective_cosine_similarity": -0.15093194719527095, "is_tight": 0.0, "dual_solution_value": 0.0, "scaled_age": 0.1323529411764706}, "43": {"bias": -0.5773502691896258, "objective_cosine_similarity": -0.2033280674658428, "is_tight": 0.0, "dual_solution_value": 0.0, "scaled_age": 0.1323529411764706}, "44": {"bias": -0.35355339059327373, "objective_cosine_similarity": -0.33440501052632676, "is_tight": 0.0, "dual_solution_value": 0.0, "scaled_age": 0.3235294117647059}, "45": {"bias": -0.5773502691896258, "objective_cosine_similarity": -0.1568530806165073, "is_tight": 0.0, "dual_solution_value": 0.0, "scaled_age": 0.3235294117647059}, "46": {"bias": -0.5773502691896258, "objective_cosine_similarity": -0.4976696508449676, "is_tight": 0.0, "dual_solution_value": 0.0, "scaled_age": 0.25}, "47": {"bias": -0.5, "objective_cosine_similarity": -0.09055916831716257, "is_tight": 0.0, "dual_solution_value": 0.0, "scaled_age": 0.058823529411764705}, "48": {"bias": -0.3779644730092272, "objective_cosine_similarity": -0.36636795804164535, "is_tight": 0.0, "dual_solution_value": 0.0, "scaled_age": 0.3235294117647059}, "49": {"bias": -0.4472135954999579, "objective_cosine_similarity": -0.2864949863816071, "is_tight": 0.0, "dual_solution_value": 0.0, "scaled_age": 0.3235294117647059}, "50": {"bias": -0.4472135954999579, "objective_cosine_similarity": -0.3284942514009003, "is_tight": 0.0, "dual_solution_value": 0.0, "scaled_age": 0.3235294117647059}, "51": {"bias": -0.3779644730092272, "objective_cosine_similarity": -0.3397460648967507, "is_tight": 0.0, "dual_solution_value": 0.0, "scaled_age": 0.3235294117647059}, "52": {"bias": -0.3779644730092272, "objective_cosine_similarity": -0.28523456940958547, "is_tight": 0.0, "dual_solution_value": 0.0, "scaled_age": 0.3235294117647059}, "53": {"bias": -0.35355339059327373, "objective_cosine_similarity": -0.2573258414333791, "is_tight": 1.0, "dual_solution_value": -0.0020671998993520165, "scaled_age": 0.0}, "54": {"bias": -0.4472135954999579, "objective_cosine_similarity": -0.14849740131821518, "is_tight": 0.0, "dual_solution_value": 0.0, "scaled_age": 0.3235294117647059}, "55": {"bias": -0.5, "objective_cosine_similarity": -0.2062736611668703, "is_tight": 0.0, "dual_solution_value": 0.0, "scaled_age": 0.3235294117647059}, "56": {"bias": -0.5, "objective_cosine_similarity": -0.1459008822887619, "is_tight": 0.0, "dual_solution_value": 0.0, "scaled_age": 0.10294117647058823}, "57": {"bias": -0.4082482904638631, "objective_cosine_similarity": -0.3395820430194478, "is_tight": 0.0, "dual_solution_value": 0.0, "scaled_age": 0.3235294117647059}, "58": {"bias": -0.4472135954999579, "objective_cosine_similarity": -0.20249645634302071, "is_tight": 0.0, "dual_solution_value": 0.0, "scaled_age": 0.3235294117647059}, "59": {"bias": -0.4472135954999579, "objective_cosine_similarity": -0.425992545195688, "is_tight": 1.0, "dual_solution_value": -0.012478670076003416, "scaled_age": 0.0}, "60": {"bias": -0.5, "objective_cosine_similarity": -0.12745364429822878, "is_tight": 0.0, "dual_solution_value": 0.0, "scaled_age": 0.3235294117647059}, "61": {"bias": -0.5773502691896258, "objective_cosine_similarity": -0.3543717747261832, "is_tight": 1.0, "dual_solution_value": -0.027249857525894084, "scaled_age": 0.0}, "62": {"bias": -0.3779644730092272, "objective_cosine_similarity": -0.1432511393034807, "is_tight": 0.0, "dual_solution_value": 0.0, "scaled_age": 0.3235294117647059}, "63": {"bias": -0.4472135954999579, "objective_cosine_similarity": -0.2624954063705824, "is_tight": 0.0, "dual_solution_value": 0.0, "scaled_age": 0.3235294117647059}, "64": {"bias": -0.4082482904638631, "objective_cosine_similarity": -0.4121540118905394, "is_tight": 1.0, "dual_solution_value": -0.019257869267833978, "scaled_age": 0.0}, "65": {"bias": -0.35355339059327373, "objective_cosine_similarity": -0.1897333393057173, "is_tight": 0.0, "dual_solution_value": 0.0, "scaled_age": 0.3235294117647059}, "66": {"bias": -0.3779644730092272, "objective_cosine_similarity": -0.39298985118653995, "is_tight": 0.0, "dual_solution_value": 0.0, "scaled_age": 0.3235294117647059}, "67": {"bias": -0.7071067811865475, "objective_cosine_similarity": -0.12332667054871625, "is_tight": 1.0, "dual_solution_value": -0.004372762553384284, "scaled_age": 0.0}, "68": {"bias": -0.7071067811865475, "objective_cosine_similarity": -0.22530834042553932, "is_tight": 1.0, "dual_solution_value": -0.022288954193346734, "scaled_age": 0.0}, "69": {"bias": -0.5, "objective_cosine_similarity": -0.19956557462485824, "is_tight": 0.0, "dual_solution_value": 0.0, "scaled_age": 0.3235294117647059}, "70": {"bias": -0.30151134457776363, "objective_cosine_similarity": -0.3418133485876027, "is_tight": 0.0, "dual_solution_value": 0.0, "scaled_age": 0.3235294117647059}, "71": {"bias": -0.5, "objective_cosine_similarity": -0.2700004833159847, "is_tight": 0.0, "dual_solution_value": 0.0, "scaled_age": 0.3235294117647059}, "72": {"bias": -0.5, "objective_cosine_similarity": -0.22136685588639737, "is_tight": 1.0, "dual_solution_value": -0.0010720717876225676, "scaled_age": 0.0}, "73": {"bias": -0.4082482904638631, "objective_cosine_similarity": -0.2546865322645858, "is_tight": 0.0, "dual_solution_value": 0.0, "scaled_age": 0.3235294117647059}, "74": {"bias": -0.4472135954999579, "objective_cosine_similarity": -0.16499711257579466, "is_tight": 0.0, "dual_solution_value": 0.0, "scaled_age": 0.3235294117647059}, "75": {"bias": -0.5773502691896258, "objective_cosine_similarity": -0.46862278406413294, "is_tight": 1.0, "dual_solution_value": -0.08945731480783005, "scaled_age": 0.0}, "76": {"bias": -0.4472135954999579, "objective_cosine_similarity": -0.24299574761162485, "is_tight": 0.0, "dual_solution_value": 0.0, "scaled_age": 0.3235294117647059}, "77": {"bias": -0.4472135954999579, "objective_cosine_similarity": -0.27149524887471665, "is_tight": 1.0, "dual_solution_value": -0.00022470548127255863, "scaled_age": 0.3235294117647059}, "78": {"bias": -0.4472135954999579, "objective_cosine_similarity": -0.2159962200992221, "is_tight": 0.0, "dual_solution_value": 0.0, "scaled_age": 0.3235294117647059}, "79": {"bias": -0.4472135954999579, "objective_cosine_similarity": -0.24149577386093582, "is_tight": 0.0, "dual_solution_value": 0.0, "scaled_age": 0.3235294117647059}, "80": {"bias": -0.4082482904638631, "objective_cosine_similarity": -0.15609819719442355, "is_tight": 0.0, "dual_solution_value": 0.0, "scaled_age": 0.3235294117647059}, "81": {"bias": -0.5773502691896258, "objective_cosine_similarity": -0.17040828511423017, "is_tight": 0.0, "dual_solution_value": 0.0, "scaled_age": 0.3235294117647059}, "82": {"bias": -0.4082482904638631, "objective_cosine_similarity": -0.2670100741483561, "is_tight": 0.0, "dual_solution_value": 0.0, "scaled_age": 0.3235294117647059}, "83": {"bias": -0.5, "objective_cosine_similarity": -0.21968983425089436, "is_tight": 0.0, "dual_solution_value": 0.0, "scaled_age": 0.29411764705882354}, "84": {"bias": -0.4472135954999579, "objective_cosine_similarity": -0.45449204645877983, "is_tight": 1.0, "dual_solution_value": -0.0295675022140531, "scaled_age": 0.0}, "85": {"bias": -0.5, "objective_cosine_similarity": -0.2750315482224937, "is_tight": 0.0, "dual_solution_value": 0.0, "scaled_age": 0.17647058823529413}, "86": {"bias": -0.5, "objective_cosine_similarity": -0.08385108177515052, "is_tight": 0.0, "dual_solution_value": 0.0, "scaled_age": 0.3235294117647059}, "87": {"bias": -0.4472135954999579, "objective_cosine_similarity": -0.2564955113678262, "is_tight": 0.0, "dual_solution_value": 0.0, "scaled_age": 0.04411764705882353}, "88": {"bias": -0.3779644730092272, "objective_cosine_similarity": -0.18508554281688658, "is_tight": 0.0, "dual_solution_value": 0.0, "scaled_age": 0.3235294117647059}, "89": {"bias": -0.5, "objective_cosine_similarity": -0.1257766226627258, "is_tight": 0.0, "dual_solution_value": 0.0, "scaled_age": 0.3235294117647059}, "90": {"bias": -0.3779644730092272, "objective_cosine_similarity": -0.3105887533571042, "is_tight": 0.0, "dual_solution_value": 0.0, "scaled_age": 0.11764705882352941}, "91": {"bias": -0.3779644730092272, "objective_cosine_similarity": -0.38538359600228433, "is_tight": 0.0, "dual_solution_value": 0.0, "scaled_age": 0.1323529411764706}, "92": {"bias": -0.5, "objective_cosine_similarity": -0.07378895196213246, "is_tight": 0.0, "dual_solution_value": 0.0, "scaled_age": 0.3235294117647059}, "93": {"bias": -0.4082482904638631, "objective_cosine_similarity": -0.20950021202409477, "is_tight": 0.0, "dual_solution_value": 0.0, "scaled_age": 0.3235294117647059}, "94": {"bias": -0.5773502691896258, "objective_cosine_similarity": -0.32726136573073744, "is_tight": 1.0, "dual_solution_value": -0.056157275776280394, "scaled_age": 0.0}, "95": {"bias": -0.35355339059327373, "objective_cosine_similarity": -0.30950250974245136, "is_tight": 0.0, "dual_solution_value": 0.0, "scaled_age": 0.3235294117647059}, "96": {"bias": -0.5, "objective_cosine_similarity": -0.39074604107220146, "is_tight": 1.0, "dual_solution_value": -0.031142934462885068, "scaled_age": 0.0}, "97": {"bias": -0.7071067811865475, "objective_cosine_similarity": -0.09723833639418013, "is_tight": 1.0, "dual_solution_value": -0.0142300004479288, "scaled_age": 0.0}, "98": {"bias": -0.4082482904638631, "objective_cosine_similarity": -0.42721611863736975, "is_tight": 0.0, "dual_solution_value": 0.0, "scaled_age": 0.23529411764705882}, "99": {"bias": -0.35355339059327373, "objective_cosine_similarity": -0.32491834356104093, "is_tight": 0.0, "dual_solution_value": 0.0, "scaled_age": 0.07352941176470588}, "100": {"bias": -0.4082482904638631, "objective_cosine_similarity": -0.2574250971276459, "is_tight": 0.0, "dual_solution_value": 0.0, "scaled_age": 0.3235294117647059}, "101": {"bias": -0.3779644730092272, "objective_cosine_similarity": -0.333407518909871, "is_tight": 0.0, "dual_solution_value": 0.0, "scaled_age": 0.3235294117647059}, "102": {"bias": -0.4472135954999579, "objective_cosine_similarity": -0.1949965875895755, "is_tight": 0.0, "dual_solution_value": 0.0, "scaled_age": 0.25}, "103": {"bias": -0.4472135954999579, "objective_cosine_similarity": -0.19199664008819742, "is_tight": 0.0, "dual_solution_value": 0.0, "scaled_age": 0.3235294117647059}, "104": {"bias": -0.30151134457776363, "objective_cosine_similarity": -0.3883323250226019, "is_tight": 0.0, "dual_solution_value": 0.0, "scaled_age": 0.3235294117647059}, "105": {"bias": -0.5773502691896258, "objective_cosine_similarity": -0.21688327196356566, "is_tight": 1.0, "dual_solution_value": -0.0005554588358178726, "scaled_age": 0.3235294117647059}, "106": {"bias": -0.5, "objective_cosine_similarity": -0.3538515650911352, "is_tight": 1.0, "dual_solution_value": -0.00030213764231566464, "scaled_age": 0.2647058823529412}, "107": {"bias": -0.4472135954999579, "objective_cosine_similarity": -0.3854932539270839, "is_tight": 0.0, "dual_solution_value": 0.0, "scaled_age": 0.3235294117647059}, "108": {"bias": -0.5, "objective_cosine_similarity": -0.13583875247574384, "is_tight": 0.0, "dual_solution_value": 0.0, "scaled_age": 0.3235294117647059}, "109": {"bias": -0.4472135954999579, "objective_cosine_similarity": -0.29999475013780846, "is_tight": 1.0, "dual_solution_value": 0.0, "scaled_age": 0.27941176470588236}, "110": {"bias": -0.4472135954999579, "objective_cosine_similarity": -0.43049246644775513, "is_tight": 0.0, "dual_solution_value": 0.0, "scaled_age": 0.3235294117647059}, "111": {"bias": -0.3779644730092272, "objective_cosine_similarity": -0.3980606879760437, "is_tight": 0.0, "dual_solution_value": 0.0, "scaled_age": 0.08823529411764706}, "112": {"bias": -0.4082482904638631, "objective_cosine_similarity": -0.28207218089518643, "is_tight": 1.0, "dual_solution_value": -0.0013692824315300312, "scaled_age": 0.0}, "113": {"bias": -0.6666666666666666, "objective_cosine_similarity": -0.5903116156970597, "is_tight": 1.0, "dual_solution_value": -0.008170731219130525, "scaled_age": 0.0}, "114": {"bias": -1.3057052737184116, "objective_cosine_similarity": -0.9124576926710264, "is_tight": 0.0, "dual_solution_value": -0.0, "scaled_age": 0.08823529411764706}, "115": {"bias": -1.3171055481963492, "objective_cosine_similarity": -0.8783049659524663, "is_tight": 0.0, "dual_solution_value": -0.0, "scaled_age": 0.058823529411764705}, "116": {"bias": -1.3348297500392627, "objective_cosine_similarity": -0.9180728739726426, "is_tight": 1.0, "dual_solution_value": -0.010043605047041973, "scaled_age": 0.0}, "117": {"bias": -1.3278569519599017, "objective_cosine_similarity": -0.9334073720817391, "is_tight": 0.0, "dual_solution_value": -0.0, "scaled_age": 0.014705882352941176}, "118": {"bias": -1.193335926263595, "objective_cosine_similarity": -0.8776149064662542, "is_tight": 0.0, "dual_solution_value": -0.0, "scaled_age": 0.19117647058823528}, "119": {"bias": -1.1921660297625012, "objective_cosine_similarity": -0.9171471668054899, "is_tight": 0.0, "dual_solution_value": -0.0, "scaled_age": 0.0}, "120": {"bias": -1.0, "objective_cosine_similarity": -0.8770823153680745, "is_tight": 0.0, "dual_solution_value": -0.0, "scaled_age": 0.16176470588235295}, "121": {"bias": -1.3034793532460118, "objective_cosine_similarity": -0.9350199830557802, "is_tight": 1.0, "dual_solution_value": -0.0020084934195553324, "scaled_age": 0.0}, "122": {"bias": -1.0606601717798214, "objective_cosine_similarity": -0.8506378045539661, "is_tight": 1.0, "dual_solution_value": -0.000552689557849999, "scaled_age": 0.0}, "123": {"bias": -1.03209369308428, "objective_cosine_similarity": -0.8308048575208997, "is_tight": 1.0, "dual_solution_value": -0.00020347882639420583, "scaled_age": 0.0}, "124": {"bias": -1.1, "objective_cosine_similarity": -0.8901630841249979, "is_tight": 0.0, "dual_solution_value": -0.0, "scaled_age": 0.10294117647058823}, "125": {"bias": -1.1239029738980328, "objective_cosine_similarity": -0.8846039738779707, "is_tight": 0.0, "dual_solution_value": -0.0, "scaled_age": 0.0}, "126": {"bias": -0.7071067811865476, "objective_cosine_similarity": -0.6719722433744156, "is_tight": 0.0, "dual_solution_value": -0.0, "scaled_age": 0.0}, "127": {"bias": -1.3343519780620197, "objective_cosine_similarity": -0.9383657007822135, "is_tight": 1.0, "dual_solution_value": -0.008376069899238508, "scaled_age": 0.0}, "128": {"bias": -1.3436743470250678, "objective_cosine_similarity": -0.9129091531178591, "is_tight": 0.0, "dual_solution_value": -0.0, "scaled_age": 0.0}, "129": {"bias": -1.131504763712036, "objective_cosine_similarity": -0.9099520293356208, "is_tight": 0.0, "dual_solution_value": -0.0, "scaled_age": 0.029411764705882353}, "130": {"bias": -1.1726039399558574, "objective_cosine_similarity": -0.8809840153775566, "is_tight": 1.0, "dual_solution_value": -0.000111052295282631, "scaled_age": 0.0}, "131": {"bias": -1.3211178849593268, "objective_cosine_similarity": -0.9299051499156178, "is_tight": 0.0, "dual_solution_value": -0.0, "scaled_age": 0.0}}