{"0": {"bias": -0.9797958971132713, "objective_cosine_similarity": -0.9633853735610075, "is_tight": 1.0, "dual_solution_value": -6.392619698874033e-06, "scaled_age": 0.0}, "1": {"bias": -0.8542421961772492, "objective_cosine_similarity": -0.9576467529712692, "is_tight": 0.0, "dual_solution_value": -0.0, "scaled_age": 0.028037383177570093}, "2": {"bias": -0.5547001962252291, "objective_cosine_similarity": -0.7537796613012744, "is_tight": 1.0, "dual_solution_value": -0.0008906915563125767, "scaled_age": 0.0}, "3": {"bias": -0.8728715609439696, "objective_cosine_similarity": -0.8003265438504412, "is_tight": 0.0, "dual_solution_value": -0.0, "scaled_age": 0.08411214953271028}, "4": {"bias": -0.819288030372914, "objective_cosine_similarity": -0.8927137414826707, "is_tight": 0.0, "dual_solution_value": -0.0, "scaled_age": 0.009345794392523364}, "5": {"bias": -0.836067887043262, "objective_cosine_similarity": -0.9447340535638105, "is_tight": 0.0, "dual_solution_value": -0.0, "scaled_age": 0.028037383177570093}, "6": {"bias": -0.5773502691896258, "objective_cosine_similarity": -0.615836435040092, "is_tight": 1.0, "dual_solution_value": -0.002880420563271962, "scaled_age": 0.0}, "7": {"bias": -0.9325690534057405, "objective_cosine_similarity": -0.9310954727469964, "is_tight": 0.0, "dual_solution_value": -0.0, "scaled_age": 0.056074766355140186}, "8": {"bias": -0.7878385971583353, "objective_cosine_similarity": -0.905589021289036, "is_tight": 1.0, "dual_solution_value": -0.000625407380707278, "scaled_age": 0.0}, "9": {"bias": -0.8807048459279793, "objective_cosine_similarity": -0.9037313247435773, "is_tight": 1.0, "dual_solution_value": -1.3133626977936441e-05, "scaled_age": 0.0}, "10": {"bias": -0.9279797933227246, "objective_cosine_similarity": -0.9687174902268013, "is_tight": 0.0, "dual_solution_value": -0.0, "scaled_age": 0.009345794392523364}, "11": {"bias": -0.9192547197409877, "objective_cosine_similarity": -0.9659151140970934, "is_tight": 0.0, "dual_solution_value": -0.0, "scaled_age": 0.018691588785046728}, "12": {"bias": -1.0220675762948765, "objective_cosine_similarity": -0.9445069110082225, "is_tight": 0.0, "dual_solution_value": -0.0, "scaled_age": 0.028037383177570093}, "13": {"bias": -0.878275310689946, "objective_cosine_similarity": -0.9722812029060792, "is_tight": 0.0, "dual_solution_value": -0.0, "scaled_age": 0.06542056074766354}, "14": {"bias": -0.8905983761639695, "objective_cosine_similarity": -0.974442921727571, "is_tight": 0.0, "dual_solution_value": -0.0, "scaled_age": 0.07476635514018691}, "15": {"bias": -0.9036961141150639, "objective_cosine_similarity": -0.929038595749464, "is_tight": 0.0, "dual_solution_value": -0.0, "scaled_age": 0.09345794392523364}, "16": {"bias": -0.8719775384642696, "objective_cosine_similarity": -0.9692370720926725, "is_tight": 0.0, "dual_solution_value": -0.0, "scaled_age": 0.028037383177570093}, "17": {"bias": -0.9341904289472692, "objective_cosine_similarity": -0.9809798546568415, "is_tight": 1.0, "dual_solution_value": -0.022708043985839917, "scaled_age": 0.0}, "18": {"bias": -0.9432297461205512, "objective_cosine_similarity": -0.9529516627646866, "is_tight": 1.0, "dual_solution_value": -0.00026346307653969447, "scaled_age": 0.0}, "19": {"bias": -0.3779644730092272, "objective_cosine_similarity": -0.33688677463064887, "is_tight": 0.0, "dual_solution_value": 0.0, "scaled_age": 0.19626168224299065}, "20": {"bias": -0.3333333333333333, "objective_cosine_similarity": -0.4821887647009655, "is_tight": 0.0, "dual_solution_value": 0.0, "scaled_age": 0.19626168224299065}, "21": {"bias": -0.4472135954999579, "objective_cosine_similarity": -0.39207522031200365, "is_tight": 0.0, "dual_solution_value": 0.0, "scaled_age": 0.07476635514018691}, "22": {"bias": -0.31622776601683794, "objective_cosine_similarity": -0.4713063799303065, "is_tight": 0.0, "dual_solution_value": 0.0, "scaled_age": 0.19626168224299065}, "23": {"bias": -0.3333333333333333, "objective_cosine_similarity": -0.31658858288447234, "is_tight": 0.0, "dual_solution_value": 0.0, "scaled_age": 0.19626168224299065}, "24": {"bias": -0.31622776601683794, "objective_cosine_similarity": -0.649201435100079, "is_tight": 1.0, "dual_solution_value": -0.0004968074616055503, "scaled_age": 0.0}, "25": {"bias": -0.4472135954999579, "objective_cosine_similarity": -0.34960040477820326, "is_tight": 1.0, "dual_solution_value": -1.0438119888872422e-05, "scaled_age": 0.0}, "26": {"bias": -0.5, "objective_cosine_similarity": -0.3543356831514671, "is_tight": 1.0, "dual_solution_value": -0.008068737406822651, "scaled_age": 0.0}, "27": {"bias": -0.4082482904638631, "objective_cosine_similarity": -0.34598360165039277, "is_tight": 0.0, "dual_solution_value": 0.0, "scaled_age": 0.19626168224299065}, "28": {"bias": -0.3779644730092272, "objective_cosine_similarity": -0.3589777106720029, "is_tight": 0.0, "dual_solution_value": 0.0, "scaled_age": 0.19626168224299065}, "29": {"bias": -0.4472135954999579, "objective_cosine_similarity": -0.28425453472620266, "is_tight": 0.0, "dual_solution_value": 0.0, "scaled_age": 0.19626168224299065}, "30": {"bias": -0.4082482904638631, "objective_cosine_similarity": -0.33405313262796543, "is_tight": 0.0, "dual_solution_value": 0.0, "scaled_age": 0.19626168224299065}, "31": {"bias": -0.3333333333333333, "objective_cosine_similarity": -0.49192995186664157, "is_tight": 0.0, "dual_solution_value": 0.0, "scaled_age": 0.19626168224299065}, "32": {"bias": -0.7071067811865475, "objective_cosine_similarity": -0.2738003651908623, "is_tight": 1.0, "dual_solution_value": -0.039796102566078254, "scaled_age": 0.0}, "33": {"bias": -0.4082482904638631, "objective_cosine_similarity": -0.39370547774010217, "is_tight": 0.0, "dual_solution_value": 0.0, "scaled_age": 0.19626168224299065}, "34": {"bias": -0.4082482904638631, "objective_cosine_similarity": -0.48616661266391403, "is_tight": 0.0, "dual_solution_value": 0.0, "scaled_age": 0.12149532710280374}, "35": {"bias": -0.5, "objective_cosine_similarity": -0.3324180120286959, "is_tight": 1.0, "dual_solution_value": -7.725997987064163e-05, "scaled_age": 0.0}, "36": {"bias": -0.3333333333333333, "objective_cosine_similarity": -0.48705935828380353, "is_tight": 0.0, "dual_solution_value": 0.0, "scaled_age": 0.19626168224299065}, "37": {"bias": -0.4472135954999579, "objective_cosine_similarity": -0.4639556773692043, "is_tight": 0.0, "dual_solution_value": 0.0, "scaled_age": 0.19626168224299065}, "38": {"bias": -0.4472135954999579, "objective_cosine_similarity": -0.2254432516794021, "is_tight": 0.0, "dual_solution_value": 0.0, "scaled_age": 0.19626168224299065}, "39": {"bias": -0.2773500981126146, "objective_cosine_similarity": -0.536966694206553, "is_tight": 0.0, "dual_solution_value": 0.0, "scaled_age": 0.19626168224299065}, "40": {"bias": -0.5, "objective_cosine_similarity": -0.23744143716335422, "is_tight": 0.0, "dual_solution_value": 0.0, "scaled_age": 0.19626168224299065}, "41": {"bias": -0.35355339059327373, "objective_cosine_similarity": -0.4881912171799338, "is_tight": 0.0, "dual_solution_value": 0.0, "scaled_age": 0.19626168224299065}, "42": {"bias": -0.3333333333333333, "objective_cosine_similarity": -0.411565157749814, "is_tight": 0.0, "dual_solution_value": 0.0, "scaled_age": 0.19626168224299065}, "43": {"bias": -0.4082482904638631, "objective_cosine_similarity": -0.40861856401813634, "is_tight": 0.0, "dual_solution_value": 0.0, "scaled_age": 0.19626168224299065}, "44": {"bias": -0.4472135954999579, "objective_cosine_similarity": -0.34306581777300316, "is_tight": 0.0, "dual_solution_value": 0.0, "scaled_age": 0.19626168224299065}, "45": {"bias": -0.30151134457776363, "objective_cosine_similarity": -0.4890235602777567, "is_tight": 0.0, "dual_solution_value": 0.0, "scaled_age": 0.19626168224299065}, "46": {"bias": -0.3779644730092272, "objective_cosine_similarity": -0.37278454569784913, "is_tight": 0.0, "dual_solution_value": 0.0, "scaled_age": 0.19626168224299065}, "47": {"bias": -0.3333333333333333, "objective_cosine_similarity": -0.43348282887258516, "is_tight": 0.0, "dual_solution_value": 0.0, "scaled_age": 0.19626168224299065}, "48": {"bias": -0.3333333333333333, "objective_cosine_similarity": -0.5089770294065747, "is_tight": 0.0, "dual_solution_value": 0.0, "scaled_age": 0.19626168224299065}, "49": {"bias": -0.4472135954999579, "objective_cosine_similarity": -0.39534251381460367, "is_tight": 0.0, "dual_solution_value": 0.0, "scaled_age": 0.19626168224299065}, "50": {"bias": -0.35355339059327373, "objective_cosine_similarity": -0.4881912171799338, "is_tight": 0.0, "dual_solution_value": 0.0, "scaled_age": 0.19626168224299065}, "51": {"bias": -0.4082482904638631, "objective_cosine_similarity": -0.25650508398218774, "is_tight": 0.0, "dual_solution_value": 0.0, "scaled_age": 0.11214953271028037}, "52": {"bias": -0.4082482904638631, "objective_cosine_similarity": -0.4235316502961705, "is_tight": 0.0, "dual_solution_value": 0.0, "scaled_age": 0.19626168224299065}, "53": {"bias": -0.4472135954999579, "objective_cosine_similarity": -0.41494627483020385, "is_tight": 1.0, "dual_solution_value": -0.023645349269302375, "scaled_age": 0.0}, "54": {"bias": -0.4082482904638631, "objective_cosine_similarity": -0.2594877012377946, "is_tight": 0.0, "dual_solution_value": 0.0, "scaled_age": 0.19626168224299065}, "55": {"bias": -0.4082482904638631, "objective_cosine_similarity": -0.28334863928264925, "is_tight": 0.0, "dual_solution_value": 0.0, "scaled_age": 0.19626168224299065}, "56": {"bias": -0.4082482904638631, "objective_cosine_similarity": -0.39370547774010217, "is_tight": 0.0, "dual_solution_value": 0.0, "scaled_age": 0.19626168224299065}, "57": {"bias": -0.5, "objective_cosine_similarity": -0.3506827379643386, "is_tight": 0.0, "dual_solution_value": 0.0, "scaled_age": 0.14953271028037382}, "58": {"bias": -0.4082482904638631, "objective_cosine_similarity": -0.5786277475877258, "is_tight": 1.0, "dual_solution_value": -0.017837044051244103, "scaled_age": 0.0}, "59": {"bias": -0.35355339059327373, "objective_cosine_similarity": -0.46752703867496304, "is_tight": 0.0, "dual_solution_value": 0.0, "scaled_age": 0.19626168224299065}, "60": {"bias": -0.4082482904638631, "objective_cosine_similarity": -0.4235316502961705, "is_tight": 0.0, "dual_solution_value": 0.0, "scaled_age": 0.19626168224299065}, "61": {"bias": -0.35355339059327373, "objective_cosine_similarity": -0.4287817039781429, "is_tight": 0.0, "dual_solution_value": 0.0, "scaled_age": 0.19626168224299065}, "62": {"bias": -0.5, "objective_cosine_similarity": -0.1899531497306834, "is_tight": 0.0, "dual_solution_value": 0.0, "scaled_age": 0.19626168224299065}, "63": {"bias": -0.4082482904638631, "objective_cosine_similarity": -0.3161574290943244, "is_tight": 0.0, "dual_solution_value": 0.0, "scaled_age": 0.19626168224299065}, "64": {"bias": -0.35355339059327373, "objective_cosine_similarity": -0.40036845853380815, "is_tight": 0.0, "dual_solution_value": 0.0, "scaled_age": 0.19626168224299065}, "65": {"bias": -0.3333333333333333, "objective_cosine_similarity": -0.4505299064125183, "is_tight": 0.0, "dual_solution_value": 0.0, "scaled_age": 0.19626168224299065}, "66": {"bias": -0.4472135954999579, "objective_cosine_similarity": -0.4672229708718043, "is_tight": 0.0, "dual_solution_value": 0.0, "scaled_age": 0.1588785046728972}, "67": {"bias": -0.5, "objective_cosine_similarity": -0.34702979277721, "is_tight": 1.0, "dual_solution_value": -2.9079876209560804e-07, "scaled_age": 0.0}, "68": {"bias": -0.4082482904638631, "objective_cosine_similarity": -0.31019219458311076, "is_tight": 0.0, "dual_solution_value": 0.0, "scaled_age": 0.17757009345794392}, "69": {"bias": -0.5773502691896258, "objective_cosine_similarity": -0.1391959065501578, "is_tight": 0.0, "dual_solution_value": 0.0, "scaled_age": 0.07476635514018691}, "70": {"bias": -0.4082482904638631, "objective_cosine_similarity": -0.2893138737938629, "is_tight": 0.0, "dual_solution_value": 0.0, "scaled_age": 0.19626168224299065}, "71": {"bias": -0.4082482904638631, "objective_cosine_similarity": -0.4652882918746662, "is_tight": 0.0, "dual_solution_value": 0.0, "scaled_age": 0.19626168224299065}, "72": {"bias": -0.4082482904638631, "objective_cosine_similarity": -0.25650508398218774, "is_tight": 0.0, "dual_solution_value": 0.0, "scaled_age": 0.1588785046728972}, "73": {"bias": -0.3333333333333333, "objective_cosine_similarity": -0.49192995186664157, "is_tight": 0.0, "dual_solution_value": 0.0, "scaled_age": 0.19626168224299065}, "74": {"bias": -0.3779644730092272, "objective_cosine_similarity": -0.5384665660080044, "is_tight": 0.0, "dual_solution_value": 0.0, "scaled_age": 0.1308411214953271}, "75": {"bias": -0.3333333333333333, "objective_cosine_similarity": -0.43104753208116614, "is_tight": 0.0, "dual_solution_value": 0.0, "scaled_age": 0.19626168224299065}, "76": {"bias": -0.3779644730092272, "objective_cosine_similarity": -0.5384665660080044, "is_tight": 1.0, "dual_solution_value": -0.006447833662105251, "scaled_age": 0.0}, "77": {"bias": -0.4082482904638631, "objective_cosine_similarity": -0.5279232542424097, "is_tight": 0.0, "dual_solution_value": 0.0, "scaled_age": 0.19626168224299065}, "78": {"bias": -0.4472135954999579, "objective_cosine_similarity": -0.40514439432240373, "is_tight": 1.0, "dual_solution_value": -0.012777268062533197, "scaled_age": 0.0}, "79": {"bias": -0.31622776601683794, "objective_cosine_similarity": -0.5336851655093177, "is_tight": 0.0, "dual_solution_value": 0.0, "scaled_age": 0.19626168224299065}, "80": {"bias": -0.3779644730092272, "objective_cosine_similarity": -0.3865913807236954, "is_tight": 0.0, "dual_solution_value": 0.0, "scaled_age": 0.19626168224299065}, "81": {"bias": -0.3333333333333333, "objective_cosine_similarity": -0.47488287432670845, "is_tight": 0.0, "dual_solution_value": 0.0, "scaled_age": 0.19626168224299065}, "82": {"bias": -0.4082482904638631, "objective_cosine_similarity": -0.450375205596632, "is_tight": 0.0, "dual_solution_value": 0.0, "scaled_age": 0.06542056074766354}, "83": {"bias": -0.3333333333333333, "objective_cosine_similarity": -0.3287650668415674, "is_tight": 0.0, "dual_solution_value": 0.0, "scaled_age": 0.19626168224299065}, "84": {"bias": -0.35355339059327373, "objective_cosine_similarity": -0.4907742394930551, "is_tight": 0.0, "dual_solution_value": 0.0, "scaled_age": 0.19626168224299065}, "85": {"bias": -0.3333333333333333, "objective_cosine_similarity": -0.43104753208116614, "is_tight": 0.0, "dual_solution_value": 0.0, "scaled_age": 0.19626168224299065}, "86": {"bias": -0.4472135954999579, "objective_cosine_similarity": -0.3136601762496029, "is_tight": 0.0, "dual_solution_value": 0.0, "scaled_age": 0.19626168224299065}, "87": {"bias": -0.4082482904638631, "objective_cosine_similarity": -0.39370547774010217, "is_tight": 0.0, "dual_solution_value": 0.0, "scaled_age": 0.19626168224299065}, "88": {"bias": -0.31622776601683794, "objective_cosine_similarity": -0.547547117860209, "is_tight": 0.0, "dual_solution_value": 0.0, "scaled_age": 0.19626168224299065}, "89": {"bias": -0.4472135954999579, "objective_cosine_similarity": -0.27445265421840254, "is_tight": 0.0, "dual_solution_value": 0.0, "scaled_age": 0.19626168224299065}, "90": {"bias": -0.3779644730092272, "objective_cosine_similarity": -0.41420505077538794, "is_tight": 0.0, "dual_solution_value": 0.0, "scaled_age": 0.19626168224299065}, "91": {"bias": -0.4082482904638631, "objective_cosine_similarity": -0.37580977420646117, "is_tight": 0.0, "dual_solution_value": 0.0, "scaled_age": 0.04672897196261682}, "92": {"bias": -0.4472135954999579, "objective_cosine_similarity": -0.36920416579380344, "is_tight": 1.0, "dual_solution_value": -0.022731442025708946, "scaled_age": 0.0}, "93": {"bias": -0.4082482904638631, "objective_cosine_similarity": -0.5070449334531618, "is_tight": 1.0, "dual_solution_value": -0.012208352174383246, "scaled_age": 0.0}, "94": {"bias": -0.4082482904638631, "objective_cosine_similarity": -0.28334863928264925, "is_tight": 0.0, "dual_solution_value": 0.0, "scaled_age": 0.19626168224299065}, "95": {"bias": -0.4472135954999579, "objective_cosine_similarity": -0.3594022852860033, "is_tight": 0.0, "dual_solution_value": 0.0, "scaled_age": 0.009345794392523364}, "96": {"bias": -0.5, "objective_cosine_similarity": -0.18264725935642634, "is_tight": 0.0, "dual_solution_value": 0.0, "scaled_age": 0.19626168224299065}, "97": {"bias": -0.4082482904638631, "objective_cosine_similarity": -0.4116011812737432, "is_tight": 0.0, "dual_solution_value": 0.0, "scaled_age": 0.19626168224299065}, "98": {"bias": -0.3779644730092272, "objective_cosine_similarity": -0.37278454569784913, "is_tight": 0.0, "dual_solution_value": 0.0, "scaled_age": 0.19626168224299065}, "99": {"bias": -0.3779644730092272, "objective_cosine_similarity": -0.36726181168751065, "is_tight": 0.0, "dual_solution_value": 0.0, "scaled_age": 0.19626168224299065}, "100": {"bias": -0.4472135954999579, "objective_cosine_similarity": -0.18623572964820173, "is_tight": 0.0, "dual_solution_value": 0.0, "scaled_age": 0.19626168224299065}, "101": {"bias": -0.3779644730092272, "objective_cosine_similarity": -0.32584130660997185, "is_tight": 0.0, "dual_solution_value": 0.0, "scaled_age": 0.19626168224299065}, "102": {"bias": -0.3779644730092272, "objective_cosine_similarity": -0.3645004446823414, "is_tight": 0.0, "dual_solution_value": 0.0, "scaled_age": 0.19626168224299065}, "103": {"bias": -0.35355339059327373, "objective_cosine_similarity": -0.3797042800288374, "is_tight": 0.0, "dual_solution_value": 0.0, "scaled_age": 0.19626168224299065}, "104": {"bias": -0.35355339059327373, "objective_cosine_similarity": -0.5036893510586619, "is_tight": 0.0, "dual_solution_value": 0.0, "scaled_age": 0.19626168224299065}, "105": {"bias": -0.4082482904638631, "objective_cosine_similarity": -0.3728271569508543, "is_tight": 0.0, "dual_solution_value": 0.0, "scaled_age": 0.19626168224299065}, "106": {"bias": -0.3779644730092272, "objective_cosine_similarity": -0.32584130660997185, "is_tight": 0.0, "dual_solution_value": 0.0, "scaled_age": 0.19626168224299065}, "107": {"bias": -0.35355339059327373, "objective_cosine_similarity": -0.3254608114532892, "is_tight": 0.0, "dual_solution_value": 0.0, "scaled_age": 0.19626168224299065}, "108": {"bias": -0.3333333333333333, "objective_cosine_similarity": -0.4992358422408987, "is_tight": 0.0, "dual_solution_value": 0.0, "scaled_age": 0.19626168224299065}, "109": {"bias": -0.4472135954999579, "objective_cosine_similarity": -0.3136601762496029, "is_tight": 0.0, "dual_solution_value": 0.0, "scaled_age": 0.12149532710280374}, "110": {"bias": -0.35355339059327373, "objective_cosine_similarity": -0.3642061461501093, "is_tight": 0.0, "dual_solution_value": 0.0, "scaled_age": 0.19626168224299065}, "111": {"bias": -0.9156078955398377, "objective_cosine_similarity": -0.9770798847149742, "is_tight": 0.0, "dual_solution_value": -0.0, "scaled_age": 0.06542056074766354}, "112": {"bias": -0.9409043587603636, "objective_cosine_similarity": -0.9841743486067178, "is_tight": 0.0, "dual_solution_value": -0.0, "scaled_age": 0.06542056074766354}, "113": {"bias": -0.9113223768657671, "objective_cosine_similarity": -0.9796802889169038, "is_tight": 0.0, "dual_solution_value": -0.0, "scaled_age": 0.028037383177570093}, "114": {"bias": -0.9306199108793809, "objective_cosine_similarity": -0.9877474831869221, "is_tight": 0.0, "dual_solution_value": -0.0, "scaled_age": 0.06542056074766354}, "115": {"bias": -0.9303243240039422, "objective_cosine_similarity": -0.985910946573098, "is_tight": 0.0, "dual_solution_value": -0.0, "scaled_age": 0.06542056074766354}, "116": {"bias": -0.8111071056538127, "objective_cosine_similarity": -0.86161998521299, "is_tight": 0.0, "dual_solution_value": -0.0, "scaled_age": 0.009345794392523364}, "117": {"bias": -0.9428090415820635, "objective_cosine_similarity": -0.9488301963532402, "is_tight": 0.0, "dual_solution_value": -0.0, "scaled_age": 0.04672897196261682}, "118": {"bias": -0.903394103811292, "objective_cosine_similarity": -0.9881813824439922, "is_tight": 0.0, "dual_solution_value": -0.0, "scaled_age": 0.018691588785046728}, "119": {"bias": -0.8926978728963851, "objective_cosine_similarity": -0.985501393650753, "is_tight": 0.0, "dual_solution_value": -0.0, "scaled_age": 0.018691588785046728}, "120": {"bias": -0.9465807792697444, "objective_cosine_similarity": -0.9893162285722951, "is_tight": 1.0, "dual_solution_value": -0.022337257912920915, "scaled_age": 0.0}, "121": {"bias": -0.9058216273156765, "objective_cosine_similarity": -0.9744759840234706, "is_tight": 1.0, "dual_solution_value": -2.389252761108325e-05, "scaled_age": 0.0}, "122": {"bias": -0.932314663860688, "objective_cosine_similarity": -0.9877536014680623, "is_tight": 1.0, "dual_solution_value": -0.03676052903943778, "scaled_age": 0.0}, "123": {"bias": -0.9968101992096627, "objective_cosine_similarity": -0.965036016703829, "is_tight": 1.0, "dual_solution_value": -2.1677739992257254e-07, "scaled_age": 0.0}, "124": {"bias": -0.9198241455585492, "objective_cosine_similarity": -0.9936529718290613, "is_tight": 1.0, "dual_solution_value": -8.50573461551369e-06, "scaled_age": 0.0}, "125": {"bias": -0.9120291854009067, "objective_cosine_similarity": -0.9787868433386107, "is_tight": 1.0, "dual_solution_value": -3.6887997496801945e-06, "scaled_age": 0.0}, "126": {"bias": -0.8717797887081347, "objective_cosine_similarity": -0.9758173866810056, "is_tight": 1.0, "dual_solution_value": -3.6041005660062726e-05, "scaled_age": 0.0}, "127": {"bias": -0.9473729613780998, "objective_cosine_similarity": -0.9730678334399496, "is_tight": 1.0, "dual_solution_value": -1.0285732127083312e-05, "scaled_age": 0.0}, "128": {"bias": -0.9314695414650662, "objective_cosine_similarity": -0.984873788418212, "is_tight": 1.0, "dual_solution_value": -5.6330843117222276e-06, "scaled_age": 0.0}}