{"0": {"bias": -0.753778361444409, "objective_cosine_similarity": -0.7953143221239817, "is_tight": 0.0, "dual_solution_value": -0.0, "scaled_age": 0.13861386138613863}, "1": {"bias": -0.7184212081070996, "objective_cosine_similarity": -0.7754310677188995, "is_tight": 0.0, "dual_solution_value": -0.0, "scaled_age": 0.039603960396039604}, "2": {"bias": -1.0552897060221726, "objective_cosine_similarity": -0.8681332295377449, "is_tight": 0.0, "dual_solution_value": -0.0, "scaled_age": 0.09900990099009901}, "3": {"bias": -1.032613572953274, "objective_cosine_similarity": -0.9062051675054383, "is_tight": 1.0, "dual_solution_value": -3.3995110195546946e-07, "scaled_age": 0.0}, "4": {"bias": -1.0120486274099798, "objective_cosine_similarity": -0.8990800961490636, "is_tight": 1.0, "dual_solution_value": -2.2546642408134637e-05, "scaled_age": 0.0}, "5": {"bias": -0.6708203932499369, "objective_cosine_similarity": -0.6907171505551735, "is_tight": 1.0, "dual_solution_value": -0.0012792495365123704, "scaled_age": 0.0}, "6": {"bias": -0.8615864949867531, "objective_cosine_similarity": -0.8681468343570437, "is_tight": 0.0, "dual_solution_value": -0.0, "scaled_age": 0.0594059405940594}, "7": {"bias": -0.8551861104941365, "objective_cosine_similarity": -0.8708374690936772, "is_tight": 1.0, "dual_solution_value": -5.81213432646271e-05, "scaled_age": 0.0}, "8": {"bias": -0.816496580927726, "objective_cosine_similarity": -0.8282711405874422, "is_tight": 1.0, "dual_solution_value": -0.00011756434401095819, "scaled_age": 0.0}, "9": {"bias": -0.753778361444409, "objective_cosine_similarity": -0.8234829529753962, "is_tight": 0.0, "dual_solution_value": -0.0, "scaled_age": 0.1188118811881188}, "10": {"bias": -0.8551861104941365, "objective_cosine_similarity": -0.8285826671911953, "is_tight": 0.0, "dual_solution_value": -0.0, "scaled_age": 0.10891089108910891}, "11": {"bias": -0.9066706198351945, "objective_cosine_similarity": -0.9136292951098858, "is_tight": 0.0, "dual_solution_value": 0.0, "scaled_age": 0.009900990099009901}, "12": {"bias": -0.9928318292438708, "objective_cosine_similarity": -0.9665654372127911, "is_tight": 1.0, "dual_solution_value": -0.0007713009927315508, "scaled_age": 0.0}, "13": {"bias": -0.985641421754807, "objective_cosine_similarity": -0.9582856828036183, "is_tight": 0.0, "dual_solution_value": 0.0, "scaled_age": 0.12871287128712872}, "14": {"bias": -0.9597775321040701, "objective_cosine_similarity": -0.9486982900706302, "is_tight": 1.0, "dual_solution_value": -0.025593373373559086, "scaled_age": 0.0}, "15": {"bias": -0.9934801249154702, "objective_cosine_similarity": -0.9438304503945302, "is_tight": 1.0, "dual_solution_value": -0.004000066270488056, "scaled_age": 0.0}, "16": {"bias": -0.9777932777855264, "objective_cosine_similarity": -0.9325845947702381, "is_tight": 1.0, "dual_solution_value": -0.007589816298979528, "scaled_age": 0.0}, "17": {"bias": -0.31622776601683794, "objective_cosine_similarity": -0.40103742381357177, "is_tight": 0.0, "dual_solution_value": 0.0, "scaled_age": 0.2079207920792079}, "18": {"bias": -0.35355339059327373, "objective_cosine_similarity": -0.3064119642237329, "is_tight": 0.0, "dual_solution_value": 0.0, "scaled_age": 0.2079207920792079}, "19": {"bias": -0.7071067811865475, "objective_cosine_similarity": -0.2783007748454088, "is_tight": 1.0, "dual_solution_value": -0.027744155327200436, "scaled_age": 0.0}, "20": {"bias": -0.4472135954999579, "objective_cosine_similarity": -0.3502478215170378, "is_tight": 1.0, "dual_solution_value": -0.002051802834670481, "scaled_age": 0.0}, "21": {"bias": -0.35355339059327373, "objective_cosine_similarity": -0.3021952858169843, "is_tight": 0.0, "dual_solution_value": 0.0, "scaled_age": 0.2079207920792079}, "22": {"bias": -0.4082482904638631, "objective_cosine_similarity": -0.43334107355358675, "is_tight": 1.0, "dual_solution_value": -0.015426962616245217, "scaled_age": 0.0}, "23": {"bias": -0.3333333333333333, "objective_cosine_similarity": -0.450559219763664, "is_tight": 0.0, "dual_solution_value": 0.0, "scaled_age": 0.19801980198019803}, "24": {"bias": -0.35355339059327373, "objective_cosine_similarity": -0.4610235058045156, "is_tight": 0.0, "dual_solution_value": 0.0, "scaled_age": 0.1485148514851485}, "25": {"bias": -0.3779644730092272, "objective_cosine_similarity": -0.34259423115081333, "is_tight": 0.0, "dual_solution_value": 0.0, "scaled_age": 0.2079207920792079}, "26": {"bias": -0.5, "objective_cosine_similarity": -0.38363792388700213, "is_tight": 1.0, "dual_solution_value": -0.0035471078516019156, "scaled_age": 0.0}, "27": {"bias": -0.4472135954999579, "objective_cosine_similarity": -0.39825133004982977, "is_tight": 1.0, "dual_solution_value": -3.0388513539100903e-05, "scaled_age": 0.0}, "28": {"bias": -0.5, "objective_cosine_similarity": -0.17889851372969012, "is_tight": 0.0, "dual_solution_value": 0.0, "scaled_age": 0.019801980198019802}, "29": {"bias": -0.4082482904638631, "objective_cosine_similarity": -0.32784605564728286, "is_tight": 0.0, "dual_solution_value": 0.0, "scaled_age": 0.019801980198019802}, "30": {"bias": -0.4472135954999579, "objective_cosine_similarity": -0.2773536048561315, "is_tight": 0.0, "dual_solution_value": 0.0, "scaled_age": 0.0594059405940594}, "31": {"bias": -0.35355339059327373, "objective_cosine_similarity": -0.2515951449360009, "is_tight": 0.0, "dual_solution_value": 0.0, "scaled_age": 0.2079207920792079}, "32": {"bias": -0.4472135954999579, "objective_cosine_similarity": -0.5760421023935037, "is_tight": 1.0, "dual_solution_value": -0.05108116156444958, "scaled_age": 0.0}, "33": {"bias": -0.4082482904638631, "objective_cosine_similarity": -0.34894505922854363, "is_tight": 1.0, "dual_solution_value": -6.288686428579492e-05, "scaled_age": 0.0}, "34": {"bias": -0.4082482904638631, "objective_cosine_similarity": -0.3603060611569148, "is_tight": 0.0, "dual_solution_value": 0.0, "scaled_age": 0.009900990099009901}, "35": {"bias": -0.5773502691896258, "objective_cosine_similarity": -0.25936539714931206, "is_tight": 1.0, "dual_solution_value": -0.007661848125185433, "scaled_age": 0.0}, "36": {"bias": -0.35355339059327373, "objective_cosine_similarity": -0.37528437820062704, "is_tight": 0.0, "dual_solution_value": 0.0, "scaled_age": 0.2079207920792079}, "37": {"bias": -0.35355339059327373, "objective_cosine_similarity": -0.42729007855052664, "is_tight": 0.0, "dual_solution_value": 0.0, "scaled_age": 0.09900990099009901}, "38": {"bias": -0.35355339059327373, "objective_cosine_similarity": -0.26565073962516295, "is_tight": 0.0, "dual_solution_value": 0.0, "scaled_age": 0.009900990099009901}, "39": {"bias": -0.5, "objective_cosine_similarity": -0.3001519508131467, "is_tight": 0.0, "dual_solution_value": 0.0, "scaled_age": 0.18811881188118812}, "40": {"bias": -0.31622776601683794, "objective_cosine_similarity": -0.39223722956060936, "is_tight": 0.0, "dual_solution_value": 0.0, "scaled_age": 0.2079207920792079}, "41": {"bias": -0.4472135954999579, "objective_cosine_similarity": -0.4089187763904502, "is_tight": 0.0, "dual_solution_value": 0.0, "scaled_age": 0.07920792079207921}, "42": {"bias": -0.35355339059327373, "objective_cosine_similarity": -0.3724732592627946, "is_tight": 0.0, "dual_solution_value": 0.0, "scaled_age": 0.16831683168316833}, "43": {"bias": -0.30151134457776363, "objective_cosine_similarity": -0.40275148791809773, "is_tight": 0.0, "dual_solution_value": 0.0, "scaled_age": 0.2079207920792079}, "44": {"bias": -0.4472135954999579, "objective_cosine_similarity": -0.20979311136553533, "is_tight": 1.0, "dual_solution_value": -0.00010357350610491562, "scaled_age": 0.0}, "45": {"bias": -0.35355339059327373, "objective_cosine_similarity": -0.21786171768201196, "is_tight": 0.0, "dual_solution_value": 0.0, "scaled_age": 0.2079207920792079}, "46": {"bias": -0.3779644730092272, "objective_cosine_similarity": -0.28699779890265503, "is_tight": 0.0, "dual_solution_value": 0.0, "scaled_age": 0.2079207920792079}, "47": {"bias": -0.3333333333333333, "objective_cosine_similarity": -0.46513613569719425, "is_tight": 0.0, "dual_solution_value": 0.0, "scaled_age": 0.2079207920792079}, "48": {"bias": -0.3333333333333333, "objective_cosine_similarity": -0.3485208082289518, "is_tight": 0.0, "dual_solution_value": 0.0, "scaled_age": 0.009900990099009901}, "49": {"bias": -0.4472135954999579, "objective_cosine_similarity": -0.2560187121748906, "is_tight": 0.0, "dual_solution_value": 0.0, "scaled_age": 0.0891089108910891}, "50": {"bias": -0.3779644730092272, "objective_cosine_similarity": -0.25694567336310997, "is_tight": 0.0, "dual_solution_value": 0.0, "scaled_age": 0.2079207920792079}, "51": {"bias": -0.3779644730092272, "objective_cosine_similarity": -0.26445870474799626, "is_tight": 0.0, "dual_solution_value": 0.0, "scaled_age": 0.2079207920792079}, "52": {"bias": -0.3779644730092272, "objective_cosine_similarity": -0.31103949933429104, "is_tight": 0.0, "dual_solution_value": 0.0, "scaled_age": 0.2079207920792079}, "53": {"bias": -0.3779644730092272, "objective_cosine_similarity": -0.4147193324457214, "is_tight": 0.0, "dual_solution_value": 0.0, "scaled_age": 0.0297029702970297}, "54": {"bias": -0.3333333333333333, "objective_cosine_similarity": -0.3140662796587893, "is_tight": 0.0, "dual_solution_value": 0.0, "scaled_age": 0.2079207920792079}, "55": {"bias": -0.4082482904638631, "objective_cosine_similarity": -0.41061906969684436, "is_tight": 0.0, "dual_solution_value": 0.0, "scaled_age": 0.12871287128712872}, "56": {"bias": -0.4082482904638631, "objective_cosine_similarity": -0.49339208374640586, "is_tight": 1.0, "dual_solution_value": -0.0056388347046134315, "scaled_age": 0.0}, "57": {"bias": -0.3779644730092272, "objective_cosine_similarity": -0.23741179176240573, "is_tight": 0.0, "dual_solution_value": 0.0, "scaled_age": 0.2079207920792079}, "58": {"bias": -0.4082482904638631, "objective_cosine_similarity": -0.31161605289246685, "is_tight": 0.0, "dual_solution_value": 0.0, "scaled_age": 0.2079207920792079}, "59": {"bias": -0.4472135954999579, "objective_cosine_similarity": -0.2542408044514538, "is_tight": 1.0, "dual_solution_value": -0.005642574205165344, "scaled_age": 0.0}, "60": {"bias": -0.4082482904638631, "objective_cosine_similarity": -0.3359610570246908, "is_tight": 0.0, "dual_solution_value": 0.0, "scaled_age": 0.2079207920792079}, "61": {"bias": -0.2672612419124244, "objective_cosine_similarity": -0.443063787656004, "is_tight": 0.0, "dual_solution_value": 0.0, "scaled_age": 0.2079207920792079}, "62": {"bias": -0.4082482904638631, "objective_cosine_similarity": -0.2986320506886141, "is_tight": 1.0, "dual_solution_value": -0.010961439284504493, "scaled_age": 0.0}, "63": {"bias": -0.3333333333333333, "objective_cosine_similarity": -0.26768518350664744, "is_tight": 0.0, "dual_solution_value": 0.0, "scaled_age": 0.2079207920792079}, "64": {"bias": -0.3333333333333333, "objective_cosine_similarity": -0.29551384119793256, "is_tight": 0.0, "dual_solution_value": 0.0, "scaled_age": 0.2079207920792079}, "65": {"bias": -0.3779644730092272, "objective_cosine_similarity": -0.35762029392058586, "is_tight": 0.0, "dual_solution_value": 0.0, "scaled_age": 0.2079207920792079}, "66": {"bias": -0.4082482904638631, "objective_cosine_similarity": -0.3018780512395773, "is_tight": 1.0, "dual_solution_value": -0.0012003037035164543, "scaled_age": 0.0}, "67": {"bias": -0.35355339059327373, "objective_cosine_similarity": -0.25721738281166573, "is_tight": 0.0, "dual_solution_value": 0.0, "scaled_age": 0.2079207920792079}, "68": {"bias": -0.3333333333333333, "objective_cosine_similarity": -0.3816501626233389, "is_tight": 0.0, "dual_solution_value": 0.0, "scaled_age": 0.2079207920792079}, "69": {"bias": -0.4082482904638631, "objective_cosine_similarity": -0.2775330471073533, "is_tight": 0.0, "dual_solution_value": 0.0, "scaled_age": 0.2079207920792079}, "70": {"bias": -0.4472135954999579, "objective_cosine_similarity": -0.3058001284311193, "is_tight": 0.0, "dual_solution_value": 0.0, "scaled_age": 0.2079207920792079}, "71": {"bias": -0.4082482904638631, "objective_cosine_similarity": -0.31810805399439324, "is_tight": 0.0, "dual_solution_value": 0.0, "scaled_age": 0.2079207920792079}, "72": {"bias": -0.4472135954999579, "objective_cosine_similarity": -0.2346838194936497, "is_tight": 0.0, "dual_solution_value": 0.0, "scaled_age": 0.09900990099009901}, "73": {"bias": -0.35355339059327373, "objective_cosine_similarity": -0.3977733297032863, "is_tight": 0.0, "dual_solution_value": 0.0, "scaled_age": 0.019801980198019802}, "74": {"bias": -0.35355339059327373, "objective_cosine_similarity": -0.3443620698844705, "is_tight": 0.0, "dual_solution_value": 0.0, "scaled_age": 0.2079207920792079}, "75": {"bias": -0.3333333333333333, "objective_cosine_similarity": -0.5764507664623347, "is_tight": 1.0, "dual_solution_value": -0.00554947089103017, "scaled_age": 0.0}, "76": {"bias": -0.3779644730092272, "objective_cosine_similarity": -0.2479300357012465, "is_tight": 0.0, "dual_solution_value": 0.0, "scaled_age": 0.2079207920792079}, "77": {"bias": -0.35355339059327373, "objective_cosine_similarity": -0.3471731888223029, "is_tight": 0.0, "dual_solution_value": 0.0, "scaled_age": 0.2079207920792079}, "78": {"bias": -0.3779644730092272, "objective_cosine_similarity": -0.23741179176240573, "is_tight": 0.0, "dual_solution_value": 0.0, "scaled_age": 0.2079207920792079}, "79": {"bias": -0.4472135954999579, "objective_cosine_similarity": -0.2435733581108334, "is_tight": 0.0, "dual_solution_value": 0.0, "scaled_age": 0.04950495049504951}, "80": {"bias": -0.3333333333333333, "objective_cosine_similarity": -0.3273180214165441, "is_tight": 0.0, "dual_solution_value": 0.0, "scaled_age": 0.2079207920792079}, "81": {"bias": -0.35355339059327373, "objective_cosine_similarity": -0.29938416687915187, "is_tight": 0.0, "dual_solution_value": 0.0, "scaled_age": 0.2079207920792079}, "82": {"bias": -0.30151134457776363, "objective_cosine_similarity": -0.4279234559129788, "is_tight": 0.0, "dual_solution_value": 0.0, "scaled_age": 0.2079207920792079}, "83": {"bias": -0.35355339059327373, "objective_cosine_similarity": -0.2839230127210736, "is_tight": 0.0, "dual_solution_value": 0.0, "scaled_age": 0.2079207920792079}, "84": {"bias": -0.3779644730092272, "objective_cosine_similarity": -0.3275681683810408, "is_tight": 0.0, "dual_solution_value": 0.0, "scaled_age": 0.2079207920792079}, "85": {"bias": -0.4472135954999579, "objective_cosine_similarity": -0.37158271419827865, "is_tight": 0.0, "dual_solution_value": 0.0, "scaled_age": 0.16831683168316833}, "86": {"bias": -0.4472135954999579, "objective_cosine_similarity": -0.2791315125795682, "is_tight": 0.0, "dual_solution_value": 0.0, "scaled_age": 0.0891089108910891}, "87": {"bias": -0.35355339059327373, "objective_cosine_similarity": -0.5284903603124935, "is_tight": 0.0, "dual_solution_value": 0.0, "scaled_age": 0.19801980198019803}, "88": {"bias": -0.35355339059327373, "objective_cosine_similarity": -0.4357234353640239, "is_tight": 0.0, "dual_solution_value": 0.0, "scaled_age": 0.2079207920792079}, "89": {"bias": -0.31622776601683794, "objective_cosine_similarity": -0.39852308259843966, "is_tight": 0.0, "dual_solution_value": 0.0, "scaled_age": 0.2079207920792079}, "90": {"bias": -0.2886751345948129, "objective_cosine_similarity": -0.3328140051915951, "is_tight": 0.0, "dual_solution_value": 0.0, "scaled_age": 0.2079207920792079}, "91": {"bias": -0.4472135954999579, "objective_cosine_similarity": -0.19734775730147816, "is_tight": 0.0, "dual_solution_value": 0.0, "scaled_age": 0.2079207920792079}, "92": {"bias": -0.3333333333333333, "objective_cosine_similarity": -0.36839842086558405, "is_tight": 0.0, "dual_solution_value": 0.0, "scaled_age": 0.2079207920792079}, "93": {"bias": -0.35355339059327373, "objective_cosine_similarity": -0.5017847304030856, "is_tight": 0.0, "dual_solution_value": 0.0, "scaled_age": 0.019801980198019802}, "94": {"bias": -0.3779644730092272, "objective_cosine_similarity": -0.43575582032340293, "is_tight": 1.0, "dual_solution_value": -0.003794788216508968, "scaled_age": 0.0}, "95": {"bias": -0.5, "objective_cosine_similarity": -0.2802743381765145, "is_tight": 0.0, "dual_solution_value": 0.0, "scaled_age": 0.2079207920792079}, "96": {"bias": -0.4082482904638631, "objective_cosine_similarity": -0.30837005234150366, "is_tight": 0.0, "dual_solution_value": 0.0, "scaled_age": 0.2079207920792079}, "97": {"bias": -0.3779644730092272, "objective_cosine_similarity": -0.36212811275151763, "is_tight": 1.0, "dual_solution_value": -0.00012086524373637032, "scaled_age": 0.0}, "98": {"bias": -0.4472135954999579, "objective_cosine_similarity": -0.31646757477173976, "is_tight": 0.0, "dual_solution_value": 0.0, "scaled_age": 0.2079207920792079}, "99": {"bias": -0.4472135954999579, "objective_cosine_similarity": -0.20623729591866186, "is_tight": 0.0, "dual_solution_value": 0.0, "scaled_age": 0.009900990099009901}, "100": {"bias": -0.3779644730092272, "objective_cosine_similarity": -0.42974539521549393, "is_tight": 0.0, "dual_solution_value": 0.0, "scaled_age": 0.15841584158415842}, "101": {"bias": -0.4082482904638631, "objective_cosine_similarity": -0.2986320506886141, "is_tight": 0.0, "dual_solution_value": 0.0, "scaled_age": 0.1188118811881188}, "102": {"bias": -0.5, "objective_cosine_similarity": -0.186849558784343, "is_tight": 0.0, "dual_solution_value": 0.0, "scaled_age": 0.2079207920792079}, "103": {"bias": -0.5, "objective_cosine_similarity": -0.1610086623567211, "is_tight": 0.0, "dual_solution_value": 0.0, "scaled_age": 0.2079207920792079}, "104": {"bias": -0.35355339059327373, "objective_cosine_similarity": -0.2937619290034871, "is_tight": 0.0, "dual_solution_value": 0.0, "scaled_age": 0.2079207920792079}, "105": {"bias": -0.4472135954999579, "objective_cosine_similarity": -0.2169047422592823, "is_tight": 0.0, "dual_solution_value": 0.0, "scaled_age": 0.2079207920792079}, "106": {"bias": -0.3779644730092272, "objective_cosine_similarity": -0.2779821612407915, "is_tight": 0.0, "dual_solution_value": 0.0, "scaled_age": 0.2079207920792079}, "107": {"bias": -0.3333333333333333, "objective_cosine_similarity": -0.40550329778729755, "is_tight": 0.0, "dual_solution_value": 0.0, "scaled_age": 0.2079207920792079}, "108": {"bias": -0.3779644730092272, "objective_cosine_similarity": -0.31254210561126833, "is_tight": 0.0, "dual_solution_value": 0.0, "scaled_age": 0.2079207920792079}, "109": {"bias": -0.5, "objective_cosine_similarity": -0.2683477705945352, "is_tight": 0.0, "dual_solution_value": 0.0, "scaled_age": 0.2079207920792079}, "110": {"bias": -0.3779644730092272, "objective_cosine_similarity": -0.48083400863272047, "is_tight": 0.0, "dual_solution_value": 0.0, "scaled_age": 0.2079207920792079}, "111": {"bias": -0.3333333333333333, "objective_cosine_similarity": -0.4810382258065001, "is_tight": 0.0, "dual_solution_value": 0.0, "scaled_age": 0.2079207920792079}, "112": {"bias": -0.5, "objective_cosine_similarity": -0.17293522993870045, "is_tight": 1.0, "dual_solution_value": -0.00031680177791183924, "scaled_age": 0.0}, "113": {"bias": -0.4472135954999579, "objective_cosine_similarity": -0.19201403413116794, "is_tight": 0.0, "dual_solution_value": 0.0, "scaled_age": 0.2079207920792079}, "114": {"bias": -0.9802610854293395, "objective_cosine_similarity": -0.9530495763648875, "is_tight": 0.0, "dual_solution_value": -0.0, "scaled_age": 0.0297029702970297}, "115": {"bias": -0.0, "objective_cosine_similarity": -0.3235792056654867, "is_tight": 0.0, "dual_solution_value": 0.0, "scaled_age": 0.019801980198019802}, "116": {"bias": -0.9191450300180578, "objective_cosine_similarity": -0.9036022212247157, "is_tight": 0.0, "dual_solution_value": -0.0, "scaled_age": 0.019801980198019802}, "117": {"bias": -0.8438159256945179, "objective_cosine_similarity": -0.8916551310787868, "is_tight": 0.0, "dual_solution_value": -0.0, "scaled_age": 0.13861386138613863}, "118": {"bias": -0.9152086306448588, "objective_cosine_similarity": -0.9231223100454332, "is_tight": 0.0, "dual_solution_value": -0.0, "scaled_age": 0.019801980198019802}, "119": {"bias": -0.9993833823696653, "objective_cosine_similarity": -0.9311460469446765, "is_tight": 1.0, "dual_solution_value": -0.00014366715482399398, "scaled_age": 0.0}, "120": {"bias": -0.6030226891555273, "objective_cosine_similarity": -0.5346046536055702, "is_tight": 0.0, "dual_solution_value": -0.0, "scaled_age": 0.09900990099009901}, "121": {"bias": -0.9847978190676168, "objective_cosine_similarity": -0.9512340320723744, "is_tight": 1.0, "dual_solution_value": -0.00010282649925644442, "scaled_age": 0.0}, "122": {"bias": -0.7682212795973759, "objective_cosine_similarity": -0.8302010193184676, "is_tight": 1.0, "dual_solution_value": -0.0005267712394067475, "scaled_age": 0.0}, "123": {"bias": -1.035427217026736, "objective_cosine_similarity": -0.9106653516895948, "is_tight": 1.0, "dual_solution_value": -0.004589781240835886, "scaled_age": 0.0}, "124": {"bias": -0.8626621856275073, "objective_cosine_similarity": -0.9049680078237392, "is_tight": 1.0, "dual_solution_value": -0.0005277094431881521, "scaled_age": 0.0}, "125": {"bias": -1.0, "objective_cosine_similarity": -0.7839730423887753, "is_tight": 1.0, "dual_solution_value": -0.001132523272431254, "scaled_age": 0.0}, "126": {"bias": -0.8682431421244593, "objective_cosine_similarity": -0.8722989974271982, "is_tight": 0.0, "dual_solution_value": -0.0, "scaled_age": 0.0297029702970297}, "127": {"bias": -0.9799118698777318, "objective_cosine_similarity": -0.9028945186735331, "is_tight": 0.0, "dual_solution_value": -0.0, "scaled_age": 0.0594059405940594}, "128": {"bias": -0.9545454545454546, "objective_cosine_similarity": -0.8923241018153634, "is_tight": 1.0, "dual_solution_value": -0.00015903301436818933, "scaled_age": 0.0}, "129": {"bias": -1.0, "objective_cosine_similarity": -0.9020822025642555, "is_tight": 0.0, "dual_solution_value": -0.0, "scaled_age": 0.009900990099009901}, "130": {"bias": -0.6405126152203485, "objective_cosine_similarity": -0.7562725822610459, "is_tight": 1.0, "dual_solution_value": -8.955954482386963e-05, "scaled_age": 0.0}, "131": {"bias": -0.9271726499455306, "objective_cosine_similarity": -0.9291342160691969, "is_tight": 1.0, "dual_solution_value": -7.909142746548402e-05, "scaled_age": 0.0}, "132": {"bias": -0.9061831399952655, "objective_cosine_similarity": -0.9191309693665791, "is_tight": 1.0, "dual_solution_value": -7.566134071870642e-05, "scaled_age": 0.0}, "133": {"bias": -1.0223313016447166, "objective_cosine_similarity": -0.8740505353237722, "is_tight": 1.0, "dual_solution_value": -4.061777140489248e-05, "scaled_age": 0.0}}