{"0": {"bias": -0.5547001962252291, "objective_cosine_similarity": -0.6131719781716848, "is_tight": 0.0, "dual_solution_value": -0.0, "scaled_age": 0.10975609756097561}, "1": {"bias": -0.9736794452059351, "objective_cosine_similarity": -0.8902082312075879, "is_tight": 1.0, "dual_solution_value": -3.1583707269771126e-09, "scaled_age": 0.0}, "2": {"bias": -1.0101328995376027, "objective_cosine_similarity": -0.9150997695559494, "is_tight": 0.0, "dual_solution_value": -0.0, "scaled_age": 0.024390243902439025}, "3": {"bias": -0.7559289460184544, "objective_cosine_similarity": -0.816302178999342, "is_tight": 1.0, "dual_solution_value": -1.980045969004925e-05, "scaled_age": 0.0}, "4": {"bias": -0.9124581956820661, "objective_cosine_similarity": -0.9279259795759254, "is_tight": 0.0, "dual_solution_value": 0.0, "scaled_age": 0.024390243902439025}, "5": {"bias": -0.9645942997712902, "objective_cosine_similarity": -0.9467194682829022, "is_tight": 0.0, "dual_solution_value": 0.0, "scaled_age": 0.12195121951219512}, "6": {"bias": -0.9286402622925183, "objective_cosine_similarity": -0.9281908927253232, "is_tight": 0.0, "dual_solution_value": 0.0, "scaled_age": 0.012195121951219513}, "7": {"bias": -0.9943153204019266, "objective_cosine_similarity": -0.942776582479063, "is_tight": 1.0, "dual_solution_value": -0.0007736972067125016, "scaled_age": 0.0}, "8": {"bias": -0.3333333333333333, "objective_cosine_similarity": -0.43968748898116067, "is_tight": 0.0, "dual_solution_value": 0.0, "scaled_age": 0.3170731707317073}, "9": {"bias": -0.4082482904638631, "objective_cosine_similarity": -0.31096767440751577, "is_tight": 0.0, "dual_solution_value": 0.0, "scaled_age": 0.3170731707317073}, "10": {"bias": -0.4082482904638631, "objective_cosine_similarity": -0.28062936470922156, "is_tight": 0.0, "dual_solution_value": 0.0, "scaled_age": 0.12195121951219512}, "11": {"bias": -0.3333333333333333, "objective_cosine_similarity": -0.33441020288707995, "is_tight": 0.0, "dual_solution_value": 0.0, "scaled_age": 0.3170731707317073}, "12": {"bias": -0.35355339059327373, "objective_cosine_similarity": -0.3530534740574724, "is_tight": 0.0, "dual_solution_value": 0.0, "scaled_age": 0.14634146341463414}, "13": {"bias": -0.5773502691896258, "objective_cosine_similarity": -0.163574736945186, "is_tight": 0.0, "dual_solution_value": 0.0, "scaled_age": 0.21951219512195122}, "14": {"bias": -0.2672612419124244, "objective_cosine_similarity": -0.5635583097754334, "is_tight": 0.0, "dual_solution_value": 0.0, "scaled_age": 0.3170731707317073}, "15": {"bias": -0.5773502691896258, "objective_cosine_similarity": -0.22525045743271516, "is_tight": 0.0, "dual_solution_value": 0.0, "scaled_age": 0.0975609756097561}, "16": {"bias": -0.31622776601683794, "objective_cosine_similarity": -0.4083116945421782, "is_tight": 0.0, "dual_solution_value": 0.0, "scaled_age": 0.3170731707317073}, "17": {"bias": -0.3779644730092272, "objective_cosine_similarity": -0.37743003975238393, "is_tight": 1.0, "dual_solution_value": -0.005519018590877438, "scaled_age": 0.0}, "18": {"bias": -0.4082482904638631, "objective_cosine_similarity": -0.28821394213379514, "is_tight": 0.0, "dual_solution_value": 0.0, "scaled_age": 0.1951219512195122}, "19": {"bias": -0.5, "objective_cosine_similarity": -0.22990701448486747, "is_tight": 1.0, "dual_solution_value": -0.0013421730268064905, "scaled_age": 0.0}, "20": {"bias": -0.4472135954999579, "objective_cosine_similarity": -0.30118270048229456, "is_tight": 0.0, "dual_solution_value": 0.0, "scaled_age": 0.3170731707317073}, "21": {"bias": -0.3779644730092272, "objective_cosine_similarity": -0.34407575716961514, "is_tight": 0.0, "dual_solution_value": 0.0, "scaled_age": 0.04878048780487805}, "22": {"bias": -0.3779644730092272, "objective_cosine_similarity": -0.4125398108921406, "is_tight": 1.0, "dual_solution_value": -1.4274020522533525e-05, "scaled_age": 0.0}, "23": {"bias": -0.5, "objective_cosine_similarity": -0.39711211592840745, "is_tight": 1.0, "dual_solution_value": -0.03264177516831908, "scaled_age": 0.0}, "24": {"bias": -0.2581988897471611, "objective_cosine_similarity": -0.5672343651240718, "is_tight": 0.0, "dual_solution_value": 0.0, "scaled_age": 0.3170731707317073}, "25": {"bias": -0.5, "objective_cosine_similarity": -0.3065426859798233, "is_tight": 1.0, "dual_solution_value": -0.014720021848855906, "scaled_age": 0.0}, "26": {"bias": -0.4472135954999579, "objective_cosine_similarity": -0.3904989495908371, "is_tight": 1.0, "dual_solution_value": -0.00021087109639847455, "scaled_age": 0.0}, "27": {"bias": -0.4082482904638631, "objective_cosine_similarity": -0.3147599631198026, "is_tight": 0.0, "dual_solution_value": 0.0, "scaled_age": 0.3170731707317073}, "28": {"bias": -0.4082482904638631, "objective_cosine_similarity": -0.22753732273720667, "is_tight": 0.0, "dual_solution_value": 0.0, "scaled_age": 0.3170731707317073}, "29": {"bias": -0.35355339059327373, "objective_cosine_similarity": -0.28572699760930326, "is_tight": 0.0, "dual_solution_value": 0.0, "scaled_age": 0.3170731707317073}, "30": {"bias": -0.4082482904638631, "objective_cosine_similarity": -0.24460262194249718, "is_tight": 1.0, "dual_solution_value": -0.00019924755943062484, "scaled_age": 0.0}, "31": {"bias": -0.4472135954999579, "objective_cosine_similarity": -0.28871996804854444, "is_tight": 0.0, "dual_solution_value": 0.0, "scaled_age": 0.3170731707317073}, "32": {"bias": -0.4472135954999579, "objective_cosine_similarity": -0.32195392120521144, "is_tight": 0.0, "dual_solution_value": 0.0, "scaled_age": 0.3170731707317073}, "33": {"bias": -0.4472135954999579, "objective_cosine_similarity": -0.4133472923860457, "is_tight": 1.0, "dual_solution_value": -0.0001589249150242088, "scaled_age": 0.0}, "34": {"bias": -0.4082482904638631, "objective_cosine_similarity": -0.20478359046348601, "is_tight": 0.0, "dual_solution_value": 0.0, "scaled_age": 0.2926829268292683}, "35": {"bias": -0.5, "objective_cosine_similarity": -0.292608927526195, "is_tight": 0.0, "dual_solution_value": 0.0, "scaled_age": 0.10975609756097561}, "36": {"bias": -0.3779644730092272, "objective_cosine_similarity": -0.324765383042749, "is_tight": 0.0, "dual_solution_value": 0.0, "scaled_age": 0.3170731707317073}, "37": {"bias": -0.3779644730092272, "objective_cosine_similarity": -0.4090288337781649, "is_tight": 0.0, "dual_solution_value": 0.0, "scaled_age": 0.17073170731707318}, "38": {"bias": -0.31622776601683794, "objective_cosine_similarity": -0.3627805343594173, "is_tight": 0.0, "dual_solution_value": 0.0, "scaled_age": 0.3170731707317073}, "39": {"bias": -0.3333333333333333, "objective_cosine_similarity": -0.4365910982136877, "is_tight": 0.0, "dual_solution_value": 0.0, "scaled_age": 0.3170731707317073}, "40": {"bias": -0.3333333333333333, "objective_cosine_similarity": -0.4721995920396268, "is_tight": 1.0, "dual_solution_value": -3.957196039553169e-07, "scaled_age": 0.0}, "41": {"bias": -0.4472135954999579, "objective_cosine_similarity": -0.33441665363896156, "is_tight": 0.0, "dual_solution_value": 0.0, "scaled_age": 0.036585365853658534}, "42": {"bias": -0.3779644730092272, "objective_cosine_similarity": -0.2756117034470897, "is_tight": 0.0, "dual_solution_value": 0.0, "scaled_age": 0.3170731707317073}, "43": {"bias": -0.3779644730092272, "objective_cosine_similarity": -0.44238311636093375, "is_tight": 0.0, "dual_solution_value": 0.0, "scaled_age": 0.06097560975609756}, "44": {"bias": -0.35355339059327373, "objective_cosine_similarity": -0.3826114393274003, "is_tight": 0.0, "dual_solution_value": 0.0, "scaled_age": 0.3170731707317073}, "45": {"bias": -0.31622776601683794, "objective_cosine_similarity": -0.4817490496756635, "is_tight": 0.0, "dual_solution_value": 0.0, "scaled_age": 0.3170731707317073}, "46": {"bias": -0.4472135954999579, "objective_cosine_similarity": -0.311568310843753, "is_tight": 0.0, "dual_solution_value": 0.0, "scaled_age": 0.3170731707317073}, "47": {"bias": -0.5773502691896258, "objective_cosine_similarity": -0.2172057982386896, "is_tight": 0.0, "dual_solution_value": 0.0, "scaled_age": 0.3170731707317073}, "48": {"bias": -0.4472135954999579, "objective_cosine_similarity": -0.17863249821708505, "is_tight": 0.0, "dual_solution_value": 0.0, "scaled_age": 0.3170731707317073}, "49": {"bias": -0.3779644730092272, "objective_cosine_similarity": -0.30369952035889497, "is_tight": 0.0, "dual_solution_value": 0.0, "scaled_age": 0.3170731707317073}, "50": {"bias": -0.4082482904638631, "objective_cosine_similarity": -0.26735635421621784, "is_tight": 0.0, "dual_solution_value": 0.0, "scaled_age": 0.3170731707317073}, "51": {"bias": -0.3779644730092272, "objective_cosine_similarity": -0.23172448952239386, "is_tight": 0.0, "dual_solution_value": 0.0, "scaled_age": 0.3170731707317073}, "52": {"bias": -0.35355339059327373, "objective_cosine_similarity": -0.3169270720608938, "is_tight": 0.0, "dual_solution_value": 0.0, "scaled_age": 0.3170731707317073}, "53": {"bias": -0.4082482904638631, "objective_cosine_similarity": -0.41904790270768894, "is_tight": 0.0, "dual_solution_value": 0.0, "scaled_age": 0.17073170731707318}, "54": {"bias": -0.4472135954999579, "objective_cosine_similarity": -0.37803621715708696, "is_tight": 0.0, "dual_solution_value": 0.0, "scaled_age": 0.3170731707317073}, "55": {"bias": -0.30151134457776363, "objective_cosine_similarity": -0.2646747335216413, "is_tight": 0.0, "dual_solution_value": 0.0, "scaled_age": 0.3170731707317073}, "56": {"bias": -0.3333333333333333, "objective_cosine_similarity": -0.35918132902686367, "is_tight": 0.0, "dual_solution_value": 0.0, "scaled_age": 0.3170731707317073}, "57": {"bias": -0.5, "objective_cosine_similarity": -0.2554522383165194, "is_tight": 0.0, "dual_solution_value": 0.0, "scaled_age": 0.07317073170731707}, "58": {"bias": -0.35355339059327373, "objective_cosine_similarity": -0.3152849628792312, "is_tight": 0.0, "dual_solution_value": 0.0, "scaled_age": 0.3170731707317073}, "59": {"bias": -0.4472135954999579, "objective_cosine_similarity": -0.5109720297837549, "is_tight": 1.0, "dual_solution_value": -0.05084634841060031, "scaled_age": 0.0}, "60": {"bias": -0.3333333333333333, "objective_cosine_similarity": -0.43968748898116067, "is_tight": 0.0, "dual_solution_value": 0.0, "scaled_age": 0.2073170731707317}, "61": {"bias": -0.3779644730092272, "objective_cosine_similarity": -0.2703452377761262, "is_tight": 0.0, "dual_solution_value": 0.0, "scaled_age": 0.3170731707317073}, "62": {"bias": -0.31622776601683794, "objective_cosine_similarity": -0.3216556154846656, "is_tight": 0.0, "dual_solution_value": 0.0, "scaled_age": 0.3170731707317073}, "63": {"bias": -0.30151134457776363, "objective_cosine_similarity": -0.4999411633186558, "is_tight": 0.0, "dual_solution_value": 0.0, "scaled_age": 0.3170731707317073}, "64": {"bias": -0.4472135954999579, "objective_cosine_similarity": -0.2762572356147943, "is_tight": 0.0, "dual_solution_value": 0.0, "scaled_age": 0.3170731707317073}, "65": {"bias": -0.4472135954999579, "objective_cosine_similarity": -0.22432918380750216, "is_tight": 0.0, "dual_solution_value": 0.0, "scaled_age": 0.3170731707317073}, "66": {"bias": -0.31622776601683794, "objective_cosine_similarity": -0.3260618567926747, "is_tight": 0.0, "dual_solution_value": 0.0, "scaled_age": 0.3170731707317073}, "67": {"bias": -0.3333333333333333, "objective_cosine_similarity": -0.34369937518949883, "is_tight": 0.0, "dual_solution_value": 0.0, "scaled_age": 0.3170731707317073}, "68": {"bias": -0.3333333333333333, "objective_cosine_similarity": -0.5743804873662346, "is_tight": 0.0, "dual_solution_value": 0.0, "scaled_age": 0.036585365853658534}, "69": {"bias": -0.4082482904638631, "objective_cosine_similarity": -0.24839491065478395, "is_tight": 0.0, "dual_solution_value": 0.0, "scaled_age": 0.3170731707317073}, "70": {"bias": -0.4472135954999579, "objective_cosine_similarity": -0.3863447054462537, "is_tight": 1.0, "dual_solution_value": -0.04114943827705218, "scaled_age": 0.0}, "71": {"bias": -0.30151134457776363, "objective_cosine_similarity": -0.42712060171481797, "is_tight": 0.0, "dual_solution_value": 0.0, "scaled_age": 0.3170731707317073}, "72": {"bias": -0.4082482904638631, "objective_cosine_similarity": -0.31286381876365915, "is_tight": 0.0, "dual_solution_value": 0.0, "scaled_age": 0.3170731707317073}, "73": {"bias": -0.3779644730092272, "objective_cosine_similarity": -0.3107214745868463, "is_tight": 0.0, "dual_solution_value": 0.0, "scaled_age": 0.3170731707317073}, "74": {"bias": -0.3333333333333333, "objective_cosine_similarity": -0.41956094899258645, "is_tight": 0.0, "dual_solution_value": 0.0, "scaled_age": 0.3170731707317073}, "75": {"bias": -0.3779644730092272, "objective_cosine_similarity": -0.25103486364926003, "is_tight": 0.0, "dual_solution_value": 0.0, "scaled_age": 0.3170731707317073}, "76": {"bias": -0.5, "objective_cosine_similarity": -0.28099746214817134, "is_tight": 0.0, "dual_solution_value": 0.0, "scaled_age": 0.24390243902439024}, "77": {"bias": -0.3779644730092272, "objective_cosine_similarity": -0.38269650542334743, "is_tight": 1.0, "dual_solution_value": -1.4204954487454298e-05, "scaled_age": 0.0}, "78": {"bias": -0.4082482904638631, "objective_cosine_similarity": -0.36974814944796086, "is_tight": 0.0, "dual_solution_value": 0.0, "scaled_age": 0.3170731707317073}, "79": {"bias": -0.35355339059327373, "objective_cosine_similarity": -0.3317060546958578, "is_tight": 0.0, "dual_solution_value": 0.0, "scaled_age": 0.3170731707317073}, "80": {"bias": -0.3333333333333333, "objective_cosine_similarity": -0.3421511798057624, "is_tight": 0.0, "dual_solution_value": 0.0, "scaled_age": 0.3170731707317073}, "81": {"bias": -0.35355339059327373, "objective_cosine_similarity": -0.34320081896749643, "is_tight": 0.0, "dual_solution_value": 0.0, "scaled_age": 0.3170731707317073}, "82": {"bias": -0.4472135954999579, "objective_cosine_similarity": -0.2658716252533359, "is_tight": 0.0, "dual_solution_value": 0.0, "scaled_age": 0.3170731707317073}, "83": {"bias": -0.3779644730092272, "objective_cosine_similarity": -0.34232026861262727, "is_tight": 0.0, "dual_solution_value": 0.0, "scaled_age": 0.14634146341463414}, "84": {"bias": -0.4472135954999579, "objective_cosine_similarity": -0.33233953156666984, "is_tight": 0.0, "dual_solution_value": 0.0, "scaled_age": 0.06097560975609756}, "85": {"bias": -0.4082482904638631, "objective_cosine_similarity": -0.3052792413390856, "is_tight": 0.0, "dual_solution_value": 0.0, "scaled_age": 0.3170731707317073}, "86": {"bias": -0.3779644730092272, "objective_cosine_similarity": -0.3194989173717855, "is_tight": 0.0, "dual_solution_value": 0.0, "scaled_age": 0.3170731707317073}, "87": {"bias": -0.31622776601683794, "objective_cosine_similarity": -0.31431187997131704, "is_tight": 0.0, "dual_solution_value": 0.0, "scaled_age": 0.3170731707317073}, "88": {"bias": -0.3779644730092272, "objective_cosine_similarity": -0.4616934904877999, "is_tight": 0.0, "dual_solution_value": 0.0, "scaled_age": 0.3170731707317073}, "89": {"bias": -0.3779644730092272, "objective_cosine_similarity": -0.34934222284057864, "is_tight": 0.0, "dual_solution_value": 0.0, "scaled_age": 0.18292682926829268}, "90": {"bias": -0.35355339059327373, "objective_cosine_similarity": -0.43515893314060555, "is_tight": 0.0, "dual_solution_value": 0.0, "scaled_age": 0.3170731707317073}, "91": {"bias": -0.30151134457776363, "objective_cosine_similarity": -0.34309687678731277, "is_tight": 0.0, "dual_solution_value": 0.0, "scaled_age": 0.3170731707317073}, "92": {"bias": -0.3779644730092272, "objective_cosine_similarity": -0.2808781691180532, "is_tight": 0.0, "dual_solution_value": 0.0, "scaled_age": 0.3170731707317073}, "93": {"bias": -0.4082482904638631, "objective_cosine_similarity": -0.2920062308460819, "is_tight": 0.0, "dual_solution_value": 0.0, "scaled_age": 0.3170731707317073}, "94": {"bias": -0.4472135954999579, "objective_cosine_similarity": -0.4237329027475041, "is_tight": 1.0, "dual_solution_value": -0.001046902665611769, "scaled_age": 0.0}, "95": {"bias": -0.4472135954999579, "objective_cosine_similarity": -0.3094911887714613, "is_tight": 0.0, "dual_solution_value": 0.0, "scaled_age": 0.3170731707317073}, "96": {"bias": -0.5, "objective_cosine_similarity": -0.27170828984575246, "is_tight": 0.0, "dual_solution_value": 0.0, "scaled_age": 0.3170731707317073}, "97": {"bias": -0.7071067811865475, "objective_cosine_similarity": -0.22004263034279675, "is_tight": 1.0, "dual_solution_value": -0.008791846799335765, "scaled_age": 0.0}, "98": {"bias": -0.4082482904638631, "objective_cosine_similarity": -0.3432021284619534, "is_tight": 0.0, "dual_solution_value": 0.0, "scaled_age": 0.3170731707317073}, "99": {"bias": -0.5, "objective_cosine_similarity": -0.2949312206017997, "is_tight": 1.0, "dual_solution_value": -0.014638040818151107, "scaled_age": 0.0}, "100": {"bias": -0.31622776601683794, "objective_cosine_similarity": -0.5449051750904609, "is_tight": 0.0, "dual_solution_value": 0.0, "scaled_age": 0.3170731707317073}, "101": {"bias": -0.4082482904638631, "objective_cosine_similarity": -0.2749409316407914, "is_tight": 0.0, "dual_solution_value": 0.0, "scaled_age": 0.3170731707317073}, "102": {"bias": -0.3333333333333333, "objective_cosine_similarity": -0.37621147824796497, "is_tight": 0.0, "dual_solution_value": 0.0, "scaled_age": 0.3170731707317073}, "103": {"bias": -0.4082482904638631, "objective_cosine_similarity": -0.4455939236936964, "is_tight": 1.0, "dual_solution_value": -0.013351340780373464, "scaled_age": 0.0}, "104": {"bias": -0.5773502691896258, "objective_cosine_similarity": -0.5148581884176346, "is_tight": 1.0, "dual_solution_value": -0.000510932205558806, "scaled_age": 0.0}, "105": {"bias": -0.972425713333829, "objective_cosine_similarity": -0.9529957477570781, "is_tight": 1.0, "dual_solution_value": -0.004793874267542151, "scaled_age": 0.0}, "106": {"bias": -0.9812207117618907, "objective_cosine_similarity": -0.9545754991434188, "is_tight": 1.0, "dual_solution_value": -0.0034724606779741644, "scaled_age": 0.0}, "107": {"bias": -0.9664699301221716, "objective_cosine_similarity": -0.9555379776203532, "is_tight": 1.0, "dual_solution_value": -0.0027120727049465302, "scaled_age": 0.0}, "108": {"bias": -0.9567833506119051, "objective_cosine_similarity": -0.9566994174467884, "is_tight": 0.0, "dual_solution_value": -0.0, "scaled_age": 0.04878048780487805}, "109": {"bias": -0.6030226891555273, "objective_cosine_similarity": -0.530749862458741, "is_tight": 1.0, "dual_solution_value": -0.0, "scaled_age": 0.0975609756097561}, "110": {"bias": -0.6396021490668313, "objective_cosine_similarity": -0.6763264716208163, "is_tight": 1.0, "dual_solution_value": -0.00012374768454596826, "scaled_age": 0.0}, "111": {"bias": -0.6963106238227914, "objective_cosine_similarity": -0.7123049483465029, "is_tight": 1.0, "dual_solution_value": -0.00018467398528898262, "scaled_age": 0.0}, "112": {"bias": -0.7184212081070996, "objective_cosine_similarity": -0.8049955680306411, "is_tight": 1.0, "dual_solution_value": -4.3222935455321536e-05, "scaled_age": 0.0}, "113": {"bias": -0.9820578636819756, "objective_cosine_similarity": -0.9555443469825255, "is_tight": 1.0, "dual_solution_value": -0.011570633607990499, "scaled_age": 0.0}, "114": {"bias": -0.9271726499455306, "objective_cosine_similarity": -0.9184793631182485, "is_tight": 0.0, "dual_solution_value": -0.0, "scaled_age": 0.0975609756097561}, "115": {"bias": -0.9843363301766728, "objective_cosine_similarity": -0.9508323071698832, "is_tight": 0.0, "dual_solution_value": -0.0, "scaled_age": 0.07317073170731707}, "116": {"bias": -0.6324555320336759, "objective_cosine_similarity": -0.5404989337824517, "is_tight": 1.0, "dual_solution_value": -0.00025796115430594077, "scaled_age": 0.0}, "117": {"bias": -0.9341987329938275, "objective_cosine_similarity": -0.9039513536959459, "is_tight": 1.0, "dual_solution_value": -2.2037438056343497e-05, "scaled_age": 0.0}, "118": {"bias": -0.9800268328477539, "objective_cosine_similarity": -0.9558034633554996, "is_tight": 1.0, "dual_solution_value": -0.0006925772124362136, "scaled_age": 0.0}, "119": {"bias": -0.8819171036881969, "objective_cosine_similarity": -0.8961769083422884, "is_tight": 1.0, "dual_solution_value": -3.7525937087980974e-05, "scaled_age": 0.0}, "120": {"bias": -0.9870126549306348, "objective_cosine_similarity": -0.9557804596098507, "is_tight": 1.0, "dual_solution_value": -0.00684505787832002, "scaled_age": 0.0}, "121": {"bias": -0.969579645507184, "objective_cosine_similarity": -0.9569013161675758, "is_tight": 0.0, "dual_solution_value": -0.0, "scaled_age": 0.012195121951219513}, "122": {"bias": -0.973736035919594, "objective_cosine_similarity": -0.9537937891016901, "is_tight": 1.0, "dual_solution_value": -0.008612046998657983, "scaled_age": 0.0}, "123": {"bias": -0.9858399958972721, "objective_cosine_similarity": -0.9533675189356785, "is_tight": 1.0, "dual_solution_value": -0.0010541581897546158, "scaled_age": 0.0}, "124": {"bias": -0.9787095558948652, "objective_cosine_similarity": -0.953603017769643, "is_tight": 1.0, "dual_solution_value": -0.0013750415105130054, "scaled_age": 0.0}}