{"0": {"bias": -0.8700628401410971, "objective_cosine_similarity": -0.9161461582204466, "is_tight": 0.0, "dual_solution_value": -0.0, "scaled_age": 0.07627118644067797}, "1": {"bias": -0.8846517369293828, "objective_cosine_similarity": -0.8612574747382483, "is_tight": 0.0, "dual_solution_value": -0.0, "scaled_age": 0.07627118644067797}, "2": {"bias": -0.8682431421244593, "objective_cosine_similarity": -0.8690149334030903, "is_tight": 1.0, "dual_solution_value": -6.259570811941477e-05, "scaled_age": 0.0}, "3": {"bias": -1.0701067302782046, "objective_cosine_similarity": -0.924378938525627, "is_tight": 0.0, "dual_solution_value": -0.0, "scaled_age": 0.0423728813559322}, "4": {"bias": -1.0245435281108308, "objective_cosine_similarity": -0.927819100003577, "is_tight": 0.0, "dual_solution_value": -0.0, "scaled_age": 0.11864406779661017}, "5": {"bias": -0.9388763158866086, "objective_cosine_similarity": -0.9570206955414049, "is_tight": 0.0, "dual_solution_value": -0.0, "scaled_age": 0.059322033898305086}, "6": {"bias": -0.9689557810465201, "objective_cosine_similarity": -0.9705960664997798, "is_tight": 0.0, "dual_solution_value": -0.0, "scaled_age": 0.07627118644067797}, "7": {"bias": -1.0087644094647752, "objective_cosine_similarity": -0.9440200207698757, "is_tight": 1.0, "dual_solution_value": -7.8750126876712e-06, "scaled_age": 0.0}, "8": {"bias": -0.9819805060619657, "objective_cosine_similarity": -0.9415832057127245, "is_tight": 0.0, "dual_solution_value": -0.0, "scaled_age": 0.01694915254237288}, "9": {"bias": -0.9483736755559585, "objective_cosine_similarity": -0.9730042949072714, "is_tight": 0.0, "dual_solution_value": -0.0, "scaled_age": 0.0847457627118644}, "10": {"bias": -0.9045340337332909, "objective_cosine_similarity": -0.9514533643363822, "is_tight": 0.0, "dual_solution_value": -0.0, "scaled_age": 0.07627118644067797}, "11": {"bias": -1.027630413581666, "objective_cosine_similarity": -0.9669930182944233, "is_tight": 0.0, "dual_solution_value": 0.0, "scaled_age": 0.09322033898305085}, "12": {"bias": -0.9792026001770703, "objective_cosine_similarity": -0.9762897422760239, "is_tight": 1.0, "dual_solution_value": -0.011003786416032637, "scaled_age": 0.0}, "13": {"bias": -0.9913135712892466, "objective_cosine_similarity": -0.9742539013477368, "is_tight": 1.0, "dual_solution_value": -0.010442044814664004, "scaled_age": 0.0}, "14": {"bias": -0.9544294740939233, "objective_cosine_similarity": -0.9579128665942797, "is_tight": 1.0, "dual_solution_value": -0.002579227954684789, "scaled_age": 0.0}, "15": {"bias": -0.31622776601683794, "objective_cosine_similarity": -0.5018381514270287, "is_tight": 0.0, "dual_solution_value": 0.0, "scaled_age": 0.2457627118644068}, "16": {"bias": -0.35355339059327373, "objective_cosine_similarity": -0.39991309978550976, "is_tight": 0.0, "dual_solution_value": 0.0, "scaled_age": 0.2457627118644068}, "17": {"bias": -0.4472135954999579, "objective_cosine_similarity": -0.3246528910017757, "is_tight": 1.0, "dual_solution_value": -0.0003194488543139912, "scaled_age": 0.0}, "18": {"bias": -0.35355339059327373, "objective_cosine_similarity": -0.3044114640158358, "is_tight": 0.0, "dual_solution_value": 0.0, "scaled_age": 0.2457627118644068}, "19": {"bias": -0.4472135954999579, "objective_cosine_similarity": -0.33975302546697456, "is_tight": 1.0, "dual_solution_value": -0.011403164852620008, "scaled_age": 0.0}, "20": {"bias": -0.2773500981126146, "objective_cosine_similarity": -0.41204705754350635, "is_tight": 0.0, "dual_solution_value": 0.0, "scaled_age": 0.2457627118644068}, "21": {"bias": -0.5, "objective_cosine_similarity": -0.3573454788303048, "is_tight": 0.0, "dual_solution_value": 0.0, "scaled_age": 0.2457627118644068}, "22": {"bias": -0.5, "objective_cosine_similarity": -0.1603834038844675, "is_tight": 0.0, "dual_solution_value": 0.0, "scaled_age": 0.1694915254237288}, "23": {"bias": -0.4472135954999579, "objective_cosine_similarity": -0.4253204541031015, "is_tight": 0.0, "dual_solution_value": 0.0, "scaled_age": 0.05084745762711865}, "24": {"bias": -0.4082482904638631, "objective_cosine_similarity": -0.3331247830146782, "is_tight": 0.0, "dual_solution_value": 0.0, "scaled_age": 0.2457627118644068}, "25": {"bias": -0.5, "objective_cosine_similarity": -0.1969620749458373, "is_tight": 0.0, "dual_solution_value": 0.0, "scaled_age": 0.2457627118644068}, "26": {"bias": -0.4082482904638631, "objective_cosine_similarity": -0.42502127488079633, "is_tight": 0.0, "dual_solution_value": 0.0, "scaled_age": 0.2457627118644068}, "27": {"bias": -0.5773502691896258, "objective_cosine_similarity": -0.20468899258222756, "is_tight": 0.0, "dual_solution_value": 0.0, "scaled_age": 0.2457627118644068}, "28": {"bias": -0.3333333333333333, "objective_cosine_similarity": -0.3376492713357211, "is_tight": 0.0, "dual_solution_value": 0.0, "scaled_age": 0.2457627118644068}, "29": {"bias": -0.4082482904638631, "objective_cosine_similarity": -0.1562240361724008, "is_tight": 0.0, "dual_solution_value": 0.0, "scaled_age": 0.2457627118644068}, "30": {"bias": -0.3779644730092272, "objective_cosine_similarity": -0.41901712489606685, "is_tight": 1.0, "dual_solution_value": -0.002248187288658934, "scaled_age": 0.0}, "31": {"bias": -0.35355339059327373, "objective_cosine_similarity": -0.2904841421327583, "is_tight": 0.0, "dual_solution_value": 0.0, "scaled_age": 0.2457627118644068}, "32": {"bias": -0.3779644730092272, "objective_cosine_similarity": -0.41263615345094906, "is_tight": 0.0, "dual_solution_value": 0.0, "scaled_age": 0.0423728813559322}, "33": {"bias": -0.35355339059327373, "objective_cosine_similarity": -0.2825256724852855, "is_tight": 0.0, "dual_solution_value": 0.0, "scaled_age": 0.2457627118644068}, "34": {"bias": -0.4082482904638631, "objective_cosine_similarity": -0.2825817124883132, "is_tight": 0.0, "dual_solution_value": 0.0, "scaled_age": 0.1016949152542373}, "35": {"bias": -0.35355339059327373, "objective_cosine_similarity": -0.29446337695649477, "is_tight": 0.0, "dual_solution_value": 0.0, "scaled_age": 0.2457627118644068}, "36": {"bias": -0.4472135954999579, "objective_cosine_similarity": -0.23656877328811562, "is_tight": 0.0, "dual_solution_value": 0.0, "scaled_age": 0.2457627118644068}, "37": {"bias": -0.4472135954999579, "objective_cosine_similarity": -0.3674366053198392, "is_tight": 0.0, "dual_solution_value": 0.0, "scaled_age": 0.19491525423728814}, "38": {"bias": -0.4082482904638631, "objective_cosine_similarity": -0.2871765370816191, "is_tight": 0.0, "dual_solution_value": 0.0, "scaled_age": 0.2457627118644068}, "39": {"bias": -0.3779644730092272, "objective_cosine_similarity": -0.3509534294814773, "is_tight": 0.0, "dual_solution_value": 0.0, "scaled_age": 0.17796610169491525}, "40": {"bias": -0.4082482904638631, "objective_cosine_similarity": -0.2642024141150896, "is_tight": 0.0, "dual_solution_value": 0.0, "scaled_age": 0.2457627118644068}, "41": {"bias": -0.35355339059327373, "objective_cosine_similarity": -0.6287191021503536, "is_tight": 1.0, "dual_solution_value": -0.006423689641330668, "scaled_age": 0.0}, "42": {"bias": -0.5, "objective_cosine_similarity": -0.21103079458482568, "is_tight": 0.0, "dual_solution_value": 0.0, "scaled_age": 0.01694915254237288}, "43": {"bias": -0.4082482904638631, "objective_cosine_similarity": -0.40893938880422565, "is_tight": 1.0, "dual_solution_value": -1.2186213798340842e-05, "scaled_age": 0.0}, "44": {"bias": -0.3333333333333333, "objective_cosine_similarity": -0.2682435877833784, "is_tight": 0.0, "dual_solution_value": 0.0, "scaled_age": 0.2457627118644068}, "45": {"bias": -0.5, "objective_cosine_similarity": -0.3263942956245304, "is_tight": 1.0, "dual_solution_value": -1.0545654518740294e-05, "scaled_age": 0.0}, "46": {"bias": -0.7071067811865475, "objective_cosine_similarity": -0.08754316612220114, "is_tight": 1.0, "dual_solution_value": -0.011937704471209246, "scaled_age": 0.0}, "47": {"bias": -0.4472135954999579, "objective_cosine_similarity": -0.30451937838151055, "is_tight": 0.0, "dual_solution_value": 0.0, "scaled_age": 0.025423728813559324}, "48": {"bias": -0.4082482904638631, "objective_cosine_similarity": -0.3101506600481487, "is_tight": 0.0, "dual_solution_value": 0.0, "scaled_age": 0.1271186440677966}, "49": {"bias": -0.30151134457776363, "objective_cosine_similarity": -0.3783755688756366, "is_tight": 0.0, "dual_solution_value": 0.0, "scaled_age": 0.2457627118644068}, "50": {"bias": -0.3779644730092272, "objective_cosine_similarity": -0.32542954370100624, "is_tight": 0.0, "dual_solution_value": 0.0, "scaled_age": 0.09322033898305085}, "51": {"bias": -0.4472135954999579, "objective_cosine_similarity": -0.37246998347490545, "is_tight": 0.0, "dual_solution_value": 0.0, "scaled_age": 0.00847457627118644}, "52": {"bias": -0.4472135954999579, "objective_cosine_similarity": -0.2063685043577179, "is_tight": 0.0, "dual_solution_value": 0.0, "scaled_age": 0.2457627118644068}, "53": {"bias": -0.5773502691896258, "objective_cosine_similarity": -0.1234632018749944, "is_tight": 0.0, "dual_solution_value": 0.0, "scaled_age": 0.2457627118644068}, "54": {"bias": -0.3779644730092272, "objective_cosine_similarity": -0.3084136198473588, "is_tight": 0.0, "dual_solution_value": 0.0, "scaled_age": 0.11016949152542373}, "55": {"bias": -0.3779644730092272, "objective_cosine_similarity": -0.41263615345094906, "is_tight": 0.0, "dual_solution_value": 0.0, "scaled_age": 0.2457627118644068}, "56": {"bias": -0.4082482904638631, "objective_cosine_similarity": -0.4732669331105083, "is_tight": 0.0, "dual_solution_value": 0.0, "scaled_age": 0.11016949152542373}, "57": {"bias": -0.4472135954999579, "objective_cosine_similarity": -0.3875701179401043, "is_tight": 1.0, "dual_solution_value": -0.00893308218224906, "scaled_age": 0.0}, "58": {"bias": -0.4082482904638631, "objective_cosine_similarity": -0.34231443220129, "is_tight": 0.0, "dual_solution_value": 0.0, "scaled_age": 0.2457627118644068}, "59": {"bias": -0.31622776601683794, "objective_cosine_similarity": -0.46624679316979256, "is_tight": 0.0, "dual_solution_value": 0.0, "scaled_age": 0.2457627118644068}, "60": {"bias": -0.4472135954999579, "objective_cosine_similarity": -0.2541855968308476, "is_tight": 0.0, "dual_solution_value": 0.0, "scaled_age": 0.2457627118644068}, "61": {"bias": -0.5, "objective_cosine_similarity": -0.4530127723754258, "is_tight": 0.0, "dual_solution_value": 0.0, "scaled_age": 0.2457627118644068}, "62": {"bias": -0.3779644730092272, "objective_cosine_similarity": -0.32542954370100624, "is_tight": 0.0, "dual_solution_value": 0.0, "scaled_age": 0.2457627118644068}, "63": {"bias": -0.4082482904638631, "objective_cosine_similarity": -0.18379298373223624, "is_tight": 0.0, "dual_solution_value": 0.0, "scaled_age": 0.2457627118644068}, "64": {"bias": -0.5773502691896258, "objective_cosine_similarity": -0.3249031628289326, "is_tight": 1.0, "dual_solution_value": -0.012427871509037727, "scaled_age": 0.0}, "65": {"bias": -0.5, "objective_cosine_similarity": -0.4783364677256049, "is_tight": 0.0, "dual_solution_value": 0.0, "scaled_age": 0.059322033898305086}, "66": {"bias": -0.4082482904638631, "objective_cosine_similarity": -0.20676710669876577, "is_tight": 0.0, "dual_solution_value": 0.0, "scaled_age": 0.2457627118644068}, "67": {"bias": -0.5, "objective_cosine_similarity": -0.2335407460072071, "is_tight": 0.0, "dual_solution_value": 0.0, "scaled_age": 0.11016949152542373}, "68": {"bias": -0.5, "objective_cosine_similarity": -0.2307270020794094, "is_tight": 0.0, "dual_solution_value": 0.0, "scaled_age": 0.2457627118644068}, "69": {"bias": -0.5, "objective_cosine_similarity": -0.19414833101803963, "is_tight": 0.0, "dual_solution_value": 0.0, "scaled_age": 0.03389830508474576}, "70": {"bias": -0.4472135954999579, "objective_cosine_similarity": -0.364919916242306, "is_tight": 1.0, "dual_solution_value": -1.9006883145009485e-05, "scaled_age": 0.0}, "71": {"bias": -0.3779644730092272, "objective_cosine_similarity": -0.40625518200583133, "is_tight": 0.0, "dual_solution_value": 0.0, "scaled_age": 0.2457627118644068}, "72": {"bias": -0.4082482904638631, "objective_cosine_similarity": -0.3469092567945959, "is_tight": 0.0, "dual_solution_value": 0.0, "scaled_age": 0.025423728813559324}, "73": {"bias": -0.3779644730092272, "objective_cosine_similarity": -0.442414020194832, "is_tight": 0.0, "dual_solution_value": 0.0, "scaled_age": 0.2457627118644068}, "74": {"bias": -0.30151134457776363, "objective_cosine_similarity": -0.2918412459489215, "is_tight": 0.0, "dual_solution_value": 0.0, "scaled_age": 0.2457627118644068}, "75": {"bias": -0.4082482904638631, "objective_cosine_similarity": -0.42961609947410223, "is_tight": 0.0, "dual_solution_value": 0.0, "scaled_age": 0.2457627118644068}, "76": {"bias": -0.3779644730092272, "objective_cosine_similarity": -0.33819148659124176, "is_tight": 0.0, "dual_solution_value": 0.0, "scaled_age": 0.2457627118644068}, "77": {"bias": -0.4082482904638631, "objective_cosine_similarity": -0.33082737071802526, "is_tight": 0.0, "dual_solution_value": 0.0, "scaled_age": 0.03389830508474576}, "78": {"bias": -0.5773502691896258, "objective_cosine_similarity": -0.16570061304275563, "is_tight": 0.0, "dual_solution_value": 0.0, "scaled_age": 0.2288135593220339}, "79": {"bias": -0.3333333333333333, "objective_cosine_similarity": -0.24573363636099702, "is_tight": 0.0, "dual_solution_value": 0.0, "scaled_age": 0.2457627118644068}, "80": {"bias": -0.35355339059327373, "objective_cosine_similarity": -0.565051344970571, "is_tight": 0.0, "dual_solution_value": 0.0, "scaled_age": 0.17796610169491525}, "81": {"bias": -0.4082482904638631, "objective_cosine_similarity": -0.4158316256941845, "is_tight": 0.0, "dual_solution_value": 0.0, "scaled_age": 0.2457627118644068}, "82": {"bias": -0.5, "objective_cosine_similarity": -0.21947202636821872, "is_tight": 0.0, "dual_solution_value": 0.0, "scaled_age": 0.2457627118644068}, "83": {"bias": -0.31622776601683794, "objective_cosine_similarity": -0.5125155589041995, "is_tight": 0.0, "dual_solution_value": 0.0, "scaled_age": 0.2457627118644068}, "84": {"bias": -0.4082482904638631, "objective_cosine_similarity": -0.2687972387083955, "is_tight": 0.0, "dual_solution_value": 0.0, "scaled_age": 0.2457627118644068}, "85": {"bias": -0.35355339059327373, "objective_cosine_similarity": -0.38797539531430053, "is_tight": 0.0, "dual_solution_value": 0.0, "scaled_age": 0.2457627118644068}, "86": {"bias": -0.4082482904638631, "objective_cosine_similarity": -0.2894739493782721, "is_tight": 0.0, "dual_solution_value": 0.0, "scaled_age": 0.2457627118644068}, "87": {"bias": -0.4082482904638631, "objective_cosine_similarity": -0.3239351338280664, "is_tight": 0.0, "dual_solution_value": 0.0, "scaled_age": 0.2457627118644068}, "88": {"bias": -0.5, "objective_cosine_similarity": -0.30951183205774435, "is_tight": 1.0, "dual_solution_value": -2.7239965901413693e-05, "scaled_age": 0.0}, "89": {"bias": -0.3333333333333333, "objective_cosine_similarity": -0.3845450034656823, "is_tight": 0.0, "dual_solution_value": 0.0, "scaled_age": 0.2457627118644068}, "90": {"bias": -0.35355339059327373, "objective_cosine_similarity": -0.4397054480228739, "is_tight": 0.0, "dual_solution_value": 0.0, "scaled_age": 0.2457627118644068}, "91": {"bias": -0.4082482904638631, "objective_cosine_similarity": -0.18379298373223624, "is_tight": 0.0, "dual_solution_value": 0.0, "scaled_age": 0.2457627118644068}, "92": {"bias": -0.3779644730092272, "objective_cosine_similarity": -0.37222333429853655, "is_tight": 0.0, "dual_solution_value": 0.0, "scaled_age": 0.2457627118644068}, "93": {"bias": -0.4082482904638631, "objective_cosine_similarity": -0.39745232732096086, "is_tight": 0.0, "dual_solution_value": 0.0, "scaled_age": 0.09322033898305085}, "94": {"bias": -0.4472135954999579, "objective_cosine_similarity": -0.5788384878326234, "is_tight": 1.0, "dual_solution_value": -0.040429364782031935, "scaled_age": 0.0}, "95": {"bias": -0.4472135954999579, "objective_cosine_similarity": -0.3246528910017757, "is_tight": 1.0, "dual_solution_value": -0.0034416484910147643, "scaled_age": 0.0}, "96": {"bias": -0.4082482904638631, "objective_cosine_similarity": -0.24812052803851892, "is_tight": 0.0, "dual_solution_value": 0.0, "scaled_age": 0.2457627118644068}, "97": {"bias": -0.30151134457776363, "objective_cosine_similarity": -0.37667881744570103, "is_tight": 0.0, "dual_solution_value": 0.0, "scaled_age": 0.2457627118644068}, "98": {"bias": -0.35355339059327373, "objective_cosine_similarity": -0.306401081427704, "is_tight": 0.0, "dual_solution_value": 0.0, "scaled_age": 0.2457627118644068}, "99": {"bias": -0.3779644730092272, "objective_cosine_similarity": -0.3339375056278299, "is_tight": 0.0, "dual_solution_value": 0.0, "scaled_age": 0.2457627118644068}, "100": {"bias": -0.3779644730092272, "objective_cosine_similarity": -0.304159638883947, "is_tight": 0.0, "dual_solution_value": 0.0, "scaled_age": 0.2457627118644068}, "101": {"bias": -0.3333333333333333, "objective_cosine_similarity": -0.5289838584259631, "is_tight": 0.0, "dual_solution_value": 0.0, "scaled_age": 0.2457627118644068}, "102": {"bias": -0.3333333333333333, "objective_cosine_similarity": -0.43706822345123897, "is_tight": 0.0, "dual_solution_value": 0.0, "scaled_age": 0.2457627118644068}, "103": {"bias": -0.3779644730092272, "objective_cosine_similarity": -0.470064896457009, "is_tight": 0.0, "dual_solution_value": 0.0, "scaled_age": 0.0847457627118644}, "104": {"bias": -0.4472135954999579, "objective_cosine_similarity": -0.24160215144318192, "is_tight": 0.0, "dual_solution_value": 0.0, "scaled_age": 0.2457627118644068}, "105": {"bias": -0.3779644730092272, "objective_cosine_similarity": -0.4232711058594787, "is_tight": 0.0, "dual_solution_value": 0.0, "scaled_age": 0.2457627118644068}, "106": {"bias": -0.4472135954999579, "objective_cosine_similarity": -0.26173566406344706, "is_tight": 0.0, "dual_solution_value": 0.0, "scaled_age": 0.2457627118644068}, "107": {"bias": -0.4082482904638631, "objective_cosine_similarity": -0.2802843001916603, "is_tight": 0.0, "dual_solution_value": 0.0, "scaled_age": 0.01694915254237288}, "108": {"bias": -0.3779644730092272, "objective_cosine_similarity": -0.3403184770729477, "is_tight": 0.0, "dual_solution_value": 0.0, "scaled_age": 0.1016949152542373}, "109": {"bias": -0.3779644730092272, "objective_cosine_similarity": -0.41901712489606685, "is_tight": 0.0, "dual_solution_value": 0.0, "scaled_age": 0.2457627118644068}, "110": {"bias": -0.9950385142968051, "objective_cosine_similarity": -0.9766762210274524, "is_tight": 0.0, "dual_solution_value": -0.0, "scaled_age": 0.0423728813559322}, "111": {"bias": -0.5773502691896258, "objective_cosine_similarity": -0.6693005154276012, "is_tight": 0.0, "dual_solution_value": -0.0, "scaled_age": 0.01694915254237288}, "112": {"bias": -0.9879008173620372, "objective_cosine_similarity": -0.9714229917963432, "is_tight": 1.0, "dual_solution_value": -0.015231583130555828, "scaled_age": 0.0}, "113": {"bias": -1.00477982050203, "objective_cosine_similarity": -0.9809051849990728, "is_tight": 1.0, "dual_solution_value": -0.012726177093828677, "scaled_age": 0.0}, "114": {"bias": -0.8164965809277261, "objective_cosine_similarity": -0.7857150054553099, "is_tight": 1.0, "dual_solution_value": -2.0316493739091207e-05, "scaled_age": 0.0}, "115": {"bias": -0.9741763740941048, "objective_cosine_similarity": -0.9593790000239356, "is_tight": 0.0, "dual_solution_value": -0.0, "scaled_age": 0.11864406779661017}, "116": {"bias": -0.6882472016116852, "objective_cosine_similarity": -0.6881212585754304, "is_tight": 1.0, "dual_solution_value": -9.574750718360812e-05, "scaled_age": 0.0}, "117": {"bias": -0.8006407690254357, "objective_cosine_similarity": -0.7650502355046005, "is_tight": 1.0, "dual_solution_value": -3.826238516487863e-05, "scaled_age": 0.0}, "118": {"bias": -0.7878385971583353, "objective_cosine_similarity": -0.9022278600174345, "is_tight": 1.0, "dual_solution_value": -0.00014324568416167747, "scaled_age": 0.0}, "119": {"bias": -0.8551861104941365, "objective_cosine_similarity": -0.9081968321251602, "is_tight": 0.0, "dual_solution_value": -0.0, "scaled_age": 0.11864406779661017}, "120": {"bias": -0.9848202248021413, "objective_cosine_similarity": -0.9615480788457503, "is_tight": 0.0, "dual_solution_value": -0.0, "scaled_age": 0.025423728813559324}, "121": {"bias": -0.9941916256019201, "objective_cosine_similarity": -0.9416749936731831, "is_tight": 0.0, "dual_solution_value": -0.0, "scaled_age": 0.01694915254237288}, "122": {"bias": -0.9761870601839528, "objective_cosine_similarity": -0.9186320714546286, "is_tight": 1.0, "dual_solution_value": -4.0976293640251385e-05, "scaled_age": 0.0}, "123": {"bias": -0.8838834764831843, "objective_cosine_similarity": -0.7968417734532172, "is_tight": 1.0, "dual_solution_value": -8.881701383955488e-05, "scaled_age": 0.0}, "124": {"bias": -0.9434563530497265, "objective_cosine_similarity": -0.9426937880196047, "is_tight": 0.0, "dual_solution_value": -0.0, "scaled_age": 0.0423728813559322}, "125": {"bias": -0.9285714285714286, "objective_cosine_similarity": -0.9409963621391942, "is_tight": 1.0, "dual_solution_value": -1.286032911970985e-05, "scaled_age": 0.0}, "126": {"bias": -1.009853499805574, "objective_cosine_similarity": -0.9769578829250749, "is_tight": 1.0, "dual_solution_value": -0.006744251158983656, "scaled_age": 0.0}, "127": {"bias": -0.9542374472273958, "objective_cosine_similarity": -0.9623734822054884, "is_tight": 0.0, "dual_solution_value": -0.0, "scaled_age": 0.0423728813559322}, "128": {"bias": -0.9253819302121102, "objective_cosine_similarity": -0.954936603514822, "is_tight": 0.0, "dual_solution_value": 0.0, "scaled_age": 0.0423728813559322}, "129": {"bias": -1.0021455210734824, "objective_cosine_similarity": -0.9788654385940809, "is_tight": 1.0, "dual_solution_value": -0.015099618818332123, "scaled_age": 0.0}, "130": {"bias": -1.0097217045953788, "objective_cosine_similarity": -0.9807826534417063, "is_tight": 1.0, "dual_solution_value": -0.0036197923080784115, "scaled_age": 0.0}, "131": {"bias": -1.0109583327958003, "objective_cosine_similarity": -0.9793157479074809, "is_tight": 1.0, "dual_solution_value": -0.0021735730477309757, "scaled_age": 0.0}, "132": {"bias": -0.9932275659789452, "objective_cosine_similarity": -0.9764973739216035, "is_tight": 1.0, "dual_solution_value": -0.003116755776667927, "scaled_age": 0.0}, "133": {"bias": -0.9335200560186733, "objective_cosine_similarity": -0.9482337864650595, "is_tight": 1.0, "dual_solution_value": -1.3029726593541628e-06, "scaled_age": 0.0}}