{"0": {"bias": -0.9263671131731709, "objective_cosine_similarity": -0.9259715766206881, "is_tight": 0.0, "dual_solution_value": -0.0, "scaled_age": 0.09473684210526316}, "1": {"bias": -0.5773502691896258, "objective_cosine_similarity": -0.544774938659376, "is_tight": 1.0, "dual_solution_value": -0.000814432963513917, "scaled_age": 0.0}, "2": {"bias": -0.6708203932499369, "objective_cosine_similarity": -0.6769276183089067, "is_tight": 0.0, "dual_solution_value": -0.0, "scaled_age": 0.10526315789473684}, "3": {"bias": -0.5547001962252291, "objective_cosine_similarity": -0.654253538751041, "is_tight": 0.0, "dual_solution_value": -0.0, "scaled_age": 0.09473684210526316}, "4": {"bias": -0.9241225782328517, "objective_cosine_similarity": -0.8899562117965426, "is_tight": 1.0, "dual_solution_value": -4.848000304922065e-10, "scaled_age": 0.0}, "5": {"bias": -0.9970544855015815, "objective_cosine_similarity": -0.9443164934410552, "is_tight": 0.0, "dual_solution_value": -0.0, "scaled_age": 0.10526315789473684}, "6": {"bias": -1.0517504626445138, "objective_cosine_similarity": -0.9548094306788354, "is_tight": 0.0, "dual_solution_value": 0.0, "scaled_age": 0.11578947368421053}, "7": {"bias": -1.095681098874363, "objective_cosine_similarity": -0.9735406234457392, "is_tight": 1.0, "dual_solution_value": -0.00048646977207613404, "scaled_age": 0.0}, "8": {"bias": -0.9661068772733491, "objective_cosine_similarity": -0.9271133852671227, "is_tight": 0.0, "dual_solution_value": 0.0, "scaled_age": 0.06315789473684211}, "9": {"bias": -1.0781404958206562, "objective_cosine_similarity": -0.9723469740397027, "is_tight": 1.0, "dual_solution_value": -0.027286504246942716, "scaled_age": 0.0}, "10": {"bias": -0.35355339059327373, "objective_cosine_similarity": -0.3753058006044777, "is_tight": 0.0, "dual_solution_value": 0.0, "scaled_age": 0.22105263157894736}, "11": {"bias": -0.4082482904638631, "objective_cosine_similarity": -0.3504377846416351, "is_tight": 0.0, "dual_solution_value": 0.0, "scaled_age": 0.06315789473684211}, "12": {"bias": -0.4472135954999579, "objective_cosine_similarity": -0.36923324635031274, "is_tight": 1.0, "dual_solution_value": -0.001665228210204349, "scaled_age": 0.0}, "13": {"bias": -0.3779644730092272, "objective_cosine_similarity": -0.2798624805781063, "is_tight": 0.0, "dual_solution_value": 0.0, "scaled_age": 0.22105263157894736}, "14": {"bias": -0.3779644730092272, "objective_cosine_similarity": -0.3838821636248361, "is_tight": 0.0, "dual_solution_value": 0.0, "scaled_age": 0.22105263157894736}, "15": {"bias": -0.4472135954999579, "objective_cosine_similarity": -0.210990426485893, "is_tight": 0.0, "dual_solution_value": 0.0, "scaled_age": 0.22105263157894736}, "16": {"bias": -0.3333333333333333, "objective_cosine_similarity": -0.4958152246429502, "is_tight": 0.0, "dual_solution_value": 0.0, "scaled_age": 0.22105263157894736}, "17": {"bias": -0.4472135954999579, "objective_cosine_similarity": -0.5040326854940778, "is_tight": 1.0, "dual_solution_value": -0.024316180332184297, "scaled_age": 0.0}, "18": {"bias": -0.3779644730092272, "objective_cosine_similarity": -0.34673227682243263, "is_tight": 0.0, "dual_solution_value": 0.0, "scaled_age": 0.07368421052631578}, "19": {"bias": -0.4472135954999579, "objective_cosine_similarity": -0.2813205686478573, "is_tight": 1.0, "dual_solution_value": -0.0007150864063629801, "scaled_age": 0.0}, "20": {"bias": -0.3779644730092272, "objective_cosine_similarity": -0.5052384605126875, "is_tight": 0.0, "dual_solution_value": 0.0, "scaled_age": 0.22105263157894736}, "21": {"bias": -0.4472135954999579, "objective_cosine_similarity": -0.2608076105172844, "is_tight": 0.0, "dual_solution_value": 0.0, "scaled_age": 0.22105263157894736}, "22": {"bias": -0.3333333333333333, "objective_cosine_similarity": -0.371315366472694, "is_tight": 0.0, "dual_solution_value": 0.0, "scaled_age": 0.22105263157894736}, "23": {"bias": -0.4082482904638631, "objective_cosine_similarity": -0.35311288223431936, "is_tight": 1.0, "dual_solution_value": -0.00021448655427466938, "scaled_age": 0.0}, "24": {"bias": -0.7071067811865475, "objective_cosine_similarity": -0.19923641266657457, "is_tight": 1.0, "dual_solution_value": -0.026303211211409376, "scaled_age": 0.0}, "25": {"bias": -0.5, "objective_cosine_similarity": -0.30142070925430453, "is_tight": 0.0, "dual_solution_value": 0.0, "scaled_age": 0.22105263157894736}, "26": {"bias": -0.3779644730092272, "objective_cosine_similarity": -0.34425561770227237, "is_tight": 0.0, "dual_solution_value": 0.0, "scaled_age": 0.22105263157894736}, "27": {"bias": -0.35355339059327373, "objective_cosine_similarity": -0.45175698220909355, "is_tight": 0.0, "dual_solution_value": 0.0, "scaled_age": 0.07368421052631578}, "28": {"bias": -0.3333333333333333, "objective_cosine_similarity": -0.4106311111580381, "is_tight": 0.0, "dual_solution_value": 0.0, "scaled_age": 0.22105263157894736}, "29": {"bias": -0.4082482904638631, "objective_cosine_similarity": -0.2354085881562129, "is_tight": 0.0, "dual_solution_value": 0.0, "scaled_age": 0.22105263157894736}, "30": {"bias": -0.5, "objective_cosine_similarity": -0.19002609931249634, "is_tight": 0.0, "dual_solution_value": 0.0, "scaled_age": 0.22105263157894736}, "31": {"bias": -0.5, "objective_cosine_similarity": -0.4521310638814568, "is_tight": 1.0, "dual_solution_value": -0.00566704099775568, "scaled_age": 0.0}, "32": {"bias": -0.4472135954999579, "objective_cosine_similarity": -0.44249381110235897, "is_tight": 1.0, "dual_solution_value": -0.016197403984259284, "scaled_age": 0.0}, "33": {"bias": -0.5, "objective_cosine_similarity": -0.2358944681120644, "is_tight": 0.0, "dual_solution_value": 0.0, "scaled_age": 0.22105263157894736}, "34": {"bias": -0.35355339059327373, "objective_cosine_similarity": -0.5073578415579051, "is_tight": 0.0, "dual_solution_value": 0.0, "scaled_age": 0.22105263157894736}, "35": {"bias": -0.5773502691896258, "objective_cosine_similarity": -0.20807376129351166, "is_tight": 1.0, "dual_solution_value": -0.0007963959016360598, "scaled_age": 0.0}, "36": {"bias": -0.4472135954999579, "objective_cosine_similarity": -0.46007634664285, "is_tight": 0.0, "dual_solution_value": 0.0, "scaled_age": 0.031578947368421054}, "37": {"bias": -0.5773502691896258, "objective_cosine_similarity": -0.476678071326954, "is_tight": 1.0, "dual_solution_value": -0.01779265112893741, "scaled_age": 0.0}, "38": {"bias": -0.35355339059327373, "objective_cosine_similarity": -0.3753058006044777, "is_tight": 0.0, "dual_solution_value": 0.0, "scaled_age": 0.22105263157894736}, "39": {"bias": -0.3333333333333333, "objective_cosine_similarity": -0.5176573050236969, "is_tight": 0.0, "dual_solution_value": 0.0, "scaled_age": 0.22105263157894736}, "40": {"bias": -0.35355339059327373, "objective_cosine_similarity": -0.5444250811237794, "is_tight": 0.0, "dual_solution_value": 0.0, "scaled_age": 0.22105263157894736}, "41": {"bias": -0.4472135954999579, "objective_cosine_similarity": -0.3399290204494943, "is_tight": 0.0, "dual_solution_value": 0.0, "scaled_age": 0.22105263157894736}, "42": {"bias": -0.3779644730092272, "objective_cosine_similarity": -0.3962654592256373, "is_tight": 0.0, "dual_solution_value": 0.0, "scaled_age": 0.042105263157894736}, "43": {"bias": -0.4472135954999579, "objective_cosine_similarity": -0.36923324635031274, "is_tight": 0.0, "dual_solution_value": 0.0, "scaled_age": 0.22105263157894736}, "44": {"bias": -0.3333333333333333, "objective_cosine_similarity": -0.4018942790057394, "is_tight": 0.0, "dual_solution_value": 0.0, "scaled_age": 0.22105263157894736}, "45": {"bias": -0.4472135954999579, "objective_cosine_similarity": -0.40439831743129495, "is_tight": 0.0, "dual_solution_value": 0.0, "scaled_age": 0.22105263157894736}, "46": {"bias": -0.4472135954999579, "objective_cosine_similarity": -0.18168620058507454, "is_tight": 0.0, "dual_solution_value": 0.0, "scaled_age": 0.22105263157894736}, "47": {"bias": -0.2886751345948129, "objective_cosine_similarity": -0.4785696509750768, "is_tight": 0.0, "dual_solution_value": 0.0, "scaled_age": 0.22105263157894736}, "48": {"bias": -0.4082482904638631, "objective_cosine_similarity": -0.3236868087147927, "is_tight": 0.0, "dual_solution_value": 0.0, "scaled_age": 0.22105263157894736}, "49": {"bias": -0.4472135954999579, "objective_cosine_similarity": -0.36630282376023093, "is_tight": 0.0, "dual_solution_value": 0.0, "scaled_age": 0.042105263157894736}, "50": {"bias": -0.5, "objective_cosine_similarity": -0.27848652485452047, "is_tight": 0.0, "dual_solution_value": 0.0, "scaled_age": 0.22105263157894736}, "51": {"bias": -0.4082482904638631, "objective_cosine_similarity": -0.4119650292733726, "is_tight": 1.0, "dual_solution_value": -0.004177294357580295, "scaled_age": 0.0}, "52": {"bias": -0.35355339059327373, "objective_cosine_similarity": -0.3753058006044777, "is_tight": 0.0, "dual_solution_value": 0.0, "scaled_age": 0.22105263157894736}, "53": {"bias": -0.35355339059327373, "objective_cosine_similarity": -0.5096745440307722, "is_tight": 1.0, "dual_solution_value": -0.0008493261065598578, "scaled_age": 0.0}, "54": {"bias": -0.30151134457776363, "objective_cosine_similarity": -0.49392262679808974, "is_tight": 0.0, "dual_solution_value": 0.0, "scaled_age": 0.22105263157894736}, "55": {"bias": -0.4472135954999579, "objective_cosine_similarity": -0.210990426485893, "is_tight": 0.0, "dual_solution_value": 0.0, "scaled_age": 0.021052631578947368}, "56": {"bias": -0.4082482904638631, "objective_cosine_similarity": -0.2915856376025819, "is_tight": 0.0, "dual_solution_value": 0.0, "scaled_age": 0.22105263157894736}, "57": {"bias": -0.4082482904638631, "objective_cosine_similarity": -0.37986385816116175, "is_tight": 1.0, "dual_solution_value": -0.0007320563717024717, "scaled_age": 0.0}, "58": {"bias": -0.3779644730092272, "objective_cosine_similarity": -0.4433219825086817, "is_tight": 0.0, "dual_solution_value": 0.0, "scaled_age": 0.14736842105263157}, "59": {"bias": -0.4472135954999579, "objective_cosine_similarity": -0.23736422979662963, "is_tight": 0.0, "dual_solution_value": 0.0, "scaled_age": 0.22105263157894736}, "60": {"bias": -0.3779644730092272, "objective_cosine_similarity": -0.4210320504272396, "is_tight": 0.0, "dual_solution_value": 0.0, "scaled_age": 0.22105263157894736}, "61": {"bias": -0.4472135954999579, "objective_cosine_similarity": -0.19926873612556562, "is_tight": 0.0, "dual_solution_value": 0.0, "scaled_age": 0.22105263157894736}, "62": {"bias": -0.3779644730092272, "objective_cosine_similarity": -0.3541622541829133, "is_tight": 0.0, "dual_solution_value": 0.0, "scaled_age": 0.10526315789473684}, "63": {"bias": -0.4472135954999579, "objective_cosine_similarity": -0.4102591626114586, "is_tight": 1.0, "dual_solution_value": -0.004881404438827423, "scaled_age": 0.0}, "64": {"bias": -0.35355339059327373, "objective_cosine_similarity": -0.3822559080230791, "is_tight": 0.0, "dual_solution_value": 0.0, "scaled_age": 0.22105263157894736}, "65": {"bias": -0.30151134457776363, "objective_cosine_similarity": -0.47614141223335854, "is_tight": 0.0, "dual_solution_value": 0.0, "scaled_age": 0.22105263157894736}, "66": {"bias": -0.3779644730092272, "objective_cosine_similarity": -0.34177895858211216, "is_tight": 0.0, "dual_solution_value": 0.0, "scaled_age": 0.22105263157894736}, "67": {"bias": -0.4472135954999579, "objective_cosine_similarity": -0.36923324635031274, "is_tight": 1.0, "dual_solution_value": -2.7545300608128028e-05, "scaled_age": 0.0}, "68": {"bias": -0.3779644730092272, "objective_cosine_similarity": -0.3987421183457975, "is_tight": 0.0, "dual_solution_value": 0.0, "scaled_age": 0.22105263157894736}, "69": {"bias": -0.3779644730092272, "objective_cosine_similarity": -0.26747918497730516, "is_tight": 0.0, "dual_solution_value": 0.0, "scaled_age": 0.22105263157894736}, "70": {"bias": -0.4472135954999579, "objective_cosine_similarity": -0.21978169425613855, "is_tight": 0.0, "dual_solution_value": 0.0, "scaled_age": 0.22105263157894736}, "71": {"bias": -0.4082482904638631, "objective_cosine_similarity": -0.3183366135294243, "is_tight": 0.0, "dual_solution_value": 0.0, "scaled_age": 0.22105263157894736}, "72": {"bias": -0.5, "objective_cosine_similarity": -0.31780226953986457, "is_tight": 1.0, "dual_solution_value": -0.009479492869456513, "scaled_age": 0.0}, "73": {"bias": -0.4082482904638631, "objective_cosine_similarity": -0.3504377846416351, "is_tight": 0.0, "dual_solution_value": 0.0, "scaled_age": 0.010526315789473684}, "74": {"bias": -0.3779644730092272, "objective_cosine_similarity": -0.3343489812216314, "is_tight": 0.0, "dual_solution_value": 0.0, "scaled_age": 0.22105263157894736}, "75": {"bias": -0.4472135954999579, "objective_cosine_similarity": -0.1230777487834376, "is_tight": 0.0, "dual_solution_value": 0.0, "scaled_age": 0.22105263157894736}, "76": {"bias": -0.4082482904638631, "objective_cosine_similarity": -0.29961093038063463, "is_tight": 0.0, "dual_solution_value": 0.0, "scaled_age": 0.22105263157894736}, "77": {"bias": -0.4472135954999579, "objective_cosine_similarity": -0.3897462044808857, "is_tight": 0.0, "dual_solution_value": 0.0, "scaled_age": 0.042105263157894736}, "78": {"bias": -0.7071067811865475, "objective_cosine_similarity": -0.22240343739524604, "is_tight": 1.0, "dual_solution_value": -0.00022084138339893735, "scaled_age": 0.0}, "79": {"bias": -0.4472135954999579, "objective_cosine_similarity": -0.27545972346769365, "is_tight": 0.0, "dual_solution_value": 0.0, "scaled_age": 0.22105263157894736}, "80": {"bias": -0.30151134457776363, "objective_cosine_similarity": -0.42674914955354953, "is_tight": 0.0, "dual_solution_value": 0.0, "scaled_age": 0.22105263157894736}, "81": {"bias": -0.3779644730092272, "objective_cosine_similarity": -0.34673227682243263, "is_tight": 0.0, "dual_solution_value": 0.0, "scaled_age": 0.22105263157894736}, "82": {"bias": -0.4472135954999579, "objective_cosine_similarity": -0.32527690749908506, "is_tight": 0.0, "dual_solution_value": 0.0, "scaled_age": 0.021052631578947368}, "83": {"bias": -0.3779644730092272, "objective_cosine_similarity": -0.3739755271441952, "is_tight": 0.0, "dual_solution_value": 0.0, "scaled_age": 0.22105263157894736}, "84": {"bias": -0.3779644730092272, "objective_cosine_similarity": -0.30462907177970866, "is_tight": 0.0, "dual_solution_value": 0.0, "scaled_age": 0.22105263157894736}, "85": {"bias": -0.35355339059327373, "objective_cosine_similarity": -0.35445547834867336, "is_tight": 0.0, "dual_solution_value": 0.0, "scaled_age": 0.22105263157894736}, "86": {"bias": -0.4082482904638631, "objective_cosine_similarity": -0.34776268704895086, "is_tight": 0.0, "dual_solution_value": 0.0, "scaled_age": 0.22105263157894736}, "87": {"bias": -0.4472135954999579, "objective_cosine_similarity": -0.2813205686478573, "is_tight": 0.0, "dual_solution_value": 0.0, "scaled_age": 0.22105263157894736}, "88": {"bias": -0.4472135954999579, "objective_cosine_similarity": -0.3487202882197398, "is_tight": 1.0, "dual_solution_value": -0.0020918378922304345, "scaled_age": 0.0}, "89": {"bias": -0.3779644730092272, "objective_cosine_similarity": -0.2798624805781063, "is_tight": 0.0, "dual_solution_value": 0.0, "scaled_age": 0.22105263157894736}, "90": {"bias": -0.5, "objective_cosine_similarity": -0.3145259574827526, "is_tight": 1.0, "dual_solution_value": -0.01816513539603276, "scaled_age": 0.0}, "91": {"bias": -0.4082482904638631, "objective_cosine_similarity": -0.40126463890263564, "is_tight": 0.0, "dual_solution_value": 0.0, "scaled_age": 0.22105263157894736}, "92": {"bias": -0.4082482904638631, "objective_cosine_similarity": -0.3771887605684775, "is_tight": 0.0, "dual_solution_value": 0.0, "scaled_age": 0.010526315789473684}, "93": {"bias": -0.35355339059327373, "objective_cosine_similarity": -0.26642078437972183, "is_tight": 0.0, "dual_solution_value": 0.0, "scaled_age": 0.22105263157894736}, "94": {"bias": -0.4472135954999579, "objective_cosine_similarity": -0.43077212074203153, "is_tight": 0.0, "dual_solution_value": 0.0, "scaled_age": 0.22105263157894736}, "95": {"bias": -0.4472135954999579, "objective_cosine_similarity": -0.31355521713875767, "is_tight": 1.0, "dual_solution_value": -0.00034782244523937664, "scaled_age": 0.0}, "96": {"bias": -0.3779644730092272, "objective_cosine_similarity": -0.435892005148201, "is_tight": 0.0, "dual_solution_value": 0.0, "scaled_age": 0.11578947368421053}, "97": {"bias": -0.2886751345948129, "objective_cosine_similarity": -0.3802075092726895, "is_tight": 0.0, "dual_solution_value": 0.0, "scaled_age": 0.22105263157894736}, "98": {"bias": -0.4472135954999579, "objective_cosine_similarity": -0.24322507497679333, "is_tight": 0.0, "dual_solution_value": 0.0, "scaled_age": 0.22105263157894736}, "99": {"bias": -0.4082482904638631, "objective_cosine_similarity": -0.28891054000989763, "is_tight": 0.0, "dual_solution_value": 0.0, "scaled_age": 0.22105263157894736}, "100": {"bias": -0.3779644730092272, "objective_cosine_similarity": -0.49037850579172615, "is_tight": 0.0, "dual_solution_value": 0.0, "scaled_age": 0.05263157894736842}, "101": {"bias": -0.31622776601683794, "objective_cosine_similarity": -0.41235221535263494, "is_tight": 0.0, "dual_solution_value": 0.0, "scaled_age": 0.22105263157894736}, "102": {"bias": -0.4082482904638631, "objective_cosine_similarity": -0.26750975926842374, "is_tight": 0.0, "dual_solution_value": 0.0, "scaled_age": 0.22105263157894736}, "103": {"bias": -0.4082482904638631, "objective_cosine_similarity": -0.25948446649037105, "is_tight": 0.0, "dual_solution_value": 0.0, "scaled_age": 0.22105263157894736}, "104": {"bias": -0.5, "objective_cosine_similarity": -0.2915917730829685, "is_tight": 0.0, "dual_solution_value": 0.0, "scaled_age": 0.12631578947368421}, "105": {"bias": -0.9622504486493763, "objective_cosine_similarity": -0.8133792486928182, "is_tight": 0.0, "dual_solution_value": -0.0, "scaled_age": 0.031578947368421054}, "106": {"bias": -1.0517868634122256, "objective_cosine_similarity": -0.9810125377440576, "is_tight": 1.0, "dual_solution_value": -0.013179776327119381, "scaled_age": 0.0}, "107": {"bias": -0.769800358919501, "objective_cosine_similarity": -0.7578929123478817, "is_tight": 1.0, "dual_solution_value": -3.795599841727873e-05, "scaled_age": 0.0}, "108": {"bias": -1.0335735953600034, "objective_cosine_similarity": -0.9790506801133511, "is_tight": 0.0, "dual_solution_value": -0.0, "scaled_age": 0.05263157894736842}, "109": {"bias": -1.0543407686295205, "objective_cosine_similarity": -0.9752139850361046, "is_tight": 1.0, "dual_solution_value": -5.8781895906960705e-05, "scaled_age": 0.0}, "110": {"bias": -1.0045662337933736, "objective_cosine_similarity": -0.9745301038480448, "is_tight": 0.0, "dual_solution_value": -0.0, "scaled_age": 0.042105263157894736}, "111": {"bias": -1.0521208871618841, "objective_cosine_similarity": -0.9876777567207444, "is_tight": 1.0, "dual_solution_value": -0.001208261304952437, "scaled_age": 0.0}, "112": {"bias": -1.068117404097977, "objective_cosine_similarity": -0.9838166606205603, "is_tight": 1.0, "dual_solution_value": -0.015273203409310168, "scaled_age": 0.0}, "113": {"bias": -0.5773502691896258, "objective_cosine_similarity": -0.6563781378986232, "is_tight": 1.0, "dual_solution_value": -0.00042269978490022675, "scaled_age": 0.0}, "114": {"bias": -0.5773502691896258, "objective_cosine_similarity": -0.6431370803617633, "is_tight": 1.0, "dual_solution_value": -0.0030118225329308214, "scaled_age": 0.0}, "115": {"bias": -0.8451542547285166, "objective_cosine_similarity": -0.8406650831355567, "is_tight": 0.0, "dual_solution_value": -0.0, "scaled_age": 0.042105263157894736}, "116": {"bias": -0.8825226081218283, "objective_cosine_similarity": -0.90854824862048, "is_tight": 0.0, "dual_solution_value": -0.0, "scaled_age": 0.010526315789473684}, "117": {"bias": -0.0, "objective_cosine_similarity": -0.31648563972883953, "is_tight": 0.0, "dual_solution_value": 0.0, "scaled_age": 0.09473684210526316}, "118": {"bias": -1.0120486274099798, "objective_cosine_similarity": -0.939643057802456, "is_tight": 0.0, "dual_solution_value": -0.0, "scaled_age": 0.021052631578947368}, "119": {"bias": -0.9138115486202573, "objective_cosine_similarity": -0.8755587203976287, "is_tight": 1.0, "dual_solution_value": -0.0005701967363293105, "scaled_age": 0.0}, "120": {"bias": -0.8111071056538127, "objective_cosine_similarity": -0.8397510367966473, "is_tight": 1.0, "dual_solution_value": -0.0001805285991483067, "scaled_age": 0.0}, "121": {"bias": -0.8737040566610379, "objective_cosine_similarity": -0.9165811886866307, "is_tight": 0.0, "dual_solution_value": -0.0, "scaled_age": 0.010526315789473684}, "122": {"bias": -1.0189561349431444, "objective_cosine_similarity": -0.9764297852096734, "is_tight": 1.0, "dual_solution_value": -8.562860841211985e-05, "scaled_age": 0.0}, "123": {"bias": -0.8819171036881969, "objective_cosine_similarity": -0.8767373285367224, "is_tight": 1.0, "dual_solution_value": -0.00013292228399375999, "scaled_age": 0.0}, "124": {"bias": -1.0722219284950194, "objective_cosine_similarity": -0.9636247178865747, "is_tight": 1.0, "dual_solution_value": -3.2492007083620054e-05, "scaled_age": 0.0}, "125": {"bias": -0.9341987329938275, "objective_cosine_similarity": -0.9330114835617221, "is_tight": 1.0, "dual_solution_value": -0.0001233066593492156, "scaled_age": 0.0}}