{"0": {"bias": -0.7071067811865476, "objective_cosine_similarity": -0.7778548250916595, "is_tight": 0.0, "dual_solution_value": -0.0, "scaled_age": 0.014285714285714285}, "1": {"bias": -0.8703882797784892, "objective_cosine_similarity": -0.8148707249872377, "is_tight": 1.0, "dual_solution_value": -0.0009587364656852999, "scaled_age": 0.0}, "2": {"bias": -0.6324555320336759, "objective_cosine_similarity": -0.6241873406799764, "is_tight": 0.0, "dual_solution_value": -0.0, "scaled_age": 0.07142857142857142}, "3": {"bias": -1.1522278728706998, "objective_cosine_similarity": -0.9132571612394981, "is_tight": 1.0, "dual_solution_value": -1.5601365392983446e-07, "scaled_age": 0.0}, "4": {"bias": -1.164952622788743, "objective_cosine_similarity": -0.9259939214720511, "is_tight": 0.0, "dual_solution_value": -0.0, "scaled_age": 0.11428571428571428}, "5": {"bias": -0.6324555320336759, "objective_cosine_similarity": -0.7450773789934896, "is_tight": 0.0, "dual_solution_value": -0.0, "scaled_age": 0.02857142857142857}, "6": {"bias": -0.7071067811865475, "objective_cosine_similarity": -0.47995297718421537, "is_tight": 0.0, "dual_solution_value": -0.0, "scaled_age": 0.05714285714285714}, "7": {"bias": -0.6666666666666666, "objective_cosine_similarity": -0.7073625847539895, "is_tight": 0.0, "dual_solution_value": -0.0, "scaled_age": 0.1}, "8": {"bias": -1.2726313871595767, "objective_cosine_similarity": -0.9729093866498452, "is_tight": 0.0, "dual_solution_value": 0.0, "scaled_age": 0.1}, "9": {"bias": -0.4472135954999579, "objective_cosine_similarity": -0.3419286634775469, "is_tight": 0.0, "dual_solution_value": 0.0, "scaled_age": 0.3}, "10": {"bias": -0.5, "objective_cosine_similarity": -0.5578282148151866, "is_tight": 1.0, "dual_solution_value": -0.014591250466760746, "scaled_age": 0.0}, "11": {"bias": -0.4082482904638631, "objective_cosine_similarity": -0.633828679707565, "is_tight": 0.0, "dual_solution_value": 0.0, "scaled_age": 0.04285714285714286}, "12": {"bias": -0.5, "objective_cosine_similarity": -0.3237744183892342, "is_tight": 1.0, "dual_solution_value": -0.0009730978880056444, "scaled_age": 0.0}, "13": {"bias": -0.7071067811865475, "objective_cosine_similarity": -0.16550102661524668, "is_tight": 1.0, "dual_solution_value": -0.00975333464578587, "scaled_age": 0.0}, "14": {"bias": -0.5773502691896258, "objective_cosine_similarity": -0.19368779873230776, "is_tight": 0.0, "dual_solution_value": 0.0, "scaled_age": 0.3}, "15": {"bias": -0.3779644730092272, "objective_cosine_similarity": -0.3656512819307021, "is_tight": 0.0, "dual_solution_value": 0.0, "scaled_age": 0.3}, "16": {"bias": -0.5, "objective_cosine_similarity": -0.2886663489253413, "is_tight": 0.0, "dual_solution_value": 0.0, "scaled_age": 0.05714285714285714}, "17": {"bias": -0.5773502691896258, "objective_cosine_similarity": -0.14864412460851525, "is_tight": 1.0, "dual_solution_value": -0.0003200241319072754, "scaled_age": 0.0}, "18": {"bias": -0.3779644730092272, "objective_cosine_similarity": -0.44526889977045175, "is_tight": 0.0, "dual_solution_value": 0.0, "scaled_age": 0.21428571428571427}, "19": {"bias": -0.4472135954999579, "objective_cosine_similarity": -0.5059148592269828, "is_tight": 0.0, "dual_solution_value": 0.0, "scaled_age": 0.18571428571428572}, "20": {"bias": -0.4472135954999579, "objective_cosine_similarity": -0.37333027542956654, "is_tight": 0.0, "dual_solution_value": 0.0, "scaled_age": 0.3}, "21": {"bias": -0.4472135954999579, "objective_cosine_similarity": -0.3244833235042027, "is_tight": 0.0, "dual_solution_value": 0.0, "scaled_age": 0.3}, "22": {"bias": -0.4082482904638631, "objective_cosine_similarity": -0.4363544176881226, "is_tight": 0.0, "dual_solution_value": 0.0, "scaled_age": 0.3}, "23": {"bias": -0.5, "objective_cosine_similarity": -0.35498159124602785, "is_tight": 0.0, "dual_solution_value": 0.0, "scaled_age": 0.014285714285714285}, "24": {"bias": -0.4472135954999579, "objective_cosine_similarity": -0.5094039272216515, "is_tight": 0.0, "dual_solution_value": 0.0, "scaled_age": 0.3}, "25": {"bias": -0.5, "objective_cosine_similarity": -0.29646814213953976, "is_tight": 0.0, "dual_solution_value": 0.0, "scaled_age": 0.3}, "26": {"bias": -0.5773502691896258, "objective_cosine_similarity": -0.252244575093238, "is_tight": 0.0, "dual_solution_value": 0.0, "scaled_age": 0.05714285714285714}, "27": {"bias": -0.5773502691896258, "objective_cosine_similarity": -0.2792707795675135, "is_tight": 1.0, "dual_solution_value": -0.013375471797946483, "scaled_age": 0.0}, "28": {"bias": -0.5773502691896258, "objective_cosine_similarity": -0.40539306711413253, "is_tight": 1.0, "dual_solution_value": -0.023055157727360637, "scaled_age": 0.0}, "29": {"bias": -0.4472135954999579, "objective_cosine_similarity": -0.38030841141890426, "is_tight": 0.0, "dual_solution_value": 0.0, "scaled_age": 0.3}, "30": {"bias": -0.5, "objective_cosine_similarity": -0.18724303714076193, "is_tight": 0.0, "dual_solution_value": 0.0, "scaled_age": 0.3}, "31": {"bias": -0.5, "objective_cosine_similarity": -0.40959414374541675, "is_tight": 0.0, "dual_solution_value": 0.0, "scaled_age": 0.3}, "32": {"bias": -0.5773502691896258, "objective_cosine_similarity": -0.30179261662940976, "is_tight": 0.0, "dual_solution_value": 0.0, "scaled_age": 0.3}, "33": {"bias": -0.4472135954999579, "objective_cosine_similarity": -0.42566629534959927, "is_tight": 0.0, "dual_solution_value": 0.0, "scaled_age": 0.2571428571428571}, "34": {"bias": -0.5, "objective_cosine_similarity": -0.48371117928030166, "is_tight": 0.0, "dual_solution_value": 0.0, "scaled_age": 0.3}, "35": {"bias": -0.5, "objective_cosine_similarity": -0.3783869708886231, "is_tight": 0.0, "dual_solution_value": 0.0, "scaled_age": 0.014285714285714285}, "36": {"bias": -0.5, "objective_cosine_similarity": -0.3354771082105318, "is_tight": 1.0, "dual_solution_value": -0.001789464529263822, "scaled_age": 0.0}, "37": {"bias": -0.4472135954999579, "objective_cosine_similarity": -0.3523958674615535, "is_tight": 0.0, "dual_solution_value": 0.0, "scaled_age": 0.3}, "38": {"bias": -0.4472135954999579, "objective_cosine_similarity": -0.4361334993336058, "is_tight": 0.0, "dual_solution_value": 0.0, "scaled_age": 0.12857142857142856}, "39": {"bias": -0.4472135954999579, "objective_cosine_similarity": -0.40473188738158616, "is_tight": 0.0, "dual_solution_value": 0.0, "scaled_age": 0.15714285714285714}, "40": {"bias": -0.5, "objective_cosine_similarity": -0.18334214053366274, "is_tight": 0.0, "dual_solution_value": 0.0, "scaled_age": 0.1}, "41": {"bias": -0.5, "objective_cosine_similarity": -0.3237744183892342, "is_tight": 0.0, "dual_solution_value": 0.0, "scaled_age": 0.3}, "42": {"bias": -0.5, "objective_cosine_similarity": -0.23405379642595242, "is_tight": 0.0, "dual_solution_value": 0.0, "scaled_age": 0.3}, "43": {"bias": -0.4472135954999579, "objective_cosine_similarity": -0.3837974794135731, "is_tight": 0.0, "dual_solution_value": 0.0, "scaled_age": 0.3}, "44": {"bias": -0.4472135954999579, "objective_cosine_similarity": -0.47800231526963194, "is_tight": 0.0, "dual_solution_value": 0.0, "scaled_age": 0.3}, "45": {"bias": -0.5, "objective_cosine_similarity": -0.1560358642839683, "is_tight": 0.0, "dual_solution_value": 0.0, "scaled_age": 0.3}, "46": {"bias": -0.7071067811865475, "objective_cosine_similarity": -0.2041179328254709, "is_tight": 1.0, "dual_solution_value": -0.030506552374297148, "scaled_age": 0.0}, "47": {"bias": -0.4472135954999579, "objective_cosine_similarity": -0.3837974794135731, "is_tight": 0.0, "dual_solution_value": 0.0, "scaled_age": 0.14285714285714285}, "48": {"bias": -0.4472135954999579, "objective_cosine_similarity": -0.3907756154029108, "is_tight": 0.0, "dual_solution_value": 0.0, "scaled_age": 0.3}, "49": {"bias": -0.4472135954999579, "objective_cosine_similarity": -0.5617399471416843, "is_tight": 1.0, "dual_solution_value": -0.0029380270649805524, "scaled_age": 0.0}, "50": {"bias": -0.5773502691896258, "objective_cosine_similarity": -0.29278388180465126, "is_tight": 0.0, "dual_solution_value": 0.0, "scaled_age": 0.3}, "51": {"bias": -0.4472135954999579, "objective_cosine_similarity": -0.39426468339757964, "is_tight": 0.0, "dual_solution_value": 0.0, "scaled_age": 0.3}, "52": {"bias": -0.4082482904638631, "objective_cosine_similarity": -0.4841304488218586, "is_tight": 0.0, "dual_solution_value": 0.0, "scaled_age": 0.07142857142857142}, "53": {"bias": -0.5773502691896258, "objective_cosine_similarity": -0.4279149041760288, "is_tight": 0.0, "dual_solution_value": 0.0, "scaled_age": 0.1}, "54": {"bias": -0.5773502691896258, "objective_cosine_similarity": -0.288279514392272, "is_tight": 0.0, "dual_solution_value": 0.0, "scaled_age": 0.1}, "55": {"bias": -0.3333333333333333, "objective_cosine_similarity": -0.470708190589971, "is_tight": 0.0, "dual_solution_value": 0.0, "scaled_age": 0.3}, "56": {"bias": -0.4472135954999579, "objective_cosine_similarity": -0.18143153572278, "is_tight": 0.0, "dual_solution_value": 0.0, "scaled_age": 0.3}, "57": {"bias": -0.4472135954999579, "objective_cosine_similarity": -0.25470196361082575, "is_tight": 0.0, "dual_solution_value": 0.0, "scaled_age": 0.3}, "58": {"bias": -0.3779644730092272, "objective_cosine_similarity": -0.48655210902069235, "is_tight": 0.0, "dual_solution_value": 0.0, "scaled_age": 0.3}, "59": {"bias": -0.5773502691896258, "objective_cosine_similarity": -0.2792707795675135, "is_tight": 1.0, "dual_solution_value": -0.0038198339313602857, "scaled_age": 0.0}, "60": {"bias": -0.4472135954999579, "objective_cosine_similarity": -0.43962256732827465, "is_tight": 0.0, "dual_solution_value": 0.0, "scaled_age": 0.2}, "61": {"bias": -0.5773502691896258, "objective_cosine_similarity": -0.23873147285610025, "is_tight": 1.0, "dual_solution_value": -0.028647825619120278, "scaled_age": 0.0}, "62": {"bias": -0.4082482904638631, "objective_cosine_similarity": -0.3790231803276393, "is_tight": 1.0, "dual_solution_value": -0.00013631803112363922, "scaled_age": 0.0}, "63": {"bias": -0.7071067811865475, "objective_cosine_similarity": -0.23721813814852022, "is_tight": 1.0, "dual_solution_value": -0.005516700887174889, "scaled_age": 0.0}, "64": {"bias": -0.5, "objective_cosine_similarity": -0.2691618658898453, "is_tight": 0.0, "dual_solution_value": 0.0, "scaled_age": 0.08571428571428572}, "65": {"bias": -0.4472135954999579, "objective_cosine_similarity": -0.3070379835308585, "is_tight": 0.0, "dual_solution_value": 0.0, "scaled_age": 0.3}, "66": {"bias": -0.4472135954999579, "objective_cosine_similarity": -0.39426468339757964, "is_tight": 0.0, "dual_solution_value": 0.0, "scaled_age": 0.05714285714285714}, "67": {"bias": -0.5773502691896258, "objective_cosine_similarity": -0.15765285943327376, "is_tight": 0.0, "dual_solution_value": 0.0, "scaled_age": 0.3}, "68": {"bias": -0.4472135954999579, "objective_cosine_similarity": -0.1430517877814227, "is_tight": 0.0, "dual_solution_value": 0.0, "scaled_age": 0.3}, "69": {"bias": -0.4472135954999579, "objective_cosine_similarity": -0.3314614594935404, "is_tight": 0.0, "dual_solution_value": 0.0, "scaled_age": 0.15714285714285714}, "70": {"bias": -0.4472135954999579, "objective_cosine_similarity": -0.5303383351896647, "is_tight": 0.0, "dual_solution_value": 0.0, "scaled_age": 0.3}, "71": {"bias": -0.4472135954999579, "objective_cosine_similarity": -0.5303383351896647, "is_tight": 1.0, "dual_solution_value": -0.009533531677898215, "scaled_age": 0.0}, "72": {"bias": -0.5773502691896258, "objective_cosine_similarity": -0.126122287546619, "is_tight": 0.0, "dual_solution_value": 0.0, "scaled_age": 0.04285714285714286}, "73": {"bias": -0.4472135954999579, "objective_cosine_similarity": -0.46404604329095656, "is_tight": 0.0, "dual_solution_value": 0.0, "scaled_age": 0.3}, "74": {"bias": -1.0327955589886444, "objective_cosine_similarity": -0.9568468143229089, "is_tight": 0.0, "dual_solution_value": -0.0, "scaled_age": 0.014285714285714285}, "75": {"bias": -1.2394235351064784, "objective_cosine_similarity": -0.9825887513335961, "is_tight": 0.0, "dual_solution_value": -0.0, "scaled_age": 0.1}, "76": {"bias": -0.5, "objective_cosine_similarity": -0.6124407673145755, "is_tight": 1.0, "dual_solution_value": -0.011659290054470615, "scaled_age": 0.0}, "77": {"bias": -1.1900442752407794, "objective_cosine_similarity": -0.9909706595294586, "is_tight": 1.0, "dual_solution_value": -0.0408421285308276, "scaled_age": 0.0}, "78": {"bias": -1.2370641588289735, "objective_cosine_similarity": -0.9880923175574108, "is_tight": 0.0, "dual_solution_value": -0.0, "scaled_age": 0.07142857142857142}, "79": {"bias": -0.7745966692414834, "objective_cosine_similarity": -0.8198666387987872, "is_tight": 0.0, "dual_solution_value": -0.0, "scaled_age": 0.12857142857142856}, "80": {"bias": -0.9863939238321437, "objective_cosine_similarity": -0.8939770117952794, "is_tight": 0.0, "dual_solution_value": -0.0, "scaled_age": 0.1}, "81": {"bias": -0.917662935482247, "objective_cosine_similarity": -0.8376517261671146, "is_tight": 1.0, "dual_solution_value": -4.8238206683515435e-06, "scaled_age": 0.0}, "82": {"bias": -1.0434983894999017, "objective_cosine_similarity": -0.9362332452361404, "is_tight": 0.0, "dual_solution_value": -0.0, "scaled_age": 0.11428571428571428}, "83": {"bias": -1.1078234188139946, "objective_cosine_similarity": -0.9536120185347864, "is_tight": 1.0, "dual_solution_value": -0.0038602724553577013, "scaled_age": 0.0}, "84": {"bias": -0.9801960588196068, "objective_cosine_similarity": -0.8772530613010169, "is_tight": 1.0, "dual_solution_value": -0.0020655964246560758, "scaled_age": 0.0}, "85": {"bias": -0.9805806756909202, "objective_cosine_similarity": -0.8415316427737469, "is_tight": 0.0, "dual_solution_value": -0.0, "scaled_age": 0.014285714285714285}, "86": {"bias": -0.9045340337332909, "objective_cosine_similarity": -0.6751184695314926, "is_tight": 1.0, "dual_solution_value": -0.0032148381877590447, "scaled_age": 0.0}, "87": {"bias": -1.0327955589886444, "objective_cosine_similarity": -0.7654774514583271, "is_tight": 1.0, "dual_solution_value": -0.0005452643649183624, "scaled_age": 0.0}, "88": {"bias": -0.9486832980505138, "objective_cosine_similarity": -0.5378373133131812, "is_tight": 1.0, "dual_solution_value": -0.0009129930793055114, "scaled_age": 0.0}, "89": {"bias": -1.0988845115895123, "objective_cosine_similarity": -0.9087665909249203, "is_tight": 0.0, "dual_solution_value": -0.0, "scaled_age": 0.014285714285714285}, "90": {"bias": -1.1523319193960637, "objective_cosine_similarity": -0.8970277004027892, "is_tight": 1.0, "dual_solution_value": -0.00033242037952759635, "scaled_age": 0.0}}