{"0": {"bias": -0.8528028654224417, "objective_cosine_similarity": -0.930098663799829, "is_tight": 0.0, "dual_solution_value": -0.0, "scaled_age": 0.11235955056179775}, "1": {"bias": -0.7372097807744856, "objective_cosine_similarity": -0.8651883968190653, "is_tight": 0.0, "dual_solution_value": -0.0, "scaled_age": 0.0449438202247191}, "2": {"bias": -0.7302967433402214, "objective_cosine_similarity": -0.8925404488805366, "is_tight": 0.0, "dual_solution_value": -0.0, "scaled_age": 0.011235955056179775}, "3": {"bias": -0.769800358919501, "objective_cosine_similarity": -0.850476575260045, "is_tight": 0.0, "dual_solution_value": -0.0, "scaled_age": 0.011235955056179775}, "4": {"bias": -0.9220355821859088, "objective_cosine_similarity": -0.9164744398738929, "is_tight": 0.0, "dual_solution_value": 0.0, "scaled_age": 0.15730337078651685}, "5": {"bias": -0.9327353815500422, "objective_cosine_similarity": -0.9696138751015864, "is_tight": 0.0, "dual_solution_value": 0.0, "scaled_age": 0.02247191011235955}, "6": {"bias": -0.9082033103427357, "objective_cosine_similarity": -0.9660513354824414, "is_tight": 1.0, "dual_solution_value": -0.016640529640144463, "scaled_age": 0.0}, "7": {"bias": -0.8455683490063748, "objective_cosine_similarity": -0.9607009209307822, "is_tight": 0.0, "dual_solution_value": 0.0, "scaled_age": 0.011235955056179775}, "8": {"bias": -0.9168589616419305, "objective_cosine_similarity": -0.9741281587231622, "is_tight": 0.0, "dual_solution_value": 0.0, "scaled_age": 0.0449438202247191}, "9": {"bias": -0.9085880191850538, "objective_cosine_similarity": -0.9793594212778607, "is_tight": 0.0, "dual_solution_value": 0.0, "scaled_age": 0.0449438202247191}, "10": {"bias": -0.905114040886608, "objective_cosine_similarity": -0.9624056730895553, "is_tight": 0.0, "dual_solution_value": 0.0, "scaled_age": 0.0449438202247191}, "11": {"bias": -0.8649819688471613, "objective_cosine_similarity": -0.9685620255057915, "is_tight": 1.0, "dual_solution_value": -0.007646833604091092, "scaled_age": 0.0}, "12": {"bias": -0.4472135954999579, "objective_cosine_similarity": -0.25699515876355916, "is_tight": 1.0, "dual_solution_value": -0.0002034555052199341, "scaled_age": 0.0}, "13": {"bias": -0.4472135954999579, "objective_cosine_similarity": -0.39454186345391473, "is_tight": 0.0, "dual_solution_value": 0.0, "scaled_age": 0.29213483146067415}, "14": {"bias": -0.3779644730092272, "objective_cosine_similarity": -0.4802885442839924, "is_tight": 0.0, "dual_solution_value": 0.0, "scaled_age": 0.29213483146067415}, "15": {"bias": -0.35355339059327373, "objective_cosine_similarity": -0.37200600849586535, "is_tight": 0.0, "dual_solution_value": 0.0, "scaled_age": 0.29213483146067415}, "16": {"bias": -0.31622776601683794, "objective_cosine_similarity": -0.4888605172298701, "is_tight": 0.0, "dual_solution_value": 0.0, "scaled_age": 0.29213483146067415}, "17": {"bias": -0.2886751345948129, "objective_cosine_similarity": -0.3972005983357354, "is_tight": 0.0, "dual_solution_value": 0.0, "scaled_age": 0.29213483146067415}, "18": {"bias": -0.30151134457776363, "objective_cosine_similarity": -0.5295597725378592, "is_tight": 0.0, "dual_solution_value": 0.0, "scaled_age": 0.29213483146067415}, "19": {"bias": -0.3779644730092272, "objective_cosine_similarity": -0.422164452937522, "is_tight": 0.0, "dual_solution_value": 0.0, "scaled_age": 0.29213483146067415}, "20": {"bias": -0.3779644730092272, "objective_cosine_similarity": -0.4496969172595343, "is_tight": 0.0, "dual_solution_value": 0.0, "scaled_age": 0.29213483146067415}, "21": {"bias": -0.3779644730092272, "objective_cosine_similarity": -0.3059162702445812, "is_tight": 0.0, "dual_solution_value": 0.0, "scaled_age": 0.29213483146067415}, "22": {"bias": -0.4082482904638631, "objective_cosine_similarity": -0.25773332297429535, "is_tight": 0.0, "dual_solution_value": 0.0, "scaled_age": 0.29213483146067415}, "23": {"bias": -0.35355339059327373, "objective_cosine_similarity": -0.36055966977291565, "is_tight": 0.0, "dual_solution_value": 0.0, "scaled_age": 0.25842696629213485}, "24": {"bias": -0.4082482904638631, "objective_cosine_similarity": -0.3766871643470471, "is_tight": 0.0, "dual_solution_value": 0.0, "scaled_age": 0.29213483146067415}, "25": {"bias": -0.31622776601683794, "objective_cosine_similarity": -0.4581467674562657, "is_tight": 0.0, "dual_solution_value": 0.0, "scaled_age": 0.29213483146067415}, "26": {"bias": -0.31622776601683794, "objective_cosine_similarity": -0.47606312149086827, "is_tight": 0.0, "dual_solution_value": 0.0, "scaled_age": 0.29213483146067415}, "27": {"bias": -0.4472135954999579, "objective_cosine_similarity": -0.343866761725889, "is_tight": 0.0, "dual_solution_value": 0.0, "scaled_age": 0.056179775280898875}, "28": {"bias": -0.35355339059327373, "objective_cosine_similarity": -0.43782245615282617, "is_tight": 0.0, "dual_solution_value": 0.0, "scaled_age": 0.29213483146067415}, "29": {"bias": -0.2886751345948129, "objective_cosine_similarity": -0.6051467939350321, "is_tight": 0.0, "dual_solution_value": 0.0, "scaled_age": 0.29213483146067415}, "30": {"bias": -0.3779644730092272, "objective_cosine_similarity": -0.32733040916170186, "is_tight": 0.0, "dual_solution_value": 0.0, "scaled_age": 0.29213483146067415}, "31": {"bias": -0.4082482904638631, "objective_cosine_similarity": -0.41633844480463095, "is_tight": 0.0, "dual_solution_value": 0.0, "scaled_age": 0.056179775280898875}, "32": {"bias": -0.35355339059327373, "objective_cosine_similarity": -0.44640721019503843, "is_tight": 0.0, "dual_solution_value": 0.0, "scaled_age": 0.29213483146067415}, "33": {"bias": -0.4082482904638631, "objective_cosine_similarity": -0.3337316105179978, "is_tight": 1.0, "dual_solution_value": -0.00047771259464899946, "scaled_age": 0.0}, "34": {"bias": -0.3333333333333333, "objective_cosine_similarity": -0.3992933307172912, "is_tight": 0.0, "dual_solution_value": 0.0, "scaled_age": 0.29213483146067415}, "35": {"bias": -0.2886751345948129, "objective_cosine_similarity": -0.5560808376700296, "is_tight": 0.0, "dual_solution_value": 0.0, "scaled_age": 0.29213483146067415}, "36": {"bias": -0.35355339059327373, "objective_cosine_similarity": -0.57804010550896, "is_tight": 0.0, "dual_solution_value": 0.0, "scaled_age": 0.29213483146067415}, "37": {"bias": -0.3779644730092272, "objective_cosine_similarity": -0.5812409134647042, "is_tight": 0.0, "dual_solution_value": 0.0, "scaled_age": 0.1797752808988764}, "38": {"bias": -0.3779644730092272, "objective_cosine_similarity": -0.32427124645925604, "is_tight": 0.0, "dual_solution_value": 0.0, "scaled_age": 0.29213483146067415}, "39": {"bias": -0.4472135954999579, "objective_cosine_similarity": -0.33662746147902817, "is_tight": 0.0, "dual_solution_value": 0.0, "scaled_age": 0.29213483146067415}, "40": {"bias": -0.4082482904638631, "objective_cosine_similarity": -0.2610375963457607, "is_tight": 0.0, "dual_solution_value": 0.0, "scaled_age": 0.29213483146067415}, "41": {"bias": -0.3333333333333333, "objective_cosine_similarity": -0.6097317077169446, "is_tight": 0.0, "dual_solution_value": 0.0, "scaled_age": 0.29213483146067415}, "42": {"bias": -0.3779644730092272, "objective_cosine_similarity": -0.45275607996198014, "is_tight": 0.0, "dual_solution_value": 0.0, "scaled_age": 0.2808988764044944}, "43": {"bias": -0.4472135954999579, "objective_cosine_similarity": -0.33300781135559776, "is_tight": 0.0, "dual_solution_value": 0.0, "scaled_age": 0.29213483146067415}, "44": {"bias": -0.4082482904638631, "objective_cosine_similarity": -0.3337316105179978, "is_tight": 0.0, "dual_solution_value": 0.0, "scaled_age": 0.29213483146067415}, "45": {"bias": -0.4082482904638631, "objective_cosine_similarity": -0.3337316105179978, "is_tight": 0.0, "dual_solution_value": 0.0, "scaled_age": 0.29213483146067415}, "46": {"bias": -0.3779644730092272, "objective_cosine_similarity": -0.29673878213724375, "is_tight": 0.0, "dual_solution_value": 0.0, "scaled_age": 0.29213483146067415}, "47": {"bias": -0.4472135954999579, "objective_cosine_similarity": -0.141166354813786, "is_tight": 0.0, "dual_solution_value": 0.0, "scaled_age": 0.29213483146067415}, "48": {"bias": -0.3779644730092272, "objective_cosine_similarity": -0.7127849096698741, "is_tight": 1.0, "dual_solution_value": -0.009934065053683258, "scaled_age": 0.0}, "49": {"bias": -0.3779644730092272, "objective_cosine_similarity": -0.28144296862501467, "is_tight": 0.0, "dual_solution_value": 0.0, "scaled_age": 0.29213483146067415}, "50": {"bias": -0.3333333333333333, "objective_cosine_similarity": -0.35073062833275576, "is_tight": 0.0, "dual_solution_value": 0.0, "scaled_age": 0.29213483146067415}, "51": {"bias": -0.4082482904638631, "objective_cosine_similarity": -0.3006888768033446, "is_tight": 0.0, "dual_solution_value": 0.0, "scaled_age": 0.29213483146067415}, "52": {"bias": -0.30151134457776363, "objective_cosine_similarity": -0.41974322984567647, "is_tight": 0.0, "dual_solution_value": 0.0, "scaled_age": 0.29213483146067415}, "53": {"bias": -0.4472135954999579, "objective_cosine_similarity": -0.1809825061715205, "is_tight": 0.0, "dual_solution_value": 0.0, "scaled_age": 0.29213483146067415}, "54": {"bias": -0.4082482904638631, "objective_cosine_similarity": -0.3535572507467898, "is_tight": 0.0, "dual_solution_value": 0.0, "scaled_age": 0.29213483146067415}, "55": {"bias": -0.3779644730092272, "objective_cosine_similarity": -0.38545450050817226, "is_tight": 0.0, "dual_solution_value": 0.0, "scaled_age": 0.29213483146067415}, "56": {"bias": -0.4082482904638631, "objective_cosine_similarity": -0.2610375963457607, "is_tight": 0.0, "dual_solution_value": 0.0, "scaled_age": 0.29213483146067415}, "57": {"bias": -0.3779644730092272, "objective_cosine_similarity": -0.27532464322012307, "is_tight": 0.0, "dual_solution_value": 0.0, "scaled_age": 0.29213483146067415}, "58": {"bias": -0.4472135954999579, "objective_cosine_similarity": -0.6008619204894481, "is_tight": 1.0, "dual_solution_value": -0.0014055704086011862, "scaled_age": 0.0}, "59": {"bias": -0.5773502691896258, "objective_cosine_similarity": -0.4065464947671645, "is_tight": 1.0, "dual_solution_value": -0.04289368737810234, "scaled_age": 0.0}, "60": {"bias": -0.5, "objective_cosine_similarity": -0.2751886468457007, "is_tight": 0.0, "dual_solution_value": 0.0, "scaled_age": 0.0449438202247191}, "61": {"bias": -0.3779644730092272, "objective_cosine_similarity": -0.2661471551127856, "is_tight": 0.0, "dual_solution_value": 0.0, "scaled_age": 0.29213483146067415}, "62": {"bias": -0.3779644730092272, "objective_cosine_similarity": -0.1590764605271822, "is_tight": 0.0, "dual_solution_value": 0.0, "scaled_age": 0.29213483146067415}, "63": {"bias": -0.4472135954999579, "objective_cosine_similarity": -0.25337550864012875, "is_tight": 0.0, "dual_solution_value": 0.0, "scaled_age": 0.29213483146067415}, "64": {"bias": -0.4472135954999579, "objective_cosine_similarity": -0.15564495530750766, "is_tight": 0.0, "dual_solution_value": 0.0, "scaled_age": 0.29213483146067415}, "65": {"bias": -0.7071067811865475, "objective_cosine_similarity": -0.13163289531392158, "is_tight": 1.0, "dual_solution_value": -0.022538598264181926, "scaled_age": 0.0}, "66": {"bias": -0.3333333333333333, "objective_cosine_similarity": -0.45325188892233054, "is_tight": 0.0, "dual_solution_value": 0.0, "scaled_age": 0.29213483146067415}, "67": {"bias": -0.4082482904638631, "objective_cosine_similarity": -0.3766871643470471, "is_tight": 0.0, "dual_solution_value": 0.0, "scaled_age": 0.12359550561797752}, "68": {"bias": -0.3779644730092272, "objective_cosine_similarity": -0.3120345956494728, "is_tight": 0.0, "dual_solution_value": 0.0, "scaled_age": 0.29213483146067415}, "69": {"bias": -0.4082482904638631, "objective_cosine_similarity": -0.24782050285989937, "is_tight": 0.0, "dual_solution_value": 0.0, "scaled_age": 0.29213483146067415}, "70": {"bias": -0.4082482904638631, "objective_cosine_similarity": -0.3766871643470471, "is_tight": 0.0, "dual_solution_value": 0.0, "scaled_age": 0.29213483146067415}, "71": {"bias": -0.3779644730092272, "objective_cosine_similarity": -0.16825394863451965, "is_tight": 0.0, "dual_solution_value": 0.0, "scaled_age": 0.29213483146067415}, "72": {"bias": -0.5, "objective_cosine_similarity": -0.1254536478267165, "is_tight": 1.0, "dual_solution_value": -0.0006189674207877184, "scaled_age": 0.0}, "73": {"bias": -0.35355339059327373, "objective_cosine_similarity": -0.44926879487577587, "is_tight": 0.0, "dual_solution_value": 0.0, "scaled_age": 0.29213483146067415}, "74": {"bias": -0.3779644730092272, "objective_cosine_similarity": -0.37627701240083483, "is_tight": 0.0, "dual_solution_value": 0.0, "scaled_age": 0.29213483146067415}, "75": {"bias": -0.2886751345948129, "objective_cosine_similarity": -0.7009422323571801, "is_tight": 0.0, "dual_solution_value": 0.0, "scaled_age": 0.29213483146067415}, "76": {"bias": -0.4082482904638631, "objective_cosine_similarity": -0.49564100571979874, "is_tight": 0.0, "dual_solution_value": 0.0, "scaled_age": 0.29213483146067415}, "77": {"bias": -0.35355339059327373, "objective_cosine_similarity": -0.4921925650868373, "is_tight": 0.0, "dual_solution_value": 0.0, "scaled_age": 0.29213483146067415}, "78": {"bias": -0.4472135954999579, "objective_cosine_similarity": -0.3402471116024586, "is_tight": 0.0, "dual_solution_value": 0.0, "scaled_age": 0.20224719101123595}, "79": {"bias": -0.3333333333333333, "objective_cosine_similarity": -0.35073062833275576, "is_tight": 0.0, "dual_solution_value": 0.0, "scaled_age": 0.29213483146067415}, "80": {"bias": -0.5, "objective_cosine_similarity": -0.3763609434801495, "is_tight": 0.0, "dual_solution_value": 0.0, "scaled_age": 0.20224719101123595}, "81": {"bias": -0.4082482904638631, "objective_cosine_similarity": -0.3766871643470471, "is_tight": 0.0, "dual_solution_value": 0.0, "scaled_age": 0.06741573033707865}, "82": {"bias": -0.4472135954999579, "objective_cosine_similarity": -0.3547257120961802, "is_tight": 0.0, "dual_solution_value": 0.0, "scaled_age": 0.033707865168539325}, "83": {"bias": -0.3333333333333333, "objective_cosine_similarity": -0.6394089147297163, "is_tight": 0.0, "dual_solution_value": 0.0, "scaled_age": 0.2247191011235955}, "84": {"bias": -0.3779644730092272, "objective_cosine_similarity": -0.32427124645925604, "is_tight": 0.0, "dual_solution_value": 0.0, "scaled_age": 0.29213483146067415}, "85": {"bias": -0.5, "objective_cosine_similarity": -0.27923553871107865, "is_tight": 0.0, "dual_solution_value": 0.0, "scaled_age": 0.29213483146067415}, "86": {"bias": -0.30151134457776363, "objective_cosine_similarity": -0.47343131738407696, "is_tight": 0.0, "dual_solution_value": 0.0, "scaled_age": 0.29213483146067415}, "87": {"bias": -0.35355339059327373, "objective_cosine_similarity": -0.3948986859417648, "is_tight": 0.0, "dual_solution_value": 0.0, "scaled_age": 0.29213483146067415}, "88": {"bias": -0.35355339059327373, "objective_cosine_similarity": -0.46071513359872557, "is_tight": 0.0, "dual_solution_value": 0.0, "scaled_age": 0.29213483146067415}, "89": {"bias": -0.3779644730092272, "objective_cosine_similarity": -0.46499273077176334, "is_tight": 0.0, "dual_solution_value": 0.0, "scaled_age": 0.29213483146067415}, "90": {"bias": -0.30151134457776363, "objective_cosine_similarity": -0.48807352307636803, "is_tight": 0.0, "dual_solution_value": 0.0, "scaled_age": 0.29213483146067415}, "91": {"bias": -0.3779644730092272, "objective_cosine_similarity": -0.2630879924103398, "is_tight": 0.0, "dual_solution_value": 0.0, "scaled_age": 0.29213483146067415}, "92": {"bias": -0.3333333333333333, "objective_cosine_similarity": -0.4451581051915746, "is_tight": 0.0, "dual_solution_value": 0.0, "scaled_age": 0.29213483146067415}, "93": {"bias": -0.3779644730092272, "objective_cosine_similarity": -0.5139393340108963, "is_tight": 0.0, "dual_solution_value": 0.0, "scaled_age": 0.15730337078651685}, "94": {"bias": -0.4082482904638631, "objective_cosine_similarity": -0.3998170779473043, "is_tight": 0.0, "dual_solution_value": 0.0, "scaled_age": 0.29213483146067415}, "95": {"bias": -0.4082482904638631, "objective_cosine_similarity": -0.38329571108997773, "is_tight": 0.0, "dual_solution_value": 0.0, "scaled_age": 0.29213483146067415}, "96": {"bias": -0.4082482904638631, "objective_cosine_similarity": -0.4592939986336802, "is_tight": 0.0, "dual_solution_value": 0.0, "scaled_age": 0.21348314606741572}, "97": {"bias": -0.4082482904638631, "objective_cosine_similarity": -0.2973846034318793, "is_tight": 0.0, "dual_solution_value": 0.0, "scaled_age": 0.29213483146067415}, "98": {"bias": -0.4472135954999579, "objective_cosine_similarity": -0.5139903175271183, "is_tight": 0.0, "dual_solution_value": 0.0, "scaled_age": 0.06741573033707865}, "99": {"bias": -0.35355339059327373, "objective_cosine_similarity": -0.3777291778573402, "is_tight": 0.0, "dual_solution_value": 0.0, "scaled_age": 0.29213483146067415}, "100": {"bias": -0.31622776601683794, "objective_cosine_similarity": -0.26362635222343783, "is_tight": 0.0, "dual_solution_value": 0.0, "scaled_age": 0.29213483146067415}, "101": {"bias": -0.3779644730092272, "objective_cosine_similarity": -0.5078210086060048, "is_tight": 0.0, "dual_solution_value": 0.0, "scaled_age": 0.29213483146067415}, "102": {"bias": -0.5, "objective_cosine_similarity": -0.2913762143072125, "is_tight": 0.0, "dual_solution_value": 0.0, "scaled_age": 0.056179775280898875}, "103": {"bias": -0.3779644730092272, "objective_cosine_similarity": -0.4772293815815466, "is_tight": 0.0, "dual_solution_value": 0.0, "scaled_age": 0.14606741573033707}, "104": {"bias": -0.5, "objective_cosine_similarity": -0.26304797124956686, "is_tight": 0.0, "dual_solution_value": 0.0, "scaled_age": 0.29213483146067415}, "105": {"bias": -0.4472135954999579, "objective_cosine_similarity": -0.361965012343041, "is_tight": 0.0, "dual_solution_value": 0.0, "scaled_age": 0.29213483146067415}, "106": {"bias": -0.3779644730092272, "objective_cosine_similarity": -0.29673878213724375, "is_tight": 0.0, "dual_solution_value": 0.0, "scaled_age": 0.29213483146067415}, "107": {"bias": -0.4472135954999579, "objective_cosine_similarity": -0.41264011407106677, "is_tight": 0.0, "dual_solution_value": 0.0, "scaled_age": 0.29213483146067415}, "108": {"bias": -0.3779644730092272, "objective_cosine_similarity": -0.39157282591306386, "is_tight": 0.0, "dual_solution_value": 0.0, "scaled_age": 0.29213483146067415}, "109": {"bias": -0.5, "objective_cosine_similarity": -0.5058614831722439, "is_tight": 0.0, "dual_solution_value": 0.0, "scaled_age": 0.24719101123595505}, "110": {"bias": -0.6030226891555273, "objective_cosine_similarity": -0.8760919739220806, "is_tight": 1.0, "dual_solution_value": -0.008040768326451847, "scaled_age": 0.0}, "111": {"bias": -0.8571428571428571, "objective_cosine_similarity": -0.8937849748391875, "is_tight": 0.0, "dual_solution_value": -0.0, "scaled_age": 0.06741573033707865}, "112": {"bias": -0.9241248008866978, "objective_cosine_similarity": -0.9247750216845801, "is_tight": 1.0, "dual_solution_value": -0.003849386787145117, "scaled_age": 0.0}, "113": {"bias": -0.7453559924999299, "objective_cosine_similarity": -0.8964666805695983, "is_tight": 0.0, "dual_solution_value": -0.0, "scaled_age": 0.011235955056179775}, "114": {"bias": -0.6546536707079772, "objective_cosine_similarity": -0.8636759123687048, "is_tight": 0.0, "dual_solution_value": -0.0, "scaled_age": 0.033707865168539325}, "115": {"bias": -0.9222625647939947, "objective_cosine_similarity": -0.9267626012738279, "is_tight": 1.0, "dual_solution_value": -0.004665388862966974, "scaled_age": 0.0}, "116": {"bias": -0.9512475175100888, "objective_cosine_similarity": -0.9299734901396534, "is_tight": 1.0, "dual_solution_value": -0.0022622235608831696, "scaled_age": 0.0}, "117": {"bias": -0.9460639892235433, "objective_cosine_similarity": -0.9164980630121805, "is_tight": 0.0, "dual_solution_value": -0.0, "scaled_age": 0.02247191011235955}, "118": {"bias": -0.5163977794943222, "objective_cosine_similarity": -0.7481505383822619, "is_tight": 1.0, "dual_solution_value": -0.0005665180031139762, "scaled_age": 0.0}, "119": {"bias": -0.7559289460184544, "objective_cosine_similarity": -0.908571322626406, "is_tight": 1.0, "dual_solution_value": -0.0002515405197529427, "scaled_age": 0.0}, "120": {"bias": -0.7442084075352507, "objective_cosine_similarity": -0.9035192851800857, "is_tight": 0.0, "dual_solution_value": -0.0, "scaled_age": 0.11235955056179775}, "121": {"bias": -0.6963106238227914, "objective_cosine_similarity": -0.8925678609360991, "is_tight": 1.0, "dual_solution_value": -3.4708367475329924e-05, "scaled_age": 0.0}, "122": {"bias": -0.9088718679275626, "objective_cosine_similarity": -0.9291506431994765, "is_tight": 1.0, "dual_solution_value": -0.00013805676523384472, "scaled_age": 0.0}, "123": {"bias": -0.792593923901217, "objective_cosine_similarity": -0.9457666411673452, "is_tight": 0.0, "dual_solution_value": -0.0, "scaled_age": 0.02247191011235955}, "124": {"bias": -0.8109177200173469, "objective_cosine_similarity": -0.9365456434133634, "is_tight": 1.0, "dual_solution_value": -1.2347070587065524e-05, "scaled_age": 0.0}, "125": {"bias": -0.9436880096578272, "objective_cosine_similarity": -0.9262877055905505, "is_tight": 1.0, "dual_solution_value": -0.0024399555181909022, "scaled_age": 0.0}, "126": {"bias": -0.9393071503628337, "objective_cosine_similarity": -0.9211165240450727, "is_tight": 1.0, "dual_solution_value": -0.016089758672687048, "scaled_age": 0.0}, "127": {"bias": -0.9401158124886011, "objective_cosine_similarity": -0.9308587288418136, "is_tight": 1.0, "dual_solution_value": -0.008069943643723272, "scaled_age": 0.0}, "128": {"bias": -0.939386544226542, "objective_cosine_similarity": -0.9260104404733868, "is_tight": 1.0, "dual_solution_value": -0.0034139579262380125, "scaled_age": 0.0}, "129": {"bias": -0.9289343129424246, "objective_cosine_similarity": -0.9295338307014206, "is_tight": 1.0, "dual_solution_value": -0.020548056878998543, "scaled_age": 0.0}, "130": {"bias": -0.9083146012321268, "objective_cosine_similarity": -0.9125102512006185, "is_tight": 1.0, "dual_solution_value": -0.007334461735928279, "scaled_age": 0.0}}