{"0": {"bias": -0.6868028197434451, "objective_cosine_similarity": -0.9386195673147721, "is_tight": 0.0, "dual_solution_value": -0.0, "scaled_age": 0.09649122807017543}, "1": {"bias": -0.6575959492214292, "objective_cosine_similarity": -0.783245479711114, "is_tight": 0.0, "dual_solution_value": -0.0, "scaled_age": 0.008771929824561403}, "2": {"bias": -0.5547001962252291, "objective_cosine_similarity": -0.6440182450114426, "is_tight": 1.0, "dual_solution_value": -0.0009323979015258454, "scaled_age": 0.0}, "3": {"bias": -0.7973441702237778, "objective_cosine_similarity": -0.9420472033294932, "is_tight": 0.0, "dual_solution_value": -0.0, "scaled_age": 0.02631578947368421}, "4": {"bias": -0.6708203932499369, "objective_cosine_similarity": -0.838964295349389, "is_tight": 0.0, "dual_solution_value": -0.0, "scaled_age": 0.02631578947368421}, "5": {"bias": -0.8307471607356973, "objective_cosine_similarity": -0.8928046905026734, "is_tight": 1.0, "dual_solution_value": -0.0001316875099135527, "scaled_age": 0.0}, "6": {"bias": -0.6030226891555273, "objective_cosine_similarity": -0.5379681306414448, "is_tight": 1.0, "dual_solution_value": -0.0002856255755826417, "scaled_age": 0.0}, "7": {"bias": -0.5, "objective_cosine_similarity": -0.8288483526395759, "is_tight": 1.0, "dual_solution_value": -2.9167681347765558e-05, "scaled_age": 0.0}, "8": {"bias": -0.9140184215521012, "objective_cosine_similarity": -0.9946271978760471, "is_tight": 1.0, "dual_solution_value": -0.0036148372019643043, "scaled_age": 0.0}, "9": {"bias": -0.8983406850470737, "objective_cosine_similarity": -0.9857936151771608, "is_tight": 0.0, "dual_solution_value": 0.0, "scaled_age": 0.09649122807017543}, "10": {"bias": -0.3779644730092272, "objective_cosine_similarity": -0.33479795659082195, "is_tight": 0.0, "dual_solution_value": 0.0, "scaled_age": 0.20175438596491227}, "11": {"bias": -0.35355339059327373, "objective_cosine_similarity": -0.3042269600718971, "is_tight": 0.0, "dual_solution_value": 0.0, "scaled_age": 0.20175438596491227}, "12": {"bias": -0.4082482904638631, "objective_cosine_similarity": -0.3642061461501094, "is_tight": 0.0, "dual_solution_value": 0.0, "scaled_age": 0.20175438596491227}, "13": {"bias": -0.35355339059327373, "objective_cosine_similarity": -0.5927951795518583, "is_tight": 0.0, "dual_solution_value": 0.0, "scaled_age": 0.14912280701754385}, "14": {"bias": -0.3333333333333333, "objective_cosine_similarity": -0.42813286408609136, "is_tight": 0.0, "dual_solution_value": 0.0, "scaled_age": 0.20175438596491227}, "15": {"bias": -0.4472135954999579, "objective_cosine_similarity": -0.40179740283174786, "is_tight": 0.0, "dual_solution_value": 0.0, "scaled_age": 0.07017543859649122}, "16": {"bias": -0.3779644730092272, "objective_cosine_similarity": -0.4734999671784482, "is_tight": 0.0, "dual_solution_value": 0.0, "scaled_age": 0.20175438596491227}, "17": {"bias": -0.5773502691896258, "objective_cosine_similarity": -0.2484002727247398, "is_tight": 0.0, "dual_solution_value": 0.0, "scaled_age": 0.16666666666666666}, "18": {"bias": -0.3779644730092272, "objective_cosine_similarity": -0.3539292683960118, "is_tight": 0.0, "dual_solution_value": 0.0, "scaled_age": 0.20175438596491227}, "19": {"bias": -0.3333333333333333, "objective_cosine_similarity": -0.3732981130208777, "is_tight": 0.0, "dual_solution_value": 0.0, "scaled_age": 0.20175438596491227}, "20": {"bias": -0.3779644730092272, "objective_cosine_similarity": -0.35153785442036306, "is_tight": 0.0, "dual_solution_value": 0.0, "scaled_age": 0.20175438596491227}, "21": {"bias": -0.4472135954999579, "objective_cosine_similarity": -0.2914445950117608, "is_tight": 0.0, "dual_solution_value": 0.0, "scaled_age": 0.02631578947368421}, "22": {"bias": -0.35355339059327373, "objective_cosine_similarity": -0.4071272553903329, "is_tight": 0.0, "dual_solution_value": 0.0, "scaled_age": 0.20175438596491227}, "23": {"bias": -0.35355339059327373, "objective_cosine_similarity": -0.3288335524306535, "is_tight": 0.0, "dual_solution_value": 0.0, "scaled_age": 0.20175438596491227}, "24": {"bias": -0.4082482904638631, "objective_cosine_similarity": -0.28929849906959043, "is_tight": 0.0, "dual_solution_value": 0.0, "scaled_age": 0.20175438596491227}, "25": {"bias": -0.4082482904638631, "objective_cosine_similarity": -0.42878170397814297, "is_tight": 0.0, "dual_solution_value": 0.0, "scaled_age": 0.20175438596491227}, "26": {"bias": -0.35355339059327373, "objective_cosine_similarity": -0.4496295512827303, "is_tight": 0.0, "dual_solution_value": 0.0, "scaled_age": 0.20175438596491227}, "27": {"bias": -0.4472135954999579, "objective_cosine_similarity": -0.3678426927332903, "is_tight": 0.0, "dual_solution_value": 0.0, "scaled_age": 0.20175438596491227}, "28": {"bias": -0.3333333333333333, "objective_cosine_similarity": -0.41126063298910254, "is_tight": 0.0, "dual_solution_value": 0.0, "scaled_age": 0.20175438596491227}, "29": {"bias": -0.31622776601683794, "objective_cosine_similarity": -0.428171302788528, "is_tight": 0.0, "dual_solution_value": 0.0, "scaled_age": 0.20175438596491227}, "30": {"bias": -0.3333333333333333, "objective_cosine_similarity": -0.563110712862002, "is_tight": 0.0, "dual_solution_value": 0.0, "scaled_age": 0.08771929824561403}, "31": {"bias": -0.35355339059327373, "objective_cosine_similarity": -0.3646249594979355, "is_tight": 0.0, "dual_solution_value": 0.0, "scaled_age": 0.20175438596491227}, "32": {"bias": -0.5773502691896258, "objective_cosine_similarity": -0.24109438235048275, "is_tight": 1.0, "dual_solution_value": -0.005591903509731915, "scaled_age": 0.0}, "33": {"bias": -0.3779644730092272, "objective_cosine_similarity": -0.42088885971417617, "is_tight": 0.0, "dual_solution_value": 0.0, "scaled_age": 0.20175438596491227}, "34": {"bias": -0.3333333333333333, "objective_cosine_similarity": -0.4576592685058218, "is_tight": 0.0, "dual_solution_value": 0.0, "scaled_age": 0.20175438596491227}, "35": {"bias": -0.30151134457776363, "objective_cosine_similarity": -0.5227066233892053, "is_tight": 0.0, "dual_solution_value": 0.0, "scaled_age": 0.20175438596491227}, "36": {"bias": -0.4082482904638631, "objective_cosine_similarity": -0.5011063287455406, "is_tight": 0.0, "dual_solution_value": 0.0, "scaled_age": 0.12280701754385964}, "37": {"bias": -0.35355339059327373, "objective_cosine_similarity": -0.5435819948343455, "is_tight": 0.0, "dual_solution_value": 0.0, "scaled_age": 0.20175438596491227}, "38": {"bias": -0.3333333333333333, "objective_cosine_similarity": -0.40071548855348454, "is_tight": 0.0, "dual_solution_value": 0.0, "scaled_age": 0.20175438596491227}, "39": {"bias": -0.3779644730092272, "objective_cosine_similarity": -0.25827270937006264, "is_tight": 0.0, "dual_solution_value": 0.0, "scaled_age": 0.20175438596491227}, "40": {"bias": -0.4472135954999579, "objective_cosine_similarity": -0.469706823028663, "is_tight": 1.0, "dual_solution_value": -0.00018039170820857803, "scaled_age": 0.0}, "41": {"bias": -0.3333333333333333, "objective_cosine_similarity": -0.33955365082690003, "is_tight": 0.0, "dual_solution_value": 0.0, "scaled_age": 0.20175438596491227}, "42": {"bias": -0.35355339059327373, "objective_cosine_similarity": -0.5458189577760507, "is_tight": 1.0, "dual_solution_value": -0.010735982728304692, "scaled_age": 0.0}, "43": {"bias": -0.3779644730092272, "objective_cosine_similarity": -0.4041489618846351, "is_tight": 0.0, "dual_solution_value": 0.0, "scaled_age": 0.13157894736842105}, "44": {"bias": -0.3779644730092272, "objective_cosine_similarity": -0.3539292683960118, "is_tight": 0.0, "dual_solution_value": 0.0, "scaled_age": 0.017543859649122806}, "45": {"bias": -0.5, "objective_cosine_similarity": -0.3258449630605966, "is_tight": 0.0, "dual_solution_value": 0.0, "scaled_age": 0.18421052631578946}, "46": {"bias": -0.3333333333333333, "objective_cosine_similarity": -0.4555502396186982, "is_tight": 0.0, "dual_solution_value": 0.0, "scaled_age": 0.20175438596491227}, "47": {"bias": -0.4082482904638631, "objective_cosine_similarity": -0.2867154767564691, "is_tight": 0.0, "dual_solution_value": 0.0, "scaled_age": 0.20175438596491227}, "48": {"bias": -0.4082482904638631, "objective_cosine_similarity": -0.3099626775745612, "is_tight": 0.0, "dual_solution_value": 0.0, "scaled_age": 0.20175438596491227}, "49": {"bias": -0.3779644730092272, "objective_cosine_similarity": -0.31566664478563217, "is_tight": 0.0, "dual_solution_value": 0.0, "scaled_age": 0.20175438596491227}, "50": {"bias": -0.4082482904638631, "objective_cosine_similarity": -0.5321025965029967, "is_tight": 1.0, "dual_solution_value": -0.0017774996766620672, "scaled_age": 0.0}, "51": {"bias": -0.3779644730092272, "objective_cosine_similarity": -0.35632068237166054, "is_tight": 0.0, "dual_solution_value": 0.0, "scaled_age": 0.12280701754385964}, "52": {"bias": -0.3333333333333333, "objective_cosine_similarity": -0.4471141240702038, "is_tight": 0.0, "dual_solution_value": 0.0, "scaled_age": 0.20175438596491227}, "53": {"bias": -0.4082482904638631, "objective_cosine_similarity": -0.5295195741898754, "is_tight": 1.0, "dual_solution_value": -0.011778851963149204, "scaled_age": 0.0}, "54": {"bias": -0.5, "objective_cosine_similarity": -0.24675637979346152, "is_tight": 0.0, "dual_solution_value": 0.0, "scaled_age": 0.10526315789473684}, "55": {"bias": -0.2886751345948129, "objective_cosine_similarity": -0.5844712299405642, "is_tight": 0.0, "dual_solution_value": 0.0, "scaled_age": 0.20175438596491227}, "56": {"bias": -0.3333333333333333, "objective_cosine_similarity": -0.4534412107315746, "is_tight": 0.0, "dual_solution_value": 0.0, "scaled_age": 0.20175438596491227}, "57": {"bias": -0.3333333333333333, "objective_cosine_similarity": -0.41547869076334976, "is_tight": 0.0, "dual_solution_value": 0.0, "scaled_age": 0.20175438596491227}, "58": {"bias": -0.3779644730092272, "objective_cosine_similarity": -0.4304545156167711, "is_tight": 0.0, "dual_solution_value": 0.0, "scaled_age": 0.20175438596491227}, "59": {"bias": -0.31622776601683794, "objective_cosine_similarity": -0.44217690615076954, "is_tight": 0.0, "dual_solution_value": 0.0, "scaled_age": 0.20175438596491227}, "60": {"bias": -0.4082482904638631, "objective_cosine_similarity": -0.40553450316005085, "is_tight": 0.0, "dual_solution_value": 0.0, "scaled_age": 0.20175438596491227}, "61": {"bias": -0.3333333333333333, "objective_cosine_similarity": -0.5378023662165187, "is_tight": 0.0, "dual_solution_value": 0.0, "scaled_age": 0.20175438596491227}, "62": {"bias": -0.3333333333333333, "objective_cosine_similarity": -0.4576592685058218, "is_tight": 0.0, "dual_solution_value": 0.0, "scaled_age": 0.20175438596491227}, "63": {"bias": -0.3779644730092272, "objective_cosine_similarity": -0.528502488618369, "is_tight": 0.0, "dual_solution_value": 0.0, "scaled_age": 0.20175438596491227}, "64": {"bias": -0.4082482904638631, "objective_cosine_similarity": -0.3952024139075655, "is_tight": 0.0, "dual_solution_value": 0.0, "scaled_age": 0.20175438596491227}, "65": {"bias": -0.3333333333333333, "objective_cosine_similarity": -0.40071548855348454, "is_tight": 0.0, "dual_solution_value": 0.0, "scaled_age": 0.20175438596491227}, "66": {"bias": -0.3779644730092272, "objective_cosine_similarity": -0.3228408867125783, "is_tight": 0.0, "dual_solution_value": 0.0, "scaled_age": 0.20175438596491227}, "67": {"bias": -0.31622776601683794, "objective_cosine_similarity": -0.5042017210406965, "is_tight": 0.0, "dual_solution_value": 0.0, "scaled_age": 0.20175438596491227}, "68": {"bias": -0.35355339059327373, "objective_cosine_similarity": -0.5301602171841148, "is_tight": 0.0, "dual_solution_value": 0.0, "scaled_age": 0.008771929824561403}, "69": {"bias": -0.4082482904638631, "objective_cosine_similarity": -0.40295148084692956, "is_tight": 0.0, "dual_solution_value": 0.0, "scaled_age": 0.12280701754385964}, "70": {"bias": -0.4082482904638631, "objective_cosine_similarity": -0.35129103458450267, "is_tight": 0.0, "dual_solution_value": 0.0, "scaled_age": 0.20175438596491227}, "71": {"bias": -0.3779644730092272, "objective_cosine_similarity": -0.4782827951297457, "is_tight": 0.0, "dual_solution_value": 0.0, "scaled_age": 0.20175438596491227}, "72": {"bias": -0.4472135954999579, "objective_cosine_similarity": -0.39330872530713346, "is_tight": 0.0, "dual_solution_value": 0.0, "scaled_age": 0.20175438596491227}, "73": {"bias": -0.4082482904638631, "objective_cosine_similarity": -0.3409589453320173, "is_tight": 0.0, "dual_solution_value": 0.0, "scaled_age": 0.20175438596491227}, "74": {"bias": -0.4472135954999579, "objective_cosine_similarity": -0.2914445950117608, "is_tight": 0.0, "dual_solution_value": 0.0, "scaled_age": 0.20175438596491227}, "75": {"bias": -0.5, "objective_cosine_similarity": -0.2783918131003156, "is_tight": 1.0, "dual_solution_value": -0.00012841807631627748, "scaled_age": 0.0}, "76": {"bias": -0.4082482904638631, "objective_cosine_similarity": -0.42878170397814297, "is_tight": 1.0, "dual_solution_value": -9.297520159330925e-05, "scaled_age": 0.0}, "77": {"bias": -0.35355339059327373, "objective_cosine_similarity": -0.4026533295069227, "is_tight": 0.0, "dual_solution_value": 0.0, "scaled_age": 0.20175438596491227}, "78": {"bias": -0.35355339059327373, "objective_cosine_similarity": -0.5502928836594609, "is_tight": 0.0, "dual_solution_value": 0.0, "scaled_age": 0.20175438596491227}, "79": {"bias": -0.3333333333333333, "objective_cosine_similarity": -0.42813286408609136, "is_tight": 0.0, "dual_solution_value": 0.0, "scaled_age": 0.20175438596491227}, "80": {"bias": -0.35355339059327373, "objective_cosine_similarity": -0.4026533295069227, "is_tight": 0.0, "dual_solution_value": 0.0, "scaled_age": 0.20175438596491227}, "81": {"bias": -0.31622776601683794, "objective_cosine_similarity": -0.3141256754102752, "is_tight": 0.0, "dual_solution_value": 0.0, "scaled_age": 0.20175438596491227}, "82": {"bias": -0.35355339059327373, "objective_cosine_similarity": -0.4205490330405637, "is_tight": 0.0, "dual_solution_value": 0.0, "scaled_age": 0.20175438596491227}, "83": {"bias": -0.35355339059327373, "objective_cosine_similarity": -0.4071272553903329, "is_tight": 0.0, "dual_solution_value": 0.0, "scaled_age": 0.20175438596491227}, "84": {"bias": -0.3333333333333333, "objective_cosine_similarity": -0.5420204239907659, "is_tight": 0.0, "dual_solution_value": 0.0, "scaled_age": 0.20175438596491227}, "85": {"bias": -0.31622776601683794, "objective_cosine_similarity": -0.46018411047365154, "is_tight": 0.0, "dual_solution_value": 0.0, "scaled_age": 0.20175438596491227}, "86": {"bias": -0.31622776601683794, "objective_cosine_similarity": -0.5322129277651796, "is_tight": 0.0, "dual_solution_value": 0.0, "scaled_age": 0.20175438596491227}, "87": {"bias": -0.3333333333333333, "objective_cosine_similarity": -0.37118908413375407, "is_tight": 0.0, "dual_solution_value": 0.0, "scaled_age": 0.20175438596491227}, "88": {"bias": -0.4082482904638631, "objective_cosine_similarity": -0.35129103458450267, "is_tight": 0.0, "dual_solution_value": 0.0, "scaled_age": 0.20175438596491227}, "89": {"bias": -0.5773502691896258, "objective_cosine_similarity": -0.3141532860930533, "is_tight": 1.0, "dual_solution_value": -0.021072591132138746, "scaled_age": 0.0}, "90": {"bias": -0.4472135954999579, "objective_cosine_similarity": -0.31974018676047544, "is_tight": 0.0, "dual_solution_value": 0.0, "scaled_age": 0.20175438596491227}, "91": {"bias": -0.4472135954999579, "objective_cosine_similarity": -0.3367175418097042, "is_tight": 0.0, "dual_solution_value": 0.0, "scaled_age": 0.20175438596491227}, "92": {"bias": -0.5773502691896258, "objective_cosine_similarity": -0.2630120534732539, "is_tight": 0.0, "dual_solution_value": 0.0, "scaled_age": 0.14035087719298245}, "93": {"bias": -0.4082482904638631, "objective_cosine_similarity": -0.2763833875039837, "is_tight": 0.0, "dual_solution_value": 0.0, "scaled_age": 0.20175438596491227}, "94": {"bias": -0.3779644730092272, "objective_cosine_similarity": -0.5380681445209639, "is_tight": 0.0, "dual_solution_value": 0.0, "scaled_age": 0.03508771929824561}, "95": {"bias": -0.3333333333333333, "objective_cosine_similarity": -0.40282451744060815, "is_tight": 0.0, "dual_solution_value": 0.0, "scaled_age": 0.20175438596491227}, "96": {"bias": -0.35355339059327373, "objective_cosine_similarity": -0.3646249594979355, "is_tight": 0.0, "dual_solution_value": 0.0, "scaled_age": 0.20175438596491227}, "97": {"bias": -0.35355339059327373, "objective_cosine_similarity": -0.4966057730585379, "is_tight": 0.0, "dual_solution_value": 0.0, "scaled_age": 0.07894736842105263}, "98": {"bias": -0.3779644730092272, "objective_cosine_similarity": -0.4806742091053944, "is_tight": 0.0, "dual_solution_value": 0.0, "scaled_age": 0.20175438596491227}, "99": {"bias": -0.3779644730092272, "objective_cosine_similarity": -0.4806742091053944, "is_tight": 0.0, "dual_solution_value": 0.0, "scaled_age": 0.20175438596491227}, "100": {"bias": -0.4472135954999579, "objective_cosine_similarity": -0.28578547666201787, "is_tight": 0.0, "dual_solution_value": 0.0, "scaled_age": 0.20175438596491227}, "101": {"bias": -0.2773500981126146, "objective_cosine_similarity": -0.4176467092989737, "is_tight": 0.0, "dual_solution_value": 0.0, "scaled_age": 0.20175438596491227}, "102": {"bias": -0.3779644730092272, "objective_cosine_similarity": -0.47589138115409696, "is_tight": 1.0, "dual_solution_value": -9.031352956112493e-05, "scaled_age": 0.0}, "103": {"bias": -0.3779644730092272, "objective_cosine_similarity": -0.41371461778723, "is_tight": 0.0, "dual_solution_value": 0.0, "scaled_age": 0.20175438596491227}, "104": {"bias": -0.3333333333333333, "objective_cosine_similarity": -0.4344599507474622, "is_tight": 0.0, "dual_solution_value": 0.0, "scaled_age": 0.20175438596491227}, "105": {"bias": -0.3779644730092272, "objective_cosine_similarity": -0.40893178983593254, "is_tight": 0.0, "dual_solution_value": 0.0, "scaled_age": 0.20175438596491227}, "106": {"bias": -0.5773502691896258, "objective_cosine_similarity": -0.31050034090592477, "is_tight": 1.0, "dual_solution_value": -0.011330992748612594, "scaled_age": 0.0}, "107": {"bias": -0.9145732682064824, "objective_cosine_similarity": -0.9908972528651241, "is_tight": 1.0, "dual_solution_value": -0.01757258374154492, "scaled_age": 0.0}, "108": {"bias": -0.9251381325377351, "objective_cosine_similarity": -0.9920951508303044, "is_tight": 1.0, "dual_solution_value": -0.030084037748705234, "scaled_age": 0.0}, "109": {"bias": -0.7878385971583353, "objective_cosine_similarity": -0.9088811748094318, "is_tight": 1.0, "dual_solution_value": -2.409023984685752e-05, "scaled_age": 0.0}, "110": {"bias": -0.9320898631480702, "objective_cosine_similarity": -0.993104649250479, "is_tight": 0.0, "dual_solution_value": -0.0, "scaled_age": 0.03508771929824561}, "111": {"bias": -0.7559289460184544, "objective_cosine_similarity": -0.9230857946004091, "is_tight": 0.0, "dual_solution_value": -0.0, "scaled_age": 0.017543859649122806}, "112": {"bias": -0.9066890924143758, "objective_cosine_similarity": -0.9935241721900339, "is_tight": 1.0, "dual_solution_value": -0.02550295789759834, "scaled_age": 0.0}, "113": {"bias": -0.6963106238227914, "objective_cosine_similarity": -0.739042362491835, "is_tight": 1.0, "dual_solution_value": -0.0, "scaled_age": 0.03508771929824561}, "114": {"bias": -0.6767155423319645, "objective_cosine_similarity": -0.9217754696166205, "is_tight": 1.0, "dual_solution_value": -3.1840936280752452e-06, "scaled_age": 0.0}, "115": {"bias": -0.9178010895678349, "objective_cosine_similarity": -0.9913068247947951, "is_tight": 1.0, "dual_solution_value": -0.004710269781471125, "scaled_age": 0.0}, "116": {"bias": -0.6, "objective_cosine_similarity": -0.7023066194121598, "is_tight": 0.0, "dual_solution_value": -0.0, "scaled_age": 0.02631578947368421}, "117": {"bias": -0.746003846592251, "objective_cosine_similarity": -0.8018152639344867, "is_tight": 1.0, "dual_solution_value": -3.055390806528796e-06, "scaled_age": 0.0}, "118": {"bias": -0.7526178090063816, "objective_cosine_similarity": -0.9513174249614412, "is_tight": 0.0, "dual_solution_value": -0.0, "scaled_age": 0.008771929824561403}, "119": {"bias": -0.6172133998483676, "objective_cosine_similarity": -0.8571832059332856, "is_tight": 0.0, "dual_solution_value": -0.0, "scaled_age": 0.03508771929824561}, "120": {"bias": -0.6620847108818944, "objective_cosine_similarity": -0.8598060721339978, "is_tight": 0.0, "dual_solution_value": -0.0, "scaled_age": 0.03508771929824561}, "121": {"bias": -0.5897678246195885, "objective_cosine_similarity": -0.8713080838625405, "is_tight": 1.0, "dual_solution_value": -0.00022556375378882142, "scaled_age": 0.0}, "122": {"bias": -0.6984302957695782, "objective_cosine_similarity": -0.8511049869910622, "is_tight": 1.0, "dual_solution_value": -4.437835404212964e-05, "scaled_age": 0.0}, "123": {"bias": -0.8726537653572795, "objective_cosine_similarity": -0.9848938465645353, "is_tight": 1.0, "dual_solution_value": -0.00010841086449196602, "scaled_age": 0.0}, "124": {"bias": -0.9154548646834987, "objective_cosine_similarity": -0.9926780866339057, "is_tight": 1.0, "dual_solution_value": -0.00853753386792049, "scaled_age": 0.0}}