{"0": {"bias": -0.8981004187394178, "objective_cosine_similarity": -0.9788288828319092, "is_tight": 1.0, "dual_solution_value": -3.927821169430676e-05, "scaled_age": 0.0}, "1": {"bias": -0.8241633836921342, "objective_cosine_similarity": -0.9225159104181473, "is_tight": 1.0, "dual_solution_value": -0.00011343839472994993, "scaled_age": 0.0}, "2": {"bias": -0.9279270429945097, "objective_cosine_similarity": -0.9567500805400403, "is_tight": 0.0, "dual_solution_value": -0.0, "scaled_age": 0.00909090909090909}, "3": {"bias": -0.9950371902099892, "objective_cosine_similarity": -0.9603174094576835, "is_tight": 0.0, "dual_solution_value": -0.0, "scaled_age": 0.03636363636363636}, "4": {"bias": -0.8219949365267865, "objective_cosine_similarity": -0.8807566534466821, "is_tight": 0.0, "dual_solution_value": -0.0, "scaled_age": 0.045454545454545456}, "5": {"bias": -0.9362397627986744, "objective_cosine_similarity": -0.9259154208163404, "is_tight": 0.0, "dual_solution_value": -0.0, "scaled_age": 0.05454545454545454}, "6": {"bias": -0.9210494233977621, "objective_cosine_similarity": -0.9109471648747832, "is_tight": 0.0, "dual_solution_value": -0.0, "scaled_age": 0.05454545454545454}, "7": {"bias": -0.7276068751089989, "objective_cosine_similarity": -0.8548476970167366, "is_tight": 1.0, "dual_solution_value": -0.0001432458980493121, "scaled_age": 0.0}, "8": {"bias": -0.8773280079294956, "objective_cosine_similarity": -0.9845737660809044, "is_tight": 0.0, "dual_solution_value": -0.0, "scaled_age": 0.03636363636363636}, "9": {"bias": -0.9406905500033269, "objective_cosine_similarity": -0.9826184239592668, "is_tight": 1.0, "dual_solution_value": -1.0932348913891153e-05, "scaled_age": 0.0}, "10": {"bias": -0.8811404262115236, "objective_cosine_similarity": -0.9795701004162014, "is_tight": 0.0, "dual_solution_value": -0.0, "scaled_age": 0.1}, "11": {"bias": -0.9276125895432153, "objective_cosine_similarity": -0.9774726910622729, "is_tight": 0.0, "dual_solution_value": -0.0, "scaled_age": 0.10909090909090909}, "12": {"bias": -0.9219544457292888, "objective_cosine_similarity": -0.9720833959900312, "is_tight": 0.0, "dual_solution_value": -0.0, "scaled_age": 0.11818181818181818}, "13": {"bias": -0.9578949441427994, "objective_cosine_similarity": -0.9698967078578559, "is_tight": 1.0, "dual_solution_value": -4.343263236988897e-05, "scaled_age": 0.0}, "14": {"bias": -0.9411247603072052, "objective_cosine_similarity": -0.9856096680814835, "is_tight": 1.0, "dual_solution_value": -0.008524963795360873, "scaled_age": 0.0}, "15": {"bias": -0.9498645378249914, "objective_cosine_similarity": -0.979925081366368, "is_tight": 0.0, "dual_solution_value": 0.0, "scaled_age": 0.1}, "16": {"bias": -0.3779644730092272, "objective_cosine_similarity": -0.42145454872181687, "is_tight": 0.0, "dual_solution_value": 0.0, "scaled_age": 0.07272727272727272}, "17": {"bias": -0.3779644730092272, "objective_cosine_similarity": -0.3342570558828203, "is_tight": 0.0, "dual_solution_value": 0.0, "scaled_age": 0.20909090909090908}, "18": {"bias": -0.4082482904638631, "objective_cosine_similarity": -0.36888755569608644, "is_tight": 0.0, "dual_solution_value": 0.0, "scaled_age": 0.20909090909090908}, "19": {"bias": -0.3333333333333333, "objective_cosine_similarity": -0.4229552818339209, "is_tight": 0.0, "dual_solution_value": 0.0, "scaled_age": 0.20909090909090908}, "20": {"bias": -0.4472135954999579, "objective_cosine_similarity": -0.36970491590726223, "is_tight": 0.0, "dual_solution_value": 0.0, "scaled_age": 0.20909090909090908}, "21": {"bias": -0.4472135954999579, "objective_cosine_similarity": -0.12610090154976386, "is_tight": 0.0, "dual_solution_value": 0.0, "scaled_age": 0.20909090909090908}, "22": {"bias": -0.4472135954999579, "objective_cosine_similarity": -0.3152522538744097, "is_tight": 0.0, "dual_solution_value": 0.0, "scaled_age": 0.16363636363636364}, "23": {"bias": -0.3333333333333333, "objective_cosine_similarity": -0.6472497494731214, "is_tight": 1.0, "dual_solution_value": -0.007854941815410138, "scaled_age": 0.0}, "24": {"bias": -0.5, "objective_cosine_similarity": -0.3652795615838408, "is_tight": 0.0, "dual_solution_value": 0.0, "scaled_age": 0.20909090909090908}, "25": {"bias": -0.3779644730092272, "objective_cosine_similarity": -0.4602089899835931, "is_tight": 0.0, "dual_solution_value": 0.0, "scaled_age": 0.20909090909090908}, "26": {"bias": -0.3779644730092272, "objective_cosine_similarity": -0.48685266835106433, "is_tight": 0.0, "dual_solution_value": 0.0, "scaled_age": 0.20909090909090908}, "27": {"bias": -0.4082482904638631, "objective_cosine_similarity": -0.30086573691524776, "is_tight": 0.0, "dual_solution_value": 0.0, "scaled_age": 0.20909090909090908}, "28": {"bias": -0.4472135954999579, "objective_cosine_similarity": -0.5044036061990554, "is_tight": 0.0, "dual_solution_value": 0.0, "scaled_age": 0.02727272727272727}, "29": {"bias": -0.4082482904638631, "objective_cosine_similarity": -0.24592503713072428, "is_tight": 0.0, "dual_solution_value": 0.0, "scaled_age": 0.20909090909090908}, "30": {"bias": -0.5, "objective_cosine_similarity": -0.16341454070856035, "is_tight": 0.0, "dual_solution_value": 0.0, "scaled_age": 0.20909090909090908}, "31": {"bias": -0.4082482904638631, "objective_cosine_similarity": -0.6566721736150191, "is_tight": 1.0, "dual_solution_value": -0.02025497858165805, "scaled_age": 0.0}, "32": {"bias": -0.4082482904638631, "objective_cosine_similarity": -0.2694710513240915, "is_tight": 0.0, "dual_solution_value": 0.0, "scaled_age": 0.20909090909090908}, "33": {"bias": -0.5773502691896258, "objective_cosine_similarity": -0.42548840559891893, "is_tight": 1.0, "dual_solution_value": -0.03699899179121034, "scaled_age": 0.0}, "34": {"bias": -0.3333333333333333, "objective_cosine_similarity": -0.3375097703523207, "is_tight": 0.0, "dual_solution_value": 0.0, "scaled_age": 0.20909090909090908}, "35": {"bias": -0.4082482904638631, "objective_cosine_similarity": -0.5520232216444981, "is_tight": 0.0, "dual_solution_value": 0.0, "scaled_age": 0.08181818181818182}, "36": {"bias": -0.31622776601683794, "objective_cosine_similarity": -0.5633720709700436, "is_tight": 0.0, "dual_solution_value": 0.0, "scaled_age": 0.20909090909090908}, "37": {"bias": -0.3779644730092272, "objective_cosine_similarity": -0.2833918517267389, "is_tight": 0.0, "dual_solution_value": 0.0, "scaled_age": 0.20909090909090908}, "38": {"bias": -0.3779644730092272, "objective_cosine_similarity": -0.47231975287789824, "is_tight": 1.0, "dual_solution_value": -0.0015821315274620847, "scaled_age": 0.0}, "39": {"bias": -0.4082482904638631, "objective_cosine_similarity": -0.32441175110861503, "is_tight": 0.0, "dual_solution_value": 0.0, "scaled_age": 0.20909090909090908}, "40": {"bias": -0.5773502691896258, "objective_cosine_similarity": -0.1294964712692362, "is_tight": 0.0, "dual_solution_value": 0.0, "scaled_age": 0.20909090909090908}, "41": {"bias": -0.35355339059327373, "objective_cosine_similarity": -0.5120518775052714, "is_tight": 0.0, "dual_solution_value": 0.0, "scaled_age": 0.20909090909090908}, "42": {"bias": -0.3333333333333333, "objective_cosine_similarity": -0.48276713987104103, "is_tight": 0.0, "dual_solution_value": 0.0, "scaled_age": 0.20909090909090908}, "43": {"bias": -0.5773502691896258, "objective_cosine_similarity": -0.06659818522417862, "is_tight": 0.0, "dual_solution_value": 0.0, "scaled_age": 0.06363636363636363}, "44": {"bias": -0.35355339059327373, "objective_cosine_similarity": -0.3829060499928799, "is_tight": 0.0, "dual_solution_value": 0.0, "scaled_age": 0.20909090909090908}, "45": {"bias": -0.5, "objective_cosine_similarity": -0.30119542797264065, "is_tight": 0.0, "dual_solution_value": 0.0, "scaled_age": 0.03636363636363636}, "46": {"bias": -0.4082482904638631, "objective_cosine_similarity": -0.36888755569608644, "is_tight": 0.0, "dual_solution_value": 0.0, "scaled_age": 0.20909090909090908}, "47": {"bias": -0.3779644730092272, "objective_cosine_similarity": -0.2809696991478779, "is_tight": 0.0, "dual_solution_value": 0.0, "scaled_age": 0.20909090909090908}, "48": {"bias": -0.3333333333333333, "objective_cosine_similarity": -0.4080023173246409, "is_tight": 0.0, "dual_solution_value": 0.0, "scaled_age": 0.20909090909090908}, "49": {"bias": -0.31622776601683794, "objective_cosine_similarity": -0.5897168081017363, "is_tight": 0.0, "dual_solution_value": 0.0, "scaled_age": 0.20909090909090908}, "50": {"bias": -0.3779644730092272, "objective_cosine_similarity": -0.4117659384063728, "is_tight": 0.0, "dual_solution_value": 0.0, "scaled_age": 0.13636363636363635}, "51": {"bias": -0.35355339059327373, "objective_cosine_similarity": -0.518849026321713, "is_tight": 0.0, "dual_solution_value": 0.0, "scaled_age": 0.20909090909090908}, "52": {"bias": -0.5, "objective_cosine_similarity": -0.24992812108368054, "is_tight": 0.0, "dual_solution_value": 0.0, "scaled_age": 0.20909090909090908}, "53": {"bias": -0.4082482904638631, "objective_cosine_similarity": -0.40551468888576875, "is_tight": 0.0, "dual_solution_value": 0.0, "scaled_age": 0.20909090909090908}, "54": {"bias": -0.5773502691896258, "objective_cosine_similarity": -0.32929102694177204, "is_tight": 1.0, "dual_solution_value": -0.027024419281673037, "scaled_age": 0.0}, "55": {"bias": -0.3779644730092272, "objective_cosine_similarity": -0.34636781877712536, "is_tight": 0.0, "dual_solution_value": 0.0, "scaled_age": 0.20909090909090908}, "56": {"bias": -0.3333333333333333, "objective_cosine_similarity": -0.5404428601211212, "is_tight": 0.0, "dual_solution_value": 0.0, "scaled_age": 0.20909090909090908}, "57": {"bias": -0.4082482904638631, "objective_cosine_similarity": -0.38720112229092757, "is_tight": 0.0, "dual_solution_value": 0.0, "scaled_age": 0.20909090909090908}, "58": {"bias": -0.35355339059327373, "objective_cosine_similarity": -0.4961918636002408, "is_tight": 0.0, "dual_solution_value": 0.0, "scaled_age": 0.20909090909090908}, "59": {"bias": -0.31622776601683794, "objective_cosine_similarity": -0.3769323928072954, "is_tight": 0.0, "dual_solution_value": 0.0, "scaled_age": 0.20909090909090908}, "60": {"bias": -0.3779644730092272, "objective_cosine_similarity": -0.3536342765137084, "is_tight": 0.0, "dual_solution_value": 0.0, "scaled_age": 0.20909090909090908}, "61": {"bias": -0.4082482904638631, "objective_cosine_similarity": -0.3453415415027192, "is_tight": 0.0, "dual_solution_value": 0.0, "scaled_age": 0.20909090909090908}, "62": {"bias": -0.4472135954999579, "objective_cosine_similarity": -0.48147616955364386, "is_tight": 0.0, "dual_solution_value": 0.0, "scaled_age": 0.03636363636363636}, "63": {"bias": -0.4472135954999579, "objective_cosine_similarity": -0.25793366226088066, "is_tight": 0.0, "dual_solution_value": 0.0, "scaled_age": 0.00909090909090909}, "64": {"bias": -0.3779644730092272, "objective_cosine_similarity": -0.4238767013006779, "is_tight": 0.0, "dual_solution_value": 0.0, "scaled_age": 0.20909090909090908}, "65": {"bias": -0.4472135954999579, "objective_cosine_similarity": -0.5674540569739374, "is_tight": 1.0, "dual_solution_value": -2.3331102678941603e-05, "scaled_age": 0.0}, "66": {"bias": -0.5, "objective_cosine_similarity": -0.35887114822272076, "is_tight": 0.0, "dual_solution_value": 0.0, "scaled_age": 0.045454545454545456}, "67": {"bias": -0.4472135954999579, "objective_cosine_similarity": -0.4614146624889087, "is_tight": 1.0, "dual_solution_value": -0.0001801265442347277, "scaled_age": 0.0}, "68": {"bias": -0.5773502691896258, "objective_cosine_similarity": -0.16279556388132552, "is_tight": 0.0, "dual_solution_value": 0.0, "scaled_age": 0.20909090909090908}, "69": {"bias": -0.3779644730092272, "objective_cosine_similarity": -0.42872100645839994, "is_tight": 0.0, "dual_solution_value": 0.0, "scaled_age": 0.20909090909090908}, "70": {"bias": -0.4082482904638631, "objective_cosine_similarity": -0.5310934312503939, "is_tight": 0.0, "dual_solution_value": 0.0, "scaled_age": 0.20909090909090908}, "71": {"bias": -0.4082482904638631, "objective_cosine_similarity": -0.34010909390419314, "is_tight": 1.0, "dual_solution_value": -9.508068349973865e-06, "scaled_age": 0.0}, "72": {"bias": -0.31622776601683794, "objective_cosine_similarity": -0.4255688305888819, "is_tight": 0.0, "dual_solution_value": 0.0, "scaled_age": 0.20909090909090908}, "73": {"bias": -0.31622776601683794, "objective_cosine_similarity": -0.5674251074518425, "is_tight": 0.0, "dual_solution_value": 0.0, "scaled_age": 0.20909090909090908}, "74": {"bias": -0.3779644730092272, "objective_cosine_similarity": -0.3657450394080135, "is_tight": 0.0, "dual_solution_value": 0.0, "scaled_age": 0.20909090909090908}, "75": {"bias": -0.5, "objective_cosine_similarity": -0.31080804801432066, "is_tight": 0.0, "dual_solution_value": 0.0, "scaled_age": 0.20909090909090908}, "76": {"bias": -0.35355339059327373, "objective_cosine_similarity": -0.3897031988093216, "is_tight": 0.0, "dual_solution_value": 0.0, "scaled_age": 0.20909090909090908}, "77": {"bias": -0.31622776601683794, "objective_cosine_similarity": -0.32018988206211113, "is_tight": 0.0, "dual_solution_value": 0.0, "scaled_age": 0.20909090909090908}, "78": {"bias": -0.5, "objective_cosine_similarity": -0.2851743945698406, "is_tight": 0.0, "dual_solution_value": 0.0, "scaled_age": 0.045454545454545456}, "79": {"bias": -0.4472135954999579, "objective_cosine_similarity": -0.2607995918415571, "is_tight": 0.0, "dual_solution_value": 0.0, "scaled_age": 0.02727272727272727}, "80": {"bias": -0.4082482904638631, "objective_cosine_similarity": -0.6017314738304955, "is_tight": 0.0, "dual_solution_value": 0.0, "scaled_age": 0.03636363636363636}, "81": {"bias": -0.4472135954999579, "objective_cosine_similarity": -0.4212916483594384, "is_tight": 0.0, "dual_solution_value": 0.0, "scaled_age": 0.20909090909090908}, "82": {"bias": -0.3779644730092272, "objective_cosine_similarity": -0.3923887177754847, "is_tight": 0.0, "dual_solution_value": 0.0, "scaled_age": 0.20909090909090908}, "83": {"bias": -0.35355339059327373, "objective_cosine_similarity": -0.47580041715091587, "is_tight": 0.0, "dual_solution_value": 0.0, "scaled_age": 0.20909090909090908}, "84": {"bias": -0.4472135954999579, "objective_cosine_similarity": -0.5301969724251435, "is_tight": 1.0, "dual_solution_value": -0.00016595254581286767, "scaled_age": 0.0}, "85": {"bias": -0.5, "objective_cosine_similarity": -0.40693424843112086, "is_tight": 1.0, "dual_solution_value": -0.024851312043635616, "scaled_age": 0.0}, "86": {"bias": -0.35355339059327373, "objective_cosine_similarity": -0.42822037543582425, "is_tight": 0.0, "dual_solution_value": 0.0, "scaled_age": 0.20909090909090908}, "87": {"bias": -0.35355339059327373, "objective_cosine_similarity": -0.5233804588660075, "is_tight": 0.0, "dual_solution_value": 0.0, "scaled_age": 0.20909090909090908}, "88": {"bias": -0.3779644730092272, "objective_cosine_similarity": -0.4262988538795389, "is_tight": 0.0, "dual_solution_value": 0.0, "scaled_age": 0.20909090909090908}, "89": {"bias": -0.5, "objective_cosine_similarity": -0.451793141958961, "is_tight": 1.0, "dual_solution_value": -2.8070888234280253e-05, "scaled_age": 0.0}, "90": {"bias": -0.3333333333333333, "objective_cosine_similarity": -0.48490327765808106, "is_tight": 0.0, "dual_solution_value": 0.0, "scaled_age": 0.20909090909090908}, "91": {"bias": -0.4082482904638631, "objective_cosine_similarity": -0.3558064366997713, "is_tight": 0.0, "dual_solution_value": 0.0, "scaled_age": 0.20909090909090908}, "92": {"bias": -0.4472135954999579, "objective_cosine_similarity": -0.2722633101642629, "is_tight": 0.0, "dual_solution_value": 0.0, "scaled_age": 0.17272727272727273}, "93": {"bias": -0.3333333333333333, "objective_cosine_similarity": -0.44218052191728097, "is_tight": 0.0, "dual_solution_value": 0.0, "scaled_age": 0.20909090909090908}, "94": {"bias": -0.5, "objective_cosine_similarity": -0.3428501148199207, "is_tight": 1.0, "dual_solution_value": -0.0034610670405913024, "scaled_age": 0.0}, "95": {"bias": -0.4082482904638631, "objective_cosine_similarity": -0.38458489849166455, "is_tight": 0.0, "dual_solution_value": 0.0, "scaled_age": 0.20909090909090908}, "96": {"bias": -0.4472135954999579, "objective_cosine_similarity": -0.2120787889700574, "is_tight": 0.0, "dual_solution_value": 0.0, "scaled_age": 0.20909090909090908}, "97": {"bias": -0.35355339059327373, "objective_cosine_similarity": -0.35118602218281886, "is_tight": 0.0, "dual_solution_value": 0.0, "scaled_age": 0.20909090909090908}, "98": {"bias": -0.9235749741846546, "objective_cosine_similarity": -0.984337291798547, "is_tight": 0.0, "dual_solution_value": -0.0, "scaled_age": 0.09090909090909091}, "99": {"bias": -0.9409249756838941, "objective_cosine_similarity": -0.9852679557026608, "is_tight": 0.0, "dual_solution_value": -0.0, "scaled_age": 0.07272727272727272}, "100": {"bias": -0.935791361527659, "objective_cosine_similarity": -0.9851478798121487, "is_tight": 1.0, "dual_solution_value": -0.026034068286512915, "scaled_age": 0.0}, "101": {"bias": -0.9513029883089881, "objective_cosine_similarity": -0.9836449076744507, "is_tight": 1.0, "dual_solution_value": -8.30716074985455e-06, "scaled_age": 0.0}, "102": {"bias": -0.9396797584049351, "objective_cosine_similarity": -0.9864705355722518, "is_tight": 0.0, "dual_solution_value": -0.0, "scaled_age": 0.03636363636363636}, "103": {"bias": -0.8928413259386064, "objective_cosine_similarity": -0.985085376637957, "is_tight": 0.0, "dual_solution_value": -0.0, "scaled_age": 0.045454545454545456}, "104": {"bias": -0.8686028660424558, "objective_cosine_similarity": -0.9867311838921567, "is_tight": 0.0, "dual_solution_value": -0.0, "scaled_age": 0.11818181818181818}, "105": {"bias": -0.8966665706517328, "objective_cosine_similarity": -0.9884849400000546, "is_tight": 0.0, "dual_solution_value": -0.0, "scaled_age": 0.09090909090909091}, "106": {"bias": -0.9080398540839769, "objective_cosine_similarity": -0.9871923065268291, "is_tight": 0.0, "dual_solution_value": -0.0, "scaled_age": 0.05454545454545454}, "107": {"bias": -0.899094379106613, "objective_cosine_similarity": -0.9874784666492062, "is_tight": 0.0, "dual_solution_value": -0.0, "scaled_age": 0.045454545454545456}, "108": {"bias": -0.9056066465063559, "objective_cosine_similarity": -0.9885297952541684, "is_tight": 1.0, "dual_solution_value": -1.087182975672931e-05, "scaled_age": 0.0}, "109": {"bias": -0.9029763504422531, "objective_cosine_similarity": -0.9848245413312201, "is_tight": 0.0, "dual_solution_value": -0.0, "scaled_age": 0.03636363636363636}, "110": {"bias": -0.9180811789950517, "objective_cosine_similarity": -0.9874717795486531, "is_tight": 1.0, "dual_solution_value": -1.0891238735990982e-05, "scaled_age": 0.0}, "111": {"bias": -0.9728062146853669, "objective_cosine_similarity": -0.9805418461016128, "is_tight": 0.0, "dual_solution_value": -0.0, "scaled_age": 0.05454545454545454}, "112": {"bias": -0.9333122809139807, "objective_cosine_similarity": -0.9875198274345848, "is_tight": 0.0, "dual_solution_value": -0.0, "scaled_age": 0.045454545454545456}, "113": {"bias": -0.7947194142390263, "objective_cosine_similarity": -0.9328477788822301, "is_tight": 0.0, "dual_solution_value": -0.0, "scaled_age": 0.03636363636363636}, "114": {"bias": -0.9250425415642806, "objective_cosine_similarity": -0.9873331575575046, "is_tight": 1.0, "dual_solution_value": -3.415035785635448e-05, "scaled_age": 0.0}, "115": {"bias": -0.9292279870493636, "objective_cosine_similarity": -0.9873186145142635, "is_tight": 1.0, "dual_solution_value": -2.9921345250403225e-06, "scaled_age": 0.0}, "116": {"bias": -0.9092412093166349, "objective_cosine_similarity": -0.9830966017268992, "is_tight": 1.0, "dual_solution_value": -5.962368687729358e-07, "scaled_age": 0.0}, "117": {"bias": -0.9328597680757683, "objective_cosine_similarity": -0.9701941260801861, "is_tight": 1.0, "dual_solution_value": -6.480956036467572e-07, "scaled_age": 0.0}}