{"0": {"bias": -1.0417107517552944, "objective_cosine_similarity": -0.867034083168614, "is_tight": 1.0, "dual_solution_value": -1.9118623150431303e-05, "scaled_age": 0.0}, "1": {"bias": -1.135549947915338, "objective_cosine_similarity": -0.8742589215602764, "is_tight": 0.0, "dual_solution_value": -0.0, "scaled_age": 0.009523809523809525}, "2": {"bias": -0.7276068751089989, "objective_cosine_similarity": -0.5076546801251991, "is_tight": 0.0, "dual_solution_value": -0.0, "scaled_age": 0.05714285714285714}, "3": {"bias": -0.6030226891555273, "objective_cosine_similarity": -0.4814263990244052, "is_tight": 1.0, "dual_solution_value": -0.0053913734549990554, "scaled_age": 0.0}, "4": {"bias": -1.1645897548437272, "objective_cosine_similarity": -0.8797178466128294, "is_tight": 1.0, "dual_solution_value": -1.4586264990806375e-10, "scaled_age": 0.0}, "5": {"bias": -1.055197073807566, "objective_cosine_similarity": -0.7921643382365081, "is_tight": 1.0, "dual_solution_value": -1.5262123242093687e-09, "scaled_age": 0.0}, "6": {"bias": -0.9743911956946198, "objective_cosine_similarity": -0.7768439962251732, "is_tight": 0.0, "dual_solution_value": -0.0, "scaled_age": 0.01904761904761905}, "7": {"bias": -1.0466036245491561, "objective_cosine_similarity": -0.8495293306159727, "is_tight": 0.0, "dual_solution_value": -0.0, "scaled_age": 0.09523809523809523}, "8": {"bias": -1.11290008692403, "objective_cosine_similarity": -0.8903748110149869, "is_tight": 1.0, "dual_solution_value": -1.8782690430078616e-05, "scaled_age": 0.0}, "9": {"bias": -1.066227979966366, "objective_cosine_similarity": -0.8605932815315693, "is_tight": 0.0, "dual_solution_value": -0.0, "scaled_age": 0.01904761904761905}, "10": {"bias": -1.1523319193960637, "objective_cosine_similarity": -0.8481134983775039, "is_tight": 0.0, "dual_solution_value": -0.0, "scaled_age": 0.05714285714285714}, "11": {"bias": -1.0343958073318587, "objective_cosine_similarity": -0.8336379469473748, "is_tight": 0.0, "dual_solution_value": 0.0, "scaled_age": 0.01904761904761905}, "12": {"bias": -1.1606390462573384, "objective_cosine_similarity": -0.8782004179370854, "is_tight": 0.0, "dual_solution_value": 0.0, "scaled_age": 0.01904761904761905}, "13": {"bias": -0.4472135954999579, "objective_cosine_similarity": -0.1710941788448386, "is_tight": 0.0, "dual_solution_value": 0.0, "scaled_age": 0.20952380952380953}, "14": {"bias": -0.4472135954999579, "objective_cosine_similarity": -0.3393603547335642, "is_tight": 1.0, "dual_solution_value": -0.012895937848010998, "scaled_age": 0.0}, "15": {"bias": -0.4472135954999579, "objective_cosine_similarity": -0.2036162128401385, "is_tight": 0.0, "dual_solution_value": 0.0, "scaled_age": 0.009523809523809525}, "16": {"bias": -0.31622776601683794, "objective_cosine_similarity": -0.35394691194451394, "is_tight": 0.0, "dual_solution_value": 0.0, "scaled_age": 0.20952380952380953}, "17": {"bias": -0.4082482904638631, "objective_cosine_similarity": -0.4040206638992731, "is_tight": 0.0, "dual_solution_value": 0.0, "scaled_age": 0.20952380952380953}, "18": {"bias": -0.5, "objective_cosine_similarity": -0.1723182866744655, "is_tight": 0.0, "dual_solution_value": 0.0, "scaled_age": 0.20952380952380953}, "19": {"bias": -0.3779644730092272, "objective_cosine_similarity": -0.233034626247516, "is_tight": 0.0, "dual_solution_value": 0.0, "scaled_age": 0.20952380952380953}, "20": {"bias": -0.35355339059327373, "objective_cosine_similarity": -0.33088843112723637, "is_tight": 0.0, "dual_solution_value": 0.0, "scaled_age": 0.20952380952380953}, "21": {"bias": -0.5773502691896258, "objective_cosine_similarity": -0.1113535515791865, "is_tight": 0.0, "dual_solution_value": 0.0, "scaled_age": 0.20952380952380953}, "22": {"bias": -0.3779644730092272, "objective_cosine_similarity": -0.30712768690057235, "is_tight": 0.0, "dual_solution_value": 0.0, "scaled_age": 0.20952380952380953}, "23": {"bias": -0.5, "objective_cosine_similarity": -0.16283287639880686, "is_tight": 0.0, "dual_solution_value": 0.0, "scaled_age": 0.20952380952380953}, "24": {"bias": -0.5, "objective_cosine_similarity": -0.24978247059234449, "is_tight": 0.0, "dual_solution_value": 0.0, "scaled_age": 0.05714285714285714}, "25": {"bias": -0.5, "objective_cosine_similarity": -0.30985673567151595, "is_tight": 1.0, "dual_solution_value": -0.02660746604826173, "scaled_age": 0.0}, "26": {"bias": -0.5773502691896258, "objective_cosine_similarity": -0.17159399751546772, "is_tight": 1.0, "dual_solution_value": -0.010051654902921009, "scaled_age": 0.0}, "27": {"bias": -0.4082482904638631, "objective_cosine_similarity": -0.41305626980117377, "is_tight": 1.0, "dual_solution_value": -0.019078882074109214, "scaled_age": 0.0}, "28": {"bias": -0.4472135954999579, "objective_cosine_similarity": -0.2262402364890428, "is_tight": 0.0, "dual_solution_value": 0.0, "scaled_age": 0.20952380952380953}, "29": {"bias": -0.35355339059327373, "objective_cosine_similarity": -0.25710925391643363, "is_tight": 0.0, "dual_solution_value": 0.0, "scaled_age": 0.20952380952380953}, "30": {"bias": -0.5, "objective_cosine_similarity": -0.18180369695012416, "is_tight": 0.0, "dual_solution_value": 0.0, "scaled_age": 0.1523809523809524}, "31": {"bias": -0.4082482904638631, "objective_cosine_similarity": -0.39885746052675847, "is_tight": 1.0, "dual_solution_value": -0.0011113111098313224, "scaled_age": 0.0}, "32": {"bias": -0.3333333333333333, "objective_cosine_similarity": -0.522751499636299, "is_tight": 0.0, "dual_solution_value": 0.0, "scaled_age": 0.20952380952380953}, "33": {"bias": -0.4082482904638631, "objective_cosine_similarity": -0.3085014015077517, "is_tight": 1.0, "dual_solution_value": -0.0039956965486075795, "scaled_age": 0.0}, "34": {"bias": -0.4082482904638631, "objective_cosine_similarity": -0.3510978293309977, "is_tight": 0.0, "dual_solution_value": 0.0, "scaled_age": 0.20952380952380953}, "35": {"bias": -0.5, "objective_cosine_similarity": -0.18970820551317302, "is_tight": 0.0, "dual_solution_value": 0.0, "scaled_age": 0.20952380952380953}, "36": {"bias": -0.3779644730092272, "objective_cosine_similarity": -0.21152373767082222, "is_tight": 1.0, "dual_solution_value": -0.00017340311108628113, "scaled_age": 0.0}, "37": {"bias": -0.4472135954999579, "objective_cosine_similarity": -0.2856282985674165, "is_tight": 1.0, "dual_solution_value": -0.0029041476103182475, "scaled_age": 0.0}, "38": {"bias": -0.4082482904638631, "objective_cosine_similarity": -0.318827808252781, "is_tight": 1.0, "dual_solution_value": -0.004973318815305376, "scaled_age": 0.0}, "39": {"bias": -0.35355339059327373, "objective_cosine_similarity": -0.3666601534112619, "is_tight": 0.0, "dual_solution_value": 0.0, "scaled_age": 0.10476190476190476}, "40": {"bias": -0.4472135954999579, "objective_cosine_similarity": -0.21634222614264717, "is_tight": 0.0, "dual_solution_value": 0.0, "scaled_age": 0.13333333333333333}, "41": {"bias": -0.7071067811865475, "objective_cosine_similarity": -0.1520298197071086, "is_tight": 1.0, "dual_solution_value": -0.008942930571006388, "scaled_age": 0.0}, "42": {"bias": -0.4082482904638631, "objective_cosine_similarity": -0.32011860909590967, "is_tight": 0.0, "dual_solution_value": 0.0, "scaled_age": 0.20952380952380953}, "43": {"bias": -0.3779644730092272, "objective_cosine_similarity": -0.1971831452863597, "is_tight": 0.0, "dual_solution_value": 0.0, "scaled_age": 0.20952380952380953}, "44": {"bias": -0.3779644730092272, "objective_cosine_similarity": -0.17686730607503778, "is_tight": 0.0, "dual_solution_value": 0.0, "scaled_age": 0.20952380952380953}, "45": {"bias": -0.4472135954999579, "objective_cosine_similarity": -0.2347242453573819, "is_tight": 0.0, "dual_solution_value": 0.0, "scaled_age": 0.20952380952380953}, "46": {"bias": -0.5, "objective_cosine_similarity": -0.3082758339589062, "is_tight": 0.0, "dual_solution_value": 0.0, "scaled_age": 0.20952380952380953}, "47": {"bias": -0.3779644730092272, "objective_cosine_similarity": -0.21032868830545035, "is_tight": 0.0, "dual_solution_value": 0.0, "scaled_age": 0.20952380952380953}, "48": {"bias": -0.31622776601683794, "objective_cosine_similarity": -0.3039544102574357, "is_tight": 0.0, "dual_solution_value": 0.0, "scaled_age": 0.20952380952380953}, "49": {"bias": -0.3333333333333333, "objective_cosine_similarity": -0.3225039493723941, "is_tight": 0.0, "dual_solution_value": 0.0, "scaled_age": 0.20952380952380953}, "50": {"bias": -0.3779644730092272, "objective_cosine_similarity": -0.2903969957853661, "is_tight": 0.0, "dual_solution_value": 0.0, "scaled_age": 0.20952380952380953}, "51": {"bias": -0.5, "objective_cosine_similarity": -0.23713525689146628, "is_tight": 0.0, "dual_solution_value": 0.0, "scaled_age": 0.20952380952380953}, "52": {"bias": -0.3779644730092272, "objective_cosine_similarity": -0.25574056418958163, "is_tight": 0.0, "dual_solution_value": 0.0, "scaled_age": 0.20952380952380953}, "53": {"bias": -0.3779644730092272, "objective_cosine_similarity": -0.3752455007267693, "is_tight": 0.0, "dual_solution_value": 0.0, "scaled_age": 0.20952380952380953}, "54": {"bias": -0.3779644730092272, "objective_cosine_similarity": -0.301152440073713, "is_tight": 1.0, "dual_solution_value": -0.0009268024080673723, "scaled_age": 0.0}, "55": {"bias": -0.3779644730092272, "objective_cosine_similarity": -0.4600940056681726, "is_tight": 0.0, "dual_solution_value": 0.0, "scaled_age": 0.047619047619047616}, "56": {"bias": -0.5, "objective_cosine_similarity": -0.22606894490319787, "is_tight": 1.0, "dual_solution_value": -0.00036252634086455344, "scaled_age": 0.0}, "57": {"bias": -0.4472135954999579, "objective_cosine_similarity": -0.18240619066929076, "is_tight": 0.0, "dual_solution_value": 0.0, "scaled_age": 0.20952380952380953}, "58": {"bias": -0.3333333333333333, "objective_cosine_similarity": -0.4289513313547857, "is_tight": 0.0, "dual_solution_value": 0.0, "scaled_age": 0.1619047619047619}, "59": {"bias": -0.5, "objective_cosine_similarity": -0.28298140655714976, "is_tight": 0.0, "dual_solution_value": 0.0, "scaled_age": 0.20952380952380953}, "60": {"bias": -0.35355339059327373, "objective_cosine_similarity": -0.30741323837834456, "is_tight": 1.0, "dual_solution_value": -4.979988389686624e-05, "scaled_age": 0.0}, "61": {"bias": -0.5773502691896258, "objective_cosine_similarity": -0.3085041019161069, "is_tight": 1.0, "dual_solution_value": -0.008769395630247707, "scaled_age": 0.0}, "62": {"bias": -0.5, "objective_cosine_similarity": -0.1723182866744655, "is_tight": 1.0, "dual_solution_value": -0.00577677848588988, "scaled_age": 0.0}, "63": {"bias": -0.3779644730092272, "objective_cosine_similarity": -0.27247125530478794, "is_tight": 0.0, "dual_solution_value": 0.0, "scaled_age": 0.20952380952380953}, "64": {"bias": -0.3779644730092272, "objective_cosine_similarity": -0.3142979830928036, "is_tight": 1.0, "dual_solution_value": -7.625871761121734e-05, "scaled_age": 0.0}, "65": {"bias": -0.4472135954999579, "objective_cosine_similarity": -0.2333102438793254, "is_tight": 0.0, "dual_solution_value": 0.0, "scaled_age": 0.06666666666666667}, "66": {"bias": -0.7071067811865475, "objective_cosine_similarity": -0.09390077099556707, "is_tight": 0.0, "dual_solution_value": 0.0, "scaled_age": 0.18095238095238095}, "67": {"bias": -0.4082482904638631, "objective_cosine_similarity": -0.20265573237120088, "is_tight": 0.0, "dual_solution_value": 0.0, "scaled_age": 0.20952380952380953}, "68": {"bias": -0.4472135954999579, "objective_cosine_similarity": -0.18240619066929076, "is_tight": 0.0, "dual_solution_value": 0.0, "scaled_age": 0.20952380952380953}, "69": {"bias": -0.4472135954999579, "objective_cosine_similarity": -0.23189624240126885, "is_tight": 1.0, "dual_solution_value": -7.601201810514384e-05, "scaled_age": 0.0}, "70": {"bias": -0.3333333333333333, "objective_cosine_similarity": -0.4152501831788343, "is_tight": 0.0, "dual_solution_value": 0.0, "scaled_age": 0.20952380952380953}, "71": {"bias": -0.4472135954999579, "objective_cosine_similarity": -0.24886426013794707, "is_tight": 0.0, "dual_solution_value": 0.0, "scaled_age": 0.20952380952380953}, "72": {"bias": -0.4472135954999579, "objective_cosine_similarity": -0.19796020692791244, "is_tight": 0.0, "dual_solution_value": 0.0, "scaled_age": 0.20952380952380953}, "73": {"bias": -0.35355339059327373, "objective_cosine_similarity": -0.35101002491200073, "is_tight": 0.0, "dual_solution_value": 0.0, "scaled_age": 0.0380952380952381}, "74": {"bias": -0.5, "objective_cosine_similarity": -0.14860476098531888, "is_tight": 0.0, "dual_solution_value": 0.0, "scaled_age": 0.20952380952380953}, "75": {"bias": -0.35355339059327373, "objective_cosine_similarity": -0.2615807192019368, "is_tight": 0.0, "dual_solution_value": 0.0, "scaled_age": 0.20952380952380953}, "76": {"bias": -0.5773502691896258, "objective_cosine_similarity": -0.3943011006738407, "is_tight": 1.0, "dual_solution_value": -0.03625486293234491, "scaled_age": 0.0}, "77": {"bias": -0.3779644730092272, "objective_cosine_similarity": -0.2903969957853661, "is_tight": 0.0, "dual_solution_value": 0.0, "scaled_age": 0.20952380952380953}, "78": {"bias": -0.5773502691896258, "objective_cosine_similarity": -0.2573909962732016, "is_tight": 1.0, "dual_solution_value": -0.0064161229004323075, "scaled_age": 0.0}, "79": {"bias": -0.4472135954999579, "objective_cosine_similarity": -0.5132825365345158, "is_tight": 1.0, "dual_solution_value": -0.062348660548875626, "scaled_age": 0.0}, "80": {"bias": -0.2886751345948129, "objective_cosine_similarity": -0.3267587825028587, "is_tight": 0.0, "dual_solution_value": 0.0, "scaled_age": 0.20952380952380953}, "81": {"bias": -0.35355339059327373, "objective_cosine_similarity": -0.3778388166250199, "is_tight": 0.0, "dual_solution_value": 0.0, "scaled_age": 0.20952380952380953}, "82": {"bias": -0.4082482904638631, "objective_cosine_similarity": -0.3356082192134537, "is_tight": 0.0, "dual_solution_value": 0.0, "scaled_age": 0.05714285714285714}, "83": {"bias": -0.4472135954999579, "objective_cosine_similarity": -0.2757302882210209, "is_tight": 0.0, "dual_solution_value": 0.0, "scaled_age": 0.20952380952380953}, "84": {"bias": -0.4082482904638631, "objective_cosine_similarity": -0.27752218127266365, "is_tight": 1.0, "dual_solution_value": -0.0001657215994189712, "scaled_age": 0.0}, "85": {"bias": -0.3333333333333333, "objective_cosine_similarity": -0.3277736217477601, "is_tight": 0.0, "dual_solution_value": 0.0, "scaled_age": 0.17142857142857143}, "86": {"bias": -0.3779644730092272, "objective_cosine_similarity": -0.36449005643842247, "is_tight": 0.0, "dual_solution_value": 0.0, "scaled_age": 0.20952380952380953}, "87": {"bias": -0.35355339059327373, "objective_cosine_similarity": -0.293998842521835, "is_tight": 0.0, "dual_solution_value": 0.0, "scaled_age": 0.20952380952380953}, "88": {"bias": -0.4082482904638631, "objective_cosine_similarity": -0.31237380403713766, "is_tight": 0.0, "dual_solution_value": 0.0, "scaled_age": 0.20952380952380953}, "89": {"bias": -0.5, "objective_cosine_similarity": -0.2434588637419054, "is_tight": 0.0, "dual_solution_value": 0.0, "scaled_age": 0.20952380952380953}, "90": {"bias": -0.4082482904638631, "objective_cosine_similarity": -0.307210600664623, "is_tight": 1.0, "dual_solution_value": -0.010769948959679754, "scaled_age": 0.0}, "91": {"bias": -0.4472135954999579, "objective_cosine_similarity": -0.1456421522398213, "is_tight": 0.0, "dual_solution_value": 0.0, "scaled_age": 0.20952380952380953}, "92": {"bias": -0.4082482904638631, "objective_cosine_similarity": -0.29688419391959364, "is_tight": 1.0, "dual_solution_value": -0.0002499058751189684, "scaled_age": 0.0}, "93": {"bias": -0.35355339059327373, "objective_cosine_similarity": -0.3621886881257587, "is_tight": 0.0, "dual_solution_value": 0.0, "scaled_age": 0.01904761904761905}, "94": {"bias": -0.4082482904638631, "objective_cosine_similarity": -0.15231449948918283, "is_tight": 0.0, "dual_solution_value": 0.0, "scaled_age": 0.20952380952380953}, "95": {"bias": -0.5, "objective_cosine_similarity": -0.2734959962814911, "is_tight": 0.0, "dual_solution_value": 0.0, "scaled_age": 0.20952380952380953}, "96": {"bias": -0.3779644730092272, "objective_cosine_similarity": -0.31907818055429116, "is_tight": 0.0, "dual_solution_value": 0.0, "scaled_age": 0.05714285714285714}, "97": {"bias": -0.35355339059327373, "objective_cosine_similarity": -0.38678174719602626, "is_tight": 0.0, "dual_solution_value": 0.0, "scaled_age": 0.20952380952380953}, "98": {"bias": -0.4472135954999579, "objective_cosine_similarity": -0.26300427491851225, "is_tight": 1.0, "dual_solution_value": -7.574693477687844e-05, "scaled_age": 0.0}, "99": {"bias": -0.4082482904638631, "objective_cosine_similarity": -0.260741770311991, "is_tight": 0.0, "dual_solution_value": 0.0, "scaled_age": 0.20952380952380953}, "100": {"bias": -0.4082482904638631, "objective_cosine_similarity": -0.3885310537817291, "is_tight": 0.0, "dual_solution_value": 0.0, "scaled_age": 0.20952380952380953}, "101": {"bias": -0.5, "objective_cosine_similarity": -0.3225039493723941, "is_tight": 1.0, "dual_solution_value": -0.016080552842305165, "scaled_age": 0.0}, "102": {"bias": -0.3779644730092272, "objective_cosine_similarity": -0.20435344147859094, "is_tight": 0.0, "dual_solution_value": 0.0, "scaled_age": 0.20952380952380953}, "103": {"bias": -0.5, "objective_cosine_similarity": -0.25136337230495426, "is_tight": 0.0, "dual_solution_value": 0.0, "scaled_age": 0.20952380952380953}, "104": {"bias": -0.4472135954999579, "objective_cosine_similarity": -0.363398379860525, "is_tight": 1.0, "dual_solution_value": -0.012869657034110497, "scaled_age": 0.0}, "105": {"bias": -0.4082482904638631, "objective_cosine_similarity": -0.326572613311553, "is_tight": 0.0, "dual_solution_value": 0.0, "scaled_age": 0.20952380952380953}, "106": {"bias": -0.3779644730092272, "objective_cosine_similarity": -0.32744352611189426, "is_tight": 0.0, "dual_solution_value": 0.0, "scaled_age": 0.20952380952380953}, "107": {"bias": -0.4472135954999579, "objective_cosine_similarity": -0.4312704508072378, "is_tight": 1.0, "dual_solution_value": -0.0038335769401976957, "scaled_age": 0.0}, "108": {"bias": -0.4472135954999579, "objective_cosine_similarity": -0.29552630891381215, "is_tight": 0.0, "dual_solution_value": 0.0, "scaled_age": 0.20952380952380953}, "109": {"bias": -0.4472135954999579, "objective_cosine_similarity": -0.17533618327900816, "is_tight": 0.0, "dual_solution_value": 0.0, "scaled_age": 0.20952380952380953}, "110": {"bias": -0.5773502691896258, "objective_cosine_similarity": -0.17159399751546772, "is_tight": 0.0, "dual_solution_value": 0.0, "scaled_age": 0.009523809523809525}, "111": {"bias": -1.2570787221094177, "objective_cosine_similarity": -0.9114336740284011, "is_tight": 1.0, "dual_solution_value": -2.054780721211022e-05, "scaled_age": 0.0}, "112": {"bias": -1.2065094926830051, "objective_cosine_similarity": -0.8515819375638645, "is_tight": 0.0, "dual_solution_value": -0.0, "scaled_age": 0.02857142857142857}, "113": {"bias": -1.2101237078232454, "objective_cosine_similarity": -0.8629049495629498, "is_tight": 0.0, "dual_solution_value": -0.0, "scaled_age": 0.10476190476190476}, "114": {"bias": -1.1924135280578654, "objective_cosine_similarity": -0.8578293935150941, "is_tight": 1.0, "dual_solution_value": -0.010265831304500428, "scaled_age": 0.0}, "115": {"bias": -1.0552897060221726, "objective_cosine_similarity": -0.7941152284897615, "is_tight": 0.0, "dual_solution_value": -0.0, "scaled_age": 0.009523809523809525}, "116": {"bias": -1.2179968912144061, "objective_cosine_similarity": -0.8679886814194887, "is_tight": 0.0, "dual_solution_value": -0.0, "scaled_age": 0.009523809523809525}, "117": {"bias": -0.9799118698777318, "objective_cosine_similarity": -0.8262897650582242, "is_tight": 0.0, "dual_solution_value": -0.0, "scaled_age": 0.08571428571428572}, "118": {"bias": -0.0, "objective_cosine_similarity": -0.3407714225859684, "is_tight": 0.0, "dual_solution_value": 0.0, "scaled_age": 0.01904761904761905}, "119": {"bias": -1.1094003924504583, "objective_cosine_similarity": -0.8648687509572284, "is_tight": 0.0, "dual_solution_value": -0.0, "scaled_age": 0.047619047619047616}, "120": {"bias": -1.126106541153627, "objective_cosine_similarity": -0.890843985249216, "is_tight": 1.0, "dual_solution_value": -3.766886709696602e-05, "scaled_age": 0.0}, "121": {"bias": -1.005970202294378, "objective_cosine_similarity": -0.8259981373547675, "is_tight": 0.0, "dual_solution_value": -0.0, "scaled_age": 0.009523809523809525}, "122": {"bias": -1.193523870554743, "objective_cosine_similarity": -0.9170939106491488, "is_tight": 0.0, "dual_solution_value": -0.0, "scaled_age": 0.05714285714285714}, "123": {"bias": -1.1318236699485855, "objective_cosine_similarity": -0.8955456400860969, "is_tight": 0.0, "dual_solution_value": -0.0, "scaled_age": 0.0380952380952381}, "124": {"bias": -0.9494253265550826, "objective_cosine_similarity": -0.7842453951797982, "is_tight": 1.0, "dual_solution_value": -0.0002886897614114682, "scaled_age": 0.0}, "125": {"bias": -1.0903045652219476, "objective_cosine_similarity": -0.8762210274758481, "is_tight": 0.0, "dual_solution_value": -0.0, "scaled_age": 0.009523809523809525}, "126": {"bias": -0.6708203932499369, "objective_cosine_similarity": -0.628523656996122, "is_tight": 0.0, "dual_solution_value": -0.0, "scaled_age": 0.01904761904761905}, "127": {"bias": -1.1458926253426145, "objective_cosine_similarity": -0.9056711656236438, "is_tight": 1.0, "dual_solution_value": -1.0279623126689632e-05, "scaled_age": 0.0}, "128": {"bias": -1.1333333333333333, "objective_cosine_similarity": -0.8935256479670449, "is_tight": 1.0, "dual_solution_value": -7.498231887819178e-07, "scaled_age": 0.0}, "129": {"bias": -1.217502323040348, "objective_cosine_similarity": -0.8714332615007196, "is_tight": 1.0, "dual_solution_value": -0.03533052897383079, "scaled_age": 0.0}}