{"0": {"bias": -0.7071067811865475, "objective_cosine_similarity": -0.9199351342043756, "is_tight": 0.0, "dual_solution_value": -0.0, "scaled_age": 0.023255813953488372}, "1": {"bias": -0.7637626158259734, "objective_cosine_similarity": -0.870237334650989, "is_tight": 0.0, "dual_solution_value": -0.0, "scaled_age": 0.11627906976744186}, "2": {"bias": -0.840414147297078, "objective_cosine_similarity": -0.9453204808795816, "is_tight": 0.0, "dual_solution_value": -0.0, "scaled_age": 0.09302325581395349}, "3": {"bias": -0.6099942813304187, "objective_cosine_similarity": -0.8740250021746608, "is_tight": 0.0, "dual_solution_value": -0.0, "scaled_age": 0.10465116279069768}, "4": {"bias": -0.7895365159210296, "objective_cosine_similarity": -0.9399368842817188, "is_tight": 1.0, "dual_solution_value": -8.576846955485785e-10, "scaled_age": 0.0}, "5": {"bias": -0.8022574532384201, "objective_cosine_similarity": -0.943284368565094, "is_tight": 0.0, "dual_solution_value": -0.0, "scaled_age": 0.08139534883720931}, "6": {"bias": -0.8812450523043402, "objective_cosine_similarity": -0.9765209557032029, "is_tight": 1.0, "dual_solution_value": -0.0005692112228949575, "scaled_age": 0.0}, "7": {"bias": -0.9247890099161722, "objective_cosine_similarity": -0.9570984609032915, "is_tight": 1.0, "dual_solution_value": -0.012922573853488772, "scaled_age": 0.0}, "8": {"bias": -0.8326456387385792, "objective_cosine_similarity": -0.9787131726717186, "is_tight": 1.0, "dual_solution_value": -0.0031780469617546823, "scaled_age": 0.0}, "9": {"bias": -0.8467848578930591, "objective_cosine_similarity": -0.9265352405303745, "is_tight": 1.0, "dual_solution_value": -0.006909028820461067, "scaled_age": 0.0}, "10": {"bias": -0.8272474558864569, "objective_cosine_similarity": -0.9816306746747891, "is_tight": 0.0, "dual_solution_value": 0.0, "scaled_age": 0.11627906976744186}, "11": {"bias": -0.8500728904646397, "objective_cosine_similarity": -0.9823570088915792, "is_tight": 0.0, "dual_solution_value": 0.0, "scaled_age": 0.09302325581395349}, "12": {"bias": -0.789094238967058, "objective_cosine_similarity": -0.9402935466677798, "is_tight": 1.0, "dual_solution_value": -0.0019068926786780557, "scaled_age": 0.0}, "13": {"bias": -0.8607868592264831, "objective_cosine_similarity": -0.9590350278008509, "is_tight": 1.0, "dual_solution_value": -0.0076093724857582935, "scaled_age": 0.0}, "14": {"bias": -0.8515380007279545, "objective_cosine_similarity": -0.9841212393881168, "is_tight": 0.0, "dual_solution_value": 0.0, "scaled_age": 0.12790697674418605}, "15": {"bias": -0.4472135954999579, "objective_cosine_similarity": -0.3957411161067324, "is_tight": 1.0, "dual_solution_value": -0.0018380981760789026, "scaled_age": 0.0}, "16": {"bias": -0.4472135954999579, "objective_cosine_similarity": -0.3669122930790897, "is_tight": 0.0, "dual_solution_value": 0.0, "scaled_age": 0.2558139534883721}, "17": {"bias": -0.3333333333333333, "objective_cosine_similarity": -0.5723551498281306, "is_tight": 1.0, "dual_solution_value": -0.002453819544928421, "scaled_age": 0.0}, "18": {"bias": -0.5, "objective_cosine_similarity": -0.2080403530945253, "is_tight": 0.0, "dual_solution_value": 0.0, "scaled_age": 0.2558139534883721}, "19": {"bias": -0.31622776601683794, "objective_cosine_similarity": -0.5263050888034871, "is_tight": 0.0, "dual_solution_value": 0.0, "scaled_age": 0.2558139534883721}, "20": {"bias": -0.4082482904638631, "objective_cosine_similarity": -0.38279264675307445, "is_tight": 0.0, "dual_solution_value": 0.0, "scaled_age": 0.2558139534883721}, "21": {"bias": -0.3779644730092272, "objective_cosine_similarity": -0.4164166235307282, "is_tight": 0.0, "dual_solution_value": 0.0, "scaled_age": 0.2558139534883721}, "22": {"bias": -0.4082482904638631, "objective_cosine_similarity": -0.3588681063310073, "is_tight": 0.0, "dual_solution_value": 0.0, "scaled_age": 0.2558139534883721}, "23": {"bias": -0.35355339059327373, "objective_cosine_similarity": -0.5697796439328903, "is_tight": 0.0, "dual_solution_value": 0.0, "scaled_age": 0.2558139534883721}, "24": {"bias": -0.3333333333333333, "objective_cosine_similarity": -0.47663705309919413, "is_tight": 0.0, "dual_solution_value": 0.0, "scaled_age": 0.2558139534883721}, "25": {"bias": -0.4472135954999579, "objective_cosine_similarity": -0.2568386051553628, "is_tight": 0.0, "dual_solution_value": 0.0, "scaled_age": 0.2558139534883721}, "26": {"bias": -0.4082482904638631, "objective_cosine_similarity": -0.555049337791958, "is_tight": 1.0, "dual_solution_value": -0.025355975090265853, "scaled_age": 0.0}, "27": {"bias": -0.3779644730092272, "objective_cosine_similarity": -0.2945926113275896, "is_tight": 0.0, "dual_solution_value": 0.0, "scaled_age": 0.2558139534883721}, "28": {"bias": -0.31622776601683794, "objective_cosine_similarity": -0.56336882745162, "is_tight": 0.0, "dual_solution_value": 0.0, "scaled_age": 0.2558139534883721}, "29": {"bias": -0.4082482904638631, "objective_cosine_similarity": -0.42824927355500203, "is_tight": 0.0, "dual_solution_value": 0.0, "scaled_age": 0.18604651162790697}, "30": {"bias": -0.4082482904638631, "objective_cosine_similarity": -0.3804001927108677, "is_tight": 0.0, "dual_solution_value": 0.0, "scaled_age": 0.2558139534883721}, "31": {"bias": -0.5, "objective_cosine_similarity": -0.22855137382215454, "is_tight": 0.0, "dual_solution_value": 0.0, "scaled_age": 0.2558139534883721}, "32": {"bias": -0.5, "objective_cosine_similarity": -0.2842241443685768, "is_tight": 0.0, "dual_solution_value": 0.0, "scaled_age": 0.2558139534883721}, "33": {"bias": -0.3779644730092272, "objective_cosine_similarity": -0.3034525394878179, "is_tight": 0.0, "dual_solution_value": 0.0, "scaled_age": 0.2558139534883721}, "34": {"bias": -0.31622776601683794, "objective_cosine_similarity": -0.4280861813859349, "is_tight": 0.0, "dual_solution_value": 0.0, "scaled_age": 0.2558139534883721}, "35": {"bias": -0.3779644730092272, "objective_cosine_similarity": -0.40977167741055703, "is_tight": 0.0, "dual_solution_value": 0.0, "scaled_age": 0.2558139534883721}, "36": {"bias": -0.5, "objective_cosine_similarity": -0.21976093636745628, "is_tight": 0.0, "dual_solution_value": 0.0, "scaled_age": 0.2558139534883721}, "37": {"bias": -0.31622776601683794, "objective_cosine_similarity": -0.4336457421831549, "is_tight": 0.0, "dual_solution_value": 0.0, "scaled_age": 0.2558139534883721}, "38": {"bias": -0.5773502691896258, "objective_cosine_similarity": -0.30789312679971936, "is_tight": 1.0, "dual_solution_value": -0.0004989119155877603, "scaled_age": 0.0}, "39": {"bias": -0.4472135954999579, "objective_cosine_similarity": -0.340704272144869, "is_tight": 0.0, "dual_solution_value": 0.0, "scaled_age": 0.2558139534883721}, "40": {"bias": -0.5773502691896258, "objective_cosine_similarity": -0.14210452006140895, "is_tight": 0.0, "dual_solution_value": 0.0, "scaled_age": 0.06976744186046512}, "41": {"bias": -0.4082482904638631, "objective_cosine_similarity": -0.47609835439913634, "is_tight": 0.0, "dual_solution_value": 0.0, "scaled_age": 0.2558139534883721}, "42": {"bias": -0.4082482904638631, "objective_cosine_similarity": -0.3301586578245267, "is_tight": 0.0, "dual_solution_value": 0.0, "scaled_age": 0.2558139534883721}, "43": {"bias": -0.5, "objective_cosine_similarity": -0.27543370691387853, "is_tight": 0.0, "dual_solution_value": 0.0, "scaled_age": 0.1511627906976744}, "44": {"bias": -0.4472135954999579, "objective_cosine_similarity": -0.27518421980931723, "is_tight": 0.0, "dual_solution_value": 0.0, "scaled_age": 0.2558139534883721}, "45": {"bias": -0.3779644730092272, "objective_cosine_similarity": -0.4297065157710706, "is_tight": 0.0, "dual_solution_value": 0.0, "scaled_age": 0.2558139534883721}, "46": {"bias": -0.4472135954999579, "objective_cosine_similarity": -0.4507779600685959, "is_tight": 1.0, "dual_solution_value": -0.000648913449567166, "scaled_age": 0.0}, "47": {"bias": -0.4472135954999579, "objective_cosine_similarity": -0.25945940724878486, "is_tight": 0.0, "dual_solution_value": 0.0, "scaled_age": 0.2558139534883721}, "48": {"bias": -0.3779644730092272, "objective_cosine_similarity": -0.442996408011413, "is_tight": 0.0, "dual_solution_value": 0.0, "scaled_age": 0.2558139534883721}, "49": {"bias": -0.5773502691896258, "objective_cosine_similarity": -0.19962301627674112, "is_tight": 0.0, "dual_solution_value": 0.0, "scaled_age": 0.023255813953488372}, "50": {"bias": -0.4472135954999579, "objective_cosine_similarity": -0.34332507423829106, "is_tight": 0.0, "dual_solution_value": 0.0, "scaled_age": 0.2558139534883721}, "51": {"bias": -0.3779644730092272, "objective_cosine_similarity": -0.5537455100142662, "is_tight": 0.0, "dual_solution_value": 0.0, "scaled_age": 0.06976744186046512}, "52": {"bias": -0.4082482904638631, "objective_cosine_similarity": -0.2990567552758394, "is_tight": 0.0, "dual_solution_value": 0.0, "scaled_age": 0.2558139534883721}, "53": {"bias": -0.5, "objective_cosine_similarity": -0.3428270607332318, "is_tight": 0.0, "dual_solution_value": 0.0, "scaled_age": 0.16279069767441862}, "54": {"bias": -0.2886751345948129, "objective_cosine_similarity": -0.5244333478456759, "is_tight": 0.0, "dual_solution_value": 0.0, "scaled_age": 0.2558139534883721}, "55": {"bias": -0.4472135954999579, "objective_cosine_similarity": -0.2620802093422069, "is_tight": 0.0, "dual_solution_value": 0.0, "scaled_age": 0.2558139534883721}, "56": {"bias": -0.3779644730092272, "objective_cosine_similarity": -0.35661210844918745, "is_tight": 0.0, "dual_solution_value": 0.0, "scaled_age": 0.2558139534883721}, "57": {"bias": -0.4082482904638631, "objective_cosine_similarity": -0.3588681063310073, "is_tight": 0.0, "dual_solution_value": 0.0, "scaled_age": 0.03488372093023256}, "58": {"bias": -0.4082482904638631, "objective_cosine_similarity": -0.3636530144154207, "is_tight": 0.0, "dual_solution_value": 0.0, "scaled_age": 0.2558139534883721}, "59": {"bias": -0.4082482904638631, "objective_cosine_similarity": -0.2703473067693588, "is_tight": 0.0, "dual_solution_value": 0.0, "scaled_age": 0.2558139534883721}, "60": {"bias": -0.30151134457776363, "objective_cosine_similarity": -0.5212486012239181, "is_tight": 0.0, "dual_solution_value": 0.0, "scaled_age": 0.2558139534883721}, "61": {"bias": -0.4082482904638631, "objective_cosine_similarity": -0.38279264675307445, "is_tight": 0.0, "dual_solution_value": 0.0, "scaled_age": 0.08139534883720931}, "62": {"bias": -0.3333333333333333, "objective_cosine_similarity": -0.37505866473379207, "is_tight": 0.0, "dual_solution_value": 0.0, "scaled_age": 0.2558139534883721}, "63": {"bias": -0.4082482904638631, "objective_cosine_similarity": -0.2559925825161185, "is_tight": 0.0, "dual_solution_value": 0.0, "scaled_age": 0.2558139534883721}, "64": {"bias": -0.3333333333333333, "objective_cosine_similarity": -0.6778403992845097, "is_tight": 1.0, "dual_solution_value": -0.014402019879200954, "scaled_age": 0.0}, "65": {"bias": -0.3333333333333333, "objective_cosine_similarity": -0.3535709287334186, "is_tight": 0.0, "dual_solution_value": 0.0, "scaled_age": 0.2558139534883721}, "66": {"bias": -0.3333333333333333, "objective_cosine_similarity": -0.2969214429142521, "is_tight": 0.0, "dual_solution_value": 0.0, "scaled_age": 0.2558139534883721}, "67": {"bias": -0.30151134457776363, "objective_cosine_similarity": -0.5371511009222749, "is_tight": 0.0, "dual_solution_value": 0.0, "scaled_age": 0.2558139534883721}, "68": {"bias": -0.7071067811865475, "objective_cosine_similarity": -0.049726223470506786, "is_tight": 0.0, "dual_solution_value": 0.0, "scaled_age": 0.23255813953488372}, "69": {"bias": -0.4082482904638631, "objective_cosine_similarity": -0.4067171871751416, "is_tight": 0.0, "dual_solution_value": 0.0, "scaled_age": 0.2558139534883721}, "70": {"bias": -0.5, "objective_cosine_similarity": -0.28715429018680955, "is_tight": 0.0, "dual_solution_value": 0.0, "scaled_age": 0.2558139534883721}, "71": {"bias": -0.4082482904638631, "objective_cosine_similarity": -0.34212092803556027, "is_tight": 0.0, "dual_solution_value": 0.0, "scaled_age": 0.2558139534883721}, "72": {"bias": -0.31622776601683794, "objective_cosine_similarity": -0.6022857530321595, "is_tight": 0.0, "dual_solution_value": 0.0, "scaled_age": 0.06976744186046512}, "73": {"bias": -0.3779644730092272, "objective_cosine_similarity": -0.40755669537049993, "is_tight": 0.0, "dual_solution_value": 0.0, "scaled_age": 0.2558139534883721}, "74": {"bias": -0.5, "objective_cosine_similarity": -0.2842241443685768, "is_tight": 0.0, "dual_solution_value": 0.0, "scaled_age": 0.11627906976744186}, "75": {"bias": -0.35355339059327373, "objective_cosine_similarity": -0.3729466760288009, "is_tight": 0.0, "dual_solution_value": 0.0, "scaled_age": 0.2558139534883721}, "76": {"bias": -0.4082482904638631, "objective_cosine_similarity": -0.33733601995114687, "is_tight": 0.0, "dual_solution_value": 0.0, "scaled_age": 0.2558139534883721}, "77": {"bias": -0.5773502691896258, "objective_cosine_similarity": -0.3180434496612486, "is_tight": 1.0, "dual_solution_value": -0.01096314237295667, "scaled_age": 0.0}, "78": {"bias": -0.3333333333333333, "objective_cosine_similarity": -0.5430536916458031, "is_tight": 0.0, "dual_solution_value": 0.0, "scaled_age": 0.2558139534883721}, "79": {"bias": -0.4082482904638631, "objective_cosine_similarity": -0.3923624629219013, "is_tight": 0.0, "dual_solution_value": 0.0, "scaled_age": 0.2558139534883721}, "80": {"bias": -0.4472135954999579, "objective_cosine_similarity": -0.40622432448042073, "is_tight": 0.0, "dual_solution_value": 0.0, "scaled_age": 0.2558139534883721}, "81": {"bias": -0.3779644730092272, "objective_cosine_similarity": -0.5404556177739238, "is_tight": 0.0, "dual_solution_value": 0.0, "scaled_age": 0.2558139534883721}, "82": {"bias": -0.4082482904638631, "objective_cosine_similarity": -0.5646191539607848, "is_tight": 0.0, "dual_solution_value": 0.0, "scaled_age": 0.23255813953488372}, "83": {"bias": -0.3779644730092272, "objective_cosine_similarity": -0.4518563361716412, "is_tight": 0.0, "dual_solution_value": 0.0, "scaled_age": 0.06976744186046512}, "84": {"bias": -0.5, "objective_cosine_similarity": -0.3193858941873698, "is_tight": 0.0, "dual_solution_value": 0.0, "scaled_age": 0.08139534883720931}, "85": {"bias": -0.3779644730092272, "objective_cosine_similarity": -0.4053417133304429, "is_tight": 0.0, "dual_solution_value": 0.0, "scaled_age": 0.18604651162790697}, "86": {"bias": -0.4082482904638631, "objective_cosine_similarity": -0.5335172514120975, "is_tight": 0.0, "dual_solution_value": 0.0, "scaled_age": 0.06976744186046512}, "87": {"bias": -0.31622776601683794, "objective_cosine_similarity": -0.5485433319923668, "is_tight": 0.0, "dual_solution_value": 0.0, "scaled_age": 0.2558139534883721}, "88": {"bias": -0.35355339059327373, "objective_cosine_similarity": -0.4309606034110588, "is_tight": 0.0, "dual_solution_value": 0.0, "scaled_age": 0.2558139534883721}, "89": {"bias": -0.4472135954999579, "objective_cosine_similarity": -0.419328334947531, "is_tight": 0.0, "dual_solution_value": 0.0, "scaled_age": 0.18604651162790697}, "90": {"bias": -0.31622776601683794, "objective_cosine_similarity": -0.4151138728590884, "is_tight": 0.0, "dual_solution_value": 0.0, "scaled_age": 0.2558139534883721}, "91": {"bias": -0.4082482904638631, "objective_cosine_similarity": -0.4378190897238289, "is_tight": 0.0, "dual_solution_value": 0.0, "scaled_age": 0.011627906976744186}, "92": {"bias": -0.35355339059327373, "objective_cosine_similarity": -0.34393971233767195, "is_tight": 0.0, "dual_solution_value": 0.0, "scaled_age": 0.2558139534883721}, "93": {"bias": -0.5773502691896258, "objective_cosine_similarity": -0.290975922030504, "is_tight": 0.0, "dual_solution_value": 0.0, "scaled_age": 0.08139534883720931}, "94": {"bias": -0.31622776601683794, "objective_cosine_similarity": -0.4725626677636944, "is_tight": 0.0, "dual_solution_value": 0.0, "scaled_age": 0.2558139534883721}, "95": {"bias": -0.3333333333333333, "objective_cosine_similarity": -0.31450231782364857, "is_tight": 0.0, "dual_solution_value": 0.0, "scaled_age": 0.2558139534883721}, "96": {"bias": -0.4082482904638631, "objective_cosine_similarity": -0.3804001927108677, "is_tight": 0.0, "dual_solution_value": 0.0, "scaled_age": 0.2558139534883721}, "97": {"bias": -0.3779644730092272, "objective_cosine_similarity": -0.43856644393129884, "is_tight": 0.0, "dual_solution_value": 0.0, "scaled_age": 0.2558139534883721}, "98": {"bias": -0.4082482904638631, "objective_cosine_similarity": -0.344513382077767, "is_tight": 0.0, "dual_solution_value": 0.0, "scaled_age": 0.2558139534883721}, "99": {"bias": -0.5, "objective_cosine_similarity": -0.4571027476443091, "is_tight": 1.0, "dual_solution_value": -0.009298593275421542, "scaled_age": 0.0}, "100": {"bias": -0.35355339059327373, "objective_cosine_similarity": -0.6754478688077171, "is_tight": 0.0, "dual_solution_value": 0.0, "scaled_age": 0.11627906976744186}, "101": {"bias": -0.4082482904638631, "objective_cosine_similarity": -0.43542663568162215, "is_tight": 0.0, "dual_solution_value": 0.0, "scaled_age": 0.2558139534883721}, "102": {"bias": -0.3779644730092272, "objective_cosine_similarity": -0.49172601289266843, "is_tight": 0.0, "dual_solution_value": 0.0, "scaled_age": 0.12790697674418605}, "103": {"bias": -0.4082482904638631, "objective_cosine_similarity": -0.2631699446427387, "is_tight": 0.0, "dual_solution_value": 0.0, "scaled_age": 0.2558139534883721}, "104": {"bias": -0.4082482904638631, "objective_cosine_similarity": -0.3301586578245267, "is_tight": 0.0, "dual_solution_value": 0.0, "scaled_age": 0.2558139534883721}, "105": {"bias": -0.35355339059327373, "objective_cosine_similarity": -0.34393971233767195, "is_tight": 0.0, "dual_solution_value": 0.0, "scaled_age": 0.2558139534883721}, "106": {"bias": -0.5, "objective_cosine_similarity": -0.2900844360050423, "is_tight": 0.0, "dual_solution_value": 0.0, "scaled_age": 0.2558139534883721}, "107": {"bias": -0.8350669153780738, "objective_cosine_similarity": -0.9786171380182113, "is_tight": 0.0, "dual_solution_value": -0.0, "scaled_age": 0.12790697674418605}, "108": {"bias": -0.5, "objective_cosine_similarity": -0.827766193650752, "is_tight": 1.0, "dual_solution_value": -0.0005234631123869747, "scaled_age": 0.0}, "109": {"bias": -0.6, "objective_cosine_similarity": -0.8556025789239632, "is_tight": 0.0, "dual_solution_value": -0.0, "scaled_age": 0.023255813953488372}, "110": {"bias": -0.8246935558915267, "objective_cosine_similarity": -0.9848707170866914, "is_tight": 0.0, "dual_solution_value": -0.0, "scaled_age": 0.08139534883720931}, "111": {"bias": -0.7827936876641306, "objective_cosine_similarity": -0.9316243413569814, "is_tight": 0.0, "dual_solution_value": -0.0, "scaled_age": 0.03488372093023256}, "112": {"bias": -0.5669467095138409, "objective_cosine_similarity": -0.8228658278811997, "is_tight": 0.0, "dual_solution_value": -0.0, "scaled_age": 0.12790697674418605}, "113": {"bias": -0.8436614877321075, "objective_cosine_similarity": -0.9627515687571985, "is_tight": 0.0, "dual_solution_value": -0.0, "scaled_age": 0.12790697674418605}, "114": {"bias": -0.7427813527082074, "objective_cosine_similarity": -0.9108475367779236, "is_tight": 0.0, "dual_solution_value": -0.0, "scaled_age": 0.10465116279069768}, "115": {"bias": -0.878438127193422, "objective_cosine_similarity": -0.973689197080842, "is_tight": 0.0, "dual_solution_value": -0.0, "scaled_age": 0.08139534883720931}, "116": {"bias": -0.7941013883159839, "objective_cosine_similarity": -0.9618769078159517, "is_tight": 1.0, "dual_solution_value": -0.0006582114899615325, "scaled_age": 0.0}, "117": {"bias": -0.6030226891555273, "objective_cosine_similarity": -0.7050108199604859, "is_tight": 0.0, "dual_solution_value": -0.0, "scaled_age": 0.05813953488372093}, "118": {"bias": -0.6737215368532152, "objective_cosine_similarity": -0.9529979065002447, "is_tight": 1.0, "dual_solution_value": -0.00019447414096819118, "scaled_age": 0.0}, "119": {"bias": -0.7916697209538893, "objective_cosine_similarity": -0.9705657109996623, "is_tight": 1.0, "dual_solution_value": -0.0001969586385666778, "scaled_age": 0.0}, "120": {"bias": -0.8215838362577491, "objective_cosine_similarity": -0.9533147350867528, "is_tight": 1.0, "dual_solution_value": -0.0005060358709610191, "scaled_age": 0.0}, "121": {"bias": -0.7071067811865475, "objective_cosine_similarity": -0.8619212068221176, "is_tight": 1.0, "dual_solution_value": -0.0023908713656692736, "scaled_age": 0.0}, "122": {"bias": -0.7808688094430304, "objective_cosine_similarity": -0.9863824403527248, "is_tight": 0.0, "dual_solution_value": -0.0, "scaled_age": 0.03488372093023256}, "123": {"bias": -0.7160390103945313, "objective_cosine_similarity": -0.9826731422017382, "is_tight": 0.0, "dual_solution_value": -0.0, "scaled_age": 0.023255813953488372}, "124": {"bias": -0.7985042056095194, "objective_cosine_similarity": -0.9911697136174005, "is_tight": 1.0, "dual_solution_value": -6.531341763339709e-05, "scaled_age": 0.0}, "125": {"bias": -0.775026165625604, "objective_cosine_similarity": -0.9848706815055542, "is_tight": 1.0, "dual_solution_value": -0.00012829636332312372, "scaled_age": 0.0}, "126": {"bias": -0.7808688094430304, "objective_cosine_similarity": -0.8136339498710947, "is_tight": 1.0, "dual_solution_value": -4.5140632538017446e-05, "scaled_age": 0.0}}