{"0": {"bias": -0.75, "objective_cosine_similarity": -0.7163361570966773, "is_tight": 1.0, "dual_solution_value": -0.0024533302521218318, "scaled_age": 0.0}, "1": {"bias": -0.9819805060619657, "objective_cosine_similarity": -0.9194500560519573, "is_tight": 1.0, "dual_solution_value": -0.00011627855469747994, "scaled_age": 0.0}, "2": {"bias": -0.6396021490668313, "objective_cosine_similarity": -0.695739850624656, "is_tight": 1.0, "dual_solution_value": -1.2482925320597541e-05, "scaled_age": 0.0}, "3": {"bias": -0.5773502691896258, "objective_cosine_similarity": -0.6873800808040755, "is_tight": 0.0, "dual_solution_value": -0.0, "scaled_age": 0.12658227848101267}, "4": {"bias": -0.6324555320336759, "objective_cosine_similarity": -0.5138770255144758, "is_tight": 1.0, "dual_solution_value": -0.00020207589469442954, "scaled_age": 0.0}, "5": {"bias": -0.9835601201362526, "objective_cosine_similarity": -0.8843573815648701, "is_tight": 1.0, "dual_solution_value": -5.87541050799349e-09, "scaled_age": 0.0}, "6": {"bias": -0.9147540539663583, "objective_cosine_similarity": -0.8867729323069352, "is_tight": 1.0, "dual_solution_value": -0.0001300268845155313, "scaled_age": 0.0}, "7": {"bias": -1.083089180864946, "objective_cosine_similarity": -0.8545704655964501, "is_tight": 0.0, "dual_solution_value": 0.0, "scaled_age": 0.10126582278481013}, "8": {"bias": -0.960774275324321, "objective_cosine_similarity": -0.9358101896118375, "is_tight": 0.0, "dual_solution_value": 0.0, "scaled_age": 0.0379746835443038}, "9": {"bias": -1.0432034931308591, "objective_cosine_similarity": -0.931277408273731, "is_tight": 0.0, "dual_solution_value": 0.0, "scaled_age": 0.012658227848101266}, "10": {"bias": -0.4472135954999579, "objective_cosine_similarity": -0.3515009194964499, "is_tight": 0.0, "dual_solution_value": 0.0, "scaled_age": 0.3291139240506329}, "11": {"bias": -0.3779644730092272, "objective_cosine_similarity": -0.44372854079876495, "is_tight": 0.0, "dual_solution_value": 0.0, "scaled_age": 0.05063291139240506}, "12": {"bias": -0.3779644730092272, "objective_cosine_similarity": -0.3196349658296188, "is_tight": 0.0, "dual_solution_value": 0.0, "scaled_age": 0.3291139240506329}, "13": {"bias": -0.3779644730092272, "objective_cosine_similarity": -0.4863465362427141, "is_tight": 1.0, "dual_solution_value": -0.01297064822765629, "scaled_age": 0.0}, "14": {"bias": -0.4082482904638631, "objective_cosine_similarity": -0.48063550506444896, "is_tight": 0.0, "dual_solution_value": 0.0, "scaled_age": 0.12658227848101267}, "15": {"bias": -0.5, "objective_cosine_similarity": -0.32500436757164064, "is_tight": 0.0, "dual_solution_value": 0.0, "scaled_age": 0.3291139240506329}, "16": {"bias": -0.5773502691896258, "objective_cosine_similarity": -0.12254129574223073, "is_tight": 1.0, "dual_solution_value": -0.0007439450157570637, "scaled_age": 0.0}, "17": {"bias": -0.4472135954999579, "objective_cosine_similarity": -0.20170516899374338, "is_tight": 0.0, "dual_solution_value": 0.0, "scaled_age": 0.3291139240506329}, "18": {"bias": -0.4472135954999579, "objective_cosine_similarity": -0.3767140656206678, "is_tight": 1.0, "dual_solution_value": -0.009184759099723354, "scaled_age": 0.0}, "19": {"bias": -0.5, "objective_cosine_similarity": -0.2752588011065936, "is_tight": 1.0, "dual_solution_value": -0.0005231491017872597, "scaled_age": 0.0}, "20": {"bias": -0.4472135954999579, "objective_cosine_similarity": -0.45976913520632684, "is_tight": 1.0, "dual_solution_value": -0.0010220734484107652, "scaled_age": 0.0}, "21": {"bias": -0.7071067811865475, "objective_cosine_similarity": -0.1571169089702572, "is_tight": 1.0, "dual_solution_value": -0.044555541349774436, "scaled_age": 0.0}, "22": {"bias": -0.5, "objective_cosine_similarity": -0.21058956470203244, "is_tight": 1.0, "dual_solution_value": -0.006619177688326679, "scaled_age": 0.0}, "23": {"bias": -0.7071067811865475, "objective_cosine_similarity": -0.1922923363516581, "is_tight": 1.0, "dual_solution_value": -0.034092178009974494, "scaled_age": 0.0}, "24": {"bias": -0.5, "objective_cosine_similarity": -0.21556412134853714, "is_tight": 0.0, "dual_solution_value": 0.0, "scaled_age": 0.13924050632911392}, "25": {"bias": -0.7071067811865475, "objective_cosine_similarity": -0.15008182349397706, "is_tight": 1.0, "dual_solution_value": -0.0023450284920933915, "scaled_age": 0.0}, "26": {"bias": -0.4472135954999579, "objective_cosine_similarity": -0.25064833499957817, "is_tight": 0.0, "dual_solution_value": 0.0, "scaled_age": 0.3291139240506329}, "27": {"bias": -0.5, "objective_cosine_similarity": -0.21224775025086734, "is_tight": 1.0, "dual_solution_value": -0.0004060319757744669, "scaled_age": 0.0}, "28": {"bias": -0.4472135954999579, "objective_cosine_similarity": -0.2536145874847803, "is_tight": 0.0, "dual_solution_value": 0.0, "scaled_age": 0.3291139240506329}, "29": {"bias": -0.5, "objective_cosine_similarity": -0.19234952366484853, "is_tight": 0.0, "dual_solution_value": 0.0, "scaled_age": 0.3291139240506329}, "30": {"bias": -0.4472135954999579, "objective_cosine_similarity": -0.25064833499957817, "is_tight": 1.0, "dual_solution_value": -3.4640491706305115e-06, "scaled_age": 0.0}, "31": {"bias": -0.5, "objective_cosine_similarity": -0.17742585372533443, "is_tight": 0.0, "dual_solution_value": 0.0, "scaled_age": 0.3291139240506329}, "32": {"bias": -0.4082482904638631, "objective_cosine_similarity": -0.4088786550125735, "is_tight": 0.0, "dual_solution_value": 0.0, "scaled_age": 0.3291139240506329}, "33": {"bias": -0.4082482904638631, "objective_cosine_similarity": -0.28161178888283206, "is_tight": 0.0, "dual_solution_value": 0.0, "scaled_age": 0.3291139240506329}, "34": {"bias": -0.5, "objective_cosine_similarity": -0.2719424300089238, "is_tight": 0.0, "dual_solution_value": 0.0, "scaled_age": 0.3291139240506329}, "35": {"bias": -0.4082482904638631, "objective_cosine_similarity": -0.23693299545430582, "is_tight": 1.0, "dual_solution_value": -0.00038560859729163034, "scaled_age": 0.0}, "36": {"bias": -0.3333333333333333, "objective_cosine_similarity": -0.32942619570186704, "is_tight": 0.0, "dual_solution_value": 0.0, "scaled_age": 0.3291139240506329}, "37": {"bias": -0.4082482904638631, "objective_cosine_similarity": -0.32493667948019084, "is_tight": 0.0, "dual_solution_value": 0.0, "scaled_age": 0.3291139240506329}, "38": {"bias": -0.4082482904638631, "objective_cosine_similarity": -0.25994934358415267, "is_tight": 1.0, "dual_solution_value": -0.00016370377320997672, "scaled_age": 0.0}, "39": {"bias": -0.4082482904638631, "objective_cosine_similarity": -0.35336863893470755, "is_tight": 0.0, "dual_solution_value": 0.0, "scaled_age": 0.31645569620253167}, "40": {"bias": -0.3779644730092272, "objective_cosine_similarity": -0.23063856357901907, "is_tight": 0.0, "dual_solution_value": 0.0, "scaled_age": 0.3291139240506329}, "41": {"bias": -0.4472135954999579, "objective_cosine_similarity": -0.2610302186977856, "is_tight": 0.0, "dual_solution_value": 0.0, "scaled_age": 0.10126582278481013}, "42": {"bias": -0.4472135954999579, "objective_cosine_similarity": -0.25806396621258343, "is_tight": 0.0, "dual_solution_value": 0.0, "scaled_age": 0.3291139240506329}, "43": {"bias": -0.5773502691896258, "objective_cosine_similarity": -0.22785022177071027, "is_tight": 0.0, "dual_solution_value": 0.0, "scaled_age": 0.3291139240506329}, "44": {"bias": -0.3779644730092272, "objective_cosine_similarity": -0.29080514538224145, "is_tight": 0.0, "dual_solution_value": 0.0, "scaled_age": 0.3291139240506329}, "45": {"bias": -0.4472135954999579, "objective_cosine_similarity": -0.30997338470362035, "is_tight": 0.0, "dual_solution_value": 0.0, "scaled_age": 0.3291139240506329}, "46": {"bias": -0.7071067811865475, "objective_cosine_similarity": -0.11021633912838939, "is_tight": 1.0, "dual_solution_value": -0.004690056984186783, "scaled_age": 0.0}, "47": {"bias": -0.5, "objective_cosine_similarity": -0.21888049244620694, "is_tight": 0.0, "dual_solution_value": 0.0, "scaled_age": 0.3291139240506329}, "48": {"bias": -0.4472135954999579, "objective_cosine_similarity": -0.2699289761533919, "is_tight": 0.0, "dual_solution_value": 0.0, "scaled_age": 0.3291139240506329}, "49": {"bias": -0.4472135954999579, "objective_cosine_similarity": -0.3322202783426362, "is_tight": 0.0, "dual_solution_value": 0.0, "scaled_age": 0.16455696202531644}, "50": {"bias": -0.5773502691896258, "objective_cosine_similarity": -0.20678843656501436, "is_tight": 1.0, "dual_solution_value": -0.009573538729861776, "scaled_age": 0.0}, "51": {"bias": -0.3779644730092272, "objective_cosine_similarity": -0.3597460203651004, "is_tight": 0.0, "dual_solution_value": 0.0, "scaled_age": 0.3291139240506329}, "52": {"bias": -0.5, "objective_cosine_similarity": -0.20893137915319754, "is_tight": 0.0, "dual_solution_value": 0.0, "scaled_age": 0.1518987341772152}, "53": {"bias": -0.5, "objective_cosine_similarity": -0.15255307049281092, "is_tight": 0.0, "dual_solution_value": 0.0, "scaled_age": 0.24050632911392406}, "54": {"bias": -0.3779644730092272, "objective_cosine_similarity": -0.3484647862769962, "is_tight": 0.0, "dual_solution_value": 0.0, "scaled_age": 0.3291139240506329}, "55": {"bias": -0.3779644730092272, "objective_cosine_similarity": -0.3146210840126836, "is_tight": 0.0, "dual_solution_value": 0.0, "scaled_age": 0.3291139240506329}, "56": {"bias": -0.4472135954999579, "objective_cosine_similarity": -0.23136769384576447, "is_tight": 1.0, "dual_solution_value": -0.0009612437803428455, "scaled_age": 0.0}, "57": {"bias": -0.4082482904638631, "objective_cosine_similarity": -0.3872162097138941, "is_tight": 1.0, "dual_solution_value": -0.004949356515620718, "scaled_age": 0.0}, "58": {"bias": -0.4472135954999579, "objective_cosine_similarity": -0.2906927435498067, "is_tight": 0.0, "dual_solution_value": 0.0, "scaled_age": 0.27848101265822783}, "59": {"bias": -0.5773502691896258, "objective_cosine_similarity": -0.15700603516973313, "is_tight": 0.0, "dual_solution_value": 0.0, "scaled_age": 0.3291139240506329}, "60": {"bias": -0.4472135954999579, "objective_cosine_similarity": -0.24619895627177502, "is_tight": 0.0, "dual_solution_value": 0.0, "scaled_age": 0.3291139240506329}, "61": {"bias": -0.5, "objective_cosine_similarity": -0.2901824710461077, "is_tight": 0.0, "dual_solution_value": 0.0, "scaled_age": 0.27848101265822783}, "62": {"bias": -0.4082482904638631, "objective_cosine_similarity": -0.4684503795839418, "is_tight": 1.0, "dual_solution_value": -0.00038525102742730124, "scaled_age": 0.0}, "63": {"bias": -0.4082482904638631, "objective_cosine_similarity": -0.301920331350344, "is_tight": 0.0, "dual_solution_value": 0.0, "scaled_age": 0.3291139240506329}, "64": {"bias": -0.5, "objective_cosine_similarity": -0.21722230689737204, "is_tight": 0.0, "dual_solution_value": 0.0, "scaled_age": 0.3291139240506329}, "65": {"bias": -0.4082482904638631, "objective_cosine_similarity": -0.3655537644152147, "is_tight": 0.0, "dual_solution_value": 0.0, "scaled_age": 0.11392405063291139}, "66": {"bias": -0.4082482904638631, "objective_cosine_similarity": -0.2342251897919709, "is_tight": 0.0, "dual_solution_value": 0.0, "scaled_age": 0.22784810126582278}, "67": {"bias": -0.4472135954999579, "objective_cosine_similarity": -0.26251334494038664, "is_tight": 0.0, "dual_solution_value": 0.0, "scaled_age": 0.3291139240506329}, "68": {"bias": -0.3779644730092272, "objective_cosine_similarity": -0.337183552188892, "is_tight": 0.0, "dual_solution_value": 0.0, "scaled_age": 0.06329113924050633}, "69": {"bias": -0.3779644730092272, "objective_cosine_similarity": -0.3835619589955426, "is_tight": 0.0, "dual_solution_value": 0.0, "scaled_age": 0.16455696202531644}, "70": {"bias": -0.3779644730092272, "objective_cosine_similarity": -0.27952391129413723, "is_tight": 0.0, "dual_solution_value": 0.0, "scaled_age": 0.3291139240506329}, "71": {"bias": -0.4082482904638631, "objective_cosine_similarity": -0.3452452219477028, "is_tight": 0.0, "dual_solution_value": 0.0, "scaled_age": 0.3291139240506329}, "72": {"bias": -0.4472135954999579, "objective_cosine_similarity": -0.17649202286952548, "is_tight": 0.0, "dual_solution_value": 0.0, "scaled_age": 0.24050632911392406}, "73": {"bias": -0.4472135954999579, "objective_cosine_similarity": -0.18390765408253074, "is_tight": 0.0, "dual_solution_value": 0.0, "scaled_age": 0.3291139240506329}, "74": {"bias": -0.5773502691896258, "objective_cosine_similarity": -0.3542209330048857, "is_tight": 1.0, "dual_solution_value": -0.019114728385462108, "scaled_age": 0.0}, "75": {"bias": -0.5, "objective_cosine_similarity": -0.15089488494397602, "is_tight": 0.0, "dual_solution_value": 0.0, "scaled_age": 0.08860759493670886}, "76": {"bias": -0.4472135954999579, "objective_cosine_similarity": -0.36484905567985937, "is_tight": 0.0, "dual_solution_value": 0.0, "scaled_age": 0.012658227848101266}, "77": {"bias": -0.4082482904638631, "objective_cosine_similarity": -0.301920331350344, "is_tight": 0.0, "dual_solution_value": 0.0, "scaled_age": 0.3291139240506329}, "78": {"bias": -0.4472135954999579, "objective_cosine_similarity": -0.26251334494038664, "is_tight": 0.0, "dual_solution_value": 0.0, "scaled_age": 0.3291139240506329}, "79": {"bias": -0.5773502691896258, "objective_cosine_similarity": -0.204873728819042, "is_tight": 1.0, "dual_solution_value": 0.0, "scaled_age": 0.3291139240506329}, "80": {"bias": -0.35355339059327373, "objective_cosine_similarity": -0.24974553440794617, "is_tight": 0.0, "dual_solution_value": 0.0, "scaled_age": 0.3291139240506329}, "81": {"bias": -0.4472135954999579, "objective_cosine_similarity": -0.4523535039933216, "is_tight": 1.0, "dual_solution_value": -0.007952812487017511, "scaled_age": 0.0}, "82": {"bias": -0.35355339059327373, "objective_cosine_similarity": -0.3107162752023743, "is_tight": 0.0, "dual_solution_value": 0.0, "scaled_age": 0.3291139240506329}, "83": {"bias": -0.3333333333333333, "objective_cosine_similarity": -0.31505525427863124, "is_tight": 0.0, "dual_solution_value": 0.0, "scaled_age": 0.3291139240506329}, "84": {"bias": -0.5, "objective_cosine_similarity": -0.19898226586018813, "is_tight": 0.0, "dual_solution_value": 0.0, "scaled_age": 0.21518987341772153}, "85": {"bias": -0.3779644730092272, "objective_cosine_similarity": -0.21183650676551208, "is_tight": 0.0, "dual_solution_value": 0.0, "scaled_age": 0.3291139240506329}, "86": {"bias": -0.4472135954999579, "objective_cosine_similarity": -0.2817939860942003, "is_tight": 0.0, "dual_solution_value": 0.0, "scaled_age": 0.3291139240506329}, "87": {"bias": -0.5, "objective_cosine_similarity": -0.15918581268815052, "is_tight": 0.0, "dual_solution_value": 0.0, "scaled_age": 0.3291139240506329}, "88": {"bias": -0.5773502691896258, "objective_cosine_similarity": -0.35805034849683043, "is_tight": 1.0, "dual_solution_value": -0.051569121250250156, "scaled_age": 0.0}, "89": {"bias": -0.4082482904638631, "objective_cosine_similarity": -0.3222288738178559, "is_tight": 1.0, "dual_solution_value": -7.821047856417797e-07, "scaled_age": 0.0}, "90": {"bias": -0.5, "objective_cosine_similarity": -0.2835497288507681, "is_tight": 0.0, "dual_solution_value": 0.0, "scaled_age": 0.012658227848101266}, "91": {"bias": -0.4472135954999579, "objective_cosine_similarity": -0.354467171981652, "is_tight": 0.0, "dual_solution_value": 0.0, "scaled_age": 0.3291139240506329}, "92": {"bias": -0.3779644730092272, "objective_cosine_similarity": -0.3083537317415146, "is_tight": 0.0, "dual_solution_value": 0.0, "scaled_age": 0.3291139240506329}, "93": {"bias": -0.4082482904638631, "objective_cosine_similarity": -0.26671885773999, "is_tight": 0.0, "dual_solution_value": 0.0, "scaled_age": 0.3291139240506329}, "94": {"bias": -0.30151134457776363, "objective_cosine_similarity": -0.2739790414049681, "is_tight": 0.0, "dual_solution_value": 0.0, "scaled_age": 0.3291139240506329}, "95": {"bias": -0.5, "objective_cosine_similarity": -0.20727319360436264, "is_tight": 0.0, "dual_solution_value": 0.0, "scaled_age": 0.3291139240506329}, "96": {"bias": -0.5773502691896258, "objective_cosine_similarity": -0.13785895771000958, "is_tight": 0.0, "dual_solution_value": 0.0, "scaled_age": 0.3291139240506329}, "97": {"bias": -0.35355339059327373, "objective_cosine_similarity": -0.3447191883377285, "is_tight": 0.0, "dual_solution_value": 0.0, "scaled_age": 0.3291139240506329}, "98": {"bias": -0.5773502691896258, "objective_cosine_similarity": -0.038294154919447106, "is_tight": 0.0, "dual_solution_value": 0.0, "scaled_age": 0.3291139240506329}, "99": {"bias": -0.3333333333333333, "objective_cosine_similarity": -0.35706262151578205, "is_tight": 0.0, "dual_solution_value": 0.0, "scaled_age": 0.08860759493670886}, "100": {"bias": -0.4082482904638631, "objective_cosine_similarity": -0.21120884166212406, "is_tight": 0.0, "dual_solution_value": 0.0, "scaled_age": 0.3291139240506329}, "101": {"bias": -0.4082482904638631, "objective_cosine_similarity": -0.2166244529867939, "is_tight": 0.0, "dual_solution_value": 0.0, "scaled_age": 0.3291139240506329}, "102": {"bias": -0.5, "objective_cosine_similarity": -0.34324440860882455, "is_tight": 0.0, "dual_solution_value": 0.0, "scaled_age": 0.3291139240506329}, "103": {"bias": -0.3779644730092272, "objective_cosine_similarity": -0.41239177944291994, "is_tight": 0.0, "dual_solution_value": 0.0, "scaled_age": 0.0379746835443038}, "104": {"bias": -0.4082482904638631, "objective_cosine_similarity": -0.3222288738178559, "is_tight": 1.0, "dual_solution_value": -0.0037251020533309795, "scaled_age": 0.0}, "105": {"bias": -0.8451542547285166, "objective_cosine_similarity": -0.8492620784666572, "is_tight": 0.0, "dual_solution_value": -0.0, "scaled_age": 0.0379746835443038}, "106": {"bias": -1.0741479931300224, "objective_cosine_similarity": -0.9656234930670367, "is_tight": 1.0, "dual_solution_value": -0.007754393500043489, "scaled_age": 0.0}, "107": {"bias": -1.0624802534436646, "objective_cosine_similarity": -0.9739396164862213, "is_tight": 1.0, "dual_solution_value": -0.005651126992885651, "scaled_age": 0.0}, "108": {"bias": -1.06649827856572, "objective_cosine_similarity": -0.9573398361198492, "is_tight": 1.0, "dual_solution_value": -0.007611426774728254, "scaled_age": 0.0}, "109": {"bias": -1.1177770266684497, "objective_cosine_similarity": -0.9433433822414166, "is_tight": 0.0, "dual_solution_value": -0.0, "scaled_age": 0.02531645569620253}, "110": {"bias": -1.1378090346439416, "objective_cosine_similarity": -0.9419663095609846, "is_tight": 0.0, "dual_solution_value": -0.0, "scaled_age": 0.0379746835443038}, "111": {"bias": -0.9819080538903939, "objective_cosine_similarity": -0.9476041037329699, "is_tight": 0.0, "dual_solution_value": -0.0, "scaled_age": 0.05063291139240506}, "112": {"bias": -0.7071067811865475, "objective_cosine_similarity": -0.7304763752870914, "is_tight": 0.0, "dual_solution_value": -0.0, "scaled_age": 0.0759493670886076}, "113": {"bias": -0.917662935482247, "objective_cosine_similarity": -0.8825601426244842, "is_tight": 0.0, "dual_solution_value": -0.0, "scaled_age": 0.02531645569620253}, "114": {"bias": -0.989743318610787, "objective_cosine_similarity": -0.9454553319933493, "is_tight": 0.0, "dual_solution_value": -0.0, "scaled_age": 0.06329113924050633}, "115": {"bias": -0.9622504486493763, "objective_cosine_similarity": -0.9046994099719378, "is_tight": 0.0, "dual_solution_value": -0.0, "scaled_age": 0.10126582278481013}, "116": {"bias": -0.9036961141150639, "objective_cosine_similarity": -0.8554270520725091, "is_tight": 1.0, "dual_solution_value": -0.0003703309126380208, "scaled_age": 0.0}, "117": {"bias": -0.9636241116594315, "objective_cosine_similarity": -0.9319255357491513, "is_tight": 1.0, "dual_solution_value": -2.9450254816000566e-05, "scaled_age": 0.0}, "118": {"bias": -0.9859037584063738, "objective_cosine_similarity": -0.9522449237287836, "is_tight": 0.0, "dual_solution_value": -0.0, "scaled_age": 0.0759493670886076}, "119": {"bias": -1.0158656123871423, "objective_cosine_similarity": -0.9577112238480731, "is_tight": 0.0, "dual_solution_value": -0.0, "scaled_age": 0.0379746835443038}, "120": {"bias": -0.9527861346806619, "objective_cosine_similarity": -0.9485301808695141, "is_tight": 0.0, "dual_solution_value": -0.0, "scaled_age": 0.0759493670886076}, "121": {"bias": -0.9892034623538708, "objective_cosine_similarity": -0.9559811665253032, "is_tight": 1.0, "dual_solution_value": -9.594763426499746e-06, "scaled_age": 0.0}, "122": {"bias": -1.1122306890024962, "objective_cosine_similarity": -0.9411428141268714, "is_tight": 0.0, "dual_solution_value": -0.0, "scaled_age": 0.0379746835443038}, "123": {"bias": -1.0584382783067323, "objective_cosine_similarity": -0.966941426512149, "is_tight": 0.0, "dual_solution_value": -0.0, "scaled_age": 0.012658227848101266}, "124": {"bias": -1.0936796484764966, "objective_cosine_similarity": -0.9440103754422917, "is_tight": 1.0, "dual_solution_value": -0.025375216330486484, "scaled_age": 0.0}, "125": {"bias": -1.087314133768861, "objective_cosine_similarity": -0.9662681913066933, "is_tight": 1.0, "dual_solution_value": -0.004091159321005827, "scaled_age": 0.0}, "126": {"bias": -1.0590183756411433, "objective_cosine_similarity": -0.967316371891559, "is_tight": 1.0, "dual_solution_value": -0.006937185539252625, "scaled_age": 0.0}}