{"0": {"bias": -1.4319174546387878, "objective_cosine_similarity": -0.8101285028637861, "is_tight": 0.0, "dual_solution_value": -0.0, "scaled_age": 0.08450704225352113}, "1": {"bias": -1.3335385720528332, "objective_cosine_similarity": -0.8657185990840324, "is_tight": 0.0, "dual_solution_value": -0.0, "scaled_age": 0.09859154929577464}, "2": {"bias": -1.0, "objective_cosine_similarity": -0.425109969881339, "is_tight": 0.0, "dual_solution_value": -0.0, "scaled_age": 0.028169014084507043}, "3": {"bias": -1.1338934190276817, "objective_cosine_similarity": -0.8834785789253058, "is_tight": 0.0, "dual_solution_value": -0.0, "scaled_age": 0.04225352112676056}, "4": {"bias": -0.6030226891555273, "objective_cosine_similarity": -0.6787123234954372, "is_tight": 1.0, "dual_solution_value": -6.9122334737418775e-06, "scaled_age": 0.0}, "5": {"bias": -0.6666666666666666, "objective_cosine_similarity": -0.49297391085637204, "is_tight": 1.0, "dual_solution_value": -0.00029261498951704053, "scaled_age": 0.0}, "6": {"bias": -1.417242529437894, "objective_cosine_similarity": -0.9088062925449414, "is_tight": 1.0, "dual_solution_value": -2.7673734372457526e-10, "scaled_age": 0.0}, "7": {"bias": -1.210116090456181, "objective_cosine_similarity": -0.8929591031682863, "is_tight": 0.0, "dual_solution_value": -0.0, "scaled_age": 0.028169014084507043}, "8": {"bias": -1.2938404901663063, "objective_cosine_similarity": -0.8553543527691659, "is_tight": 1.0, "dual_solution_value": -1.021778015341411e-06, "scaled_age": 0.0}, "9": {"bias": -1.439631501497389, "objective_cosine_similarity": -0.8754205100735609, "is_tight": 1.0, "dual_solution_value": -0.00010250937005730914, "scaled_age": 0.0}, "10": {"bias": -1.5060422025693225, "objective_cosine_similarity": -0.9181401802299242, "is_tight": 0.0, "dual_solution_value": 0.0, "scaled_age": 0.056338028169014086}, "11": {"bias": -1.4181282163385374, "objective_cosine_similarity": -0.9165722303085071, "is_tight": 1.0, "dual_solution_value": -0.0009274589538768316, "scaled_age": 0.0}, "12": {"bias": -1.4757013042003648, "objective_cosine_similarity": -0.8949581646841247, "is_tight": 0.0, "dual_solution_value": 0.0, "scaled_age": 0.04225352112676056}, "13": {"bias": -1.3979354700047406, "objective_cosine_similarity": -0.8951624472647416, "is_tight": 0.0, "dual_solution_value": 0.0, "scaled_age": 0.1267605633802817}, "14": {"bias": -1.4217908533799164, "objective_cosine_similarity": -0.9504687425105826, "is_tight": 1.0, "dual_solution_value": -0.0027967670602029628, "scaled_age": 0.0}, "15": {"bias": -1.4260100457081661, "objective_cosine_similarity": -0.9449638409453461, "is_tight": 1.0, "dual_solution_value": -0.0007441678832156302, "scaled_age": 0.0}, "16": {"bias": -1.4634326995159512, "objective_cosine_similarity": -0.9356203223448775, "is_tight": 0.0, "dual_solution_value": 0.0, "scaled_age": 0.014084507042253521}, "17": {"bias": -0.5773502691896258, "objective_cosine_similarity": -0.3304533070154958, "is_tight": 1.0, "dual_solution_value": -0.01688480647785216, "scaled_age": 0.0}, "18": {"bias": -0.5773502691896258, "objective_cosine_similarity": -0.2750081212746408, "is_tight": 0.0, "dual_solution_value": 0.0, "scaled_age": 0.29577464788732394}, "19": {"bias": -0.5, "objective_cosine_similarity": -0.3015463792381185, "is_tight": 0.0, "dual_solution_value": 0.0, "scaled_age": 0.29577464788732394}, "20": {"bias": -0.4082482904638631, "objective_cosine_similarity": -0.3167817879177704, "is_tight": 0.0, "dual_solution_value": 0.0, "scaled_age": 0.29577464788732394}, "21": {"bias": -0.5, "objective_cosine_similarity": -0.2151158883736896, "is_tight": 0.0, "dual_solution_value": 0.0, "scaled_age": 0.014084507042253521}, "22": {"bias": -0.5, "objective_cosine_similarity": -0.27849824834093745, "is_tight": 0.0, "dual_solution_value": 0.0, "scaled_age": 0.15492957746478872}, "23": {"bias": -0.3779644730092272, "objective_cosine_similarity": -0.23956280283101963, "is_tight": 0.0, "dual_solution_value": 0.0, "scaled_age": 0.29577464788732394}, "24": {"bias": -0.5773502691896258, "objective_cosine_similarity": -0.24395881725976198, "is_tight": 0.0, "dual_solution_value": 0.0, "scaled_age": 0.29577464788732394}, "25": {"bias": -0.7071067811865475, "objective_cosine_similarity": -0.07605495170500215, "is_tight": 1.0, "dual_solution_value": -0.0004869988919768537, "scaled_age": 0.0}, "26": {"bias": -0.5773502691896258, "objective_cosine_similarity": -0.1951670538078096, "is_tight": 1.0, "dual_solution_value": -0.004257877363461926, "scaled_age": 0.0}, "27": {"bias": -0.5773502691896258, "objective_cosine_similarity": -0.3149286550080564, "is_tight": 1.0, "dual_solution_value": -0.009767360708901964, "scaled_age": 0.0}, "28": {"bias": -0.4472135954999579, "objective_cosine_similarity": -0.27142918718615927, "is_tight": 0.0, "dual_solution_value": 0.0, "scaled_age": 0.29577464788732394}, "29": {"bias": -0.5773502691896258, "objective_cosine_similarity": -0.1618999423632966, "is_tight": 0.0, "dual_solution_value": 0.0, "scaled_age": 0.29577464788732394}, "30": {"bias": -0.4472135954999579, "objective_cosine_similarity": -0.11853553111294297, "is_tight": 0.0, "dual_solution_value": 0.0, "scaled_age": 0.09859154929577464}, "31": {"bias": -0.4472135954999579, "objective_cosine_similarity": -0.1477399373291753, "is_tight": 0.0, "dual_solution_value": 0.0, "scaled_age": 0.11267605633802817}, "32": {"bias": -0.4472135954999579, "objective_cosine_similarity": -0.17694434354540764, "is_tight": 0.0, "dual_solution_value": 0.0, "scaled_age": 0.29577464788732394}, "33": {"bias": -0.5, "objective_cosine_similarity": -0.29386366893905813, "is_tight": 0.0, "dual_solution_value": 0.0, "scaled_age": 0.29577464788732394}, "34": {"bias": -0.4082482904638631, "objective_cosine_similarity": -0.24934804098477967, "is_tight": 0.0, "dual_solution_value": 0.0, "scaled_age": 0.29577464788732394}, "35": {"bias": -0.4472135954999579, "objective_cosine_similarity": -0.24737849971396797, "is_tight": 0.0, "dual_solution_value": 0.0, "scaled_age": 0.29577464788732394}, "36": {"bias": -0.5773502691896258, "objective_cosine_similarity": -0.1175437937706126, "is_tight": 0.0, "dual_solution_value": 0.0, "scaled_age": 0.29577464788732394}, "37": {"bias": -0.3779644730092272, "objective_cosine_similarity": -0.5110673127061752, "is_tight": 0.0, "dual_solution_value": 0.0, "scaled_age": 0.014084507042253521}, "38": {"bias": -0.3779644730092272, "objective_cosine_similarity": -0.34264740283709477, "is_tight": 0.0, "dual_solution_value": 0.0, "scaled_age": 0.29577464788732394}, "39": {"bias": -0.4472135954999579, "objective_cosine_similarity": -0.3830930933070476, "is_tight": 0.0, "dual_solution_value": 0.0, "scaled_age": 0.29577464788732394}, "40": {"bias": -0.4472135954999579, "objective_cosine_similarity": -0.3160947496345146, "is_tight": 0.0, "dual_solution_value": 0.0, "scaled_age": 0.29577464788732394}, "41": {"bias": -0.4082482904638631, "objective_cosine_similarity": -0.37010149479501886, "is_tight": 0.0, "dual_solution_value": 0.0, "scaled_age": 0.29577464788732394}, "42": {"bias": -0.5, "objective_cosine_similarity": -0.1920677574765086, "is_tight": 0.0, "dual_solution_value": 0.0, "scaled_age": 0.29577464788732394}, "43": {"bias": -0.3779644730092272, "objective_cosine_similarity": -0.3440992986118282, "is_tight": 0.0, "dual_solution_value": 0.0, "scaled_age": 0.29577464788732394}, "44": {"bias": -0.5773502691896258, "objective_cosine_similarity": -0.1397218680669546, "is_tight": 0.0, "dual_solution_value": 0.0, "scaled_age": 0.29577464788732394}, "45": {"bias": -0.5, "objective_cosine_similarity": -0.4110250009997284, "is_tight": 1.0, "dual_solution_value": -0.0001944367607717708, "scaled_age": 0.0}, "46": {"bias": -0.4082482904638631, "objective_cosine_similarity": -0.34657809470211515, "is_tight": 0.0, "dual_solution_value": 0.0, "scaled_age": 0.29577464788732394}, "47": {"bias": -0.4082482904638631, "objective_cosine_similarity": -0.24777981431191942, "is_tight": 0.0, "dual_solution_value": 0.0, "scaled_age": 0.22535211267605634}, "48": {"bias": -0.5, "objective_cosine_similarity": -0.41678703372402365, "is_tight": 0.0, "dual_solution_value": 0.0, "scaled_age": 0.028169014084507043}, "49": {"bias": -0.4082482904638631, "objective_cosine_similarity": -0.3073724278806089, "is_tight": 0.0, "dual_solution_value": 0.0, "scaled_age": 0.29577464788732394}, "50": {"bias": -0.5, "objective_cosine_similarity": -0.19782979020080385, "is_tight": 0.0, "dual_solution_value": 0.0, "scaled_age": 0.29577464788732394}, "51": {"bias": -0.4082482904638631, "objective_cosine_similarity": -0.26346208104052193, "is_tight": 0.0, "dual_solution_value": 0.0, "scaled_age": 0.29577464788732394}, "52": {"bias": -0.4082482904638631, "objective_cosine_similarity": -0.3559874547392766, "is_tight": 0.0, "dual_solution_value": 0.0, "scaled_age": 0.29577464788732394}, "53": {"bias": -0.5, "objective_cosine_similarity": -0.4724866833922111, "is_tight": 1.0, "dual_solution_value": -0.03715676916639069, "scaled_age": 0.0}, "54": {"bias": -0.7071067811865475, "objective_cosine_similarity": -0.021729986201429186, "is_tight": 0.0, "dual_solution_value": 0.0, "scaled_age": 0.29577464788732394}, "55": {"bias": -0.4472135954999579, "objective_cosine_similarity": -0.2594038434500636, "is_tight": 0.0, "dual_solution_value": 0.0, "scaled_age": 0.29577464788732394}, "56": {"bias": -0.5, "objective_cosine_similarity": -0.3149911222614741, "is_tight": 1.0, "dual_solution_value": -0.0003053459118828567, "scaled_age": 0.0}, "57": {"bias": -0.5, "objective_cosine_similarity": -0.16133691628026722, "is_tight": 0.0, "dual_solution_value": 0.0, "scaled_age": 0.29577464788732394}, "58": {"bias": -0.4472135954999579, "objective_cosine_similarity": -0.21302037475369462, "is_tight": 0.0, "dual_solution_value": 0.0, "scaled_age": 0.29577464788732394}, "59": {"bias": -0.3333333333333333, "objective_cosine_similarity": -0.27785802248268243, "is_tight": 0.0, "dual_solution_value": 0.0, "scaled_age": 0.29577464788732394}, "60": {"bias": -0.5, "objective_cosine_similarity": -0.09219252358872412, "is_tight": 0.0, "dual_solution_value": 0.0, "scaled_age": 0.29577464788732394}, "61": {"bias": -0.3779644730092272, "objective_cosine_similarity": -0.458799064815771, "is_tight": 0.0, "dual_solution_value": 0.0, "scaled_age": 0.29577464788732394}, "62": {"bias": -0.5773502691896258, "objective_cosine_similarity": -0.2705725064153724, "is_tight": 0.0, "dual_solution_value": 0.0, "scaled_age": 0.29577464788732394}, "63": {"bias": -0.3779644730092272, "objective_cosine_similarity": -0.3470030901612951, "is_tight": 0.0, "dual_solution_value": 0.0, "scaled_age": 0.29577464788732394}, "64": {"bias": -0.4472135954999579, "objective_cosine_similarity": -0.34529915585074694, "is_tight": 0.0, "dual_solution_value": 0.0, "scaled_age": 0.16901408450704225}, "65": {"bias": -0.5773502691896258, "objective_cosine_similarity": -0.2483944321190304, "is_tight": 0.0, "dual_solution_value": 0.0, "scaled_age": 0.29577464788732394}, "66": {"bias": -0.5773502691896258, "objective_cosine_similarity": -0.28387935099317757, "is_tight": 0.0, "dual_solution_value": 0.0, "scaled_age": 0.1267605633802817}, "67": {"bias": -0.4472135954999579, "objective_cosine_similarity": -0.2697112809381456, "is_tight": 0.0, "dual_solution_value": 0.0, "scaled_age": 0.29577464788732394}, "68": {"bias": -0.4472135954999579, "objective_cosine_similarity": -0.4226049370113619, "is_tight": 0.0, "dual_solution_value": 0.0, "scaled_age": 0.29577464788732394}, "69": {"bias": -0.5773502691896258, "objective_cosine_similarity": -0.1286328309187836, "is_tight": 0.0, "dual_solution_value": 0.0, "scaled_age": 0.014084507042253521}, "70": {"bias": -0.4082482904638631, "objective_cosine_similarity": -0.41244361496224563, "is_tight": 1.0, "dual_solution_value": -0.00460405775057314, "scaled_age": 0.0}, "71": {"bias": -0.5773502691896258, "objective_cosine_similarity": -0.2506122395486646, "is_tight": 1.0, "dual_solution_value": -0.01524144949709208, "scaled_age": 0.0}, "72": {"bias": -0.3779644730092272, "objective_cosine_similarity": -0.3411955070623613, "is_tight": 0.0, "dual_solution_value": 0.0, "scaled_age": 0.29577464788732394}, "73": {"bias": -0.4472135954999579, "objective_cosine_similarity": -0.3830930933070476, "is_tight": 0.0, "dual_solution_value": 0.0, "scaled_age": 0.2676056338028169}, "74": {"bias": -0.3779644730092272, "objective_cosine_similarity": -0.19455403381428263, "is_tight": 0.0, "dual_solution_value": 0.0, "scaled_age": 0.29577464788732394}, "75": {"bias": -0.4472135954999579, "objective_cosine_similarity": -0.20099503101759897, "is_tight": 0.0, "dual_solution_value": 0.0, "scaled_age": 0.29577464788732394}, "76": {"bias": -0.5, "objective_cosine_similarity": -0.10563726661207971, "is_tight": 0.0, "dual_solution_value": 0.0, "scaled_age": 0.29577464788732394}, "77": {"bias": -0.4472135954999579, "objective_cosine_similarity": -0.49132118693190857, "is_tight": 1.0, "dual_solution_value": -0.00013073670114879866, "scaled_age": 0.0}, "78": {"bias": -0.35355339059327373, "objective_cosine_similarity": -0.2716248275178648, "is_tight": 0.0, "dual_solution_value": 0.0, "scaled_age": 0.29577464788732394}, "79": {"bias": -0.7071067811865475, "objective_cosine_similarity": -0.14939365513482566, "is_tight": 1.0, "dual_solution_value": -0.0005817103232892405, "scaled_age": 0.0}, "80": {"bias": -0.5773502691896258, "objective_cosine_similarity": -0.057662993170489195, "is_tight": 0.0, "dual_solution_value": 0.0, "scaled_age": 0.29577464788732394}, "81": {"bias": -0.4082482904638631, "objective_cosine_similarity": -0.2540527210033604, "is_tight": 0.0, "dual_solution_value": 0.0, "scaled_age": 0.29577464788732394}, "82": {"bias": -0.7071067811865475, "objective_cosine_similarity": -0.17927238616179078, "is_tight": 1.0, "dual_solution_value": -0.013338301791826055, "scaled_age": 0.0}, "83": {"bias": -0.5773502691896258, "objective_cosine_similarity": -0.1264150234891494, "is_tight": 0.0, "dual_solution_value": 0.0, "scaled_age": 0.15492957746478872}, "84": {"bias": -0.5, "objective_cosine_similarity": -0.13828878538308617, "is_tight": 0.0, "dual_solution_value": 0.0, "scaled_age": 0.29577464788732394}, "85": {"bias": -0.5, "objective_cosine_similarity": -0.16133691628026722, "is_tight": 0.0, "dual_solution_value": 0.0, "scaled_age": 0.29577464788732394}, "86": {"bias": -0.5, "objective_cosine_similarity": -0.24200537442040082, "is_tight": 0.0, "dual_solution_value": 0.0, "scaled_age": 0.04225352112676056}, "87": {"bias": -0.4472135954999579, "objective_cosine_similarity": -0.6785729679653982, "is_tight": 1.0, "dual_solution_value": -0.06483708858690859, "scaled_age": 0.0}, "88": {"bias": -0.7071067811865475, "objective_cosine_similarity": -0.12766366893339648, "is_tight": 1.0, "dual_solution_value": -0.019734392095988353, "scaled_age": 0.0}, "89": {"bias": -0.3779644730092272, "objective_cosine_similarity": -0.23665901128155276, "is_tight": 0.0, "dual_solution_value": 0.0, "scaled_age": 0.29577464788732394}, "90": {"bias": -0.5773502691896258, "objective_cosine_similarity": -0.2373053949708594, "is_tight": 0.0, "dual_solution_value": 0.0, "scaled_age": 0.028169014084507043}, "91": {"bias": -0.5, "objective_cosine_similarity": -0.3649287392053663, "is_tight": 1.0, "dual_solution_value": -0.006976196421926921, "scaled_age": 0.0}, "92": {"bias": -0.5773502691896258, "objective_cosine_similarity": -0.288314965852446, "is_tight": 1.0, "dual_solution_value": -0.0009288257520244146, "scaled_age": 0.0}, "93": {"bias": -0.3333333333333333, "objective_cosine_similarity": -0.44175584219596975, "is_tight": 0.0, "dual_solution_value": 0.0, "scaled_age": 0.29577464788732394}, "94": {"bias": -0.7071067811865475, "objective_cosine_similarity": -0.05704121377875162, "is_tight": 0.0, "dual_solution_value": 0.0, "scaled_age": 0.29577464788732394}, "95": {"bias": -0.7071067811865475, "objective_cosine_similarity": -0.1412449103092897, "is_tight": 1.0, "dual_solution_value": -0.017522818332418897, "scaled_age": 0.0}, "96": {"bias": -0.4472135954999579, "objective_cosine_similarity": -0.20614874976163997, "is_tight": 0.0, "dual_solution_value": 0.0, "scaled_age": 0.29577464788732394}, "97": {"bias": -0.5, "objective_cosine_similarity": -0.290022313789528, "is_tight": 0.0, "dual_solution_value": 0.0, "scaled_age": 0.29577464788732394}, "98": {"bias": -0.5, "objective_cosine_similarity": -0.2151158883736896, "is_tight": 0.0, "dual_solution_value": 0.0, "scaled_age": 0.08450704225352113}, "99": {"bias": -0.4082482904638631, "objective_cosine_similarity": -0.4155800683079661, "is_tight": 0.0, "dual_solution_value": 0.0, "scaled_age": 0.29577464788732394}, "100": {"bias": -0.7071067811865475, "objective_cosine_similarity": -0.20643486891357726, "is_tight": 1.0, "dual_solution_value": -0.020103949965542208, "scaled_age": 0.0}, "101": {"bias": -0.5, "objective_cosine_similarity": -0.23240198654657537, "is_tight": 0.0, "dual_solution_value": 0.0, "scaled_age": 0.29577464788732394}, "102": {"bias": -0.4472135954999579, "objective_cosine_similarity": -0.21645618724972196, "is_tight": 0.0, "dual_solution_value": 0.0, "scaled_age": 0.04225352112676056}, "103": {"bias": -0.5773502691896258, "objective_cosine_similarity": -0.1796424018003702, "is_tight": 0.0, "dual_solution_value": 0.0, "scaled_age": 0.028169014084507043}, "104": {"bias": -0.35355339059327373, "objective_cosine_similarity": -0.29063856544411537, "is_tight": 0.0, "dual_solution_value": 0.0, "scaled_age": 0.29577464788732394}, "105": {"bias": -0.4082482904638631, "objective_cosine_similarity": -0.2697349877319629, "is_tight": 0.0, "dual_solution_value": 0.0, "scaled_age": 0.29577464788732394}, "106": {"bias": -0.4472135954999579, "objective_cosine_similarity": -0.5239614056441683, "is_tight": 1.0, "dual_solution_value": -0.04929739428502852, "scaled_age": 0.0}, "107": {"bias": -1.3888888888888888, "objective_cosine_similarity": -0.8916212119298366, "is_tight": 0.0, "dual_solution_value": -0.0, "scaled_age": 0.07042253521126761}, "108": {"bias": -1.5231272467907275, "objective_cosine_similarity": -0.8917346446941836, "is_tight": 0.0, "dual_solution_value": -0.0, "scaled_age": 0.11267605633802817}, "109": {"bias": -1.4994427958196717, "objective_cosine_similarity": -0.8897365599497083, "is_tight": 1.0, "dual_solution_value": -0.01680817570470954, "scaled_age": 0.0}, "110": {"bias": -1.483348016070093, "objective_cosine_similarity": -0.8962675395858686, "is_tight": 0.0, "dual_solution_value": -0.0, "scaled_age": 0.04225352112676056}, "111": {"bias": -1.2, "objective_cosine_similarity": -0.8112942075807722, "is_tight": 0.0, "dual_solution_value": -0.0, "scaled_age": 0.014084507042253521}, "112": {"bias": -1.5151953390489779, "objective_cosine_similarity": -0.8831397819302113, "is_tight": 1.0, "dual_solution_value": -0.00227043406210291, "scaled_age": 0.0}, "113": {"bias": -1.516950746477357, "objective_cosine_similarity": -0.8931602433397249, "is_tight": 1.0, "dual_solution_value": -0.01691553572521895, "scaled_age": 0.0}, "114": {"bias": -1.3736056394868903, "objective_cosine_similarity": -0.8669301159823306, "is_tight": 0.0, "dual_solution_value": -0.0, "scaled_age": 0.1267605633802817}, "115": {"bias": -1.5015655315140806, "objective_cosine_similarity": -0.8936898066916348, "is_tight": 0.0, "dual_solution_value": -0.0, "scaled_age": 0.028169014084507043}, "116": {"bias": -1.0690449676496976, "objective_cosine_similarity": -0.5810812669058081, "is_tight": 0.0, "dual_solution_value": -0.0, "scaled_age": 0.07042253521126761}, "117": {"bias": -1.3093073414159544, "objective_cosine_similarity": -0.5817471769660815, "is_tight": 0.0, "dual_solution_value": -0.0, "scaled_age": 0.014084507042253521}, "118": {"bias": -0.7745966692414834, "objective_cosine_similarity": -0.5752635081452736, "is_tight": 1.0, "dual_solution_value": -0.0001890783793062011, "scaled_age": 0.0}, "119": {"bias": -1.4, "objective_cosine_similarity": -0.8742924320330671, "is_tight": 0.0, "dual_solution_value": -0.0, "scaled_age": 0.056338028169014086}, "120": {"bias": -1.3788820796114816, "objective_cosine_similarity": -0.8689828024918241, "is_tight": 1.0, "dual_solution_value": -7.904344109824229e-06, "scaled_age": 0.0}, "121": {"bias": -1.2, "objective_cosine_similarity": -0.8427933198069196, "is_tight": 1.0, "dual_solution_value": -0.0, "scaled_age": 0.028169014084507043}, "122": {"bias": -1.0787197799411874, "objective_cosine_similarity": -0.851539758114101, "is_tight": 1.0, "dual_solution_value": -0.0004769403815755762, "scaled_age": 0.0}, "123": {"bias": -1.2963624321753373, "objective_cosine_similarity": -0.8868550618458289, "is_tight": 1.0, "dual_solution_value": -3.097841415437897e-05, "scaled_age": 0.0}}