{"0": {"bias": -0.8528028654224417, "objective_cosine_similarity": -0.9462461187203337, "is_tight": 1.0, "dual_solution_value": -2.5002155823892025e-06, "scaled_age": 0.0}, "1": {"bias": -0.5962847939999439, "objective_cosine_similarity": -0.8175256379587641, "is_tight": 0.0, "dual_solution_value": -0.0, "scaled_age": 0.024691358024691357}, "2": {"bias": -0.7851358838853206, "objective_cosine_similarity": -0.957810771674996, "is_tight": 1.0, "dual_solution_value": -2.0898953403200797e-05, "scaled_age": 0.0}, "3": {"bias": -0.7986208584745025, "objective_cosine_similarity": -0.9355740863916358, "is_tight": 1.0, "dual_solution_value": -2.4875040266750964e-05, "scaled_age": 0.0}, "4": {"bias": -0.7474093186836597, "objective_cosine_similarity": -0.9420767682436304, "is_tight": 0.0, "dual_solution_value": -0.0, "scaled_age": 0.16049382716049382}, "5": {"bias": -0.6546536707079772, "objective_cosine_similarity": -0.9160942196307665, "is_tight": 0.0, "dual_solution_value": -0.0, "scaled_age": 0.06172839506172839}, "6": {"bias": -0.4588314677411235, "objective_cosine_similarity": -0.7655342454381913, "is_tight": 1.0, "dual_solution_value": -0.0002492443880056091, "scaled_age": 0.0}, "7": {"bias": -0.9192648820240462, "objective_cosine_similarity": -0.7023088888360582, "is_tight": 0.0, "dual_solution_value": -0.0, "scaled_age": 0.06172839506172839}, "8": {"bias": -0.9366324067316734, "objective_cosine_similarity": -0.9273958914105457, "is_tight": 1.0, "dual_solution_value": -6.023460991623886e-06, "scaled_age": 0.0}, "9": {"bias": -0.8096273659467731, "objective_cosine_similarity": -0.9354792390316359, "is_tight": 0.0, "dual_solution_value": -0.0, "scaled_age": 0.04938271604938271}, "10": {"bias": -0.8931384465525033, "objective_cosine_similarity": -0.9473162016678414, "is_tight": 1.0, "dual_solution_value": -0.0027733240384579623, "scaled_age": 0.0}, "11": {"bias": -0.8690510493195277, "objective_cosine_similarity": -0.946637267034727, "is_tight": 0.0, "dual_solution_value": 0.0, "scaled_age": 0.09876543209876543}, "12": {"bias": -0.9207685268516614, "objective_cosine_similarity": -0.8857667942879869, "is_tight": 0.0, "dual_solution_value": 0.0, "scaled_age": 0.012345679012345678}, "13": {"bias": -0.904926532378752, "objective_cosine_similarity": -0.9295441370161253, "is_tight": 1.0, "dual_solution_value": -0.008453667517931047, "scaled_age": 0.0}, "14": {"bias": -0.4082482904638631, "objective_cosine_similarity": -0.2601804543609037, "is_tight": 0.0, "dual_solution_value": 0.0, "scaled_age": 0.25925925925925924}, "15": {"bias": -0.35355339059327373, "objective_cosine_similarity": -0.4367797425174578, "is_tight": 0.0, "dual_solution_value": 0.0, "scaled_age": 0.037037037037037035}, "16": {"bias": -0.4472135954999579, "objective_cosine_similarity": -0.30693751603934527, "is_tight": 1.0, "dual_solution_value": -1.606547056132416e-05, "scaled_age": 0.0}, "17": {"bias": -0.31622776601683794, "objective_cosine_similarity": -0.3286569356164204, "is_tight": 0.0, "dual_solution_value": 0.0, "scaled_age": 0.25925925925925924}, "18": {"bias": -0.3779644730092272, "objective_cosine_similarity": -0.34340882970178327, "is_tight": 0.0, "dual_solution_value": 0.0, "scaled_age": 0.25925925925925924}, "19": {"bias": -0.5, "objective_cosine_similarity": -0.13890075669108853, "is_tight": 0.0, "dual_solution_value": 0.0, "scaled_age": 0.24691358024691357}, "20": {"bias": -0.31622776601683794, "objective_cosine_similarity": -0.33589152224948626, "is_tight": 0.0, "dual_solution_value": 0.0, "scaled_age": 0.25925925925925924}, "21": {"bias": -0.3333333333333333, "objective_cosine_similarity": -0.31266287976739143, "is_tight": 0.0, "dual_solution_value": 0.0, "scaled_age": 0.25925925925925924}, "22": {"bias": -0.35355339059327373, "objective_cosine_similarity": -0.37322713447920336, "is_tight": 0.0, "dual_solution_value": 0.0, "scaled_age": 0.2345679012345679}, "23": {"bias": -0.3779644730092272, "objective_cosine_similarity": -0.26805653253700346, "is_tight": 0.0, "dual_solution_value": 0.0, "scaled_age": 0.25925925925925924}, "24": {"bias": -0.31622776601683794, "objective_cosine_similarity": -0.4061703638278403, "is_tight": 0.0, "dual_solution_value": 0.0, "scaled_age": 0.25925925925925924}, "25": {"bias": -0.4082482904638631, "objective_cosine_similarity": -0.3562470836633912, "is_tight": 1.0, "dual_solution_value": -0.008521978898322216, "scaled_age": 0.0}, "26": {"bias": -0.3333333333333333, "objective_cosine_similarity": -0.34752424615260585, "is_tight": 0.0, "dual_solution_value": 0.0, "scaled_age": 0.2345679012345679}, "27": {"bias": -0.3779644730092272, "objective_cosine_similarity": -0.2692918160970818, "is_tight": 0.0, "dual_solution_value": 0.0, "scaled_age": 0.25925925925925924}, "28": {"bias": -0.4082482904638631, "objective_cosine_similarity": -0.23482953829496947, "is_tight": 0.0, "dual_solution_value": 0.0, "scaled_age": 0.13580246913580246}, "29": {"bias": -0.35355339059327373, "objective_cosine_similarity": -0.47028929948308285, "is_tight": 0.0, "dual_solution_value": 0.0, "scaled_age": 0.13580246913580246}, "30": {"bias": -0.3779644730092272, "objective_cosine_similarity": -0.3310559941009997, "is_tight": 1.0, "dual_solution_value": -4.1874176314175505e-05, "scaled_age": 0.0}, "31": {"bias": -0.35355339059327373, "objective_cosine_similarity": -0.28425348322564714, "is_tight": 0.0, "dual_solution_value": 0.0, "scaled_age": 0.25925925925925924}, "32": {"bias": -0.3333333333333333, "objective_cosine_similarity": -0.2756226779831012, "is_tight": 0.0, "dual_solution_value": 0.0, "scaled_age": 0.25925925925925924}, "33": {"bias": -0.3779644730092272, "objective_cosine_similarity": -0.31746787494013773, "is_tight": 0.0, "dual_solution_value": 0.0, "scaled_age": 0.25925925925925924}, "34": {"bias": -0.31622776601683794, "objective_cosine_similarity": -0.40823738858014486, "is_tight": 0.0, "dual_solution_value": 0.0, "scaled_age": 0.25925925925925924}, "35": {"bias": -0.3779644730092272, "objective_cosine_similarity": -0.5015251253918129, "is_tight": 1.0, "dual_solution_value": -0.015700932234389106, "scaled_age": 0.0}, "36": {"bias": -0.4472135954999579, "objective_cosine_similarity": -0.2952446582854654, "is_tight": 0.0, "dual_solution_value": 0.0, "scaled_age": 0.25925925925925924}, "37": {"bias": -0.3779644730092272, "objective_cosine_similarity": -0.26805653253700346, "is_tight": 0.0, "dual_solution_value": 0.0, "scaled_age": 0.25925925925925924}, "38": {"bias": -0.5, "objective_cosine_similarity": -0.16668090802930624, "is_tight": 1.0, "dual_solution_value": -0.00021122250437382505, "scaled_age": 0.0}, "39": {"bias": -0.3333333333333333, "objective_cosine_similarity": -0.4194258143221105, "is_tight": 0.0, "dual_solution_value": 0.0, "scaled_age": 0.25925925925925924}, "40": {"bias": -0.3779644730092272, "objective_cosine_similarity": -0.17911611621136175, "is_tight": 0.0, "dual_solution_value": 0.0, "scaled_age": 0.25925925925925924}, "41": {"bias": -0.3333333333333333, "objective_cosine_similarity": -0.31919938596461916, "is_tight": 0.0, "dual_solution_value": 0.0, "scaled_age": 0.25925925925925924}, "42": {"bias": -0.35355339059327373, "objective_cosine_similarity": -0.45180126805377246, "is_tight": 0.0, "dual_solution_value": 0.0, "scaled_age": 0.012345679012345678}, "43": {"bias": -0.31622776601683794, "objective_cosine_similarity": -0.3896341658094041, "is_tight": 0.0, "dual_solution_value": 0.0, "scaled_age": 0.25925925925925924}, "44": {"bias": -0.4082482904638631, "objective_cosine_similarity": -0.36692115358588984, "is_tight": 0.0, "dual_solution_value": 0.0, "scaled_age": 0.07407407407407407}, "45": {"bias": -0.3779644730092272, "objective_cosine_similarity": -0.33352656122115637, "is_tight": 0.0, "dual_solution_value": 0.0, "scaled_age": 0.18518518518518517}, "46": {"bias": -0.3779644730092272, "objective_cosine_similarity": -0.3557616653025668, "is_tight": 0.0, "dual_solution_value": 0.0, "scaled_age": 0.12345679012345678}, "47": {"bias": -0.31622776601683794, "objective_cosine_similarity": -0.4299411484793424, "is_tight": 0.0, "dual_solution_value": 0.0, "scaled_age": 0.25925925925925924}, "48": {"bias": -0.31622776601683794, "objective_cosine_similarity": -0.5911690791590958, "is_tight": 1.0, "dual_solution_value": -0.003617982519683993, "scaled_age": 0.0}, "49": {"bias": -0.4082482904638631, "objective_cosine_similarity": -0.273523041764027, "is_tight": 0.0, "dual_solution_value": 0.0, "scaled_age": 0.25925925925925924}, "50": {"bias": -0.3779644730092272, "objective_cosine_similarity": -0.26311539829669006, "is_tight": 0.0, "dual_solution_value": 0.0, "scaled_age": 0.25925925925925924}, "51": {"bias": -0.4082482904638631, "objective_cosine_similarity": -0.27886007672527624, "is_tight": 0.0, "dual_solution_value": 0.0, "scaled_age": 0.19753086419753085}, "52": {"bias": -0.5773502691896258, "objective_cosine_similarity": -0.12453716921345924, "is_tight": 0.0, "dual_solution_value": 0.0, "scaled_age": 0.25925925925925924}, "53": {"bias": -0.5, "objective_cosine_similarity": -0.2451189823960386, "is_tight": 1.0, "dual_solution_value": -0.002105698189198396, "scaled_age": 0.0}, "54": {"bias": -0.4472135954999579, "objective_cosine_similarity": -0.28355180053158563, "is_tight": 0.0, "dual_solution_value": 0.0, "scaled_age": 0.04938271604938271}, "55": {"bias": -0.3333333333333333, "objective_cosine_similarity": -0.2865168549784807, "is_tight": 0.0, "dual_solution_value": 0.0, "scaled_age": 0.25925925925925924}, "56": {"bias": -0.30151134457776363, "objective_cosine_similarity": -0.5045326777259539, "is_tight": 0.0, "dual_solution_value": 0.0, "scaled_age": 0.25925925925925924}, "57": {"bias": -0.30151134457776363, "objective_cosine_similarity": -0.44048067762402615, "is_tight": 0.0, "dual_solution_value": 0.0, "scaled_age": 0.25925925925925924}, "58": {"bias": -0.3779644730092272, "objective_cosine_similarity": -0.22729217505441768, "is_tight": 0.0, "dual_solution_value": 0.0, "scaled_age": 0.25925925925925924}, "59": {"bias": -0.4082482904638631, "objective_cosine_similarity": -0.273523041764027, "is_tight": 0.0, "dual_solution_value": 0.0, "scaled_age": 0.04938271604938271}, "60": {"bias": -0.35355339059327373, "objective_cosine_similarity": -0.3027415146549575, "is_tight": 0.0, "dual_solution_value": 0.0, "scaled_age": 0.25925925925925924}, "61": {"bias": -0.2672612419124244, "objective_cosine_similarity": -0.3956852540549088, "is_tight": 0.0, "dual_solution_value": 0.0, "scaled_age": 0.25925925925925924}, "62": {"bias": -0.5, "objective_cosine_similarity": -0.06699918852158389, "is_tight": 0.0, "dual_solution_value": 0.0, "scaled_age": 0.25925925925925924}, "63": {"bias": -0.30151134457776363, "objective_cosine_similarity": -0.2473392619320594, "is_tight": 0.0, "dual_solution_value": 0.0, "scaled_age": 0.25925925925925924}, "64": {"bias": -0.31622776601683794, "objective_cosine_similarity": -0.4299411484793424, "is_tight": 0.0, "dual_solution_value": 0.0, "scaled_age": 0.25925925925925924}, "65": {"bias": -0.2886751345948129, "objective_cosine_similarity": -0.44908857989095907, "is_tight": 0.0, "dual_solution_value": 0.0, "scaled_age": 0.25925925925925924}, "66": {"bias": -0.35355339059327373, "objective_cosine_similarity": -0.40673669144482844, "is_tight": 0.0, "dual_solution_value": 0.0, "scaled_age": 0.25925925925925924}, "67": {"bias": -0.35355339059327373, "objective_cosine_similarity": -0.3651386207288801, "is_tight": 0.0, "dual_solution_value": 0.0, "scaled_age": 0.25925925925925924}, "68": {"bias": -0.35355339059327373, "objective_cosine_similarity": -0.4414017503747854, "is_tight": 0.0, "dual_solution_value": 0.0, "scaled_age": 0.25925925925925924}, "69": {"bias": -0.3333333333333333, "objective_cosine_similarity": -0.6351305188306244, "is_tight": 1.0, "dual_solution_value": -0.015356998214976518, "scaled_age": 0.0}, "70": {"bias": -0.3779644730092272, "objective_cosine_similarity": -0.43729038026773837, "is_tight": 0.0, "dual_solution_value": 0.0, "scaled_age": 0.09876543209876543}, "71": {"bias": -0.3333333333333333, "objective_cosine_similarity": -0.27889093108171503, "is_tight": 0.0, "dual_solution_value": 0.0, "scaled_age": 0.25925925925925924}, "72": {"bias": -0.35355339059327373, "objective_cosine_similarity": -0.3154520362626084, "is_tight": 0.0, "dual_solution_value": 0.0, "scaled_age": 0.25925925925925924}, "73": {"bias": -0.3333333333333333, "objective_cosine_similarity": -0.3050369558706258, "is_tight": 0.0, "dual_solution_value": 0.0, "scaled_age": 0.25925925925925924}, "74": {"bias": -0.30151134457776363, "objective_cosine_similarity": -0.534095139311459, "is_tight": 1.0, "dual_solution_value": -0.013344547359653713, "scaled_age": 0.0}, "75": {"bias": -0.3779644730092272, "objective_cosine_similarity": -0.4558196336689137, "is_tight": 1.0, "dual_solution_value": -9.101453110707102e-05, "scaled_age": 0.0}, "76": {"bias": -0.3779644730092272, "objective_cosine_similarity": -0.16676328061057819, "is_tight": 0.0, "dual_solution_value": 0.0, "scaled_age": 0.25925925925925924}, "77": {"bias": -0.4472135954999579, "objective_cosine_similarity": -0.28209019331235063, "is_tight": 0.0, "dual_solution_value": 0.0, "scaled_age": 0.1111111111111111}, "78": {"bias": -0.35355339059327373, "objective_cosine_similarity": -0.25074392626002207, "is_tight": 0.0, "dual_solution_value": 0.0, "scaled_age": 0.25925925925925924}, "79": {"bias": -0.31622776601683794, "objective_cosine_similarity": -0.3875671410570995, "is_tight": 0.0, "dual_solution_value": 0.0, "scaled_age": 0.25925925925925924}, "80": {"bias": -0.4082482904638631, "objective_cosine_similarity": -0.3148850627137091, "is_tight": 0.0, "dual_solution_value": 0.0, "scaled_age": 0.12345679012345678}, "81": {"bias": -0.4082482904638631, "objective_cosine_similarity": -0.2668517480624653, "is_tight": 1.0, "dual_solution_value": -0.0006572593171361771, "scaled_age": 0.0}, "82": {"bias": -0.3333333333333333, "objective_cosine_similarity": -0.4150681435239587, "is_tight": 0.0, "dual_solution_value": 0.0, "scaled_age": 0.25925925925925924}, "83": {"bias": -0.3779644730092272, "objective_cosine_similarity": -0.3730556351436638, "is_tight": 0.0, "dual_solution_value": 0.0, "scaled_age": 0.25925925925925924}, "84": {"bias": -0.30151134457776363, "objective_cosine_similarity": -0.3320849851438407, "is_tight": 0.0, "dual_solution_value": 0.0, "scaled_age": 0.25925925925925924}, "85": {"bias": -0.35355339059327373, "objective_cosine_similarity": -0.37900464430086284, "is_tight": 0.0, "dual_solution_value": 0.0, "scaled_age": 0.25925925925925924}, "86": {"bias": -0.30151134457776363, "objective_cosine_similarity": -0.3537641236398778, "is_tight": 0.0, "dual_solution_value": 0.0, "scaled_age": 0.25925925925925924}, "87": {"bias": -0.3333333333333333, "objective_cosine_similarity": -0.31919938596461916, "is_tight": 0.0, "dual_solution_value": 0.0, "scaled_age": 0.25925925925925924}, "88": {"bias": -0.5, "objective_cosine_similarity": -0.18138804697306857, "is_tight": 0.0, "dual_solution_value": 0.0, "scaled_age": 0.14814814814814814}, "89": {"bias": -0.35355339059327373, "objective_cosine_similarity": -0.2207008751873927, "is_tight": 0.0, "dual_solution_value": 0.0, "scaled_age": 0.25925925925925924}, "90": {"bias": -0.35355339059327373, "objective_cosine_similarity": -0.40095918162316896, "is_tight": 1.0, "dual_solution_value": -0.00012439866987733542, "scaled_age": 0.0}, "91": {"bias": -0.4472135954999579, "objective_cosine_similarity": -0.38001787700109413, "is_tight": 1.0, "dual_solution_value": -0.036906946053563656, "scaled_age": 0.0}, "92": {"bias": -0.4472135954999579, "objective_cosine_similarity": -0.43263573689355334, "is_tight": 1.0, "dual_solution_value": -0.0296271053527277, "scaled_age": 0.0}, "93": {"bias": -0.2773500981126146, "objective_cosine_similarity": -0.40337039131304625, "is_tight": 0.0, "dual_solution_value": 0.0, "scaled_age": 0.25925925925925924}, "94": {"bias": -0.3333333333333333, "objective_cosine_similarity": -0.5022215594869947, "is_tight": 0.0, "dual_solution_value": 0.0, "scaled_age": 0.25925925925925924}, "95": {"bias": -0.3333333333333333, "objective_cosine_similarity": -0.4488400922096351, "is_tight": 1.0, "dual_solution_value": -0.0002419694316650811, "scaled_age": 0.0}, "96": {"bias": -0.35355339059327373, "objective_cosine_similarity": -0.3073635225122851, "is_tight": 0.0, "dual_solution_value": 0.0, "scaled_age": 0.25925925925925924}, "97": {"bias": -0.4472135954999579, "objective_cosine_similarity": -0.21193304678907174, "is_tight": 0.0, "dual_solution_value": 0.0, "scaled_age": 0.25925925925925924}, "98": {"bias": -0.4472135954999579, "objective_cosine_similarity": -0.31863037379322506, "is_tight": 0.0, "dual_solution_value": 0.0, "scaled_age": 0.1111111111111111}, "99": {"bias": -0.4082482904638631, "objective_cosine_similarity": -0.330896167597457, "is_tight": 0.0, "dual_solution_value": 0.0, "scaled_age": 0.12345679012345678}, "100": {"bias": -0.35355339059327373, "objective_cosine_similarity": -0.4483347621607768, "is_tight": 1.0, "dual_solution_value": -0.0010593102662976163, "scaled_age": 0.0}, "101": {"bias": -0.3779644730092272, "objective_cosine_similarity": -0.3619380831029586, "is_tight": 0.0, "dual_solution_value": 0.0, "scaled_age": 0.25925925925925924}, "102": {"bias": -0.3779644730092272, "objective_cosine_similarity": -0.2878210694982572, "is_tight": 0.0, "dual_solution_value": 0.0, "scaled_age": 0.25925925925925924}, "103": {"bias": -0.4082482904638631, "objective_cosine_similarity": -0.23883231451590645, "is_tight": 0.0, "dual_solution_value": 0.0, "scaled_age": 0.2222222222222222}, "104": {"bias": -0.4472135954999579, "objective_cosine_similarity": -0.2645509066815309, "is_tight": 0.0, "dual_solution_value": 0.0, "scaled_age": 0.024691358024691357}, "105": {"bias": -0.4082482904638631, "objective_cosine_similarity": -0.15744253135685454, "is_tight": 0.0, "dual_solution_value": 0.0, "scaled_age": 0.25925925925925924}, "106": {"bias": -0.4472135954999579, "objective_cosine_similarity": -0.27478215721617577, "is_tight": 0.0, "dual_solution_value": 0.0, "scaled_age": 0.24691358024691357}, "107": {"bias": -0.2773500981126146, "objective_cosine_similarity": -0.39158653718479997, "is_tight": 0.0, "dual_solution_value": 0.0, "scaled_age": 0.25925925925925924}, "108": {"bias": -0.35355339059327373, "objective_cosine_similarity": -0.3258515539415955, "is_tight": 0.0, "dual_solution_value": 0.0, "scaled_age": 0.25925925925925924}, "109": {"bias": -0.3333333333333333, "objective_cosine_similarity": -0.4107104727258069, "is_tight": 0.0, "dual_solution_value": 0.0, "scaled_age": 0.024691358024691357}, "110": {"bias": -0.3779644730092272, "objective_cosine_similarity": -0.2927622037385706, "is_tight": 0.0, "dual_solution_value": 0.0, "scaled_age": 0.1728395061728395}, "111": {"bias": -0.35355339059327373, "objective_cosine_similarity": -0.3674496246575439, "is_tight": 0.0, "dual_solution_value": 0.0, "scaled_age": 0.25925925925925924}, "112": {"bias": -0.6834861261734088, "objective_cosine_similarity": -0.8901715514157387, "is_tight": 0.0, "dual_solution_value": -0.0, "scaled_age": 0.14814814814814814}, "113": {"bias": -0.8741235704601874, "objective_cosine_similarity": -0.9526492569021721, "is_tight": 0.0, "dual_solution_value": -0.0, "scaled_age": 0.012345679012345678}, "114": {"bias": -0.862669419837392, "objective_cosine_similarity": -0.9681058483573005, "is_tight": 1.0, "dual_solution_value": -0.01679395435154464, "scaled_age": 0.0}, "115": {"bias": -0.6575959492214292, "objective_cosine_similarity": -0.7828424570187713, "is_tight": 1.0, "dual_solution_value": -0.000278218823572911, "scaled_age": 0.0}, "116": {"bias": -0.8745399937702908, "objective_cosine_similarity": -0.944374468955486, "is_tight": 1.0, "dual_solution_value": -0.0012570122076586393, "scaled_age": 0.0}, "117": {"bias": -0.7442084075352507, "objective_cosine_similarity": -0.7949441119932334, "is_tight": 0.0, "dual_solution_value": -0.0, "scaled_age": 0.14814814814814814}, "118": {"bias": -0.7548294124240689, "objective_cosine_similarity": -0.871898943211644, "is_tight": 0.0, "dual_solution_value": -0.0, "scaled_age": 0.09876543209876543}, "119": {"bias": -0.735767207381959, "objective_cosine_similarity": -0.9464393941484338, "is_tight": 0.0, "dual_solution_value": -0.0, "scaled_age": 0.13580246913580246}, "120": {"bias": -0.7568892626614566, "objective_cosine_similarity": -0.9242144983115507, "is_tight": 0.0, "dual_solution_value": -0.0, "scaled_age": 0.024691358024691357}, "121": {"bias": -0.8670577085394668, "objective_cosine_similarity": -0.9402598984254834, "is_tight": 1.0, "dual_solution_value": -0.005919237173377926, "scaled_age": 0.0}, "122": {"bias": -0.7137464271463297, "objective_cosine_similarity": -0.8654331736660009, "is_tight": 0.0, "dual_solution_value": -0.0, "scaled_age": 0.1111111111111111}, "123": {"bias": -0.772048646977956, "objective_cosine_similarity": -0.8762560420152178, "is_tight": 1.0, "dual_solution_value": -0.00012006659664027924, "scaled_age": 0.0}, "124": {"bias": -0.6989632453288304, "objective_cosine_similarity": -0.8592157345275864, "is_tight": 0.0, "dual_solution_value": -0.0, "scaled_age": 0.06172839506172839}, "125": {"bias": -0.7453559924999299, "objective_cosine_similarity": -0.8097303994561775, "is_tight": 1.0, "dual_solution_value": -0.00017041339942712474, "scaled_age": 0.0}, "126": {"bias": -0.5, "objective_cosine_similarity": -0.6250534051098985, "is_tight": 1.0, "dual_solution_value": -0.0002526827455435106, "scaled_age": 0.0}, "127": {"bias": -0.6784005252999682, "objective_cosine_similarity": -0.8750488629309513, "is_tight": 1.0, "dual_solution_value": -3.2859684245520404e-05, "scaled_age": 0.0}, "128": {"bias": -0.7504787743864564, "objective_cosine_similarity": -0.8048538956964512, "is_tight": 1.0, "dual_solution_value": -0.00011489391440978738, "scaled_age": 0.0}, "129": {"bias": -0.784062560233975, "objective_cosine_similarity": -0.9409554683393874, "is_tight": 1.0, "dual_solution_value": -2.716086827397444e-05, "scaled_age": 0.0}, "130": {"bias": -0.7267523746672638, "objective_cosine_similarity": -0.9000465080834177, "is_tight": 1.0, "dual_solution_value": -3.6396149818930836e-05, "scaled_age": 0.0}, "131": {"bias": -0.7356807837947246, "objective_cosine_similarity": -0.9022477232107217, "is_tight": 1.0, "dual_solution_value": -3.535499573551387e-05, "scaled_age": 0.0}}