{"0": {"bias": -0.6708203932499369, "objective_cosine_similarity": -0.6673134686556033, "is_tight": 1.0, "dual_solution_value": -0.00018707062814116626, "scaled_age": 0.0}, "1": {"bias": -0.9805806756909202, "objective_cosine_similarity": -0.6722506447858904, "is_tight": 1.0, "dual_solution_value": -0.0032564754900577123, "scaled_age": 0.0}, "2": {"bias": -1.0660035817780522, "objective_cosine_similarity": -0.8377402630893913, "is_tight": 0.0, "dual_solution_value": -0.0, "scaled_age": 0.039603960396039604}, "3": {"bias": -0.7559289460184544, "objective_cosine_similarity": -0.47625215680740557, "is_tight": 0.0, "dual_solution_value": -0.0, "scaled_age": 0.07920792079207921}, "4": {"bias": -1.256833973112465, "objective_cosine_similarity": -0.8545396520080252, "is_tight": 0.0, "dual_solution_value": -0.0, "scaled_age": 0.06930693069306931}, "5": {"bias": -0.7071067811865475, "objective_cosine_similarity": -0.3810138356301128, "is_tight": 0.0, "dual_solution_value": -0.0, "scaled_age": 0.0594059405940594}, "6": {"bias": -1.353431084663929, "objective_cosine_similarity": -0.945921661202146, "is_tight": 0.0, "dual_solution_value": -0.0, "scaled_age": 0.009900990099009901}, "7": {"bias": -1.0690449676496976, "objective_cosine_similarity": -0.8568576768793015, "is_tight": 1.0, "dual_solution_value": -5.993336534303862e-05, "scaled_age": 0.0}, "8": {"bias": -1.257309455809974, "objective_cosine_similarity": -0.9279889594557814, "is_tight": 0.0, "dual_solution_value": -0.0, "scaled_age": 0.039603960396039604}, "9": {"bias": -1.3251783128981585, "objective_cosine_similarity": -0.8669328115036576, "is_tight": 1.0, "dual_solution_value": -3.4733560288854396e-05, "scaled_age": 0.0}, "10": {"bias": -0.9805806756909202, "objective_cosine_similarity": -0.8120657728429316, "is_tight": 1.0, "dual_solution_value": -0.0007700344123259737, "scaled_age": 0.0}, "11": {"bias": -1.4025932642843395, "objective_cosine_similarity": -0.9472044560955988, "is_tight": 0.0, "dual_solution_value": 0.0, "scaled_age": 0.06930693069306931}, "12": {"bias": -0.5, "objective_cosine_similarity": -0.24869304636918402, "is_tight": 0.0, "dual_solution_value": 0.0, "scaled_age": 0.25742574257425743}, "13": {"bias": -0.4472135954999579, "objective_cosine_similarity": -0.40780267528953534, "is_tight": 1.0, "dual_solution_value": -0.005364601255994625, "scaled_age": 0.0}, "14": {"bias": -0.5773502691896258, "objective_cosine_similarity": -0.2369119454902802, "is_tight": 1.0, "dual_solution_value": -0.021537449590025473, "scaled_age": 0.0}, "15": {"bias": -0.4472135954999579, "objective_cosine_similarity": -0.23726701107754783, "is_tight": 0.0, "dual_solution_value": 0.0, "scaled_age": 0.25742574257425743}, "16": {"bias": -0.4082482904638631, "objective_cosine_similarity": -0.31473838419445577, "is_tight": 0.0, "dual_solution_value": 0.0, "scaled_age": 0.25742574257425743}, "17": {"bias": -0.5773502691896258, "objective_cosine_similarity": -0.2584493950803057, "is_tight": 0.0, "dual_solution_value": 0.0, "scaled_age": 0.07920792079207921}, "18": {"bias": -0.4472135954999579, "objective_cosine_similarity": -0.4393147001982721, "is_tight": 0.0, "dual_solution_value": 0.0, "scaled_age": 0.25742574257425743}, "19": {"bias": -0.4472135954999579, "objective_cosine_similarity": -0.26877903598628466, "is_tight": 0.0, "dual_solution_value": 0.0, "scaled_age": 0.25742574257425743}, "20": {"bias": -0.5, "objective_cosine_similarity": -0.29635921358994427, "is_tight": 0.0, "dual_solution_value": 0.0, "scaled_age": 0.1782178217821782}, "21": {"bias": -0.3333333333333333, "objective_cosine_similarity": -0.20862583334303772, "is_tight": 0.0, "dual_solution_value": 0.0, "scaled_age": 0.25742574257425743}, "22": {"bias": -0.4472135954999579, "objective_cosine_similarity": -0.10936526291855721, "is_tight": 0.0, "dual_solution_value": 0.0, "scaled_age": 0.25742574257425743}, "23": {"bias": -0.3779644730092272, "objective_cosine_similarity": -0.1864276534871094, "is_tight": 0.0, "dual_solution_value": 0.0, "scaled_age": 0.25742574257425743}, "24": {"bias": -0.5773502691896258, "objective_cosine_similarity": -0.20340924612801836, "is_tight": 1.0, "dual_solution_value": -0.004786099908894549, "scaled_age": 0.0}, "25": {"bias": -0.5, "objective_cosine_similarity": -0.2030993212015003, "is_tight": 0.0, "dual_solution_value": 0.0, "scaled_age": 0.15841584158415842}, "26": {"bias": -0.4472135954999579, "objective_cosine_similarity": -0.32068119465949824, "is_tight": 0.0, "dual_solution_value": 0.0, "scaled_age": 0.25742574257425743}, "27": {"bias": -0.3779644730092272, "objective_cosine_similarity": -0.2678918382041656, "is_tight": 0.0, "dual_solution_value": 0.0, "scaled_age": 0.25742574257425743}, "28": {"bias": -0.3333333333333333, "objective_cosine_similarity": -0.4987677207737524, "is_tight": 0.0, "dual_solution_value": 0.0, "scaled_age": 0.25742574257425743}, "29": {"bias": -0.7071067811865475, "objective_cosine_similarity": -0.0703410158086362, "is_tight": 1.0, "dual_solution_value": -0.004819457940443848, "scaled_age": 0.0}, "30": {"bias": -0.4472135954999579, "objective_cosine_similarity": -0.18536485240433423, "is_tight": 0.0, "dual_solution_value": 0.0, "scaled_age": 0.25742574257425743}, "31": {"bias": -0.4082482904638631, "objective_cosine_similarity": -0.4061140441218784, "is_tight": 0.0, "dual_solution_value": 0.0, "scaled_age": 0.25742574257425743}, "32": {"bias": -0.5, "objective_cosine_similarity": -0.31086630796148, "is_tight": 1.0, "dual_solution_value": -0.008831923310238002, "scaled_age": 0.0}, "33": {"bias": -0.5, "objective_cosine_similarity": -0.27977967716533203, "is_tight": 0.0, "dual_solution_value": 0.0, "scaled_age": 0.25742574257425743}, "34": {"bias": -0.5, "objective_cosine_similarity": -0.40205375829684753, "is_tight": 1.0, "dual_solution_value": -0.04437388418131078, "scaled_age": 0.0}, "35": {"bias": -0.5773502691896258, "objective_cosine_similarity": -0.3685296929848803, "is_tight": 1.0, "dual_solution_value": -0.0070703385995621116, "scaled_age": 0.0}, "36": {"bias": -0.5, "objective_cosine_similarity": -0.31293875001455657, "is_tight": 0.0, "dual_solution_value": 0.0, "scaled_age": 0.18811881188118812}, "37": {"bias": -0.3779644730092272, "objective_cosine_similarity": -0.37598854484795174, "is_tight": 0.0, "dual_solution_value": 0.0, "scaled_age": 0.25742574257425743}, "38": {"bias": -0.3779644730092272, "objective_cosine_similarity": -0.319590263120759, "is_tight": 0.0, "dual_solution_value": 0.0, "scaled_age": 0.25742574257425743}, "39": {"bias": -0.4082482904638631, "objective_cosine_similarity": -0.2876641145863305, "is_tight": 0.0, "dual_solution_value": 0.0, "scaled_age": 0.25742574257425743}, "40": {"bias": -0.5773502691896258, "objective_cosine_similarity": -0.1986231462191238, "is_tight": 0.0, "dual_solution_value": 0.0, "scaled_age": 0.25742574257425743}, "41": {"bias": -0.4472135954999579, "objective_cosine_similarity": -0.27433998155841466, "is_tight": 0.0, "dual_solution_value": 0.0, "scaled_age": 0.25742574257425743}, "42": {"bias": -0.4472135954999579, "objective_cosine_similarity": -0.2446816051737212, "is_tight": 0.0, "dual_solution_value": 0.0, "scaled_age": 0.25742574257425743}, "43": {"bias": -0.4082482904638631, "objective_cosine_similarity": -0.15567705024672004, "is_tight": 0.0, "dual_solution_value": 0.0, "scaled_age": 0.25742574257425743}, "44": {"bias": -0.4082482904638631, "objective_cosine_similarity": -0.33335194455004186, "is_tight": 0.0, "dual_solution_value": 0.0, "scaled_age": 0.25742574257425743}, "45": {"bias": -0.4472135954999579, "objective_cosine_similarity": -0.3429249769480183, "is_tight": 0.0, "dual_solution_value": 0.0, "scaled_age": 0.25742574257425743}, "46": {"bias": -0.5, "objective_cosine_similarity": -0.22382374173226563, "is_tight": 0.0, "dual_solution_value": 0.0, "scaled_age": 0.1485148514851485}, "47": {"bias": -0.5, "objective_cosine_similarity": -0.42485062088068937, "is_tight": 1.0, "dual_solution_value": -0.0328304433907145, "scaled_age": 0.0}, "48": {"bias": -0.4472135954999579, "objective_cosine_similarity": -0.15014553044751072, "is_tight": 0.0, "dual_solution_value": 0.0, "scaled_age": 0.25742574257425743}, "49": {"bias": -0.4472135954999579, "objective_cosine_similarity": -0.35219321956823507, "is_tight": 0.0, "dual_solution_value": 0.0, "scaled_age": 0.039603960396039604}, "50": {"bias": -0.3779644730092272, "objective_cosine_similarity": -0.3086239305626937, "is_tight": 0.0, "dual_solution_value": 0.0, "scaled_age": 0.25742574257425743}, "51": {"bias": -0.4472135954999579, "objective_cosine_similarity": -0.1798039068322042, "is_tight": 0.0, "dual_solution_value": 0.0, "scaled_age": 0.25742574257425743}, "52": {"bias": -0.4472135954999579, "objective_cosine_similarity": -0.23726701107754783, "is_tight": 0.0, "dual_solution_value": 0.0, "scaled_age": 0.25742574257425743}, "53": {"bias": -0.5, "objective_cosine_similarity": -0.1968819950422707, "is_tight": 0.0, "dual_solution_value": 0.0, "scaled_age": 0.06930693069306931}, "54": {"bias": -0.4472135954999579, "objective_cosine_similarity": -0.25765714484202457, "is_tight": 0.0, "dual_solution_value": 0.0, "scaled_age": 0.25742574257425743}, "55": {"bias": -0.4472135954999579, "objective_cosine_similarity": -0.31697389761141154, "is_tight": 0.0, "dual_solution_value": 0.0, "scaled_age": 0.25742574257425743}, "56": {"bias": -0.35355339059327373, "objective_cosine_similarity": -0.36635945733664693, "is_tight": 0.0, "dual_solution_value": 0.0, "scaled_age": 0.25742574257425743}, "57": {"bias": -0.5773502691896258, "objective_cosine_similarity": -0.37331579289377487, "is_tight": 1.0, "dual_solution_value": -0.04873046525566805, "scaled_age": 0.0}, "58": {"bias": -0.3779644730092272, "objective_cosine_similarity": -0.39792120996408226, "is_tight": 0.0, "dual_solution_value": 0.0, "scaled_age": 0.25742574257425743}, "59": {"bias": -0.4082482904638631, "objective_cosine_similarity": -0.32658337714801056, "is_tight": 0.0, "dual_solution_value": 0.0, "scaled_age": 0.21782178217821782}, "60": {"bias": -0.3333333333333333, "objective_cosine_similarity": -0.3619865452707012, "is_tight": 0.0, "dual_solution_value": 0.0, "scaled_age": 0.25742574257425743}, "61": {"bias": -0.4082482904638631, "objective_cosine_similarity": -0.33504408640054967, "is_tight": 0.0, "dual_solution_value": 0.0, "scaled_age": 0.25742574257425743}, "62": {"bias": -0.5773502691896258, "objective_cosine_similarity": -0.1435829972668365, "is_tight": 0.0, "dual_solution_value": 0.0, "scaled_age": 0.25742574257425743}, "63": {"bias": -0.5, "objective_cosine_similarity": -0.3875466639253118, "is_tight": 1.0, "dual_solution_value": -0.02719737332550454, "scaled_age": 0.0}, "64": {"bias": -0.5, "objective_cosine_similarity": -0.26112769868764324, "is_tight": 0.0, "dual_solution_value": 0.0, "scaled_age": 0.1782178217821782}, "65": {"bias": -0.3333333333333333, "objective_cosine_similarity": -0.26665421082918067, "is_tight": 0.0, "dual_solution_value": 0.0, "scaled_age": 0.25742574257425743}, "66": {"bias": -0.4472135954999579, "objective_cosine_similarity": -0.1835112038802909, "is_tight": 0.0, "dual_solution_value": 0.0, "scaled_age": 0.25742574257425743}, "67": {"bias": -0.4082482904638631, "objective_cosine_similarity": -0.37734763266324534, "is_tight": 0.0, "dual_solution_value": 0.0, "scaled_age": 0.25742574257425743}, "68": {"bias": -0.4472135954999579, "objective_cosine_similarity": -0.341071328423975, "is_tight": 0.0, "dual_solution_value": 0.0, "scaled_age": 0.0297029702970297}, "69": {"bias": -0.3779644730092272, "objective_cosine_similarity": -0.3916547342166164, "is_tight": 0.0, "dual_solution_value": 0.0, "scaled_age": 0.25742574257425743}, "70": {"bias": -0.4082482904638631, "objective_cosine_similarity": -0.30796981679242447, "is_tight": 0.0, "dual_solution_value": 0.0, "scaled_age": 0.25742574257425743}, "71": {"bias": -0.5773502691896258, "objective_cosine_similarity": -0.2656285449436475, "is_tight": 1.0, "dual_solution_value": -0.005430716049521495, "scaled_age": 0.0}, "72": {"bias": -0.5, "objective_cosine_similarity": -0.33159072849224536, "is_tight": 0.0, "dual_solution_value": 0.0, "scaled_age": 0.07920792079207921}, "73": {"bias": -0.3779644730092272, "objective_cosine_similarity": -0.228726364782504, "is_tight": 0.0, "dual_solution_value": 0.0, "scaled_age": 0.25742574257425743}, "74": {"bias": -0.4082482904638631, "objective_cosine_similarity": -0.2859719727358227, "is_tight": 0.0, "dual_solution_value": 0.0, "scaled_age": 0.25742574257425743}, "75": {"bias": -0.5, "objective_cosine_similarity": -0.2652725827937963, "is_tight": 1.0, "dual_solution_value": -0.00017416279862216005, "scaled_age": 0.0}, "76": {"bias": -0.4472135954999579, "objective_cosine_similarity": -0.3095593035152382, "is_tight": 0.0, "dual_solution_value": 0.0, "scaled_age": 0.25742574257425743}, "77": {"bias": -0.5773502691896258, "objective_cosine_similarity": -0.18187179653799287, "is_tight": 1.0, "dual_solution_value": -0.00018574178604311597, "scaled_age": 0.0}, "78": {"bias": -0.5773502691896258, "objective_cosine_similarity": -0.14597604722128377, "is_tight": 0.0, "dual_solution_value": 0.0, "scaled_age": 0.15841584158415842}, "79": {"bias": -0.7071067811865475, "objective_cosine_similarity": -0.22860830137806767, "is_tight": 1.0, "dual_solution_value": -0.02637788092823858, "scaled_age": 0.0}, "80": {"bias": -0.5, "objective_cosine_similarity": -0.23625839405072482, "is_tight": 0.0, "dual_solution_value": 0.0, "scaled_age": 0.25742574257425743}, "81": {"bias": -0.4472135954999579, "objective_cosine_similarity": -0.1316090452070773, "is_tight": 0.0, "dual_solution_value": 0.0, "scaled_age": 0.25742574257425743}, "82": {"bias": -0.4472135954999579, "objective_cosine_similarity": -0.30029106089502144, "is_tight": 0.0, "dual_solution_value": 0.0, "scaled_age": 0.25742574257425743}, "83": {"bias": -0.5773502691896258, "objective_cosine_similarity": -0.22973279562693838, "is_tight": 1.0, "dual_solution_value": -0.019947715579982234, "scaled_age": 0.0}, "84": {"bias": -0.5, "objective_cosine_similarity": -0.20931664736072988, "is_tight": 0.0, "dual_solution_value": 0.0, "scaled_age": 0.09900990099009901}, "85": {"bias": -0.5773502691896258, "objective_cosine_similarity": -0.1411899473123892, "is_tight": 1.0, "dual_solution_value": -0.0010427345296103979, "scaled_age": 0.0}, "86": {"bias": -0.35355339059327373, "objective_cosine_similarity": -0.3033456306747436, "is_tight": 0.0, "dual_solution_value": 0.0, "scaled_age": 0.25742574257425743}, "87": {"bias": -0.3779644730092272, "objective_cosine_similarity": -0.5718159119562599, "is_tight": 0.0, "dual_solution_value": 0.0, "scaled_age": 0.13861386138613863}, "88": {"bias": -0.4472135954999579, "objective_cosine_similarity": -0.2094622832168977, "is_tight": 0.0, "dual_solution_value": 0.0, "scaled_age": 0.25742574257425743}, "89": {"bias": -0.4082482904638631, "objective_cosine_similarity": -0.3435047956530888, "is_tight": 0.0, "dual_solution_value": 0.0, "scaled_age": 0.25742574257425743}, "90": {"bias": -0.5, "objective_cosine_similarity": -0.3336631705453219, "is_tight": 0.0, "dual_solution_value": 0.0, "scaled_age": 0.04950495049504951}, "91": {"bias": -0.4082482904638631, "objective_cosine_similarity": -0.32658337714801056, "is_tight": 0.0, "dual_solution_value": 0.0, "scaled_age": 0.039603960396039604}, "92": {"bias": -0.5, "objective_cosine_similarity": -0.21760641557303603, "is_tight": 1.0, "dual_solution_value": -0.0005746724909910649, "scaled_age": 0.0}, "93": {"bias": -0.5, "objective_cosine_similarity": -0.21967885762611256, "is_tight": 0.0, "dual_solution_value": 0.0, "scaled_age": 0.25742574257425743}, "94": {"bias": -0.4472135954999579, "objective_cosine_similarity": -0.346632273996105, "is_tight": 1.0, "dual_solution_value": -0.012291558509116913, "scaled_age": 0.0}, "95": {"bias": -0.3779644730092272, "objective_cosine_similarity": -0.501318059797269, "is_tight": 1.0, "dual_solution_value": -0.02099455513691597, "scaled_age": 0.0}, "96": {"bias": -0.5773502691896258, "objective_cosine_similarity": -0.21298144594580745, "is_tight": 1.0, "dual_solution_value": -0.0026002908585704126, "scaled_age": 0.0}, "97": {"bias": -0.4472135954999579, "objective_cosine_similarity": -0.30399835794310814, "is_tight": 0.0, "dual_solution_value": 0.0, "scaled_age": 0.039603960396039604}, "98": {"bias": -0.4472135954999579, "objective_cosine_similarity": -0.36146146218845177, "is_tight": 0.0, "dual_solution_value": 0.0, "scaled_age": 0.25742574257425743}, "99": {"bias": -0.5, "objective_cosine_similarity": -0.36267735928839334, "is_tight": 0.0, "dual_solution_value": 0.0, "scaled_age": 0.22772277227722773}, "100": {"bias": -1.3398850885190272, "objective_cosine_similarity": -0.960753671865262, "is_tight": 1.0, "dual_solution_value": -0.000545215537922, "scaled_age": 0.0}, "101": {"bias": -1.3446091441694366, "objective_cosine_similarity": -0.9543665843016231, "is_tight": 1.0, "dual_solution_value": -0.0019058775146928422, "scaled_age": 0.0}, "102": {"bias": -1.2587720374450337, "objective_cosine_similarity": -0.9250564046592052, "is_tight": 1.0, "dual_solution_value": -0.00012090252521373436, "scaled_age": 0.0}, "103": {"bias": -0.7071067811865475, "objective_cosine_similarity": -0.4601474784148285, "is_tight": 1.0, "dual_solution_value": -0.0013166651034464214, "scaled_age": 0.0}, "104": {"bias": -1.0660035817780522, "objective_cosine_similarity": -0.7962067268391789, "is_tight": 0.0, "dual_solution_value": -0.0, "scaled_age": 0.0891089108910891}, "105": {"bias": -1.2979650903611308, "objective_cosine_similarity": -0.9583265754884923, "is_tight": 1.0, "dual_solution_value": -5.9048737166209905e-05, "scaled_age": 0.0}, "106": {"bias": -1.3474073060506686, "objective_cosine_similarity": -0.9505624768472343, "is_tight": 1.0, "dual_solution_value": -0.0031333134620618822, "scaled_age": 0.0}, "107": {"bias": -1.3305810387796957, "objective_cosine_similarity": -0.954814442647589, "is_tight": 1.0, "dual_solution_value": -0.0026918538098727914, "scaled_age": 0.0}, "108": {"bias": -1.3264426756634853, "objective_cosine_similarity": -0.9494274416471907, "is_tight": 0.0, "dual_solution_value": -0.0, "scaled_age": 0.09900990099009901}, "109": {"bias": -1.3059109482982636, "objective_cosine_similarity": -0.9425124250472855, "is_tight": 1.0, "dual_solution_value": -5.655766183051945e-05, "scaled_age": 0.0}, "110": {"bias": -1.3034188473245156, "objective_cosine_similarity": -0.9273997718441117, "is_tight": 0.0, "dual_solution_value": -0.0, "scaled_age": 0.0891089108910891}, "111": {"bias": -1.3231172987264803, "objective_cosine_similarity": -0.9521701174573529, "is_tight": 0.0, "dual_solution_value": -0.0, "scaled_age": 0.039603960396039604}, "112": {"bias": -1.2798083137326637, "objective_cosine_similarity": -0.937572146010919, "is_tight": 1.0, "dual_solution_value": -4.640674561904558e-07, "scaled_age": 0.0}, "113": {"bias": -1.2816138016780185, "objective_cosine_similarity": -0.9289807226006727, "is_tight": 1.0, "dual_solution_value": -8.999960021034799e-05, "scaled_age": 0.0}, "114": {"bias": -1.306188399008633, "objective_cosine_similarity": -0.9500795754880211, "is_tight": 0.0, "dual_solution_value": -0.0, "scaled_age": 0.039603960396039604}, "115": {"bias": -1.31008093518591, "objective_cosine_similarity": -0.950684761815652, "is_tight": 0.0, "dual_solution_value": -0.0, "scaled_age": 0.009900990099009901}, "116": {"bias": -0.4472135954999579, "objective_cosine_similarity": -0.4504365913425322, "is_tight": 1.0, "dual_solution_value": -0.00020051212601760864, "scaled_age": 0.0}, "117": {"bias": -1.3374677101808468, "objective_cosine_similarity": -0.9633244463860409, "is_tight": 1.0, "dual_solution_value": -1.0884210487701187e-06, "scaled_age": 0.0}, "118": {"bias": -1.3254164698285003, "objective_cosine_similarity": -0.9546729512666801, "is_tight": 1.0, "dual_solution_value": -0.014155626084976572, "scaled_age": 0.0}, "119": {"bias": -1.3377192345170918, "objective_cosine_similarity": -0.9440466939492479, "is_tight": 0.0, "dual_solution_value": -0.0, "scaled_age": 0.009900990099009901}, "120": {"bias": -0.7745966692414834, "objective_cosine_similarity": -0.6999137262179521, "is_tight": 1.0, "dual_solution_value": -0.00010374844121309877, "scaled_age": 0.0}, "121": {"bias": -1.3565214267621022, "objective_cosine_similarity": -0.9575063515980012, "is_tight": 1.0, "dual_solution_value": -0.0018010457593865387, "scaled_age": 0.0}}