{"0": {"bias": -0.9185586535436918, "objective_cosine_similarity": -0.9586232408315665, "is_tight": 0.0, "dual_solution_value": -0.0, "scaled_age": 0.03125}, "1": {"bias": -0.893819357296686, "objective_cosine_similarity": -0.9373447420251747, "is_tight": 0.0, "dual_solution_value": -0.0, "scaled_age": 0.125}, "2": {"bias": -1.1067971810589328, "objective_cosine_similarity": -0.9516200465628978, "is_tight": 1.0, "dual_solution_value": -0.00043879344462046516, "scaled_age": 0.0}, "3": {"bias": -0.9838699100999074, "objective_cosine_similarity": -0.9217478678983745, "is_tight": 1.0, "dual_solution_value": -2.6693740453165773e-06, "scaled_age": 0.0}, "4": {"bias": -0.5345224838248488, "objective_cosine_similarity": -0.5734873705149922, "is_tight": 1.0, "dual_solution_value": -8.437564952858609e-05, "scaled_age": 0.0}, "5": {"bias": -0.6708203932499369, "objective_cosine_similarity": -0.7365565154439065, "is_tight": 0.0, "dual_solution_value": -0.0, "scaled_age": 0.015625}, "6": {"bias": -0.9855274566525744, "objective_cosine_similarity": -0.9232358948153718, "is_tight": 0.0, "dual_solution_value": -0.0, "scaled_age": 0.03125}, "7": {"bias": -1.0253123485407187, "objective_cosine_similarity": -0.9291490607351626, "is_tight": 1.0, "dual_solution_value": -3.0255054760256795e-07, "scaled_age": 0.0}, "8": {"bias": -1.0474280447220299, "objective_cosine_similarity": -0.9341359366748934, "is_tight": 1.0, "dual_solution_value": -4.5088735479430326e-07, "scaled_age": 0.0}, "9": {"bias": -0.8703882797784892, "objective_cosine_similarity": -0.8863256629923117, "is_tight": 1.0, "dual_solution_value": -5.377927626044223e-05, "scaled_age": 0.0}, "10": {"bias": -1.078661757738529, "objective_cosine_similarity": -0.9038907836116848, "is_tight": 0.0, "dual_solution_value": -0.0, "scaled_age": 0.046875}, "11": {"bias": -1.0384253697736037, "objective_cosine_similarity": -0.9123190053137332, "is_tight": 0.0, "dual_solution_value": -0.0, "scaled_age": 0.046875}, "12": {"bias": -1.0999438818457405, "objective_cosine_similarity": -0.876221432975899, "is_tight": 0.0, "dual_solution_value": -0.0, "scaled_age": 0.046875}, "13": {"bias": -0.9595808291063732, "objective_cosine_similarity": -0.9472490534365491, "is_tight": 1.0, "dual_solution_value": -0.02988567893698311, "scaled_age": 0.0}, "14": {"bias": -0.9373897091135831, "objective_cosine_similarity": -0.9615612624831827, "is_tight": 1.0, "dual_solution_value": -0.010786195857159314, "scaled_age": 0.0}, "15": {"bias": -1.0162743222070663, "objective_cosine_similarity": -0.9534970131922542, "is_tight": 1.0, "dual_solution_value": -3.958706085925001e-05, "scaled_age": 0.0}, "16": {"bias": -0.9396985057233462, "objective_cosine_similarity": -0.9524389296514527, "is_tight": 1.0, "dual_solution_value": -0.004771121915546854, "scaled_age": 0.0}, "17": {"bias": -0.5, "objective_cosine_similarity": -0.3152810266651359, "is_tight": 0.0, "dual_solution_value": 0.0, "scaled_age": 0.21875}, "18": {"bias": -0.4082482904638631, "objective_cosine_similarity": -0.3919020864321434, "is_tight": 0.0, "dual_solution_value": 0.0, "scaled_age": 0.0625}, "19": {"bias": -0.4082482904638631, "objective_cosine_similarity": -0.32658507202678616, "is_tight": 0.0, "dual_solution_value": 0.0, "scaled_age": 0.109375}, "20": {"bias": -0.3779644730092272, "objective_cosine_similarity": -0.37705948871311634, "is_tight": 0.0, "dual_solution_value": 0.0, "scaled_age": 0.21875}, "21": {"bias": -0.3779644730092272, "objective_cosine_similarity": -0.34860216881023964, "is_tight": 0.0, "dual_solution_value": 0.0, "scaled_age": 0.09375}, "22": {"bias": -0.4472135954999579, "objective_cosine_similarity": -0.24832476806394566, "is_tight": 0.0, "dual_solution_value": 0.0, "scaled_age": 0.21875}, "23": {"bias": -0.4082482904638631, "objective_cosine_similarity": -0.3573224905704837, "is_tight": 0.0, "dual_solution_value": 0.0, "scaled_age": 0.21875}, "24": {"bias": -0.3779644730092272, "objective_cosine_similarity": -0.32014484890736294, "is_tight": 0.0, "dual_solution_value": 0.0, "scaled_age": 0.03125}, "25": {"bias": -0.4082482904638631, "objective_cosine_similarity": -0.21516192980588264, "is_tight": 0.0, "dual_solution_value": 0.0, "scaled_age": 0.21875}, "26": {"bias": -0.4082482904638631, "objective_cosine_similarity": -0.3573224905704837, "is_tight": 0.0, "dual_solution_value": 0.0, "scaled_age": 0.21875}, "27": {"bias": -0.30151134457776363, "objective_cosine_similarity": -0.4057819491510983, "is_tight": 0.0, "dual_solution_value": 0.0, "scaled_age": 0.21875}, "28": {"bias": -0.4472135954999579, "objective_cosine_similarity": -0.5639918461113341, "is_tight": 1.0, "dual_solution_value": -0.01810878594360475, "scaled_age": 0.0}, "29": {"bias": -0.4082482904638631, "objective_cosine_similarity": -0.5878531296482151, "is_tight": 0.0, "dual_solution_value": 0.0, "scaled_age": 0.140625}, "30": {"bias": -0.5, "objective_cosine_similarity": -0.2964582788045308, "is_tight": 0.0, "dual_solution_value": 0.0, "scaled_age": 0.21875}, "31": {"bias": -0.5773502691896258, "objective_cosine_similarity": -0.1304078225305059, "is_tight": 0.0, "dual_solution_value": 0.0, "scaled_age": 0.0625}, "32": {"bias": -0.5, "objective_cosine_similarity": -0.2399900352227154, "is_tight": 0.0, "dual_solution_value": 0.0, "scaled_age": 0.21875}, "33": {"bias": -0.5, "objective_cosine_similarity": -0.28234121790907696, "is_tight": 1.0, "dual_solution_value": -0.0005656151399490482, "scaled_age": 0.0}, "34": {"bias": -0.30151134457776363, "objective_cosine_similarity": -0.38308086108670114, "is_tight": 0.0, "dual_solution_value": 0.0, "scaled_age": 0.21875}, "35": {"bias": -0.5773502691896258, "objective_cosine_similarity": -0.15757611889102796, "is_tight": 0.0, "dual_solution_value": 0.0, "scaled_age": 0.03125}, "36": {"bias": -0.35355339059327373, "objective_cosine_similarity": -0.5490248219279367, "is_tight": 0.0, "dual_solution_value": 0.0, "scaled_age": 0.21875}, "37": {"bias": -0.30151134457776363, "objective_cosine_similarity": -0.4171324931832968, "is_tight": 0.0, "dual_solution_value": 0.0, "scaled_age": 0.21875}, "38": {"bias": -0.4472135954999579, "objective_cosine_similarity": -0.2862048174296323, "is_tight": 0.0, "dual_solution_value": 0.0, "scaled_age": 0.21875}, "39": {"bias": -0.4082482904638631, "objective_cosine_similarity": -0.41879732765787875, "is_tight": 0.0, "dual_solution_value": 0.0, "scaled_age": 0.21875}, "40": {"bias": -0.5773502691896258, "objective_cosine_similarity": -0.2553819857889074, "is_tight": 1.0, "dual_solution_value": -0.014734816752683347, "scaled_age": 0.0}, "41": {"bias": -0.7071067811865475, "objective_cosine_similarity": -0.11313238754878696, "is_tight": 1.0, "dual_solution_value": -0.013309692652798466, "scaled_age": 0.0}, "42": {"bias": -0.4082482904638631, "objective_cosine_similarity": -0.4687456327913872, "is_tight": 0.0, "dual_solution_value": 0.0, "scaled_age": 0.21875}, "43": {"bias": -0.4082482904638631, "objective_cosine_similarity": -0.2996898308010508, "is_tight": 0.0, "dual_solution_value": 0.0, "scaled_age": 0.21875}, "44": {"bias": -0.35355339059327373, "objective_cosine_similarity": -0.39263593325755475, "is_tight": 0.0, "dual_solution_value": 0.0, "scaled_age": 0.21875}, "45": {"bias": -0.31622776601683794, "objective_cosine_similarity": -0.48213431600684736, "is_tight": 0.0, "dual_solution_value": 0.0, "scaled_age": 0.21875}, "46": {"bias": -0.3333333333333333, "objective_cosine_similarity": -0.38586633114240515, "is_tight": 0.0, "dual_solution_value": 0.0, "scaled_age": 0.21875}, "47": {"bias": -0.5, "objective_cosine_similarity": -0.4564516356196744, "is_tight": 1.0, "dual_solution_value": -0.00784067946298529, "scaled_age": 0.0}, "48": {"bias": -0.5, "objective_cosine_similarity": -0.6023279315393641, "is_tight": 1.0, "dual_solution_value": -0.04610157087078265, "scaled_age": 0.0}, "49": {"bias": -0.4472135954999579, "objective_cosine_similarity": -0.4461428036403091, "is_tight": 0.0, "dual_solution_value": 0.0, "scaled_age": 0.21875}, "50": {"bias": -0.3779644730092272, "objective_cosine_similarity": -0.3592736637738184, "is_tight": 0.0, "dual_solution_value": 0.0, "scaled_age": 0.21875}, "51": {"bias": -0.7071067811865475, "objective_cosine_similarity": -0.27284869938236855, "is_tight": 1.0, "dual_solution_value": -0.051533558196842855, "scaled_age": 0.0}, "52": {"bias": -0.31622776601683794, "objective_cosine_similarity": -0.4226115609442736, "is_tight": 0.0, "dual_solution_value": 0.0, "scaled_age": 0.21875}, "53": {"bias": -0.4082482904638631, "objective_cosine_similarity": -0.23053063907773141, "is_tight": 0.0, "dual_solution_value": 0.0, "scaled_age": 0.21875}, "54": {"bias": -0.4472135954999579, "objective_cosine_similarity": -0.34933823303911, "is_tight": 0.0, "dual_solution_value": 0.0, "scaled_age": 0.21875}, "55": {"bias": -0.4082482904638631, "objective_cosine_similarity": -0.46106127815546283, "is_tight": 1.0, "dual_solution_value": -0.003777607844953585, "scaled_age": 0.0}, "56": {"bias": -0.5, "objective_cosine_similarity": -0.17881610467574874, "is_tight": 0.0, "dual_solution_value": 0.0, "scaled_age": 0.21875}, "57": {"bias": -0.4472135954999579, "objective_cosine_similarity": -0.256742556811876, "is_tight": 0.0, "dual_solution_value": 0.0, "scaled_age": 0.21875}, "58": {"bias": -0.4082482904638631, "objective_cosine_similarity": -0.41495515033991653, "is_tight": 0.0, "dual_solution_value": 0.0, "scaled_age": 0.015625}, "59": {"bias": -0.3779644730092272, "objective_cosine_similarity": -0.2596730441137499, "is_tight": 0.0, "dual_solution_value": 0.0, "scaled_age": 0.21875}, "60": {"bias": -0.5, "objective_cosine_similarity": -0.22116728736211028, "is_tight": 1.0, "dual_solution_value": -0.006860205576804051, "scaled_age": 0.0}, "61": {"bias": -0.3333333333333333, "objective_cosine_similarity": -0.5207626908100752, "is_tight": 0.0, "dual_solution_value": 0.0, "scaled_age": 0.21875}, "62": {"bias": -0.3779644730092272, "objective_cosine_similarity": -0.34504500382238007, "is_tight": 0.0, "dual_solution_value": 0.0, "scaled_age": 0.21875}, "63": {"bias": -0.3779644730092272, "objective_cosine_similarity": -0.362830828761678, "is_tight": 1.0, "dual_solution_value": -3.145380048886478e-05, "scaled_age": 0.0}, "64": {"bias": -0.3779644730092272, "objective_cosine_similarity": -0.4161883035795718, "is_tight": 0.0, "dual_solution_value": 0.0, "scaled_age": 0.21875}, "65": {"bias": -0.31622776601683794, "objective_cosine_similarity": -0.34225584160979905, "is_tight": 0.0, "dual_solution_value": 0.0, "scaled_age": 0.21875}, "66": {"bias": -0.3333333333333333, "objective_cosine_similarity": -0.4297860761504838, "is_tight": 0.0, "dual_solution_value": 0.0, "scaled_age": 0.21875}, "67": {"bias": -0.35355339059327373, "objective_cosine_similarity": -0.38930851009435513, "is_tight": 0.0, "dual_solution_value": 0.0, "scaled_age": 0.21875}, "68": {"bias": -0.4472135954999579, "objective_cosine_similarity": -0.4082627542746225, "is_tight": 1.0, "dual_solution_value": -0.018616714972499143, "scaled_age": 0.0}, "69": {"bias": -0.35355339059327373, "objective_cosine_similarity": -0.5323877061119386, "is_tight": 0.0, "dual_solution_value": 0.0, "scaled_age": 0.03125}, "70": {"bias": -0.5, "objective_cosine_similarity": -0.2776355309439257, "is_tight": 0.0, "dual_solution_value": 0.0, "scaled_age": 0.21875}, "71": {"bias": -0.4472135954999579, "objective_cosine_similarity": -0.33250265554324926, "is_tight": 0.0, "dual_solution_value": 0.0, "scaled_age": 0.03125}, "72": {"bias": -0.5, "objective_cosine_similarity": -0.24940140915301798, "is_tight": 0.0, "dual_solution_value": 0.0, "scaled_age": 0.0625}, "73": {"bias": -0.3779644730092272, "objective_cosine_similarity": -0.4268597985431506, "is_tight": 0.0, "dual_solution_value": 0.0, "scaled_age": 0.21875}, "74": {"bias": -0.4472135954999579, "objective_cosine_similarity": -0.32829376116928405, "is_tight": 0.0, "dual_solution_value": 0.0, "scaled_age": 0.21875}, "75": {"bias": -0.5773502691896258, "objective_cosine_similarity": -0.1684434374352368, "is_tight": 0.0, "dual_solution_value": 0.0, "scaled_age": 0.21875}, "76": {"bias": -0.31622776601683794, "objective_cosine_similarity": -0.34225584160979905, "is_tight": 0.0, "dual_solution_value": 0.0, "scaled_age": 0.21875}, "77": {"bias": -0.5, "objective_cosine_similarity": -0.46586300954997695, "is_tight": 0.0, "dual_solution_value": 0.0, "scaled_age": 0.0625}, "78": {"bias": -0.5773502691896258, "objective_cosine_similarity": -0.14127514107471473, "is_tight": 0.0, "dual_solution_value": 0.0, "scaled_age": 0.21875}, "79": {"bias": -0.4472135954999579, "objective_cosine_similarity": -0.5976630011030556, "is_tight": 1.0, "dual_solution_value": -0.016540031076017744, "scaled_age": 0.0}, "80": {"bias": -0.3779644730092272, "objective_cosine_similarity": -0.2952446939923458, "is_tight": 0.0, "dual_solution_value": 0.0, "scaled_age": 0.21875}, "81": {"bias": -0.4082482904638631, "objective_cosine_similarity": -0.3419537812986349, "is_tight": 1.0, "dual_solution_value": -0.00013093461148199536, "scaled_age": 0.0}, "82": {"bias": -0.35355339059327373, "objective_cosine_similarity": -0.39596335642075436, "is_tight": 0.0, "dual_solution_value": 0.0, "scaled_age": 0.21875}, "83": {"bias": -0.4472135954999579, "objective_cosine_similarity": -0.5724096348592645, "is_tight": 1.0, "dual_solution_value": -0.021224729932409668, "scaled_age": 0.0}, "84": {"bias": -0.4082482904638631, "objective_cosine_similarity": -0.21516192980588264, "is_tight": 0.0, "dual_solution_value": 0.0, "scaled_age": 0.21875}, "85": {"bias": -0.4472135954999579, "objective_cosine_similarity": -0.3240848667953189, "is_tight": 0.0, "dual_solution_value": 0.0, "scaled_age": 0.21875}, "86": {"bias": -0.31622776601683794, "objective_cosine_similarity": -0.5624900353413219, "is_tight": 0.0, "dual_solution_value": 0.0, "scaled_age": 0.21875}, "87": {"bias": -0.3779644730092272, "objective_cosine_similarity": -0.36638799374953757, "is_tight": 0.0, "dual_solution_value": 0.0, "scaled_age": 0.21875}, "88": {"bias": -0.3779644730092272, "objective_cosine_similarity": -0.26323020910160955, "is_tight": 0.0, "dual_solution_value": 0.0, "scaled_age": 0.21875}, "89": {"bias": -0.4082482904638631, "objective_cosine_similarity": -0.33811160398067275, "is_tight": 0.0, "dual_solution_value": 0.0, "scaled_age": 0.21875}, "90": {"bias": -0.4082482904638631, "objective_cosine_similarity": -0.28047894421123987, "is_tight": 0.0, "dual_solution_value": 0.0, "scaled_age": 0.21875}, "91": {"bias": -0.4082482904638631, "objective_cosine_similarity": -0.3995864410680678, "is_tight": 1.0, "dual_solution_value": -0.0001059177023363512, "scaled_age": 0.0}, "92": {"bias": -0.3779644730092272, "objective_cosine_similarity": -0.5406890781546574, "is_tight": 0.0, "dual_solution_value": 0.0, "scaled_age": 0.21875}, "93": {"bias": -0.4082482904638631, "objective_cosine_similarity": -0.3419537812986349, "is_tight": 0.0, "dual_solution_value": 0.0, "scaled_age": 0.046875}, "94": {"bias": -0.35355339059327373, "objective_cosine_similarity": -0.39596335642075436, "is_tight": 0.0, "dual_solution_value": 0.0, "scaled_age": 0.21875}, "95": {"bias": -0.5, "objective_cosine_similarity": -0.22116728736211028, "is_tight": 0.0, "dual_solution_value": 0.0, "scaled_age": 0.21875}, "96": {"bias": -0.35355339059327373, "objective_cosine_similarity": -0.4026182027471536, "is_tight": 0.0, "dual_solution_value": 0.0, "scaled_age": 0.21875}, "97": {"bias": -0.5, "objective_cosine_similarity": -0.21175591343180772, "is_tight": 0.0, "dual_solution_value": 0.0, "scaled_age": 0.21875}, "98": {"bias": -0.4082482904638631, "objective_cosine_similarity": -0.18442451126218512, "is_tight": 0.0, "dual_solution_value": 0.0, "scaled_age": 0.21875}, "99": {"bias": -0.3779644730092272, "objective_cosine_similarity": -0.33793067384666087, "is_tight": 0.0, "dual_solution_value": 0.0, "scaled_age": 0.21875}, "100": {"bias": -0.7071067811865475, "objective_cosine_similarity": -0.1597163118335816, "is_tight": 0.0, "dual_solution_value": 0.0, "scaled_age": 0.21875}, "101": {"bias": -0.30151134457776363, "objective_cosine_similarity": -0.38024322507865155, "is_tight": 0.0, "dual_solution_value": 0.0, "scaled_age": 0.21875}, "102": {"bias": -0.3779644730092272, "objective_cosine_similarity": -0.31303051893164374, "is_tight": 0.0, "dual_solution_value": 0.0, "scaled_age": 0.21875}, "103": {"bias": -0.35355339059327373, "objective_cosine_similarity": -0.31610520050396357, "is_tight": 0.0, "dual_solution_value": 0.0, "scaled_age": 0.21875}, "104": {"bias": -0.9247289737602369, "objective_cosine_similarity": -0.9391295977690812, "is_tight": 0.0, "dual_solution_value": -0.0, "scaled_age": 0.140625}, "105": {"bias": -1.0082899237791176, "objective_cosine_similarity": -0.9376595051770034, "is_tight": 0.0, "dual_solution_value": -0.0, "scaled_age": 0.03125}, "106": {"bias": -0.867227382716513, "objective_cosine_similarity": -0.9334523140556694, "is_tight": 0.0, "dual_solution_value": -0.0, "scaled_age": 0.125}, "107": {"bias": -0.9782572577406817, "objective_cosine_similarity": -0.9502127916651806, "is_tight": 0.0, "dual_solution_value": -0.0, "scaled_age": 0.015625}, "108": {"bias": -1.0293700253099574, "objective_cosine_similarity": -0.96030180914047, "is_tight": 0.0, "dual_solution_value": -0.0, "scaled_age": 0.125}, "109": {"bias": -0.992209773314401, "objective_cosine_similarity": -0.9590868010677167, "is_tight": 0.0, "dual_solution_value": -0.0, "scaled_age": 0.015625}, "110": {"bias": -1.002250806706033, "objective_cosine_similarity": -0.9532852657853325, "is_tight": 0.0, "dual_solution_value": -0.0, "scaled_age": 0.0625}, "111": {"bias": -1.013824092909363, "objective_cosine_similarity": -0.9600065658503543, "is_tight": 0.0, "dual_solution_value": -0.0, "scaled_age": 0.0625}, "112": {"bias": -1.0243644337953814, "objective_cosine_similarity": -0.9577135903466187, "is_tight": 1.0, "dual_solution_value": -2.638894159399994e-05, "scaled_age": 0.0}, "113": {"bias": -1.021935790132728, "objective_cosine_similarity": -0.9604996093893379, "is_tight": 1.0, "dual_solution_value": -4.3757519623825794e-05, "scaled_age": 0.0}, "114": {"bias": -1.0051778517561964, "objective_cosine_similarity": -0.9618506381268868, "is_tight": 0.0, "dual_solution_value": -0.0, "scaled_age": 0.015625}, "115": {"bias": -1.0176248546628497, "objective_cosine_similarity": -0.9459849503787664, "is_tight": 1.0, "dual_solution_value": -7.665865330514548e-05, "scaled_age": 0.0}, "116": {"bias": -1.0045894683899488, "objective_cosine_similarity": -0.9626270766460175, "is_tight": 1.0, "dual_solution_value": -9.14953393223897e-06, "scaled_age": 0.0}}