{"0": {"objective": 0.2004842017053194, "is_type_binary": 1.0, "is_type_integer": 0.0, "is_type_implicit_integer": 0.0, "is_type_continuous": 0.0, "has_lower_bound": 1.0, "has_upper_bound": 1.0, "normed_reduced_cost": 0.003453662472349681, "solution_value": 0.0, "solution_frac": 0.0, "is_solution_at_lower_bound": 1.0, "is_solution_at_upper_bound": 0.0, "scaled_age": 0.11904761904761904, "incumbent_value": 0.0, "average_incumbent_value": 0.9159314723041081, "is_basis_lower": 1.0, "is_basis_basic": 0.0, "is_basis_upper": 0.0, "is_basis_zero": 0.0}, "1": {"objective": 0.03436872029234046, "is_type_binary": 1.0, "is_type_integer": 0.0, "is_type_implicit_integer": 0.0, "is_type_continuous": 0.0, "has_lower_bound": 1.0, "has_upper_bound": 1.0, "normed_reduced_cost": 0.0, "solution_value": 0.2182403239553311, "solution_frac": 0.2182403239553311, "is_solution_at_lower_bound": 0.0, "is_solution_at_upper_bound": 0.0, "scaled_age": 0.0, "incumbent_value": 0.0, "average_incumbent_value": 0.9915847682460841, "is_basis_lower": 0.0, "is_basis_basic": 1.0, "is_basis_upper": 0.0, "is_basis_zero": 0.0}, "2": {"objective": 0.07160150060904263, "is_type_binary": 1.0, "is_type_integer": 0.0, "is_type_implicit_integer": 0.0, "is_type_continuous": 0.0, "has_lower_bound": 1.0, "has_upper_bound": 1.0, "normed_reduced_cost": 0.0, "solution_value": 0.2012418495547318, "solution_frac": 0.2012418495547318, "is_solution_at_lower_bound": 0.0, "is_solution_at_upper_bound": 0.0, "scaled_age": 0.0, "incumbent_value": 1.0, "average_incumbent_value": 0.5798507165796479, "is_basis_lower": 0.0, "is_basis_basic": 1.0, "is_basis_upper": 0.0, "is_basis_zero": 0.0}, "3": {"objective": 0.22339668190021303, "is_type_binary": 1.0, "is_type_integer": 0.0, "is_type_implicit_integer": 0.0, "is_type_continuous": 0.0, "has_lower_bound": 1.0, "has_upper_bound": 1.0, "normed_reduced_cost": 0.0, "solution_value": 0.17370578304270565, "solution_frac": 0.17370578304270565, "is_solution_at_lower_bound": 0.0, "is_solution_at_upper_bound": 0.0, "scaled_age": 0.0, "incumbent_value": 0.0, "average_incumbent_value": 0.1272604201202404, "is_basis_lower": 0.0, "is_basis_basic": 1.0, "is_basis_upper": 0.0, "is_basis_zero": 0.0}, "4": {"objective": 0.08592180073085116, "is_type_binary": 1.0, "is_type_integer": 0.0, "is_type_implicit_integer": 0.0, "is_type_continuous": 0.0, "has_lower_bound": 1.0, "has_upper_bound": 1.0, "normed_reduced_cost": 0.0, "solution_value": 0.2132690615081859, "solution_frac": 0.2132690615081859, "is_solution_at_lower_bound": 0.0, "is_solution_at_upper_bound": 0.0, "scaled_age": 0.0, "incumbent_value": 0.0, "average_incumbent_value": 0.5798744987362923, "is_basis_lower": 0.0, "is_basis_basic": 1.0, "is_basis_upper": 0.0, "is_basis_zero": 0.0}, "5": {"objective": 0.11742646099882993, "is_type_binary": 1.0, "is_type_integer": 0.0, "is_type_implicit_integer": 0.0, "is_type_continuous": 0.0, "has_lower_bound": 1.0, "has_upper_bound": 1.0, "normed_reduced_cost": 0.0, "solution_value": 0.0727153229165294, "solution_frac": 0.0727153229165294, "is_solution_at_lower_bound": 0.0, "is_solution_at_upper_bound": 0.0, "scaled_age": 0.0, "incumbent_value": 0.0, "average_incumbent_value": 0.8846356098623176, "is_basis_lower": 0.0, "is_basis_basic": 1.0, "is_basis_upper": 0.0, "is_basis_zero": 0.0}, "6": {"objective": 0.19762014168095768, "is_type_binary": 1.0, "is_type_integer": 0.0, "is_type_implicit_integer": 0.0, "is_type_continuous": 0.0, "has_lower_bound": 1.0, "has_upper_bound": 1.0, "normed_reduced_cost": 0.0165689464603033, "solution_value": 0.0, "solution_frac": 0.0, "is_solution_at_lower_bound": 1.0, "is_solution_at_upper_bound": 0.0, "scaled_age": 0.2619047619047619, "incumbent_value": 0.0, "average_incumbent_value": 0.38854669992232854, "is_basis_lower": 1.0, "is_basis_basic": 0.0, "is_basis_upper": 0.0, "is_basis_zero": 0.0}, "7": {"objective": 0.1575233013398938, "is_type_binary": 1.0, "is_type_integer": 0.0, "is_type_implicit_integer": 0.0, "is_type_continuous": 0.0, "has_lower_bound": 1.0, "has_upper_bound": 1.0, "normed_reduced_cost": 0.09155036412737244, "solution_value": 0.0, "solution_frac": 0.0, "is_solution_at_lower_bound": 1.0, "is_solution_at_upper_bound": 1.0, "scaled_age": 0.2619047619047619, "incumbent_value": 0.0, "average_incumbent_value": 0.0, "is_basis_lower": 1.0, "is_basis_basic": 0.0, "is_basis_upper": 0.0, "is_basis_zero": 0.0}, "8": {"objective": 0.04582496038978729, "is_type_binary": 1.0, "is_type_integer": 0.0, "is_type_implicit_integer": 0.0, "is_type_continuous": 0.0, "has_lower_bound": 1.0, "has_upper_bound": 1.0, "normed_reduced_cost": 0.0, "solution_value": 0.4368090622663501, "solution_frac": 0.4368090622663501, "is_solution_at_lower_bound": 0.0, "is_solution_at_upper_bound": 0.0, "scaled_age": 0.0, "incumbent_value": 0.0, "average_incumbent_value": 0.9747044120084951, "is_basis_lower": 0.0, "is_basis_basic": 1.0, "is_basis_upper": 0.0, "is_basis_zero": 0.0}, "9": {"objective": 0.23485292199765986, "is_type_binary": 1.0, "is_type_integer": 0.0, "is_type_implicit_integer": 0.0, "is_type_continuous": 0.0, "has_lower_bound": 1.0, "has_upper_bound": 1.0, "normed_reduced_cost": 0.08529322810132879, "solution_value": 0.0, "solution_frac": 0.0, "is_solution_at_lower_bound": 1.0, "is_solution_at_upper_bound": 1.0, "scaled_age": 0.2619047619047619, "incumbent_value": 0.0, "average_incumbent_value": 0.0, "is_basis_lower": 1.0, "is_basis_basic": 0.0, "is_basis_upper": 0.0, "is_basis_zero": 0.0}, "10": {"objective": 0.0028640600243617057, "is_type_binary": 1.0, "is_type_integer": 0.0, "is_type_implicit_integer": 0.0, "is_type_continuous": 0.0, "has_lower_bound": 1.0, "has_upper_bound": 1.0, "normed_reduced_cost": -0.000531051504390002, "solution_value": 1.0, "solution_frac": 0.0, "is_solution_at_lower_bound": 0.0, "is_solution_at_upper_bound": 1.0, "scaled_age": 0.0, "incumbent_value": 1.0, "average_incumbent_value": 0.9999999999999999, "is_basis_lower": 0.0, "is_basis_basic": 0.0, "is_basis_upper": 1.0, "is_basis_zero": 0.0}, "11": {"objective": 0.0515530804385107, "is_type_binary": 1.0, "is_type_integer": 0.0, "is_type_implicit_integer": 0.0, "is_type_continuous": 0.0, "has_lower_bound": 1.0, "has_upper_bound": 1.0, "normed_reduced_cost": 0.0005619350204607863, "solution_value": 0.0, "solution_frac": 0.0, "is_solution_at_lower_bound": 1.0, "is_solution_at_upper_bound": 0.0, "scaled_age": 0.011904761904761904, "incumbent_value": 0.0, "average_incumbent_value": 0.4925217083131314, "is_basis_lower": 1.0, "is_basis_basic": 0.0, "is_basis_upper": 0.0, "is_basis_zero": 0.0}, "12": {"objective": 0.1059702209013831, "is_type_binary": 1.0, "is_type_integer": 0.0, "is_type_implicit_integer": 0.0, "is_type_continuous": 0.0, "has_lower_bound": 1.0, "has_upper_bound": 1.0, "normed_reduced_cost": 0.0, "solution_value": 0.28642128649408716, "solution_frac": 0.28642128649408716, "is_solution_at_lower_bound": 0.0, "is_solution_at_upper_bound": 0.0, "scaled_age": 0.0, "incumbent_value": 0.0, "average_incumbent_value": 0.5798771505809357, "is_basis_lower": 0.0, "is_basis_basic": 1.0, "is_basis_upper": 0.0, "is_basis_zero": 0.0}, "13": {"objective": 0.06014526051159581, "is_type_binary": 1.0, "is_type_integer": 0.0, "is_type_implicit_integer": 0.0, "is_type_continuous": 0.0, "has_lower_bound": 1.0, "has_upper_bound": 1.0, "normed_reduced_cost": 0.0, "solution_value": 0.3460880813373868, "solution_frac": 0.3460880813373868, "is_solution_at_lower_bound": 0.0, "is_solution_at_upper_bound": 0.0, "scaled_age": 0.0, "incumbent_value": 1.0, "average_incumbent_value": 0.9999966970386992, "is_basis_lower": 0.0, "is_basis_basic": 1.0, "is_basis_upper": 0.0, "is_basis_zero": 0.0}, "14": {"objective": 0.09164992077957458, "is_type_binary": 1.0, "is_type_integer": 0.0, "is_type_implicit_integer": 0.0, "is_type_continuous": 0.0, "has_lower_bound": 1.0, "has_upper_bound": 1.0, "normed_reduced_cost": 0.0, "solution_value": 0.23594111214877547, "solution_frac": 0.23594111214877547, "is_solution_at_lower_bound": 0.0, "is_solution_at_upper_bound": 0.0, "scaled_age": 0.0, "incumbent_value": 0.0, "average_incumbent_value": 0.2141782313502516, "is_basis_lower": 0.0, "is_basis_basic": 1.0, "is_basis_upper": 0.0, "is_basis_zero": 0.0}, "15": {"objective": 0.04868902041414899, "is_type_binary": 1.0, "is_type_integer": 0.0, "is_type_implicit_integer": 0.0, "is_type_continuous": 0.0, "has_lower_bound": 1.0, "has_upper_bound": 1.0, "normed_reduced_cost": 0.0, "solution_value": 0.7921461192739925, "solution_frac": 0.7921461192739925, "is_solution_at_lower_bound": 0.0, "is_solution_at_upper_bound": 0.0, "scaled_age": 0.0, "incumbent_value": 1.0, "average_incumbent_value": 0.9762512810475951, "is_basis_lower": 0.0, "is_basis_basic": 1.0, "is_basis_upper": 0.0, "is_basis_zero": 0.0}, "16": {"objective": 0.0544171404628724, "is_type_binary": 1.0, "is_type_integer": 0.0, "is_type_implicit_integer": 0.0, "is_type_continuous": 0.0, "has_lower_bound": 1.0, "has_upper_bound": 1.0, "normed_reduced_cost": 0.0, "solution_value": 0.9862627012122319, "solution_frac": 0.9862627012122319, "is_solution_at_lower_bound": 0.0, "is_solution_at_upper_bound": 0.0, "scaled_age": 0.0, "incumbent_value": 1.0, "average_incumbent_value": 0.9762479780862943, "is_basis_lower": 0.0, "is_basis_basic": 1.0, "is_basis_upper": 0.0, "is_basis_zero": 0.0}, "17": {"objective": 0.2033482617296811, "is_type_binary": 1.0, "is_type_integer": 0.0, "is_type_implicit_integer": 0.0, "is_type_continuous": 0.0, "has_lower_bound": 1.0, "has_upper_bound": 1.0, "normed_reduced_cost": 0.022322665948326735, "solution_value": 0.0, "solution_frac": 0.0, "is_solution_at_lower_bound": 1.0, "is_solution_at_upper_bound": 0.0, "scaled_age": 0.2619047619047619, "incumbent_value": 0.0, "average_incumbent_value": 3.9947607612881723e-07, "is_basis_lower": 1.0, "is_basis_basic": 0.0, "is_basis_upper": 0.0, "is_basis_zero": 0.0}, "18": {"objective": 0.07446556063340434, "is_type_binary": 1.0, "is_type_integer": 0.0, "is_type_implicit_integer": 0.0, "is_type_continuous": 0.0, "has_lower_bound": 1.0, "has_upper_bound": 1.0, "normed_reduced_cost": 0.0, "solution_value": 0.3792380484696801, "solution_frac": 0.3792380484696801, "is_solution_at_lower_bound": 0.0, "is_solution_at_upper_bound": 0.0, "scaled_age": 0.0, "incumbent_value": 1.0, "average_incumbent_value": 0.9705970799544069, "is_basis_lower": 0.0, "is_basis_basic": 1.0, "is_basis_upper": 0.0, "is_basis_zero": 0.0}, "19": {"objective": 0.02577654021925535, "is_type_binary": 1.0, "is_type_integer": 0.0, "is_type_implicit_integer": 0.0, "is_type_continuous": 0.0, "has_lower_bound": 1.0, "has_upper_bound": 1.0, "normed_reduced_cost": 0.009726703257090472, "solution_value": 0.0, "solution_frac": 0.0, "is_solution_at_lower_bound": 1.0, "is_solution_at_upper_bound": 0.0, "scaled_age": 0.2619047619047619, "incumbent_value": 0.0, "average_incumbent_value": 5.0811936070969265e-17, "is_basis_lower": 1.0, "is_basis_basic": 0.0, "is_basis_upper": 0.0, "is_basis_zero": 0.0}, "20": {"objective": 0.028640600243617056, "is_type_binary": 1.0, "is_type_integer": 0.0, "is_type_implicit_integer": 0.0, "is_type_continuous": 0.0, "has_lower_bound": 1.0, "has_upper_bound": 1.0, "normed_reduced_cost": 0.0, "solution_value": 0.5356169427560988, "solution_frac": 0.5356169427560988, "is_solution_at_lower_bound": 0.0, "is_solution_at_upper_bound": 0.0, "scaled_age": 0.0, "incumbent_value": 1.0, "average_incumbent_value": 0.976245002657596, "is_basis_lower": 0.0, "is_basis_basic": 1.0, "is_basis_upper": 0.0, "is_basis_zero": 0.0}, "21": {"objective": 0.17184360146170233, "is_type_binary": 1.0, "is_type_integer": 0.0, "is_type_implicit_integer": 0.0, "is_type_continuous": 0.0, "has_lower_bound": 1.0, "has_upper_bound": 1.0, "normed_reduced_cost": 0.0, "solution_value": 0.20124184955473182, "solution_frac": 0.20124184955473182, "is_solution_at_lower_bound": 0.0, "is_solution_at_upper_bound": 0.0, "scaled_age": 0.0, "incumbent_value": 0.0, "average_incumbent_value": 0.9607865726910606, "is_basis_lower": 0.0, "is_basis_basic": 1.0, "is_basis_upper": 0.0, "is_basis_zero": 0.0}, "22": {"objective": 0.04868902041414899, "is_type_binary": 1.0, "is_type_integer": 0.0, "is_type_implicit_integer": 0.0, "is_type_continuous": 0.0, "has_lower_bound": 1.0, "has_upper_bound": 1.0, "normed_reduced_cost": 0.0, "solution_value": 0.13712530751939167, "solution_frac": 0.13712530751939167, "is_solution_at_lower_bound": 0.0, "is_solution_at_upper_bound": 0.0, "scaled_age": 0.0, "incumbent_value": 0.0, "average_incumbent_value": 0.7743773226593161, "is_basis_lower": 0.0, "is_basis_basic": 1.0, "is_basis_upper": 0.0, "is_basis_zero": 0.0}, "23": {"objective": 0.17184360146170233, "is_type_binary": 1.0, "is_type_integer": 0.0, "is_type_implicit_integer": 0.0, "is_type_continuous": 0.0, "has_lower_bound": 1.0, "has_upper_bound": 1.0, "normed_reduced_cost": 0.0, "solution_value": 0.5107912544698525, "solution_frac": 0.5107912544698525, "is_solution_at_lower_bound": 0.0, "is_solution_at_upper_bound": 0.0, "scaled_age": 0.0, "incumbent_value": 1.0, "average_incumbent_value": 0.9999999999999999, "is_basis_lower": 0.0, "is_basis_basic": 1.0, "is_basis_upper": 0.0, "is_basis_zero": 0.0}, "24": {"objective": 0.008592180073085116, "is_type_binary": 1.0, "is_type_integer": 0.0, "is_type_implicit_integer": 0.0, "is_type_continuous": 0.0, "has_lower_bound": 1.0, "has_upper_bound": 1.0, "normed_reduced_cost": 0.0, "solution_value": 0.9775643372489967, "solution_frac": 0.9775643372489967, "is_solution_at_lower_bound": 0.0, "is_solution_at_upper_bound": 0.0, "scaled_age": 0.0, "incumbent_value": 1.0, "average_incumbent_value": 0.9762479780862942, "is_basis_lower": 0.0, "is_basis_basic": 1.0, "is_basis_upper": 0.0, "is_basis_zero": 0.0}, "25": {"objective": 0.22626074192457474, "is_type_binary": 1.0, "is_type_integer": 0.0, "is_type_implicit_integer": 0.0, "is_type_continuous": 0.0, "has_lower_bound": 1.0, "has_upper_bound": 1.0, "normed_reduced_cost": 0.0, "solution_value": 0.013737298787768054, "solution_frac": 0.013737298787768054, "is_solution_at_lower_bound": 0.0, "is_solution_at_upper_bound": 0.0, "scaled_age": 0.0, "incumbent_value": 0.0, "average_incumbent_value": 0.07157578434683784, "is_basis_lower": 0.0, "is_basis_basic": 1.0, "is_basis_upper": 0.0, "is_basis_zero": 0.0}, "26": {"objective": 0.03436872029234046, "is_type_binary": 1.0, "is_type_integer": 0.0, "is_type_implicit_integer": 0.0, "is_type_continuous": 0.0, "has_lower_bound": 1.0, "has_upper_bound": 1.0, "normed_reduced_cost": 0.0008114513438460873, "solution_value": 0.0, "solution_frac": 0.0, "is_solution_at_lower_bound": 1.0, "is_solution_at_upper_bound": 0.0, "scaled_age": 0.011904761904761904, "incumbent_value": 0.0, "average_incumbent_value": 0.1925657303344657, "is_basis_lower": 1.0, "is_basis_basic": 0.0, "is_basis_upper": 0.0, "is_basis_zero": 0.0}, "27": {"objective": 0.1031061608770214, "is_type_binary": 1.0, "is_type_integer": 0.0, "is_type_implicit_integer": 0.0, "is_type_continuous": 0.0, "has_lower_bound": 1.0, "has_upper_bound": 1.0, "normed_reduced_cost": 0.0, "solution_value": 0.13007213611953092, "solution_frac": 0.13007213611953092, "is_solution_at_lower_bound": 0.0, "is_solution_at_upper_bound": 0.0, "scaled_age": 0.0, "incumbent_value": 0.0, "average_incumbent_value": 0.514490773426838, "is_basis_lower": 0.0, "is_basis_basic": 1.0, "is_basis_upper": 0.0, "is_basis_zero": 0.0}, "28": {"objective": 0.2062123217540428, "is_type_binary": 1.0, "is_type_integer": 0.0, "is_type_implicit_integer": 0.0, "is_type_continuous": 0.0, "has_lower_bound": 1.0, "has_upper_bound": 1.0, "normed_reduced_cost": 0.0, "solution_value": 0.1854605702797734, "solution_frac": 0.1854605702797734, "is_solution_at_lower_bound": 0.0, "is_solution_at_upper_bound": 0.0, "scaled_age": 0.0, "incumbent_value": 0.0, "average_incumbent_value": 0.6095460183860467, "is_basis_lower": 0.0, "is_basis_basic": 1.0, "is_basis_upper": 0.0, "is_basis_zero": 0.0}, "29": {"objective": 0.14320300121808527, "is_type_binary": 1.0, "is_type_integer": 0.0, "is_type_implicit_integer": 0.0, "is_type_continuous": 0.0, "has_lower_bound": 1.0, "has_upper_bound": 1.0, "normed_reduced_cost": 0.08610820273834095, "solution_value": 0.0, "solution_frac": 0.0, "is_solution_at_lower_bound": 1.0, "is_solution_at_upper_bound": 1.0, "scaled_age": 0.2619047619047619, "incumbent_value": 0.0, "average_incumbent_value": 0.0, "is_basis_lower": 1.0, "is_basis_basic": 0.0, "is_basis_upper": 0.0, "is_basis_zero": 0.0}, "30": {"objective": 0.06300932053595752, "is_type_binary": 1.0, "is_type_integer": 0.0, "is_type_implicit_integer": 0.0, "is_type_continuous": 0.0, "has_lower_bound": 1.0, "has_upper_bound": 1.0, "normed_reduced_cost": 0.0, "solution_value": 0.038288485038872194, "solution_frac": 0.038288485038872194, "is_solution_at_lower_bound": 0.0, "is_solution_at_upper_bound": 0.0, "scaled_age": 0.0, "incumbent_value": 0.0, "average_incumbent_value": 0.09390764483868715, "is_basis_lower": 0.0, "is_basis_basic": 1.0, "is_basis_upper": 0.0, "is_basis_zero": 0.0}, "31": {"objective": 0.02577654021925535, "is_type_binary": 1.0, "is_type_integer": 0.0, "is_type_implicit_integer": 0.0, "is_type_continuous": 0.0, "has_lower_bound": 1.0, "has_upper_bound": 1.0, "normed_reduced_cost": 0.0, "solution_value": 0.4784981261043494, "solution_frac": 0.4784981261043494, "is_solution_at_lower_bound": 0.0, "is_solution_at_upper_bound": 0.0, "scaled_age": 0.0, "incumbent_value": 0.0, "average_incumbent_value": 0.9743377783360501, "is_basis_lower": 0.0, "is_basis_basic": 1.0, "is_basis_upper": 0.0, "is_basis_zero": 0.0}, "32": {"objective": 0.02004842017053194, "is_type_binary": 1.0, "is_type_integer": 0.0, "is_type_implicit_integer": 0.0, "is_type_continuous": 0.0, "has_lower_bound": 1.0, "has_upper_bound": 1.0, "normed_reduced_cost": 0.0, "solution_value": 0.2731123888936564, "solution_frac": 0.2731123888936564, "is_solution_at_lower_bound": 0.0, "is_solution_at_upper_bound": 0.0, "scaled_age": 0.0, "incumbent_value": 1.0, "average_incumbent_value": 0.9938045822819561, "is_basis_lower": 0.0, "is_basis_basic": 1.0, "is_basis_upper": 0.0, "is_basis_zero": 0.0}, "33": {"objective": 0.04582496038978729, "is_type_binary": 1.0, "is_type_integer": 0.0, "is_type_implicit_integer": 0.0, "is_type_continuous": 0.0, "has_lower_bound": 1.0, "has_upper_bound": 1.0, "normed_reduced_cost": 0.04582496038978729, "solution_value": 0.0, "solution_frac": 0.0, "is_solution_at_lower_bound": 1.0, "is_solution_at_upper_bound": 1.0, "scaled_age": 0.2619047619047619, "incumbent_value": 0.0, "average_incumbent_value": 0.0, "is_basis_lower": 1.0, "is_basis_basic": 0.0, "is_basis_upper": 0.0, "is_basis_zero": 0.0}, "34": {"objective": 0.014320300121808528, "is_type_binary": 1.0, "is_type_integer": 0.0, "is_type_implicit_integer": 0.0, "is_type_continuous": 0.0, "has_lower_bound": 1.0, "has_upper_bound": 1.0, "normed_reduced_cost": 0.0, "solution_value": 0.22946326121490138, "solution_frac": 0.22946326121490138, "is_solution_at_lower_bound": 0.0, "is_solution_at_upper_bound": 0.0, "scaled_age": 0.0, "incumbent_value": 0.0, "average_incumbent_value": 0.1274058960786436, "is_basis_lower": 0.0, "is_basis_basic": 1.0, "is_basis_upper": 0.0, "is_basis_zero": 0.0}, "35": {"objective": 0.09737804082829798, "is_type_binary": 1.0, "is_type_integer": 0.0, "is_type_implicit_integer": 0.0, "is_type_continuous": 0.0, "has_lower_bound": 1.0, "has_upper_bound": 1.0, "normed_reduced_cost": 0.0, "solution_value": 0.7715580549048743, "solution_frac": 0.7715580549048743, "is_solution_at_lower_bound": 0.0, "is_solution_at_upper_bound": 0.0, "scaled_age": 0.0, "incumbent_value": 1.0, "average_incumbent_value": 0.9999966970386992, "is_basis_lower": 0.0, "is_basis_basic": 1.0, "is_basis_upper": 0.0, "is_basis_zero": 0.0}, "36": {"objective": 0.06873744058468093, "is_type_binary": 1.0, "is_type_integer": 0.0, "is_type_implicit_integer": 0.0, "is_type_continuous": 0.0, "has_lower_bound": 1.0, "has_upper_bound": 1.0, "normed_reduced_cost": 0.0, "solution_value": 0.7279244079816996, "solution_frac": 0.7279244079816996, "is_solution_at_lower_bound": 0.0, "is_solution_at_upper_bound": 0.0, "scaled_age": 0.0, "incumbent_value": 1.0, "average_incumbent_value": 0.9762512810475951, "is_basis_lower": 0.0, "is_basis_basic": 1.0, "is_basis_upper": 0.0, "is_basis_zero": 0.0}, "37": {"objective": 0.2148045018271279, "is_type_binary": 1.0, "is_type_integer": 0.0, "is_type_implicit_integer": 0.0, "is_type_continuous": 0.0, "has_lower_bound": 1.0, "has_upper_bound": 1.0, "normed_reduced_cost": 0.0, "solution_value": 0.07956185033866639, "solution_frac": 0.07956185033866639, "is_solution_at_lower_bound": 0.0, "is_solution_at_upper_bound": 0.0, "scaled_age": 0.0, "incumbent_value": 0.0, "average_incumbent_value": 0.2396786470768205, "is_basis_lower": 0.0, "is_basis_basic": 1.0, "is_basis_upper": 0.0, "is_basis_zero": 0.0}, "38": {"objective": 0.2148045018271279, "is_type_binary": 1.0, "is_type_integer": 0.0, "is_type_implicit_integer": 0.0, "is_type_continuous": 0.0, "has_lower_bound": 1.0, "has_upper_bound": 1.0, "normed_reduced_cost": 0.004702163073978312, "solution_value": 0.0, "solution_frac": 0.0, "is_solution_at_lower_bound": 1.0, "is_solution_at_upper_bound": 0.0, "scaled_age": 0.047619047619047616, "incumbent_value": 0.0, "average_incumbent_value": 0.22975125322506942, "is_basis_lower": 1.0, "is_basis_basic": 0.0, "is_basis_upper": 0.0, "is_basis_zero": 0.0}, "39": {"objective": 0.005728120048723411, "is_type_binary": 1.0, "is_type_integer": 0.0, "is_type_implicit_integer": 0.0, "is_type_continuous": 0.0, "has_lower_bound": 1.0, "has_upper_bound": 1.0, "normed_reduced_cost": 0.0, "solution_value": 0.8717079696126588, "solution_frac": 0.8717079696126588, "is_solution_at_lower_bound": 0.0, "is_solution_at_upper_bound": 0.0, "scaled_age": 0.0, "incumbent_value": 1.0, "average_incumbent_value": 0.9999999999999999, "is_basis_lower": 0.0, "is_basis_basic": 1.0, "is_basis_upper": 0.0, "is_basis_zero": 0.0}, "40": {"objective": 0.0544171404628724, "is_type_binary": 1.0, "is_type_integer": 0.0, "is_type_implicit_integer": 0.0, "is_type_continuous": 0.0, "has_lower_bound": 1.0, "has_upper_bound": 1.0, "normed_reduced_cost": 0.0, "solution_value": 0.21117959593952593, "solution_frac": 0.21117959593952593, "is_solution_at_lower_bound": 0.0, "is_solution_at_upper_bound": 0.0, "scaled_age": 0.0, "incumbent_value": 0.0, "average_incumbent_value": 0.9694822715830834, "is_basis_lower": 0.0, "is_basis_basic": 1.0, "is_basis_upper": 0.0, "is_basis_zero": 0.0}, "41": {"objective": 0.0515530804385107, "is_type_binary": 1.0, "is_type_integer": 0.0, "is_type_implicit_integer": 0.0, "is_type_continuous": 0.0, "has_lower_bound": 1.0, "has_upper_bound": 1.0, "normed_reduced_cost": 0.0, "solution_value": 0.02243566275100331, "solution_frac": 0.02243566275100331, "is_solution_at_lower_bound": 0.0, "is_solution_at_upper_bound": 0.0, "scaled_age": 0.0, "incumbent_value": 0.0, "average_incumbent_value": 0.9984802569996504, "is_basis_lower": 0.0, "is_basis_basic": 1.0, "is_basis_upper": 0.0, "is_basis_zero": 0.0}, "42": {"objective": 0.07732962065776605, "is_type_binary": 1.0, "is_type_integer": 0.0, "is_type_implicit_integer": 0.0, "is_type_continuous": 0.0, "has_lower_bound": 1.0, "has_upper_bound": 1.0, "normed_reduced_cost": 0.01105446786827285, "solution_value": 0.0, "solution_frac": 0.0, "is_solution_at_lower_bound": 1.0, "is_solution_at_upper_bound": 0.0, "scaled_age": 0.2619047619047619, "incumbent_value": 0.0, "average_incumbent_value": 3.6238159434338054e-05, "is_basis_lower": 1.0, "is_basis_basic": 0.0, "is_basis_upper": 0.0, "is_basis_zero": 0.0}, "43": {"objective": 0.0544171404628724, "is_type_binary": 1.0, "is_type_integer": 0.0, "is_type_implicit_integer": 0.0, "is_type_continuous": 0.0, "has_lower_bound": 1.0, "has_upper_bound": 1.0, "normed_reduced_cost": 0.0, "solution_value": 0.49585475877249885, "solution_frac": 0.49585475877249885, "is_solution_at_lower_bound": 0.0, "is_solution_at_upper_bound": 0.0, "scaled_age": 0.0, "incumbent_value": 1.0, "average_incumbent_value": 0.9756760508813195, "is_basis_lower": 0.0, "is_basis_basic": 1.0, "is_basis_upper": 0.0, "is_basis_zero": 0.0}, "44": {"objective": 0.1088342809257448, "is_type_binary": 1.0, "is_type_integer": 0.0, "is_type_implicit_integer": 0.0, "is_type_continuous": 0.0, "has_lower_bound": 1.0, "has_upper_bound": 1.0, "normed_reduced_cost": 0.0005223242600408262, "solution_value": 0.0, "solution_frac": 0.0, "is_solution_at_lower_bound": 1.0, "is_solution_at_upper_bound": 0.0, "scaled_age": 0.011904761904761904, "incumbent_value": 0.0, "average_incumbent_value": 0.06634979210674856, "is_basis_lower": 1.0, "is_basis_basic": 0.0, "is_basis_upper": 0.0, "is_basis_zero": 0.0}, "45": {"objective": 0.02577654021925535, "is_type_binary": 1.0, "is_type_integer": 0.0, "is_type_implicit_integer": 0.0, "is_type_continuous": 0.0, "has_lower_bound": 1.0, "has_upper_bound": 1.0, "normed_reduced_cost": 0.0, "solution_value": 0.06911628469334105, "solution_frac": 0.06911628469334105, "is_solution_at_lower_bound": 0.0, "is_solution_at_upper_bound": 0.0, "scaled_age": 0.0, "incumbent_value": 0.0, "average_incumbent_value": 0.9335123779885048, "is_basis_lower": 0.0, "is_basis_basic": 1.0, "is_basis_upper": 0.0, "is_basis_zero": 0.0}, "46": {"objective": 0.03150466026797876, "is_type_binary": 1.0, "is_type_integer": 0.0, "is_type_implicit_integer": 0.0, "is_type_continuous": 0.0, "has_lower_bound": 1.0, "has_upper_bound": 1.0, "normed_reduced_cost": 0.024203516903923084, "solution_value": 0.0, "solution_frac": 0.0, "is_solution_at_lower_bound": 1.0, "is_solution_at_upper_bound": 0.0, "scaled_age": 0.2619047619047619, "incumbent_value": 0.0, "average_incumbent_value": 5.0811936070969265e-17, "is_basis_lower": 1.0, "is_basis_basic": 0.0, "is_basis_upper": 0.0, "is_basis_zero": 0.0}, "47": {"objective": 0.18329984155914916, "is_type_binary": 1.0, "is_type_integer": 0.0, "is_type_implicit_integer": 0.0, "is_type_continuous": 0.0, "has_lower_bound": 1.0, "has_upper_bound": 1.0, "normed_reduced_cost": 0.015360493735487358, "solution_value": 0.0, "solution_frac": 0.0, "is_solution_at_lower_bound": 1.0, "is_solution_at_upper_bound": 0.0, "scaled_age": 0.2619047619047619, "incumbent_value": 0.0, "average_incumbent_value": 0.3885463004462525, "is_basis_lower": 1.0, "is_basis_basic": 0.0, "is_basis_upper": 0.0, "is_basis_zero": 0.0}, "48": {"objective": 0.2806778823874471, "is_type_binary": 1.0, "is_type_integer": 0.0, "is_type_implicit_integer": 0.0, "is_type_continuous": 0.0, "has_lower_bound": 1.0, "has_upper_bound": 1.0, "normed_reduced_cost": 0.0, "solution_value": 0.05709644367580058, "solution_frac": 0.05709644367580058, "is_solution_at_lower_bound": 0.0, "is_solution_at_upper_bound": 0.0, "scaled_age": 0.0, "incumbent_value": 0.0, "average_incumbent_value": 0.03888245831857998, "is_basis_lower": 0.0, "is_basis_basic": 1.0, "is_basis_upper": 0.0, "is_basis_zero": 0.0}, "49": {"objective": 0.06014526051159581, "is_type_binary": 1.0, "is_type_integer": 0.0, "is_type_implicit_integer": 0.0, "is_type_continuous": 0.0, "has_lower_bound": 1.0, "has_upper_bound": 1.0, "normed_reduced_cost": 0.0, "solution_value": 0.12829203038734116, "solution_frac": 0.12829203038734116, "is_solution_at_lower_bound": 0.0, "is_solution_at_upper_bound": 0.0, "scaled_age": 0.0, "incumbent_value": 0.0, "average_incumbent_value": 0.9921521857461972, "is_basis_lower": 0.0, "is_basis_basic": 1.0, "is_basis_upper": 0.0, "is_basis_zero": 0.0}, "50": {"objective": 0.11169834095010651, "is_type_binary": 1.0, "is_type_integer": 0.0, "is_type_implicit_integer": 0.0, "is_type_continuous": 0.0, "has_lower_bound": 1.0, "has_upper_bound": 1.0, "normed_reduced_cost": 0.004291182492411817, "solution_value": 0.0, "solution_frac": 0.0, "is_solution_at_lower_bound": 1.0, "is_solution_at_upper_bound": 0.0, "scaled_age": 0.2619047619047619, "incumbent_value": 0.0, "average_incumbent_value": 0.034437261974724055, "is_basis_lower": 1.0, "is_basis_basic": 0.0, "is_basis_upper": 0.0, "is_basis_zero": 0.0}, "51": {"objective": 0.1088342809257448, "is_type_binary": 1.0, "is_type_integer": 0.0, "is_type_implicit_integer": 0.0, "is_type_continuous": 0.0, "has_lower_bound": 1.0, "has_upper_bound": 1.0, "normed_reduced_cost": 0.0, "solution_value": 0.23378710697942826, "solution_frac": 0.23378710697942826, "is_solution_at_lower_bound": 0.0, "is_solution_at_upper_bound": 0.0, "scaled_age": 0.0, "incumbent_value": 0.0, "average_incumbent_value": 0.9978111525041647, "is_basis_lower": 0.0, "is_basis_basic": 1.0, "is_basis_upper": 0.0, "is_basis_zero": 0.0}, "52": {"objective": 0.18902796160787255, "is_type_binary": 1.0, "is_type_integer": 0.0, "is_type_implicit_integer": 0.0, "is_type_continuous": 0.0, "has_lower_bound": 1.0, "has_upper_bound": 1.0, "normed_reduced_cost": 0.0, "solution_value": 0.16062751105761347, "solution_frac": 0.16062751105761347, "is_solution_at_lower_bound": 0.0, "is_solution_at_upper_bound": 0.0, "scaled_age": 0.0, "incumbent_value": 1.0, "average_incumbent_value": 0.9929441947969142, "is_basis_lower": 0.0, "is_basis_basic": 1.0, "is_basis_upper": 0.0, "is_basis_zero": 0.0}, "53": {"objective": 0.0544171404628724, "is_type_binary": 1.0, "is_type_integer": 0.0, "is_type_implicit_integer": 0.0, "is_type_continuous": 0.0, "has_lower_bound": 1.0, "has_upper_bound": 1.0, "normed_reduced_cost": 0.048789148484037176, "solution_value": 0.0, "solution_frac": 0.0, "is_solution_at_lower_bound": 1.0, "is_solution_at_upper_bound": 1.0, "scaled_age": 0.2619047619047619, "incumbent_value": 0.0, "average_incumbent_value": 0.0, "is_basis_lower": 1.0, "is_basis_basic": 0.0, "is_basis_upper": 0.0, "is_basis_zero": 0.0}, "54": {"objective": 0.18329984155914916, "is_type_binary": 1.0, "is_type_integer": 0.0, "is_type_implicit_integer": 0.0, "is_type_continuous": 0.0, "has_lower_bound": 1.0, "has_upper_bound": 1.0, "normed_reduced_cost": 0.0037724911293301254, "solution_value": 0.0, "solution_frac": 0.0, "is_solution_at_lower_bound": 1.0, "is_solution_at_upper_bound": 0.0, "scaled_age": 0.21428571428571427, "incumbent_value": 0.0, "average_incumbent_value": 0.0006059473076005691, "is_basis_lower": 1.0, "is_basis_basic": 0.0, "is_basis_upper": 0.0, "is_basis_zero": 0.0}, "55": {"objective": 0.02004842017053194, "is_type_binary": 1.0, "is_type_integer": 0.0, "is_type_implicit_integer": 0.0, "is_type_continuous": 0.0, "has_lower_bound": 1.0, "has_upper_bound": 1.0, "normed_reduced_cost": 0.0, "solution_value": 0.34804003535847583, "solution_frac": 0.34804003535847583, "is_solution_at_lower_bound": 0.0, "is_solution_at_upper_bound": 0.0, "scaled_age": 0.0, "incumbent_value": 0.0, "average_incumbent_value": 0.9981599509630014, "is_basis_lower": 0.0, "is_basis_basic": 1.0, "is_basis_upper": 0.0, "is_basis_zero": 0.0}, "56": {"objective": 0.08878586075521287, "is_type_binary": 1.0, "is_type_integer": 0.0, "is_type_implicit_integer": 0.0, "is_type_continuous": 0.0, "has_lower_bound": 1.0, "has_upper_bound": 1.0, "normed_reduced_cost": 0.010918167674165901, "solution_value": 0.0, "solution_frac": 0.0, "is_solution_at_lower_bound": 1.0, "is_solution_at_upper_bound": 0.0, "scaled_age": 0.2619047619047619, "incumbent_value": 0.0, "average_incumbent_value": 1.5243580821290764e-16, "is_basis_lower": 1.0, "is_basis_basic": 0.0, "is_basis_upper": 0.0, "is_basis_zero": 0.0}, "57": {"objective": 0.06014526051159581, "is_type_binary": 1.0, "is_type_integer": 0.0, "is_type_implicit_integer": 0.0, "is_type_continuous": 0.0, "has_lower_bound": 1.0, "has_upper_bound": 1.0, "normed_reduced_cost": 0.0, "solution_value": 0.16000641272046257, "solution_frac": 0.16000641272046257, "is_solution_at_lower_bound": 0.0, "is_solution_at_upper_bound": 0.0, "scaled_age": 0.0, "incumbent_value": 0.0, "average_incumbent_value": 0.9719131359405435, "is_basis_lower": 0.0, "is_basis_basic": 1.0, "is_basis_upper": 0.0, "is_basis_zero": 0.0}, "58": {"objective": 0.11456240097446822, "is_type_binary": 1.0, "is_type_integer": 0.0, "is_type_implicit_integer": 0.0, "is_type_continuous": 0.0, "has_lower_bound": 1.0, "has_upper_bound": 1.0, "normed_reduced_cost": 0.019220188129056882, "solution_value": 0.0, "solution_frac": 0.0, "is_solution_at_lower_bound": 1.0, "is_solution_at_upper_bound": 0.0, "scaled_age": 0.2619047619047619, "incumbent_value": 0.0, "average_incumbent_value": 5.0811936070969265e-17, "is_basis_lower": 1.0, "is_basis_basic": 0.0, "is_basis_upper": 0.0, "is_basis_zero": 0.0}, "59": {"objective": 0.22912480194893645, "is_type_binary": 1.0, "is_type_integer": 0.0, "is_type_implicit_integer": 0.0, "is_type_continuous": 0.0, "has_lower_bound": 1.0, "has_upper_bound": 1.0, "normed_reduced_cost": 0.0, "solution_value": 0.27422959718764756, "solution_frac": 0.27422959718764756, "is_solution_at_lower_bound": 0.0, "is_solution_at_upper_bound": 0.0, "scaled_age": 0.0, "incumbent_value": 0.0, "average_incumbent_value": 0.07329487465889767, "is_basis_lower": 0.0, "is_basis_basic": 1.0, "is_basis_upper": 0.0, "is_basis_zero": 0.0}, "60": {"objective": 0.22626074192457474, "is_type_binary": 1.0, "is_type_integer": 0.0, "is_type_implicit_integer": 0.0, "is_type_continuous": 0.0, "has_lower_bound": 1.0, "has_upper_bound": 1.0, "normed_reduced_cost": 0.0, "solution_value": 0.14888009475645936, "solution_frac": 0.14888009475645936, "is_solution_at_lower_bound": 0.0, "is_solution_at_upper_bound": 0.0, "scaled_age": 0.0, "incumbent_value": 0.0, "average_incumbent_value": 0.08112879786485805, "is_basis_lower": 0.0, "is_basis_basic": 1.0, "is_basis_upper": 0.0, "is_basis_zero": 0.0}, "61": {"objective": 0.0028640600243617057, "is_type_binary": 1.0, "is_type_integer": 0.0, "is_type_implicit_integer": 0.0, "is_type_continuous": 0.0, "has_lower_bound": 1.0, "has_upper_bound": 1.0, "normed_reduced_cost": 0.0, "solution_value": 0.7021978257060025, "solution_frac": 0.7021978257060025, "is_solution_at_lower_bound": 0.0, "is_solution_at_upper_bound": 0.0, "scaled_age": 0.0, "incumbent_value": 1.0, "average_incumbent_value": 0.9999999999999999, "is_basis_lower": 0.0, "is_basis_basic": 1.0, "is_basis_upper": 0.0, "is_basis_zero": 0.0}, "62": {"objective": 0.028640600243617056, "is_type_binary": 1.0, "is_type_integer": 0.0, "is_type_implicit_integer": 0.0, "is_type_continuous": 0.0, "has_lower_bound": 1.0, "has_upper_bound": 1.0, "normed_reduced_cost": 0.0, "solution_value": 0.5738634430138922, "solution_frac": 0.5738634430138922, "is_solution_at_lower_bound": 0.0, "is_solution_at_upper_bound": 0.0, "scaled_age": 0.0, "incumbent_value": 1.0, "average_incumbent_value": 0.9991960811236278, "is_basis_lower": 0.0, "is_basis_basic": 1.0, "is_basis_upper": 0.0, "is_basis_zero": 0.0}, "63": {"objective": 0.1002421008526597, "is_type_binary": 1.0, "is_type_integer": 0.0, "is_type_implicit_integer": 0.0, "is_type_continuous": 0.0, "has_lower_bound": 1.0, "has_upper_bound": 1.0, "normed_reduced_cost": 0.0, "solution_value": 0.22844194509512572, "solution_frac": 0.22844194509512572, "is_solution_at_lower_bound": 0.0, "is_solution_at_upper_bound": 0.0, "scaled_age": 0.0, "incumbent_value": 0.0, "average_incumbent_value": 0.14983704507030932, "is_basis_lower": 0.0, "is_basis_basic": 1.0, "is_basis_upper": 0.0, "is_basis_zero": 0.0}}