{"0": {"bias": -1.1888908858518255, "objective_cosine_similarity": -0.8360777673450315, "is_tight": 1.0, "dual_solution_value": -3.099227814791461e-05, "scaled_age": 0.0}, "1": {"bias": -1.0825317547305484, "objective_cosine_similarity": -0.818341676206283, "is_tight": 0.0, "dual_solution_value": -0.0, "scaled_age": 0.01282051282051282}, "2": {"bias": -1.1358602781278035, "objective_cosine_similarity": -0.8541316355085451, "is_tight": 0.0, "dual_solution_value": -0.0, "scaled_age": 0.14102564102564102}, "3": {"bias": -1.1531133203941102, "objective_cosine_similarity": -0.7970107296107094, "is_tight": 0.0, "dual_solution_value": -0.0, "scaled_age": 0.14102564102564102}, "4": {"bias": -0.8340576562282991, "objective_cosine_similarity": -0.501245507731381, "is_tight": 0.0, "dual_solution_value": -0.0, "scaled_age": 0.05128205128205128}, "5": {"bias": -0.9284766908852594, "objective_cosine_similarity": -0.6603587525540591, "is_tight": 0.0, "dual_solution_value": -0.0, "scaled_age": 0.05128205128205128}, "6": {"bias": -0.8838834764831843, "objective_cosine_similarity": -0.6429176619102491, "is_tight": 0.0, "dual_solution_value": -0.0, "scaled_age": 0.08974358974358974}, "7": {"bias": -0.5163977794943222, "objective_cosine_similarity": -0.7449781499969395, "is_tight": 0.0, "dual_solution_value": -0.0, "scaled_age": 0.14102564102564102}, "8": {"bias": -0.6324555320336759, "objective_cosine_similarity": -0.34178476064652946, "is_tight": 0.0, "dual_solution_value": -0.0, "scaled_age": 0.01282051282051282}, "9": {"bias": -1.1628213872714457, "objective_cosine_similarity": -0.8046859819010693, "is_tight": 1.0, "dual_solution_value": -5.4812255511079577e-08, "scaled_age": 0.0}, "10": {"bias": -1.1581088238333417, "objective_cosine_similarity": -0.7707486903125917, "is_tight": 1.0, "dual_solution_value": -0.0045135004835774465, "scaled_age": 0.0}, "11": {"bias": -1.2448628793088068, "objective_cosine_similarity": -0.9065834578677583, "is_tight": 1.0, "dual_solution_value": -0.00010508022169644502, "scaled_age": 0.0}, "12": {"bias": -1.2587423803054645, "objective_cosine_similarity": -0.8585953931445988, "is_tight": 1.0, "dual_solution_value": -0.018721697169623543, "scaled_age": 0.0}, "13": {"bias": -1.275679562381337, "objective_cosine_similarity": -0.89138220754155, "is_tight": 0.0, "dual_solution_value": 0.0, "scaled_age": 0.1282051282051282}, "14": {"bias": -1.2540780008261847, "objective_cosine_similarity": -0.8405143353564049, "is_tight": 1.0, "dual_solution_value": -0.00275771716249469, "scaled_age": 0.0}, "15": {"bias": -0.5, "objective_cosine_similarity": -0.16926608640295737, "is_tight": 0.0, "dual_solution_value": 0.0, "scaled_age": 0.21794871794871795}, "16": {"bias": -0.5773502691896258, "objective_cosine_similarity": -0.1954516410988438, "is_tight": 0.0, "dual_solution_value": 0.0, "scaled_age": 0.21794871794871795}, "17": {"bias": -0.5, "objective_cosine_similarity": -0.2686516784193727, "is_tight": 0.0, "dual_solution_value": 0.0, "scaled_age": 0.21794871794871795}, "18": {"bias": -0.4082482904638631, "objective_cosine_similarity": -0.17497536653646223, "is_tight": 0.0, "dual_solution_value": 0.0, "scaled_age": 0.21794871794871795}, "19": {"bias": -0.5, "objective_cosine_similarity": -0.14597258827411003, "is_tight": 1.0, "dual_solution_value": -0.004434296482428469, "scaled_age": 0.0}, "20": {"bias": -0.5, "objective_cosine_similarity": -0.2857335770471941, "is_tight": 1.0, "dual_solution_value": -0.006590827398611477, "scaled_age": 0.0}, "21": {"bias": -0.4472135954999579, "objective_cosine_similarity": -0.2430672778327118, "is_tight": 0.0, "dual_solution_value": 0.0, "scaled_age": 0.21794871794871795}, "22": {"bias": -0.5, "objective_cosine_similarity": -0.18168928540500928, "is_tight": 1.0, "dual_solution_value": -2.191981978701489e-05, "scaled_age": 0.0}, "23": {"bias": -0.4472135954999579, "objective_cosine_similarity": -0.33890523309246673, "is_tight": 0.0, "dual_solution_value": 0.0, "scaled_age": 0.19230769230769232}, "24": {"bias": -0.5, "objective_cosine_similarity": -0.3726959700615575, "is_tight": 1.0, "dual_solution_value": -0.021564338442467773, "scaled_age": 0.0}, "25": {"bias": -0.4082482904638631, "objective_cosine_similarity": -0.21301348969656272, "is_tight": 0.0, "dual_solution_value": 0.0, "scaled_age": 0.14102564102564102}, "26": {"bias": -0.4472135954999579, "objective_cosine_similarity": -0.19862068988615877, "is_tight": 0.0, "dual_solution_value": 0.0, "scaled_age": 0.21794871794871795}, "27": {"bias": -0.5, "objective_cosine_similarity": -0.16150158702667491, "is_tight": 0.0, "dual_solution_value": 0.0, "scaled_age": 0.21794871794871795}, "28": {"bias": -0.7071067811865475, "objective_cosine_similarity": -0.2811049042681875, "is_tight": 1.0, "dual_solution_value": -0.09110262292002339, "scaled_age": 0.0}, "29": {"bias": -0.35355339059327373, "objective_cosine_similarity": -0.3480869322383416, "is_tight": 0.0, "dual_solution_value": 0.0, "scaled_age": 0.21794871794871795}, "30": {"bias": -0.4472135954999579, "objective_cosine_similarity": -0.27640221879262655, "is_tight": 0.0, "dual_solution_value": 0.0, "scaled_age": 0.11538461538461539}, "31": {"bias": -0.5773502691896258, "objective_cosine_similarity": -0.2869014915212386, "is_tight": 1.0, "dual_solution_value": -7.357538639235741e-06, "scaled_age": 0.0}, "32": {"bias": -0.3779644730092272, "objective_cosine_similarity": -0.3322085963708762, "is_tight": 0.0, "dual_solution_value": 0.0, "scaled_age": 0.21794871794871795}, "33": {"bias": -0.7071067811865475, "objective_cosine_similarity": -0.14933698039247462, "is_tight": 1.0, "dual_solution_value": -0.03953037716271387, "scaled_age": 0.0}, "34": {"bias": -0.4472135954999579, "objective_cosine_similarity": -0.20000964575948857, "is_tight": 0.0, "dual_solution_value": 0.0, "scaled_age": 0.21794871794871795}, "35": {"bias": -0.4082482904638631, "objective_cosine_similarity": -0.3512186705115945, "is_tight": 0.0, "dual_solution_value": 0.0, "scaled_age": 0.11538461538461539}, "36": {"bias": -0.4472135954999579, "objective_cosine_similarity": -0.25140101307269047, "is_tight": 0.0, "dual_solution_value": 0.0, "scaled_age": 0.21794871794871795}, "37": {"bias": -0.3779644730092272, "objective_cosine_similarity": -0.2429935669567893, "is_tight": 0.0, "dual_solution_value": 0.0, "scaled_age": 0.21794871794871795}, "38": {"bias": -0.4082482904638631, "objective_cosine_similarity": -0.2269608015219329, "is_tight": 0.0, "dual_solution_value": 0.0, "scaled_age": 0.21794871794871795}, "39": {"bias": -0.5773502691896258, "objective_cosine_similarity": -0.09862238771042578, "is_tight": 1.0, "dual_solution_value": -0.00041597456028525845, "scaled_age": 0.0}, "40": {"bias": -0.5, "objective_cosine_similarity": -0.15994868715141844, "is_tight": 1.0, "dual_solution_value": -0.0055214348808921895, "scaled_age": 0.0}, "41": {"bias": -0.4472135954999579, "objective_cosine_similarity": -0.17639739591288228, "is_tight": 0.0, "dual_solution_value": 0.0, "scaled_age": 0.21794871794871795}, "42": {"bias": -0.4082482904638631, "objective_cosine_similarity": -0.41207966756775527, "is_tight": 0.0, "dual_solution_value": 0.0, "scaled_age": 0.21794871794871795}, "43": {"bias": -0.4082482904638631, "objective_cosine_similarity": -0.2586592374886833, "is_tight": 0.0, "dual_solution_value": 0.0, "scaled_age": 0.21794871794871795}, "44": {"bias": -0.4472135954999579, "objective_cosine_similarity": -0.22362189560609486, "is_tight": 0.0, "dual_solution_value": 0.0, "scaled_age": 0.21794871794871795}, "45": {"bias": -0.3779644730092272, "objective_cosine_similarity": -0.36507729141817136, "is_tight": 0.0, "dual_solution_value": 0.0, "scaled_age": 0.21794871794871795}, "46": {"bias": -0.4082482904638631, "objective_cosine_similarity": -0.37023773209164473, "is_tight": 0.0, "dual_solution_value": 0.0, "scaled_age": 0.21794871794871795}, "47": {"bias": -0.4082482904638631, "objective_cosine_similarity": -0.30303704784213387, "is_tight": 0.0, "dual_solution_value": 0.0, "scaled_age": 0.16666666666666666}, "48": {"bias": -0.4472135954999579, "objective_cosine_similarity": -0.21389920449278638, "is_tight": 0.0, "dual_solution_value": 0.0, "scaled_age": 0.21794871794871795}, "49": {"bias": -0.3779644730092272, "objective_cosine_similarity": -0.5728543993957159, "is_tight": 1.0, "dual_solution_value": -0.04234003694790012, "scaled_age": 0.0}, "50": {"bias": -0.3333333333333333, "objective_cosine_similarity": -0.3540611715584796, "is_tight": 0.0, "dual_solution_value": 0.0, "scaled_age": 0.21794871794871795}, "51": {"bias": -0.4472135954999579, "objective_cosine_similarity": -0.26945743942597766, "is_tight": 0.0, "dual_solution_value": 0.0, "scaled_age": 0.21794871794871795}, "52": {"bias": -0.4082482904638631, "objective_cosine_similarity": -0.3994002931810551, "is_tight": 0.0, "dual_solution_value": 0.0, "scaled_age": 0.21794871794871795}, "53": {"bias": -0.35355339059327373, "objective_cosine_similarity": -0.29098749855886596, "is_tight": 0.0, "dual_solution_value": 0.0, "scaled_age": 0.21794871794871795}, "54": {"bias": -0.4082482904638631, "objective_cosine_similarity": -0.34741485819558443, "is_tight": 0.0, "dual_solution_value": 0.0, "scaled_age": 0.21794871794871795}, "55": {"bias": -0.4082482904638631, "objective_cosine_similarity": -0.3385392961248943, "is_tight": 1.0, "dual_solution_value": -0.004778364006817093, "scaled_age": 0.0}, "56": {"bias": -0.4082482904638631, "objective_cosine_similarity": -0.4387063537798256, "is_tight": 1.0, "dual_solution_value": -0.03197544215240797, "scaled_age": 0.0}, "57": {"bias": -0.5, "objective_cosine_similarity": -0.21740598253590854, "is_tight": 0.0, "dual_solution_value": 0.0, "scaled_age": 0.21794871794871795}, "58": {"bias": -0.31622776601683794, "objective_cosine_similarity": -0.42035596999055924, "is_tight": 0.0, "dual_solution_value": 0.0, "scaled_age": 0.21794871794871795}, "59": {"bias": -0.5, "objective_cosine_similarity": -0.3183444744275804, "is_tight": 0.0, "dual_solution_value": 0.0, "scaled_age": 0.21794871794871795}, "60": {"bias": -0.3779644730092272, "objective_cosine_similarity": -0.32164365867710276, "is_tight": 0.0, "dual_solution_value": 0.0, "scaled_age": 0.19230769230769232}, "61": {"bias": -0.3779644730092272, "objective_cosine_similarity": -0.3909026946696176, "is_tight": 1.0, "dual_solution_value": -5.258241377442871e-06, "scaled_age": 0.0}, "62": {"bias": -0.7071067811865475, "objective_cosine_similarity": -0.14274858419868897, "is_tight": 1.0, "dual_solution_value": -0.030795687823895395, "scaled_age": 0.0}, "63": {"bias": -0.4082482904638631, "objective_cosine_similarity": -0.315716422228834, "is_tight": 1.0, "dual_solution_value": -3.914935804989952e-06, "scaled_age": 0.0}, "64": {"bias": -0.2672612419124244, "objective_cosine_similarity": -0.48226480100142344, "is_tight": 0.0, "dual_solution_value": 0.0, "scaled_age": 0.21794871794871795}, "65": {"bias": -0.4082482904638631, "objective_cosine_similarity": -0.2954294232101138, "is_tight": 0.0, "dual_solution_value": 0.0, "scaled_age": 0.21794871794871795}, "66": {"bias": -0.4472135954999579, "objective_cosine_similarity": -0.27084639529930743, "is_tight": 0.0, "dual_solution_value": 0.0, "scaled_age": 0.20512820512820512}, "67": {"bias": -0.5, "objective_cosine_similarity": -0.28883937679770705, "is_tight": 1.0, "dual_solution_value": -0.021329785056526808, "scaled_age": 0.0}, "68": {"bias": -0.4082482904638631, "objective_cosine_similarity": -0.2916256108941037, "is_tight": 0.0, "dual_solution_value": 0.0, "scaled_age": 0.21794871794871795}, "69": {"bias": -0.35355339059327373, "objective_cosine_similarity": -0.31734108333400857, "is_tight": 0.0, "dual_solution_value": 0.0, "scaled_age": 0.21794871794871795}, "70": {"bias": -0.4472135954999579, "objective_cosine_similarity": -0.3083482038792115, "is_tight": 1.0, "dual_solution_value": -0.017485229605823018, "scaled_age": 0.0}, "71": {"bias": -0.4472135954999579, "objective_cosine_similarity": -0.29862551276590305, "is_tight": 1.0, "dual_solution_value": -1.6527677711155924e-06, "scaled_age": 0.0}, "72": {"bias": -0.5773502691896258, "objective_cosine_similarity": -0.03944895508417031, "is_tight": 1.0, "dual_solution_value": -7.986687158039679e-06, "scaled_age": 0.0}, "73": {"bias": -0.30151134457776363, "objective_cosine_similarity": -0.4082851624221727, "is_tight": 0.0, "dual_solution_value": 0.0, "scaled_age": 0.21794871794871795}, "74": {"bias": -0.4472135954999579, "objective_cosine_similarity": -0.39724137977231755, "is_tight": 1.0, "dual_solution_value": -0.02688758703758218, "scaled_age": 0.0}, "75": {"bias": -0.3779644730092272, "objective_cosine_similarity": -0.26529732431031106, "is_tight": 1.0, "dual_solution_value": -4.0719924597208015e-05, "scaled_age": 0.0}, "76": {"bias": -0.7071067811865475, "objective_cosine_similarity": -0.12737565974652246, "is_tight": 0.0, "dual_solution_value": 0.0, "scaled_age": 0.1282051282051282}, "77": {"bias": -0.4082482904638631, "objective_cosine_similarity": -0.34995073307292446, "is_tight": 0.0, "dual_solution_value": 0.0, "scaled_age": 0.21794871794871795}, "78": {"bias": -0.4082482904638631, "objective_cosine_similarity": -0.30430498528080385, "is_tight": 0.0, "dual_solution_value": 0.0, "scaled_age": 0.21794871794871795}, "79": {"bias": -0.4082482904638631, "objective_cosine_similarity": -0.28655386113942366, "is_tight": 0.0, "dual_solution_value": 0.0, "scaled_age": 0.21794871794871795}, "80": {"bias": -0.4082482904638631, "objective_cosine_similarity": -0.24597986310198314, "is_tight": 0.0, "dual_solution_value": 0.0, "scaled_age": 0.21794871794871795}, "81": {"bias": -0.4472135954999579, "objective_cosine_similarity": -0.29862551276590305, "is_tight": 1.0, "dual_solution_value": -0.0023346631580733164, "scaled_age": 0.0}, "82": {"bias": -0.5, "objective_cosine_similarity": -0.23448788116372993, "is_tight": 0.0, "dual_solution_value": 0.0, "scaled_age": 0.19230769230769232}, "83": {"bias": -0.5, "objective_cosine_similarity": -0.24846398004103834, "is_tight": 1.0, "dual_solution_value": -0.005886089838089651, "scaled_age": 0.0}, "84": {"bias": -0.4082482904638631, "objective_cosine_similarity": -0.2649989246820334, "is_tight": 0.0, "dual_solution_value": 0.0, "scaled_age": 0.21794871794871795}, "85": {"bias": -0.4472135954999579, "objective_cosine_similarity": -0.23195563084607354, "is_tight": 1.0, "dual_solution_value": -3.700947459027381e-05, "scaled_age": 0.0}, "86": {"bias": -0.3333333333333333, "objective_cosine_similarity": -0.30333310896676763, "is_tight": 0.0, "dual_solution_value": 0.0, "scaled_age": 0.21794871794871795}, "87": {"bias": -0.4082482904638631, "objective_cosine_similarity": -0.23837223846996303, "is_tight": 0.0, "dual_solution_value": 0.0, "scaled_age": 0.21794871794871795}, "88": {"bias": -0.4472135954999579, "objective_cosine_similarity": -0.2583457924393394, "is_tight": 1.0, "dual_solution_value": -5.8862492467335235e-05, "scaled_age": 0.0}, "89": {"bias": -0.3779644730092272, "objective_cosine_similarity": -0.3239914226090524, "is_tight": 0.0, "dual_solution_value": 0.0, "scaled_age": 0.21794871794871795}, "90": {"bias": -0.4082482904638631, "objective_cosine_similarity": -0.28021417394607356, "is_tight": 1.0, "dual_solution_value": -0.006779509695506361, "scaled_age": 0.0}, "91": {"bias": -0.4082482904638631, "objective_cosine_similarity": -0.1508845552017319, "is_tight": 0.0, "dual_solution_value": 0.0, "scaled_age": 0.21794871794871795}, "92": {"bias": -0.4472135954999579, "objective_cosine_similarity": -0.26806848355264784, "is_tight": 0.0, "dual_solution_value": 0.0, "scaled_age": 0.21794871794871795}, "93": {"bias": -0.4082482904638631, "objective_cosine_similarity": -0.20160205274853257, "is_tight": 0.0, "dual_solution_value": 0.0, "scaled_age": 0.1282051282051282}, "94": {"bias": -0.4472135954999579, "objective_cosine_similarity": -0.2361224984660629, "is_tight": 0.0, "dual_solution_value": 0.0, "scaled_age": 0.21794871794871795}, "95": {"bias": -0.5773502691896258, "objective_cosine_similarity": -0.15062328304865027, "is_tight": 1.0, "dual_solution_value": -2.3701484210541057e-05, "scaled_age": 0.0}, "96": {"bias": -0.5, "objective_cosine_similarity": -0.15994868715141844, "is_tight": 0.0, "dual_solution_value": 0.0, "scaled_age": 0.038461538461538464}, "97": {"bias": -0.35355339059327373, "objective_cosine_similarity": -0.29098749855886596, "is_tight": 0.0, "dual_solution_value": 0.0, "scaled_age": 0.21794871794871795}, "98": {"bias": -0.3779644730092272, "objective_cosine_similarity": -0.5118125371650248, "is_tight": 1.0, "dual_solution_value": -0.004723207865439613, "scaled_age": 0.0}, "99": {"bias": -0.5, "objective_cosine_similarity": -0.1195732903947497, "is_tight": 0.0, "dual_solution_value": 0.0, "scaled_age": 0.21794871794871795}, "100": {"bias": -0.5, "objective_cosine_similarity": -0.30436837555027196, "is_tight": 1.0, "dual_solution_value": -0.016102937846442383, "scaled_age": 0.0}, "101": {"bias": -0.4082482904638631, "objective_cosine_similarity": -0.40954379269041524, "is_tight": 0.0, "dual_solution_value": 0.0, "scaled_age": 0.20512820512820512}, "102": {"bias": -0.4472135954999579, "objective_cosine_similarity": -0.2625126600593287, "is_tight": 0.0, "dual_solution_value": 0.0, "scaled_age": 0.1794871794871795}, "103": {"bias": -0.3779644730092272, "objective_cosine_similarity": -0.3369041242347755, "is_tight": 0.0, "dual_solution_value": 0.0, "scaled_age": 0.21794871794871795}, "104": {"bias": -0.4472135954999579, "objective_cosine_similarity": -0.28890282165259457, "is_tight": 1.0, "dual_solution_value": -0.002571996838232699, "scaled_age": 0.0}, "105": {"bias": -0.4472135954999579, "objective_cosine_similarity": -0.25140101307269047, "is_tight": 0.0, "dual_solution_value": 0.0, "scaled_age": 0.11538461538461539}, "106": {"bias": -0.5, "objective_cosine_similarity": -0.3944365683151484, "is_tight": 1.0, "dual_solution_value": -0.04365857026257064, "scaled_age": 0.0}, "107": {"bias": -0.5773502691896258, "objective_cosine_similarity": -0.24027999914903736, "is_tight": 0.0, "dual_solution_value": 0.0, "scaled_age": 0.21794871794871795}, "108": {"bias": -0.5, "objective_cosine_similarity": -0.30592127542552844, "is_tight": 0.0, "dual_solution_value": 0.0, "scaled_age": 0.21794871794871795}, "109": {"bias": -0.5773502691896258, "objective_cosine_similarity": -0.16317522330270448, "is_tight": 0.0, "dual_solution_value": 0.0, "scaled_age": 0.20512820512820512}, "110": {"bias": -0.35355339059327373, "objective_cosine_similarity": -0.2756145741066995, "is_tight": 0.0, "dual_solution_value": 0.0, "scaled_age": 0.21794871794871795}, "111": {"bias": -0.35355339059327373, "objective_cosine_similarity": -0.3371062719153655, "is_tight": 0.0, "dual_solution_value": 0.0, "scaled_age": 0.21794871794871795}, "112": {"bias": -1.2906902091525518, "objective_cosine_similarity": -0.8697034982783424, "is_tight": 1.0, "dual_solution_value": -0.003720172516674846, "scaled_age": 0.0}, "113": {"bias": -1.021054940485262, "objective_cosine_similarity": -0.8276811588284039, "is_tight": 0.0, "dual_solution_value": -0.0, "scaled_age": 0.14102564102564102}, "114": {"bias": -1.2739274490033652, "objective_cosine_similarity": -0.8740126552687993, "is_tight": 1.0, "dual_solution_value": -0.0018313719622156264, "scaled_age": 0.0}, "115": {"bias": -1.1322770341445956, "objective_cosine_similarity": -0.833440298047413, "is_tight": 0.0, "dual_solution_value": -0.0, "scaled_age": 0.11538461538461539}, "116": {"bias": -1.2045254717483893, "objective_cosine_similarity": -0.904234478784882, "is_tight": 0.0, "dual_solution_value": -0.0, "scaled_age": 0.14102564102564102}, "117": {"bias": -1.2631721732315597, "objective_cosine_similarity": -0.9030377602472336, "is_tight": 1.0, "dual_solution_value": -0.0026004249325643565, "scaled_age": 0.0}, "118": {"bias": -1.028991510855053, "objective_cosine_similarity": -0.6966934639372041, "is_tight": 0.0, "dual_solution_value": -0.0, "scaled_age": 0.11538461538461539}, "119": {"bias": -1.3142368314557928, "objective_cosine_similarity": -0.8889778138986661, "is_tight": 1.0, "dual_solution_value": -0.0009176390863003758, "scaled_age": 0.0}, "120": {"bias": -1.0504514628777804, "objective_cosine_similarity": -0.8470244572870198, "is_tight": 0.0, "dual_solution_value": -0.0, "scaled_age": 0.0641025641025641}, "121": {"bias": -1.1468292773139113, "objective_cosine_similarity": -0.8729702124313974, "is_tight": 0.0, "dual_solution_value": -0.0, "scaled_age": 0.02564102564102564}, "122": {"bias": -1.0375129498079088, "objective_cosine_similarity": -0.898528041916868, "is_tight": 0.0, "dual_solution_value": -0.0, "scaled_age": 0.01282051282051282}, "123": {"bias": -1.086150773283409, "objective_cosine_similarity": -0.8376491436946202, "is_tight": 0.0, "dual_solution_value": -0.0, "scaled_age": 0.038461538461538464}, "124": {"bias": -1.1428571428571428, "objective_cosine_similarity": -0.8397490944482237, "is_tight": 0.0, "dual_solution_value": -0.0, "scaled_age": 0.02564102564102564}, "125": {"bias": -1.1414602910706992, "objective_cosine_similarity": -0.8540259333131892, "is_tight": 1.0, "dual_solution_value": -2.0627064998039437e-06, "scaled_age": 0.0}, "126": {"bias": -1.1374222491833426, "objective_cosine_similarity": -0.8639744318590731, "is_tight": 1.0, "dual_solution_value": -1.2558353204768418e-06, "scaled_age": 0.0}, "127": {"bias": -1.1082170316950644, "objective_cosine_similarity": -0.8837078713569225, "is_tight": 1.0, "dual_solution_value": -2.432696939452475e-06, "scaled_age": 0.0}}