{"0": {"bias": -1.0846522890932808, "objective_cosine_similarity": -0.7145202577761272, "is_tight": 0.0, "dual_solution_value": -0.0, "scaled_age": 0.03773584905660377}, "1": {"bias": -1.2268693220279547, "objective_cosine_similarity": -0.853709662146714, "is_tight": 0.0, "dual_solution_value": -0.0, "scaled_age": 0.02830188679245283}, "2": {"bias": -1.1666666666666667, "objective_cosine_similarity": -0.6894914961196474, "is_tight": 0.0, "dual_solution_value": -0.0, "scaled_age": 0.07547169811320754}, "3": {"bias": -1.2664755805145254, "objective_cosine_similarity": -0.8936812010397386, "is_tight": 0.0, "dual_solution_value": -0.0, "scaled_age": 0.05660377358490566}, "4": {"bias": -1.0425720702853738, "objective_cosine_similarity": -0.7404965216305369, "is_tight": 1.0, "dual_solution_value": -0.0006832270054798133, "scaled_age": 0.0}, "5": {"bias": -1.5105264449340403, "objective_cosine_similarity": -0.8759294788870334, "is_tight": 0.0, "dual_solution_value": -0.0, "scaled_age": 0.018867924528301886}, "6": {"bias": -1.4488502553520792, "objective_cosine_similarity": -0.9175420048881611, "is_tight": 0.0, "dual_solution_value": -0.0, "scaled_age": 0.009433962264150943}, "7": {"bias": -1.3230384187598796, "objective_cosine_similarity": -0.8622740258267633, "is_tight": 0.0, "dual_solution_value": -0.0, "scaled_age": 0.0660377358490566}, "8": {"bias": -1.2649110640673518, "objective_cosine_similarity": -0.9217946644203393, "is_tight": 0.0, "dual_solution_value": -0.0, "scaled_age": 0.009433962264150943}, "9": {"bias": -1.01418510567422, "objective_cosine_similarity": -0.8052861352550773, "is_tight": 0.0, "dual_solution_value": -0.0, "scaled_age": 0.009433962264150943}, "10": {"bias": -1.0552897060221726, "objective_cosine_similarity": -0.7971185053405732, "is_tight": 0.0, "dual_solution_value": -0.0, "scaled_age": 0.07547169811320754}, "11": {"bias": -1.278724026182012, "objective_cosine_similarity": -0.9202966953618457, "is_tight": 1.0, "dual_solution_value": -4.03136905198833e-05, "scaled_age": 0.0}, "12": {"bias": -1.3320141153064136, "objective_cosine_similarity": -0.8983805600660454, "is_tight": 0.0, "dual_solution_value": -0.0, "scaled_age": 0.02830188679245283}, "13": {"bias": -1.308013942560877, "objective_cosine_similarity": -0.8972894008410913, "is_tight": 0.0, "dual_solution_value": -0.0, "scaled_age": 0.0660377358490566}, "14": {"bias": -1.3627227953721055, "objective_cosine_similarity": -0.9328837056267879, "is_tight": 0.0, "dual_solution_value": 0.0, "scaled_age": 0.02830188679245283}, "15": {"bias": -1.2621133959155857, "objective_cosine_similarity": -0.8739040572312464, "is_tight": 0.0, "dual_solution_value": 0.0, "scaled_age": 0.02830188679245283}, "16": {"bias": -1.3453701940938116, "objective_cosine_similarity": -0.8948629932887744, "is_tight": 0.0, "dual_solution_value": 0.0, "scaled_age": 0.03773584905660377}, "17": {"bias": -1.3886392059390893, "objective_cosine_similarity": -0.8779557068383944, "is_tight": 1.0, "dual_solution_value": -0.00014501956767652217, "scaled_age": 0.0}, "18": {"bias": -1.3612946748545633, "objective_cosine_similarity": -0.9104821665978334, "is_tight": 0.0, "dual_solution_value": 0.0, "scaled_age": 0.018867924528301886}, "19": {"bias": -0.5, "objective_cosine_similarity": -0.25129057539300403, "is_tight": 1.0, "dual_solution_value": -0.0032621856616068504, "scaled_age": 0.0}, "20": {"bias": -0.4472135954999579, "objective_cosine_similarity": -0.2619117223947597, "is_tight": 0.0, "dual_solution_value": 0.0, "scaled_age": 0.11320754716981132}, "21": {"bias": -0.5, "objective_cosine_similarity": -0.26582804669673155, "is_tight": 1.0, "dual_solution_value": -0.00016815782632697917, "scaled_age": 0.0}, "22": {"bias": -0.3779644730092272, "objective_cosine_similarity": -0.5243463786248125, "is_tight": 0.0, "dual_solution_value": 0.0, "scaled_age": 0.19811320754716982}, "23": {"bias": -0.7071067811865475, "objective_cosine_similarity": -0.14097661083662483, "is_tight": 1.0, "dual_solution_value": -0.00019714615060534513, "scaled_age": 0.0}, "24": {"bias": -0.3779644730092272, "objective_cosine_similarity": -0.5494647680200131, "is_tight": 1.0, "dual_solution_value": -0.015664601594976173, "scaled_age": 0.0}, "25": {"bias": -0.4472135954999579, "objective_cosine_similarity": -0.31763762077662344, "is_tight": 0.0, "dual_solution_value": 0.0, "scaled_age": 0.19811320754716982}, "26": {"bias": -0.4082482904638631, "objective_cosine_similarity": -0.29674489037071106, "is_tight": 0.0, "dual_solution_value": 0.0, "scaled_age": 0.018867924528301886}, "27": {"bias": -0.4472135954999579, "objective_cosine_similarity": -0.2916322015317537, "is_tight": 1.0, "dual_solution_value": -0.0037150598921242505, "scaled_age": 0.0}, "28": {"bias": -0.5, "objective_cosine_similarity": -0.1765264372595483, "is_tight": 0.0, "dual_solution_value": 0.0, "scaled_age": 0.19811320754716982}, "29": {"bias": -0.4472135954999579, "objective_cosine_similarity": -0.26376925234082177, "is_tight": 0.0, "dual_solution_value": 0.0, "scaled_age": 0.018867924528301886}, "30": {"bias": -0.3779644730092272, "objective_cosine_similarity": -0.4756794991716113, "is_tight": 0.0, "dual_solution_value": 0.0, "scaled_age": 0.19811320754716982}, "31": {"bias": -0.4472135954999579, "objective_cosine_similarity": -0.22476112347351718, "is_tight": 0.0, "dual_solution_value": 0.0, "scaled_age": 0.19811320754716982}, "32": {"bias": -0.4472135954999579, "objective_cosine_similarity": -0.2489090127723248, "is_tight": 0.0, "dual_solution_value": 0.0, "scaled_age": 0.19811320754716982}, "33": {"bias": -0.4082482904638631, "objective_cosine_similarity": -0.24757002282356466, "is_tight": 0.0, "dual_solution_value": 0.0, "scaled_age": 0.0660377358490566}, "34": {"bias": -0.4082482904638631, "objective_cosine_similarity": -0.44087812283648503, "is_tight": 1.0, "dual_solution_value": -0.020717882519535238, "scaled_age": 0.0}, "35": {"bias": -0.4472135954999579, "objective_cosine_similarity": -0.34735809991361744, "is_tight": 1.0, "dual_solution_value": -0.010827931394882908, "scaled_age": 0.0}, "36": {"bias": -0.4472135954999579, "objective_cosine_similarity": -0.18761052455227464, "is_tight": 0.0, "dual_solution_value": 0.0, "scaled_age": 0.19811320754716982}, "37": {"bias": -0.5, "objective_cosine_similarity": -0.09137839105200148, "is_tight": 0.0, "dual_solution_value": 0.0, "scaled_age": 0.19811320754716982}, "38": {"bias": -0.4472135954999579, "objective_cosine_similarity": -0.31763762077662344, "is_tight": 1.0, "dual_solution_value": -0.023684205648704718, "scaled_age": 0.0}, "39": {"bias": -0.5773502691896258, "objective_cosine_similarity": -0.19184486789813796, "is_tight": 1.0, "dual_solution_value": -5.989086160061937e-05, "scaled_age": 0.0}, "40": {"bias": -0.3779644730092272, "objective_cosine_similarity": -0.3579370488816085, "is_tight": 0.0, "dual_solution_value": 0.0, "scaled_age": 0.02830188679245283}, "41": {"bias": -0.4472135954999579, "objective_cosine_similarity": -0.2136159437971444, "is_tight": 0.0, "dual_solution_value": 0.0, "scaled_age": 0.10377358490566038}, "42": {"bias": -0.7071067811865475, "objective_cosine_similarity": -0.09104739449865352, "is_tight": 1.0, "dual_solution_value": -0.003135274776014959, "scaled_age": 0.0}, "43": {"bias": -0.7071067811865475, "objective_cosine_similarity": -0.173283750820018, "is_tight": 1.0, "dual_solution_value": -0.05153657783832664, "scaled_age": 0.0}, "44": {"bias": -0.4082482904638631, "objective_cosine_similarity": -0.19669947018858563, "is_tight": 0.0, "dual_solution_value": 0.0, "scaled_age": 0.19811320754716982}, "45": {"bias": -0.3779644730092272, "objective_cosine_similarity": -0.27473238401000655, "is_tight": 0.0, "dual_solution_value": 0.0, "scaled_age": 0.19811320754716982}, "46": {"bias": -0.4472135954999579, "objective_cosine_similarity": -0.30463491115418856, "is_tight": 0.0, "dual_solution_value": 0.0, "scaled_age": 0.19811320754716982}, "47": {"bias": -0.4472135954999579, "objective_cosine_similarity": -0.2934897314778158, "is_tight": 0.0, "dual_solution_value": 0.0, "scaled_age": 0.07547169811320754}, "48": {"bias": -0.4472135954999579, "objective_cosine_similarity": -0.36779092932030083, "is_tight": 0.0, "dual_solution_value": 0.0, "scaled_age": 0.19811320754716982}, "49": {"bias": -0.4082482904638631, "objective_cosine_similarity": -0.2560484482627278, "is_tight": 1.0, "dual_solution_value": -0.0006465593609484154, "scaled_age": 0.0}, "50": {"bias": -0.5773502691896258, "objective_cosine_similarity": -0.26138863251121297, "is_tight": 1.0, "dual_solution_value": -9.086628230261585e-06, "scaled_age": 0.0}, "51": {"bias": -0.4082482904638631, "objective_cosine_similarity": -0.30183194563420895, "is_tight": 0.0, "dual_solution_value": 0.0, "scaled_age": 0.04716981132075472}, "52": {"bias": -0.4082482904638631, "objective_cosine_similarity": -0.14074186229010868, "is_tight": 0.0, "dual_solution_value": 0.0, "scaled_age": 0.19811320754716982}, "53": {"bias": -0.5, "objective_cosine_similarity": -0.33228505837091443, "is_tight": 1.0, "dual_solution_value": -0.031105049066502275, "scaled_age": 0.0}, "54": {"bias": -0.5, "objective_cosine_similarity": -0.4651990817192802, "is_tight": 1.0, "dual_solution_value": -0.06895482385175382, "scaled_age": 0.0}, "55": {"bias": -0.5, "objective_cosine_similarity": -0.2637512650819133, "is_tight": 0.0, "dual_solution_value": 0.0, "scaled_age": 0.19811320754716982}, "56": {"bias": -0.5773502691896258, "objective_cosine_similarity": -0.0983204947977957, "is_tight": 0.0, "dual_solution_value": 0.0, "scaled_age": 0.1320754716981132}, "57": {"bias": -0.5, "objective_cosine_similarity": -0.17029609241509364, "is_tight": 0.0, "dual_solution_value": 0.0, "scaled_age": 0.19811320754716982}, "58": {"bias": -0.35355339059327373, "objective_cosine_similarity": -0.35831555254308806, "is_tight": 0.0, "dual_solution_value": 0.0, "scaled_age": 0.19811320754716982}, "59": {"bias": -0.5, "objective_cosine_similarity": -0.18483356371882115, "is_tight": 1.0, "dual_solution_value": -0.0012821336347418808, "scaled_age": 0.0}, "60": {"bias": -0.5773502691896258, "objective_cosine_similarity": -0.3117479103344742, "is_tight": 1.0, "dual_solution_value": -0.0338761763670715, "scaled_age": 0.0}, "61": {"bias": -0.5, "objective_cosine_similarity": -0.2429834489337312, "is_tight": 0.0, "dual_solution_value": 0.0, "scaled_age": 0.12264150943396226}, "62": {"bias": -0.5, "objective_cosine_similarity": -0.2056013798670033, "is_tight": 1.0, "dual_solution_value": -0.0008543825381294145, "scaled_age": 0.0}, "63": {"bias": -0.5, "objective_cosine_similarity": -0.21183172471145795, "is_tight": 0.0, "dual_solution_value": 0.0, "scaled_age": 0.018867924528301886}, "64": {"bias": -0.3333333333333333, "objective_cosine_similarity": -0.5496548673885543, "is_tight": 0.0, "dual_solution_value": 0.0, "scaled_age": 0.19811320754716982}, "65": {"bias": -0.5, "objective_cosine_similarity": -0.16614252918545722, "is_tight": 0.0, "dual_solution_value": 0.0, "scaled_age": 0.19811320754716982}, "66": {"bias": -0.4082482904638631, "objective_cosine_similarity": -0.21196063597907933, "is_tight": 0.0, "dual_solution_value": 0.0, "scaled_age": 0.19811320754716982}, "67": {"bias": -0.4472135954999579, "objective_cosine_similarity": -0.2266186534195793, "is_tight": 0.0, "dual_solution_value": 0.0, "scaled_age": 0.19811320754716982}, "68": {"bias": -0.4472135954999579, "objective_cosine_similarity": -0.32506774056087195, "is_tight": 0.0, "dual_solution_value": 0.0, "scaled_age": 0.0660377358490566}, "69": {"bias": -0.3779644730092272, "objective_cosine_similarity": -0.36892634424200876, "is_tight": 0.0, "dual_solution_value": 0.0, "scaled_age": 0.19811320754716982}, "70": {"bias": -0.4472135954999579, "objective_cosine_similarity": -0.3585032795899902, "is_tight": 0.0, "dual_solution_value": 0.0, "scaled_age": 0.009433962264150943}, "71": {"bias": -0.7071067811865475, "objective_cosine_similarity": -0.10866947085323163, "is_tight": 0.0, "dual_solution_value": 0.0, "scaled_age": 0.009433962264150943}, "72": {"bias": -0.4082482904638631, "objective_cosine_similarity": -0.1865253596615898, "is_tight": 0.0, "dual_solution_value": 0.0, "scaled_age": 0.19811320754716982}, "73": {"bias": -0.5773502691896258, "objective_cosine_similarity": -0.22781578062903882, "is_tight": 1.0, "dual_solution_value": -0.00014393364372787028, "scaled_age": 0.0}, "74": {"bias": -0.4082482904638631, "objective_cosine_similarity": -0.2882664649315479, "is_tight": 1.0, "dual_solution_value": -3.7927532053628204e-05, "scaled_age": 0.0}, "75": {"bias": -0.4472135954999579, "objective_cosine_similarity": -0.26376925234082177, "is_tight": 0.0, "dual_solution_value": 0.0, "scaled_age": 0.19811320754716982}, "76": {"bias": -0.5, "objective_cosine_similarity": -0.2616744834670951, "is_tight": 0.0, "dual_solution_value": 0.0, "scaled_age": 0.05660377358490566}, "77": {"bias": -0.4472135954999579, "objective_cosine_similarity": -0.3696484592663629, "is_tight": 1.0, "dual_solution_value": -0.01774713208424507, "scaled_age": 0.0}, "78": {"bias": -0.5773502691896258, "objective_cosine_similarity": -0.2517963891163061, "is_tight": 1.0, "dual_solution_value": -0.02326397411530648, "scaled_age": 0.0}, "79": {"bias": -0.3333333333333333, "objective_cosine_similarity": -0.35859095882527847, "is_tight": 0.0, "dual_solution_value": 0.0, "scaled_age": 0.19811320754716982}, "80": {"bias": -0.4472135954999579, "objective_cosine_similarity": -0.25262407266444903, "is_tight": 0.0, "dual_solution_value": 0.0, "scaled_age": 0.19811320754716982}, "81": {"bias": -0.5, "objective_cosine_similarity": -0.20767816148182153, "is_tight": 1.0, "dual_solution_value": -4.602885825547055e-05, "scaled_age": 0.0}, "82": {"bias": -0.4082482904638631, "objective_cosine_similarity": -0.29674489037071106, "is_tight": 0.0, "dual_solution_value": 0.0, "scaled_age": 0.19811320754716982}, "83": {"bias": -0.3779644730092272, "objective_cosine_similarity": -0.3547972502072084, "is_tight": 0.0, "dual_solution_value": 0.0, "scaled_age": 0.19811320754716982}, "84": {"bias": -0.4472135954999579, "objective_cosine_similarity": -0.34735809991361744, "is_tight": 0.0, "dual_solution_value": 0.0, "scaled_age": 0.12264150943396226}, "85": {"bias": -0.4082482904638631, "objective_cosine_similarity": -0.2730052991410542, "is_tight": 0.0, "dual_solution_value": 0.0, "scaled_age": 0.19811320754716982}, "86": {"bias": -0.5, "objective_cosine_similarity": -0.492197242711917, "is_tight": 1.0, "dual_solution_value": -0.050983161075523434, "scaled_age": 0.0}, "87": {"bias": -0.3779644730092272, "objective_cosine_similarity": -0.3657865455676087, "is_tight": 0.0, "dual_solution_value": 0.0, "scaled_age": 0.19811320754716982}, "88": {"bias": -0.5773502691896258, "objective_cosine_similarity": -0.18944680704941125, "is_tight": 1.0, "dual_solution_value": -0.0004735301557548291, "scaled_age": 0.0}, "89": {"bias": -0.4472135954999579, "objective_cosine_similarity": -0.2711993721250703, "is_tight": 1.0, "dual_solution_value": -0.00012069110028911859, "scaled_age": 0.0}, "90": {"bias": -0.5, "objective_cosine_similarity": -0.3115172422227323, "is_tight": 0.0, "dual_solution_value": 0.0, "scaled_age": 0.02830188679245283}, "91": {"bias": -0.5773502691896258, "objective_cosine_similarity": -0.3405246405191949, "is_tight": 1.0, "dual_solution_value": -0.007734479763983667, "scaled_age": 0.0}, "92": {"bias": -0.4472135954999579, "objective_cosine_similarity": -0.2786294919093188, "is_tight": 1.0, "dual_solution_value": -6.793420161768102e-06, "scaled_age": 0.0}, "93": {"bias": -0.4472135954999579, "objective_cosine_similarity": -0.23776383309595203, "is_tight": 0.0, "dual_solution_value": 0.0, "scaled_age": 0.19811320754716982}, "94": {"bias": -0.0, "objective_cosine_similarity": -0.3455005699675553, "is_tight": 0.0, "dual_solution_value": 0.0, "scaled_age": 0.009433962264150943}, "95": {"bias": -1.2765694770084508, "objective_cosine_similarity": -0.933447933184644, "is_tight": 1.0, "dual_solution_value": -1.272872809650609e-06, "scaled_age": 0.0}, "96": {"bias": -1.3125, "objective_cosine_similarity": -0.931825950798748, "is_tight": 1.0, "dual_solution_value": -1.846713094800112e-05, "scaled_age": 0.0}, "97": {"bias": -1.3838878597492221, "objective_cosine_similarity": -0.9272729436120705, "is_tight": 1.0, "dual_solution_value": -3.366773993045212e-05, "scaled_age": 0.0}, "98": {"bias": -1.399805176106764, "objective_cosine_similarity": -0.931877976473435, "is_tight": 0.0, "dual_solution_value": -0.0, "scaled_age": 0.07547169811320754}, "99": {"bias": -1.3827829730376533, "objective_cosine_similarity": -0.9277807702077179, "is_tight": 1.0, "dual_solution_value": -0.020189945998225045, "scaled_age": 0.0}, "100": {"bias": -1.278724026182012, "objective_cosine_similarity": -0.8688740311141875, "is_tight": 0.0, "dual_solution_value": -0.0, "scaled_age": 0.09433962264150944}, "101": {"bias": -1.2881812805361237, "objective_cosine_similarity": -0.8953240949234297, "is_tight": 0.0, "dual_solution_value": -0.0, "scaled_age": 0.02830188679245283}, "102": {"bias": -1.3707963730317083, "objective_cosine_similarity": -0.9311372066454042, "is_tight": 0.0, "dual_solution_value": -0.0, "scaled_age": 0.07547169811320754}, "103": {"bias": -1.3082019741092317, "objective_cosine_similarity": -0.915369396949953, "is_tight": 0.0, "dual_solution_value": -0.0, "scaled_age": 0.009433962264150943}, "104": {"bias": -1.3028828309068905, "objective_cosine_similarity": -0.9223605305584143, "is_tight": 1.0, "dual_solution_value": -1.3796426788346788e-05, "scaled_age": 0.0}, "105": {"bias": -1.3737611152350004, "objective_cosine_similarity": -0.9205193773469026, "is_tight": 1.0, "dual_solution_value": -0.002224081735959454, "scaled_age": 0.0}, "106": {"bias": -1.3368353349875546, "objective_cosine_similarity": -0.9383944854606281, "is_tight": 0.0, "dual_solution_value": -0.0, "scaled_age": 0.03773584905660377}, "107": {"bias": -1.2582281880891508, "objective_cosine_similarity": -0.9294471798521966, "is_tight": 1.0, "dual_solution_value": -7.192539933765461e-06, "scaled_age": 0.0}, "108": {"bias": -1.3491665147097696, "objective_cosine_similarity": -0.93892480380231, "is_tight": 1.0, "dual_solution_value": -3.96907788141031e-06, "scaled_age": 0.0}, "109": {"bias": -1.3220813740703956, "objective_cosine_similarity": -0.9159991846081951, "is_tight": 1.0, "dual_solution_value": -2.5226183198293868e-05, "scaled_age": 0.0}, "110": {"bias": -1.3654800506215232, "objective_cosine_similarity": -0.9314400350473675, "is_tight": 1.0, "dual_solution_value": -7.872383590839316e-06, "scaled_age": 0.0}, "111": {"bias": -1.3663928970062431, "objective_cosine_similarity": -0.9372516548776013, "is_tight": 1.0, "dual_solution_value": -5.993421610710641e-06, "scaled_age": 0.0}}