{"0": {"bias": -1.1428571428571428, "objective_cosine_similarity": -0.8504666624469469, "is_tight": 0.0, "dual_solution_value": -0.0, "scaled_age": 0.03225806451612903}, "1": {"bias": -1.0, "objective_cosine_similarity": -0.7490200595080698, "is_tight": 1.0, "dual_solution_value": -3.4760429861965616e-05, "scaled_age": 0.0}, "2": {"bias": -1.0954451150103321, "objective_cosine_similarity": -0.8389500872879291, "is_tight": 1.0, "dual_solution_value": -0.00012966113061465276, "scaled_age": 0.0}, "3": {"bias": -0.6324555320336759, "objective_cosine_similarity": -0.4840374320710951, "is_tight": 0.0, "dual_solution_value": -0.0, "scaled_age": 0.016129032258064516}, "4": {"bias": -1.309985586478162, "objective_cosine_similarity": -0.8420027930115105, "is_tight": 1.0, "dual_solution_value": -6.12510011467195e-08, "scaled_age": 0.0}, "5": {"bias": -1.2102241458005294, "objective_cosine_similarity": -0.8422257448007924, "is_tight": 1.0, "dual_solution_value": -1.8292781096702876e-08, "scaled_age": 0.0}, "6": {"bias": -1.3026637363406184, "objective_cosine_similarity": -0.9348031702390749, "is_tight": 0.0, "dual_solution_value": 0.0, "scaled_age": 0.03225806451612903}, "7": {"bias": -1.3175838944039386, "objective_cosine_similarity": -0.9069494141255042, "is_tight": 1.0, "dual_solution_value": -0.006321856026832263, "scaled_age": 0.0}, "8": {"bias": -1.3256489331368035, "objective_cosine_similarity": -0.9144814599751351, "is_tight": 1.0, "dual_solution_value": -0.003567329451886687, "scaled_age": 0.0}, "9": {"bias": -1.1437358276542675, "objective_cosine_similarity": -0.8200268584218008, "is_tight": 1.0, "dual_solution_value": -0.00016544402392924845, "scaled_age": 0.0}, "10": {"bias": -1.3790439401852037, "objective_cosine_similarity": -0.9158182806026959, "is_tight": 1.0, "dual_solution_value": -0.00815971007577397, "scaled_age": 0.0}, "11": {"bias": -0.5, "objective_cosine_similarity": -0.27288419253434704, "is_tight": 0.0, "dual_solution_value": 0.0, "scaled_age": 0.20967741935483872}, "12": {"bias": -0.4472135954999579, "objective_cosine_similarity": -0.30298970705806705, "is_tight": 1.0, "dual_solution_value": -0.00041085693580606146, "scaled_age": 0.0}, "13": {"bias": -0.5, "objective_cosine_similarity": -0.29640869189075625, "is_tight": 1.0, "dual_solution_value": -0.013891441753240532, "scaled_age": 0.0}, "14": {"bias": -0.4472135954999579, "objective_cosine_similarity": -0.32683611918763716, "is_tight": 1.0, "dual_solution_value": -0.0001252980576587887, "scaled_age": 0.0}, "15": {"bias": -0.7071067811865475, "objective_cosine_similarity": -0.1419463084282499, "is_tight": 1.0, "dual_solution_value": -0.0007554624603263426, "scaled_age": 0.0}, "16": {"bias": -0.4472135954999579, "objective_cosine_similarity": -0.2777405648032281, "is_tight": 0.0, "dual_solution_value": 0.0, "scaled_age": 0.3387096774193548}, "17": {"bias": -0.5, "objective_cosine_similarity": -0.3371844907751989, "is_tight": 1.0, "dual_solution_value": -0.045480698755724504, "scaled_age": 0.0}, "18": {"bias": -0.35355339059327373, "objective_cosine_similarity": -0.2373164844034803, "is_tight": 0.0, "dual_solution_value": 0.0, "scaled_age": 0.3387096774193548}, "19": {"bias": -0.5, "objective_cosine_similarity": -0.18505939493708592, "is_tight": 1.0, "dual_solution_value": -0.001100054336662955, "scaled_age": 0.0}, "20": {"bias": -0.5, "objective_cosine_similarity": -0.26817929266306517, "is_tight": 0.0, "dual_solution_value": 0.0, "scaled_age": 0.3387096774193548}, "21": {"bias": -0.4472135954999579, "objective_cosine_similarity": -0.3254333890623683, "is_tight": 0.0, "dual_solution_value": 0.0, "scaled_age": 0.20967741935483872}, "22": {"bias": -0.4082482904638631, "objective_cosine_similarity": -0.29579816870518727, "is_tight": 0.0, "dual_solution_value": 0.0, "scaled_age": 0.3387096774193548}, "23": {"bias": -0.5, "objective_cosine_similarity": -0.2948403919336623, "is_tight": 1.0, "dual_solution_value": -0.0003928916214695149, "scaled_age": 0.0}, "24": {"bias": -0.5, "objective_cosine_similarity": -0.2556328930063136, "is_tight": 0.0, "dual_solution_value": 0.0, "scaled_age": 0.3387096774193548}, "25": {"bias": -0.4472135954999579, "objective_cosine_similarity": -0.37312621332150847, "is_tight": 1.0, "dual_solution_value": -0.007789470758423837, "scaled_age": 0.0}, "26": {"bias": -0.5, "objective_cosine_similarity": -0.33247959090391704, "is_tight": 0.0, "dual_solution_value": 0.0, "scaled_age": 0.16129032258064516}, "27": {"bias": -0.5773502691896258, "objective_cosine_similarity": -0.17928076367485743, "is_tight": 1.0, "dual_solution_value": -0.0003872957210027842, "scaled_age": 0.0}, "28": {"bias": -0.4472135954999579, "objective_cosine_similarity": -0.18516037653548542, "is_tight": 0.0, "dual_solution_value": 0.0, "scaled_age": 0.3387096774193548}, "29": {"bias": -0.5, "objective_cosine_similarity": -0.3763919897025476, "is_tight": 1.0, "dual_solution_value": -0.028719446940657378, "scaled_age": 0.0}, "30": {"bias": -0.5, "objective_cosine_similarity": -0.11291759691076429, "is_tight": 0.0, "dual_solution_value": 0.0, "scaled_age": 0.3387096774193548}, "31": {"bias": -0.5, "objective_cosine_similarity": -0.1489884959239251, "is_tight": 0.0, "dual_solution_value": 0.0, "scaled_age": 0.3387096774193548}, "32": {"bias": -0.3779644730092272, "objective_cosine_similarity": -0.5062184634501103, "is_tight": 0.0, "dual_solution_value": 0.0, "scaled_age": 0.3387096774193548}, "33": {"bias": -0.4472135954999579, "objective_cosine_similarity": -0.23565866104516325, "is_tight": 0.0, "dual_solution_value": 0.0, "scaled_age": 0.04838709677419355}, "34": {"bias": -0.4472135954999579, "objective_cosine_similarity": -0.17253580540806596, "is_tight": 0.0, "dual_solution_value": 0.0, "scaled_age": 0.3387096774193548}, "35": {"bias": -0.4082482904638631, "objective_cosine_similarity": -0.29707868025802353, "is_tight": 0.0, "dual_solution_value": 0.0, "scaled_age": 0.3387096774193548}, "36": {"bias": -0.5, "objective_cosine_similarity": -0.3607089901316081, "is_tight": 1.0, "dual_solution_value": -0.009402261663588775, "scaled_age": 0.0}, "37": {"bias": -0.5773502691896258, "objective_cosine_similarity": -0.161171595626892, "is_tight": 0.0, "dual_solution_value": 0.0, "scaled_age": 0.3387096774193548}, "38": {"bias": -0.35355339059327373, "objective_cosine_similarity": -0.35264786000143333, "is_tight": 0.0, "dual_solution_value": 0.0, "scaled_age": 0.3387096774193548}, "39": {"bias": -0.35355339059327373, "objective_cosine_similarity": -0.36706428195117746, "is_tight": 0.0, "dual_solution_value": 0.0, "scaled_age": 0.3387096774193548}, "40": {"bias": -0.5773502691896258, "objective_cosine_similarity": -0.1647934292364851, "is_tight": 1.0, "dual_solution_value": -0.015692901272622264, "scaled_age": 0.0}, "41": {"bias": -0.5773502691896258, "objective_cosine_similarity": -0.15392792840770586, "is_tight": 1.0, "dual_solution_value": -3.186533450783921e-05, "scaled_age": 0.0}, "42": {"bias": -0.5, "objective_cosine_similarity": -0.3450259905606687, "is_tight": 1.0, "dual_solution_value": -0.020640875439482457, "scaled_age": 0.0}, "43": {"bias": -0.35355339059327373, "objective_cosine_similarity": -0.40033294798904856, "is_tight": 0.0, "dual_solution_value": 0.0, "scaled_age": 0.3064516129032258}, "44": {"bias": -0.4082482904638631, "objective_cosine_similarity": -0.5262902482157228, "is_tight": 1.0, "dual_solution_value": -0.03570364640162218, "scaled_age": 0.0}, "45": {"bias": -0.4472135954999579, "objective_cosine_similarity": -0.21602043929139966, "is_tight": 0.0, "dual_solution_value": 0.0, "scaled_age": 0.3387096774193548}, "46": {"bias": -0.5773502691896258, "objective_cosine_similarity": -0.11952050911657161, "is_tight": 0.0, "dual_solution_value": 0.0, "scaled_age": 0.3225806451612903}, "47": {"bias": -0.5773502691896258, "objective_cosine_similarity": -0.18109168047965396, "is_tight": 0.0, "dual_solution_value": 0.0, "scaled_age": 0.3387096774193548}, "48": {"bias": -0.4082482904638631, "objective_cosine_similarity": -0.4520205781512169, "is_tight": 0.0, "dual_solution_value": 0.0, "scaled_age": 0.11290322580645161}, "49": {"bias": -0.4472135954999579, "objective_cosine_similarity": -0.3829453241983903, "is_tight": 1.0, "dual_solution_value": -0.00789014701696432, "scaled_age": 0.0}, "50": {"bias": -0.4472135954999579, "objective_cosine_similarity": -0.22864501041881913, "is_tight": 0.0, "dual_solution_value": 0.0, "scaled_age": 0.3387096774193548}, "51": {"bias": -0.4082482904638631, "objective_cosine_similarity": -0.3751898849810384, "is_tight": 0.0, "dual_solution_value": 0.0, "scaled_age": 0.3387096774193548}, "52": {"bias": -0.7071067811865475, "objective_cosine_similarity": -0.17965079660450378, "is_tight": 1.0, "dual_solution_value": -0.018231411111168386, "scaled_age": 0.0}, "53": {"bias": -0.4472135954999579, "objective_cosine_similarity": -0.31280881793494886, "is_tight": 0.0, "dual_solution_value": 0.0, "scaled_age": 0.3387096774193548}, "54": {"bias": -0.5, "objective_cosine_similarity": -0.4046213889302387, "is_tight": 1.0, "dual_solution_value": -0.013210863214331047, "scaled_age": 0.0}, "55": {"bias": -0.4082482904638631, "objective_cosine_similarity": -0.14853934012901177, "is_tight": 0.0, "dual_solution_value": 0.0, "scaled_age": 0.3387096774193548}, "56": {"bias": -0.4472135954999579, "objective_cosine_similarity": -0.19638221753763604, "is_tight": 0.0, "dual_solution_value": 0.0, "scaled_age": 0.3387096774193548}, "57": {"bias": -0.7071067811865475, "objective_cosine_similarity": -0.02439702176110545, "is_tight": 0.0, "dual_solution_value": 0.0, "scaled_age": 0.3387096774193548}, "58": {"bias": -0.5, "objective_cosine_similarity": -0.243086493349562, "is_tight": 0.0, "dual_solution_value": 0.0, "scaled_age": 0.1774193548387097}, "59": {"bias": -0.5, "objective_cosine_similarity": -0.22897179373571647, "is_tight": 0.0, "dual_solution_value": 0.0, "scaled_age": 0.25806451612903225}, "60": {"bias": -0.4082482904638631, "objective_cosine_similarity": -0.28299305317682416, "is_tight": 0.0, "dual_solution_value": 0.0, "scaled_age": 0.3387096774193548}, "61": {"bias": -0.31622776601683794, "objective_cosine_similarity": -0.3868331936633752, "is_tight": 0.0, "dual_solution_value": 0.0, "scaled_age": 0.3387096774193548}, "62": {"bias": -0.4472135954999579, "objective_cosine_similarity": -0.2693241840516152, "is_tight": 0.0, "dual_solution_value": 0.0, "scaled_age": 0.3387096774193548}, "63": {"bias": -0.4472135954999579, "objective_cosine_similarity": -0.41520811707957334, "is_tight": 1.0, "dual_solution_value": -2.4930204396506946e-05, "scaled_age": 0.0}, "64": {"bias": -0.4472135954999579, "objective_cosine_similarity": -0.3478770710666696, "is_tight": 1.0, "dual_solution_value": -0.010599006843607385, "scaled_age": 0.0}, "65": {"bias": -0.3779644730092272, "objective_cosine_similarity": -0.4220463067640264, "is_tight": 1.0, "dual_solution_value": -0.00013200571727399138, "scaled_age": 0.0}, "66": {"bias": -0.5773502691896258, "objective_cosine_similarity": -0.24990651906192246, "is_tight": 0.0, "dual_solution_value": 0.0, "scaled_age": 0.3387096774193548}, "67": {"bias": -0.4082482904638631, "objective_cosine_similarity": -0.5659861063536483, "is_tight": 1.0, "dual_solution_value": -0.040653532338810104, "scaled_age": 0.0}, "68": {"bias": -0.5, "objective_cosine_similarity": -0.1333054963529856, "is_tight": 0.0, "dual_solution_value": 0.0, "scaled_age": 0.3387096774193548}, "69": {"bias": -0.30151134457776363, "objective_cosine_similarity": -0.393419710332185, "is_tight": 0.0, "dual_solution_value": 0.0, "scaled_age": 0.3387096774193548}, "70": {"bias": -0.4472135954999579, "objective_cosine_similarity": -0.328238849312906, "is_tight": 1.0, "dual_solution_value": -8.321937921949107e-06, "scaled_age": 0.0}, "71": {"bias": -0.35355339059327373, "objective_cosine_similarity": -0.3703911485549646, "is_tight": 0.0, "dual_solution_value": 0.0, "scaled_age": 0.3387096774193548}, "72": {"bias": -0.4472135954999579, "objective_cosine_similarity": -0.3590989120688202, "is_tight": 0.0, "dual_solution_value": 0.0, "scaled_age": 0.0967741935483871}, "73": {"bias": -0.5773502691896258, "objective_cosine_similarity": -0.08511308982543736, "is_tight": 0.0, "dual_solution_value": 0.0, "scaled_age": 0.06451612903225806}, "74": {"bias": -0.4082482904638631, "objective_cosine_similarity": -0.19079622137260996, "is_tight": 0.0, "dual_solution_value": 0.0, "scaled_age": 0.3387096774193548}, "75": {"bias": -0.4082482904638631, "objective_cosine_similarity": -0.31628635355056817, "is_tight": 0.0, "dual_solution_value": 0.0, "scaled_age": 0.016129032258064516}, "76": {"bias": -0.35355339059327373, "objective_cosine_similarity": -0.35708368213981617, "is_tight": 0.0, "dual_solution_value": 0.0, "scaled_age": 0.3387096774193548}, "77": {"bias": -0.4082482904638631, "objective_cosine_similarity": -0.3060422611278777, "is_tight": 0.0, "dual_solution_value": 0.0, "scaled_age": 0.3387096774193548}, "78": {"bias": -0.5, "objective_cosine_similarity": -0.07684669789760347, "is_tight": 0.0, "dual_solution_value": 0.0, "scaled_age": 0.3387096774193548}, "79": {"bias": -0.7071067811865475, "objective_cosine_similarity": -0.17743288553531236, "is_tight": 0.0, "dual_solution_value": 0.0, "scaled_age": 0.016129032258064516}, "80": {"bias": -0.4472135954999579, "objective_cosine_similarity": -0.12484298114892578, "is_tight": 0.0, "dual_solution_value": 0.0, "scaled_age": 0.3387096774193548}, "81": {"bias": -0.4472135954999579, "objective_cosine_similarity": -0.16832761503225946, "is_tight": 0.0, "dual_solution_value": 0.0, "scaled_age": 0.3387096774193548}, "82": {"bias": -0.3779644730092272, "objective_cosine_similarity": -0.3983358400918901, "is_tight": 0.0, "dual_solution_value": 0.0, "scaled_age": 0.3387096774193548}, "83": {"bias": -0.3779644730092272, "objective_cosine_similarity": -0.3971503167582833, "is_tight": 0.0, "dual_solution_value": 0.0, "scaled_age": 0.3387096774193548}, "84": {"bias": -0.4472135954999579, "objective_cosine_similarity": -0.2566996129241957, "is_tight": 0.0, "dual_solution_value": 0.0, "scaled_age": 0.3387096774193548}, "85": {"bias": -0.4472135954999579, "objective_cosine_similarity": -0.2272422802935503, "is_tight": 0.0, "dual_solution_value": 0.0, "scaled_age": 0.3387096774193548}, "86": {"bias": -0.4472135954999579, "objective_cosine_similarity": -0.18796583678602308, "is_tight": 0.0, "dual_solution_value": 0.0, "scaled_age": 0.016129032258064516}, "87": {"bias": -0.4472135954999579, "objective_cosine_similarity": -0.30158697693279823, "is_tight": 0.0, "dual_solution_value": 0.0, "scaled_age": 0.3387096774193548}, "88": {"bias": -0.4082482904638631, "objective_cosine_similarity": -0.1651859903158838, "is_tight": 0.0, "dual_solution_value": 0.0, "scaled_age": 0.3387096774193548}, "89": {"bias": -0.5773502691896258, "objective_cosine_similarity": -0.29155760557224286, "is_tight": 1.0, "dual_solution_value": -0.041193493379539904, "scaled_age": 0.0}, "90": {"bias": -0.3779644730092272, "objective_cosine_similarity": -0.27029932006235396, "is_tight": 0.0, "dual_solution_value": 0.0, "scaled_age": 0.3387096774193548}, "91": {"bias": -0.7071067811865475, "objective_cosine_similarity": -0.0975880870444218, "is_tight": 1.0, "dual_solution_value": -0.008187718576846697, "scaled_age": 0.0}, "92": {"bias": -0.5773502691896258, "objective_cosine_similarity": -0.2680156871098879, "is_tight": 1.0, "dual_solution_value": -0.014488980358181929, "scaled_age": 0.0}, "93": {"bias": -0.5773502691896258, "objective_cosine_similarity": -0.13581876035974047, "is_tight": 0.0, "dual_solution_value": 0.0, "scaled_age": 0.08064516129032258}, "94": {"bias": -0.5, "objective_cosine_similarity": -0.21485709412187093, "is_tight": 0.0, "dual_solution_value": 0.0, "scaled_age": 0.3387096774193548}, "95": {"bias": -0.5773502691896258, "objective_cosine_similarity": -0.14306242757892662, "is_tight": 0.0, "dual_solution_value": 0.0, "scaled_age": 0.3387096774193548}, "96": {"bias": -0.4472135954999579, "objective_cosine_similarity": -0.1739385355333348, "is_tight": 0.0, "dual_solution_value": 0.0, "scaled_age": 0.3387096774193548}, "97": {"bias": -0.5773502691896258, "objective_cosine_similarity": -0.29880127279142904, "is_tight": 1.0, "dual_solution_value": -0.006100436314301472, "scaled_age": 0.0}, "98": {"bias": -0.5, "objective_cosine_similarity": -0.22897179373571647, "is_tight": 1.0, "dual_solution_value": -0.011168013139123769, "scaled_age": 0.0}, "99": {"bias": -0.4082482904638631, "objective_cosine_similarity": -0.46610620523241625, "is_tight": 0.0, "dual_solution_value": 0.0, "scaled_age": 0.14516129032258066}, "100": {"bias": -0.35355339059327373, "objective_cosine_similarity": -0.30496277201381816, "is_tight": 0.0, "dual_solution_value": 0.0, "scaled_age": 0.3387096774193548}, "101": {"bias": -0.4082482904638631, "objective_cosine_similarity": -0.24713872969740752, "is_tight": 0.0, "dual_solution_value": 0.0, "scaled_age": 0.3387096774193548}, "102": {"bias": -1.3793420326116017, "objective_cosine_similarity": -0.944496994623178, "is_tight": 1.0, "dual_solution_value": -0.015647191281451898, "scaled_age": 0.0}, "103": {"bias": -1.0425720702853738, "objective_cosine_similarity": -0.7331634747202019, "is_tight": 0.0, "dual_solution_value": -0.0, "scaled_age": 0.06451612903225806}, "104": {"bias": -1.4200201376223593, "objective_cosine_similarity": -0.9289881514036319, "is_tight": 0.0, "dual_solution_value": -0.0, "scaled_age": 0.016129032258064516}, "105": {"bias": -1.1285761872936695, "objective_cosine_similarity": -0.9103958535827176, "is_tight": 0.0, "dual_solution_value": -0.0, "scaled_age": 0.14516129032258066}, "106": {"bias": -1.2362450755382013, "objective_cosine_similarity": -0.8151589918143383, "is_tight": 0.0, "dual_solution_value": -0.0, "scaled_age": 0.12903225806451613}, "107": {"bias": -1.059625885652035, "objective_cosine_similarity": -0.8088866166910624, "is_tight": 0.0, "dual_solution_value": -0.0, "scaled_age": 0.04838709677419355}, "108": {"bias": -0.8528028654224417, "objective_cosine_similarity": -0.5516984126162898, "is_tight": 0.0, "dual_solution_value": -0.0, "scaled_age": 0.16129032258064516}, "109": {"bias": -1.2871918058696767, "objective_cosine_similarity": -0.910590271951527, "is_tight": 1.0, "dual_solution_value": -7.402219154864666e-05, "scaled_age": 0.0}, "110": {"bias": -0.8528028654224417, "objective_cosine_similarity": -0.6051964405063542, "is_tight": 1.0, "dual_solution_value": -5.3185839279536554e-05, "scaled_age": 0.0}, "111": {"bias": -1.1920791213585393, "objective_cosine_similarity": -0.9407928831519831, "is_tight": 1.0, "dual_solution_value": -0.00011109457853616168, "scaled_age": 0.0}, "112": {"bias": -0.8528028654224417, "objective_cosine_similarity": -0.5804536026071995, "is_tight": 0.0, "dual_solution_value": -0.0, "scaled_age": 0.03225806451612903}, "113": {"bias": -1.1790126894931265, "objective_cosine_similarity": -0.8907116565377603, "is_tight": 0.0, "dual_solution_value": -0.0, "scaled_age": 0.03225806451612903}, "114": {"bias": -1.2205288696501548, "objective_cosine_similarity": -0.920596137473015, "is_tight": 0.0, "dual_solution_value": -0.0, "scaled_age": 0.06451612903225806}, "115": {"bias": -1.2719974560076321, "objective_cosine_similarity": -0.9219640616502828, "is_tight": 1.0, "dual_solution_value": -2.533410706454036e-05, "scaled_age": 0.0}, "116": {"bias": -1.2742038712929644, "objective_cosine_similarity": -0.9030118141551814, "is_tight": 0.0, "dual_solution_value": -0.0, "scaled_age": 0.03225806451612903}, "117": {"bias": -1.276884796138123, "objective_cosine_similarity": -0.9262407478652999, "is_tight": 0.0, "dual_solution_value": -0.0, "scaled_age": 0.03225806451612903}, "118": {"bias": -1.2734290799340267, "objective_cosine_similarity": -0.9321219012486975, "is_tight": 1.0, "dual_solution_value": -5.124062026173033e-05, "scaled_age": 0.0}, "119": {"bias": -1.398837054638436, "objective_cosine_similarity": -0.9257346839084789, "is_tight": 1.0, "dual_solution_value": -0.0023741618980405396, "scaled_age": 0.0}}