{"0": {"bias": -0.7042028396309279, "objective_cosine_similarity": -0.9431032842319725, "is_tight": 0.0, "dual_solution_value": -0.0, "scaled_age": 0.12222222222222222}, "1": {"bias": -0.6622661785325219, "objective_cosine_similarity": -0.8932402968735972, "is_tight": 1.0, "dual_solution_value": -8.871768116684627e-05, "scaled_age": 0.0}, "2": {"bias": -0.7071067811865476, "objective_cosine_similarity": -0.9418175646559133, "is_tight": 0.0, "dual_solution_value": -0.0, "scaled_age": 0.07777777777777778}, "3": {"bias": -0.6831300510639733, "objective_cosine_similarity": -0.9130960800337075, "is_tight": 1.0, "dual_solution_value": -2.610053402531731e-05, "scaled_age": 0.0}, "4": {"bias": -0.6904757466825006, "objective_cosine_similarity": -0.9650238566791502, "is_tight": 0.0, "dual_solution_value": -0.0, "scaled_age": 0.07777777777777778}, "5": {"bias": -0.5388159060803247, "objective_cosine_similarity": -0.7853576133800099, "is_tight": 1.0, "dual_solution_value": -3.5224133206394476e-05, "scaled_age": 0.0}, "6": {"bias": -0.6543013135374116, "objective_cosine_similarity": -0.9526493895095546, "is_tight": 1.0, "dual_solution_value": -0.013745978330666962, "scaled_age": 0.0}, "7": {"bias": -0.7188604909395785, "objective_cosine_similarity": -0.9473216594844922, "is_tight": 0.0, "dual_solution_value": 0.0, "scaled_age": 0.1111111111111111}, "8": {"bias": -0.7203356343474613, "objective_cosine_similarity": -0.9520636994211676, "is_tight": 0.0, "dual_solution_value": 0.0, "scaled_age": 0.05555555555555555}, "9": {"bias": -0.6002369083719825, "objective_cosine_similarity": -0.9337285875579064, "is_tight": 1.0, "dual_solution_value": -0.01150976146592385, "scaled_age": 0.0}, "10": {"bias": -0.659788531658336, "objective_cosine_similarity": -0.9622863256969466, "is_tight": 1.0, "dual_solution_value": -0.001506782091340951, "scaled_age": 0.0}, "11": {"bias": -0.7064113269856601, "objective_cosine_similarity": -0.9714820691655456, "is_tight": 0.0, "dual_solution_value": 0.0, "scaled_age": 0.1111111111111111}, "12": {"bias": -0.666179852674131, "objective_cosine_similarity": -0.9726163208102633, "is_tight": 1.0, "dual_solution_value": -0.00332597837474678, "scaled_age": 0.0}, "13": {"bias": -0.3333333333333333, "objective_cosine_similarity": -0.4659319671878389, "is_tight": 0.0, "dual_solution_value": 0.0, "scaled_age": 0.044444444444444446}, "14": {"bias": -0.3333333333333333, "objective_cosine_similarity": -0.4708108359542037, "is_tight": 1.0, "dual_solution_value": -0.00444716046811824, "scaled_age": 0.0}, "15": {"bias": -0.3333333333333333, "objective_cosine_similarity": -0.4830080078701157, "is_tight": 0.0, "dual_solution_value": 0.0, "scaled_age": 0.2111111111111111}, "16": {"bias": -0.4082482904638631, "objective_cosine_similarity": -0.4033374412363585, "is_tight": 1.0, "dual_solution_value": -0.013424847284328736, "scaled_age": 0.0}, "17": {"bias": -0.30151134457776363, "objective_cosine_similarity": -0.5174363086108765, "is_tight": 0.0, "dual_solution_value": 0.0, "scaled_age": 0.16666666666666666}, "18": {"bias": -0.30151134457776363, "objective_cosine_similarity": -0.3861464989633407, "is_tight": 0.0, "dual_solution_value": 0.0, "scaled_age": 0.28888888888888886}, "19": {"bias": -0.3333333333333333, "objective_cosine_similarity": -0.3720137434353164, "is_tight": 0.0, "dual_solution_value": 0.0, "scaled_age": 0.28888888888888886}, "20": {"bias": -0.31622776601683794, "objective_cosine_similarity": -0.4883068884192288, "is_tight": 0.0, "dual_solution_value": 0.0, "scaled_age": 0.28888888888888886}, "21": {"bias": -0.2672612419124244, "objective_cosine_similarity": -0.5261367740902507, "is_tight": 0.0, "dual_solution_value": 0.0, "scaled_age": 0.28888888888888886}, "22": {"bias": -0.3779644730092272, "objective_cosine_similarity": -0.4010784960198548, "is_tight": 0.0, "dual_solution_value": 0.0, "scaled_age": 0.011111111111111112}, "23": {"bias": -0.35355339059327373, "objective_cosine_similarity": -0.42045426993567553, "is_tight": 0.0, "dual_solution_value": 0.0, "scaled_age": 0.16666666666666666}, "24": {"bias": -0.2886751345948129, "objective_cosine_similarity": -0.46160575405420856, "is_tight": 0.0, "dual_solution_value": 0.0, "scaled_age": 0.28888888888888886}, "25": {"bias": -0.2773500981126146, "objective_cosine_similarity": -0.5378790055843652, "is_tight": 0.0, "dual_solution_value": 0.0, "scaled_age": 0.28888888888888886}, "26": {"bias": -0.30151134457776363, "objective_cosine_similarity": -0.2647861707177193, "is_tight": 0.0, "dual_solution_value": 0.0, "scaled_age": 0.28888888888888886}, "27": {"bias": -0.30151134457776363, "objective_cosine_similarity": -0.5030937243636667, "is_tight": 0.0, "dual_solution_value": 0.0, "scaled_age": 0.23333333333333334}, "28": {"bias": -0.2886751345948129, "objective_cosine_similarity": -0.4711125087143639, "is_tight": 0.0, "dual_solution_value": 0.0, "scaled_age": 0.28888888888888886}, "29": {"bias": -0.30151134457776363, "objective_cosine_similarity": -0.3795268446953977, "is_tight": 0.0, "dual_solution_value": 0.0, "scaled_age": 0.28888888888888886}, "30": {"bias": -0.24253562503633297, "objective_cosine_similarity": -0.5271599208884965, "is_tight": 0.0, "dual_solution_value": 0.0, "scaled_age": 0.28888888888888886}, "31": {"bias": -0.3333333333333333, "objective_cosine_similarity": -0.41104469356623485, "is_tight": 0.0, "dual_solution_value": 0.0, "scaled_age": 0.28888888888888886}, "32": {"bias": -0.2886751345948129, "objective_cosine_similarity": -0.3876643289196671, "is_tight": 0.0, "dual_solution_value": 0.0, "scaled_age": 0.28888888888888886}, "33": {"bias": -0.3333333333333333, "objective_cosine_similarity": -0.5281375439589902, "is_tight": 1.0, "dual_solution_value": -0.007039983142956889, "scaled_age": 0.0}, "34": {"bias": -0.2773500981126146, "objective_cosine_similarity": -0.4262437402744026, "is_tight": 0.0, "dual_solution_value": 0.0, "scaled_age": 0.28888888888888886}, "35": {"bias": -0.2773500981126146, "objective_cosine_similarity": -0.5470128000188167, "is_tight": 0.0, "dual_solution_value": 0.0, "scaled_age": 0.2222222222222222}, "36": {"bias": -0.2581988897471611, "objective_cosine_similarity": -0.6377324899656065, "is_tight": 0.0, "dual_solution_value": 0.0, "scaled_age": 0.15555555555555556}, "37": {"bias": -0.31622776601683794, "objective_cosine_similarity": -0.3818513582425249, "is_tight": 0.0, "dual_solution_value": 0.0, "scaled_age": 0.28888888888888886}, "38": {"bias": -0.2773500981126146, "objective_cosine_similarity": -0.4434964630950332, "is_tight": 0.0, "dual_solution_value": 0.0, "scaled_age": 0.28888888888888886}, "39": {"bias": -0.30151134457776363, "objective_cosine_similarity": -0.4644790744673326, "is_tight": 0.0, "dual_solution_value": 0.0, "scaled_age": 0.28888888888888886}, "40": {"bias": -0.31622776601683794, "objective_cosine_similarity": -0.4582216298910299, "is_tight": 1.0, "dual_solution_value": -0.004919605844918816, "scaled_age": 0.0}, "41": {"bias": -0.3779644730092272, "objective_cosine_similarity": -0.4190578768759172, "is_tight": 0.0, "dual_solution_value": 0.0, "scaled_age": 0.2777777777777778}, "42": {"bias": -0.31622776601683794, "objective_cosine_similarity": -0.37143723029045606, "is_tight": 0.0, "dual_solution_value": 0.0, "scaled_age": 0.28888888888888886}, "43": {"bias": -0.31622776601683794, "objective_cosine_similarity": -0.38532273422654784, "is_tight": 0.0, "dual_solution_value": 0.0, "scaled_age": 0.28888888888888886}, "44": {"bias": -0.3333333333333333, "objective_cosine_similarity": -0.4598333812298829, "is_tight": 0.0, "dual_solution_value": 0.0, "scaled_age": 0.044444444444444446}, "45": {"bias": -0.30151134457776363, "objective_cosine_similarity": -0.3574613304689211, "is_tight": 0.0, "dual_solution_value": 0.0, "scaled_age": 0.28888888888888886}, "46": {"bias": -0.25, "objective_cosine_similarity": -0.536065705704333, "is_tight": 0.0, "dual_solution_value": 0.0, "scaled_age": 0.23333333333333334}, "47": {"bias": -0.31622776601683794, "objective_cosine_similarity": -0.47789276046715995, "is_tight": 0.0, "dual_solution_value": 0.0, "scaled_age": 0.28888888888888886}, "48": {"bias": -0.30151134457776363, "objective_cosine_similarity": -0.42807097599364624, "is_tight": 0.0, "dual_solution_value": 0.0, "scaled_age": 0.28888888888888886}, "49": {"bias": -0.35355339059327373, "objective_cosine_similarity": -0.3467130595161878, "is_tight": 0.0, "dual_solution_value": 0.0, "scaled_age": 0.14444444444444443}, "50": {"bias": -0.3333333333333333, "objective_cosine_similarity": -0.3805517637764548, "is_tight": 0.0, "dual_solution_value": 0.0, "scaled_age": 0.08888888888888889}, "51": {"bias": -0.3333333333333333, "objective_cosine_similarity": -0.31346731823893875, "is_tight": 0.0, "dual_solution_value": 0.0, "scaled_age": 0.28888888888888886}, "52": {"bias": -0.2773500981126146, "objective_cosine_similarity": -0.5074330241361936, "is_tight": 0.0, "dual_solution_value": 0.0, "scaled_age": 0.28888888888888886}, "53": {"bias": -0.3333333333333333, "objective_cosine_similarity": -0.387870066926002, "is_tight": 0.0, "dual_solution_value": 0.0, "scaled_age": 0.28888888888888886}, "54": {"bias": -0.2773500981126146, "objective_cosine_similarity": -0.47394244454320483, "is_tight": 0.0, "dual_solution_value": 0.0, "scaled_age": 0.28888888888888886}, "55": {"bias": -0.31622776601683794, "objective_cosine_similarity": -0.40962236611470854, "is_tight": 0.0, "dual_solution_value": 0.0, "scaled_age": 0.28888888888888886}, "56": {"bias": -0.3779644730092272, "objective_cosine_similarity": -0.4259730233590182, "is_tight": 1.0, "dual_solution_value": -0.0015707181764262306, "scaled_age": 0.0}, "57": {"bias": -0.31622776601683794, "objective_cosine_similarity": -0.577405538675818, "is_tight": 1.0, "dual_solution_value": -0.0021696488960494457, "scaled_age": 0.0}, "58": {"bias": -0.35355339059327373, "objective_cosine_similarity": -0.32730747782684894, "is_tight": 0.0, "dual_solution_value": 0.0, "scaled_age": 0.28888888888888886}, "59": {"bias": -0.35355339059327373, "objective_cosine_similarity": -0.3480067649621437, "is_tight": 0.0, "dual_solution_value": 0.0, "scaled_age": 0.28888888888888886}, "60": {"bias": -0.35355339059327373, "objective_cosine_similarity": -0.28461519811030345, "is_tight": 0.0, "dual_solution_value": 0.0, "scaled_age": 0.28888888888888886}, "61": {"bias": -0.4082482904638631, "objective_cosine_similarity": -0.21660714436767403, "is_tight": 0.0, "dual_solution_value": 0.0, "scaled_age": 0.28888888888888886}, "62": {"bias": -0.35355339059327373, "objective_cosine_similarity": -0.3687060520974385, "is_tight": 0.0, "dual_solution_value": 0.0, "scaled_age": 0.28888888888888886}, "63": {"bias": -0.4082482904638631, "objective_cosine_similarity": -0.27038546986585515, "is_tight": 0.0, "dual_solution_value": 0.0, "scaled_age": 0.06666666666666667}, "64": {"bias": -0.4082482904638631, "objective_cosine_similarity": -0.28233620886545097, "is_tight": 0.0, "dual_solution_value": 0.0, "scaled_age": 0.28888888888888886}, "65": {"bias": -0.31622776601683794, "objective_cosine_similarity": -0.49756389104329, "is_tight": 1.0, "dual_solution_value": -0.00016574540623929597, "scaled_age": 0.0}, "66": {"bias": -0.2773500981126146, "objective_cosine_similarity": -0.4668383822052981, "is_tight": 0.0, "dual_solution_value": 0.0, "scaled_age": 0.28888888888888886}, "67": {"bias": -0.30151134457776363, "objective_cosine_similarity": -0.46227252304468497, "is_tight": 0.0, "dual_solution_value": 0.0, "scaled_age": 0.28888888888888886}, "68": {"bias": -0.35355339059327373, "objective_cosine_similarity": -0.44244726251692623, "is_tight": 1.0, "dual_solution_value": -0.00020301776209088137, "scaled_age": 0.0}, "69": {"bias": -0.31622776601683794, "objective_cosine_similarity": -0.45937875521903754, "is_tight": 0.0, "dual_solution_value": 0.0, "scaled_age": 0.011111111111111112}, "70": {"bias": -0.30151134457776363, "objective_cosine_similarity": -0.4346906302615892, "is_tight": 0.0, "dual_solution_value": 0.0, "scaled_age": 0.28888888888888886}, "71": {"bias": -0.4472135954999579, "objective_cosine_similarity": -0.330557311111235, "is_tight": 0.0, "dual_solution_value": 0.0, "scaled_age": 0.28888888888888886}, "72": {"bias": -0.2773500981126146, "objective_cosine_similarity": -0.3683963755228766, "is_tight": 0.0, "dual_solution_value": 0.0, "scaled_age": 0.28888888888888886}, "73": {"bias": -0.30151134457776363, "objective_cosine_similarity": -0.44572338737482753, "is_tight": 0.0, "dual_solution_value": 0.0, "scaled_age": 0.28888888888888886}, "74": {"bias": -0.35355339059327373, "objective_cosine_similarity": -0.28461519811030345, "is_tight": 0.0, "dual_solution_value": 0.0, "scaled_age": 0.28888888888888886}, "75": {"bias": -0.4082482904638631, "objective_cosine_similarity": -0.2808423664905015, "is_tight": 0.0, "dual_solution_value": 0.0, "scaled_age": 0.044444444444444446}, "76": {"bias": -0.3779644730092272, "objective_cosine_similarity": -0.36926882219759044, "is_tight": 0.0, "dual_solution_value": 0.0, "scaled_age": 0.022222222222222223}, "77": {"bias": -0.3333333333333333, "objective_cosine_similarity": -0.46227281561306527, "is_tight": 0.0, "dual_solution_value": 0.0, "scaled_age": 0.28888888888888886}, "78": {"bias": -0.25, "objective_cosine_similarity": -0.5754015851331492, "is_tight": 0.0, "dual_solution_value": 0.0, "scaled_age": 0.28888888888888886}, "79": {"bias": -0.31622776601683794, "objective_cosine_similarity": -0.41425086742673917, "is_tight": 0.0, "dual_solution_value": 0.0, "scaled_age": 0.28888888888888886}, "80": {"bias": -0.4472135954999579, "objective_cosine_similarity": -0.27819179647975223, "is_tight": 0.0, "dual_solution_value": 0.0, "scaled_age": 0.2111111111111111}, "81": {"bias": -0.2773500981126146, "objective_cosine_similarity": -0.48612083712247345, "is_tight": 0.0, "dual_solution_value": 0.0, "scaled_age": 0.14444444444444443}, "82": {"bias": -0.35355339059327373, "objective_cosine_similarity": -0.35447529219192336, "is_tight": 0.0, "dual_solution_value": 0.0, "scaled_age": 0.28888888888888886}, "83": {"bias": -0.2773500981126146, "objective_cosine_similarity": -0.38564909834350714, "is_tight": 0.0, "dual_solution_value": 0.0, "scaled_age": 0.28888888888888886}, "84": {"bias": -0.4082482904638631, "objective_cosine_similarity": -0.38242364798706585, "is_tight": 0.0, "dual_solution_value": 0.0, "scaled_age": 0.08888888888888889}, "85": {"bias": -0.4082482904638631, "objective_cosine_similarity": -0.2420024647418151, "is_tight": 0.0, "dual_solution_value": 0.0, "scaled_age": 0.28888888888888886}, "86": {"bias": -0.35355339059327373, "objective_cosine_similarity": -0.4398598516250144, "is_tight": 1.0, "dual_solution_value": -7.223385006328056e-05, "scaled_age": 0.0}, "87": {"bias": -0.30151134457776363, "objective_cosine_similarity": -0.6200409497639927, "is_tight": 1.0, "dual_solution_value": -0.011415222011251403, "scaled_age": 0.0}, "88": {"bias": -0.3333333333333333, "objective_cosine_similarity": -0.3829911981596372, "is_tight": 0.0, "dual_solution_value": 0.0, "scaled_age": 0.28888888888888886}, "89": {"bias": -0.2886751345948129, "objective_cosine_similarity": -0.41407198075343193, "is_tight": 0.0, "dual_solution_value": 0.0, "scaled_age": 0.28888888888888886}, "90": {"bias": -0.35355339059327373, "objective_cosine_similarity": -0.3661186412055267, "is_tight": 0.0, "dual_solution_value": 0.0, "scaled_age": 0.28888888888888886}, "91": {"bias": -0.30151134457776363, "objective_cosine_similarity": -0.4380004573955607, "is_tight": 0.0, "dual_solution_value": 0.0, "scaled_age": 0.28888888888888886}, "92": {"bias": -0.3333333333333333, "objective_cosine_similarity": -0.34639968241190117, "is_tight": 0.0, "dual_solution_value": 0.0, "scaled_age": 0.28888888888888886}, "93": {"bias": -0.2886751345948129, "objective_cosine_similarity": -0.5355471791887499, "is_tight": 0.0, "dual_solution_value": 0.0, "scaled_age": 0.17777777777777778}, "94": {"bias": -0.31622776601683794, "objective_cosine_similarity": -0.45243600325099165, "is_tight": 0.0, "dual_solution_value": 0.0, "scaled_age": 0.044444444444444446}, "95": {"bias": -0.30151134457776363, "objective_cosine_similarity": -0.46006597162203733, "is_tight": 0.0, "dual_solution_value": 0.0, "scaled_age": 0.044444444444444446}, "96": {"bias": -0.31622776601683794, "objective_cosine_similarity": -0.3610231023383872, "is_tight": 0.0, "dual_solution_value": 0.0, "scaled_age": 0.28888888888888886}, "97": {"bias": -0.2886751345948129, "objective_cosine_similarity": -0.4753377330077662, "is_tight": 0.0, "dual_solution_value": 0.0, "scaled_age": 0.28888888888888886}, "98": {"bias": -0.31622776601683794, "objective_cosine_similarity": -0.401522488818655, "is_tight": 0.0, "dual_solution_value": 0.0, "scaled_age": 0.12222222222222222}, "99": {"bias": -0.4082482904638631, "objective_cosine_similarity": -0.1941995087434319, "is_tight": 0.0, "dual_solution_value": 0.0, "scaled_age": 0.28888888888888886}, "100": {"bias": -0.3333333333333333, "objective_cosine_similarity": -0.41714327952419084, "is_tight": 0.0, "dual_solution_value": 0.0, "scaled_age": 0.044444444444444446}, "101": {"bias": -0.3779644730092272, "objective_cosine_similarity": -0.29458524018010024, "is_tight": 0.0, "dual_solution_value": 0.0, "scaled_age": 0.28888888888888886}, "102": {"bias": -0.31622776601683794, "objective_cosine_similarity": -0.46516438185907577, "is_tight": 0.0, "dual_solution_value": 0.0, "scaled_age": 0.28888888888888886}, "103": {"bias": -0.2672612419124244, "objective_cosine_similarity": -0.45279056952376595, "is_tight": 0.0, "dual_solution_value": 0.0, "scaled_age": 0.28888888888888886}, "104": {"bias": -0.3333333333333333, "objective_cosine_similarity": -0.4012869560335052, "is_tight": 0.0, "dual_solution_value": 0.0, "scaled_age": 0.18888888888888888}, "105": {"bias": -0.31622776601683794, "objective_cosine_similarity": -0.5021923923553206, "is_tight": 1.0, "dual_solution_value": -0.0027630499265295554, "scaled_age": 0.0}, "106": {"bias": -0.3779644730092272, "objective_cosine_similarity": -0.3388421776719463, "is_tight": 0.0, "dual_solution_value": 0.0, "scaled_age": 0.2777777777777778}, "107": {"bias": -0.35355339059327373, "objective_cosine_similarity": -0.29625854712390676, "is_tight": 0.0, "dual_solution_value": 0.0, "scaled_age": 0.28888888888888886}, "108": {"bias": -0.30151134457776363, "objective_cosine_similarity": -0.4964740700957237, "is_tight": 0.0, "dual_solution_value": 0.0, "scaled_age": 0.28888888888888886}, "109": {"bias": -0.23570226039551587, "objective_cosine_similarity": -0.5649180447340871, "is_tight": 0.0, "dual_solution_value": 0.0, "scaled_age": 0.28888888888888886}, "110": {"bias": -0.3779644730092272, "objective_cosine_similarity": -0.3748009393840712, "is_tight": 0.0, "dual_solution_value": 0.0, "scaled_age": 0.08888888888888889}, "111": {"bias": -0.30151134457776363, "objective_cosine_similarity": -0.4843380372711616, "is_tight": 0.0, "dual_solution_value": 0.0, "scaled_age": 0.28888888888888886}, "112": {"bias": -0.2672612419124244, "objective_cosine_similarity": -0.45474646831220555, "is_tight": 0.0, "dual_solution_value": 0.0, "scaled_age": 0.28888888888888886}, "113": {"bias": -0.7249367772915427, "objective_cosine_similarity": -0.9389755160637223, "is_tight": 1.0, "dual_solution_value": -0.0014100016781951681, "scaled_age": 0.0}, "114": {"bias": -0.70527251926108, "objective_cosine_similarity": -0.9685148474514601, "is_tight": 0.0, "dual_solution_value": -0.0, "scaled_age": 0.022222222222222223}, "115": {"bias": -0.7317051360240308, "objective_cosine_similarity": -0.9428424576145006, "is_tight": 0.0, "dual_solution_value": -0.0, "scaled_age": 0.011111111111111112}, "116": {"bias": -0.7163023141353112, "objective_cosine_similarity": -0.9624902133115208, "is_tight": 0.0, "dual_solution_value": -0.0, "scaled_age": 0.1}, "117": {"bias": -0.7288689868556625, "objective_cosine_similarity": -0.976451178645641, "is_tight": 1.0, "dual_solution_value": -5.6095132054787594e-05, "scaled_age": 0.0}, "118": {"bias": -0.5601120336112039, "objective_cosine_similarity": -0.7777984679235522, "is_tight": 0.0, "dual_solution_value": -0.0, "scaled_age": 0.011111111111111112}, "119": {"bias": -0.6956249411120969, "objective_cosine_similarity": -0.972635391377089, "is_tight": 0.0, "dual_solution_value": -0.0, "scaled_age": 0.1}, "120": {"bias": -0.7028488951889073, "objective_cosine_similarity": -0.9682942365843792, "is_tight": 1.0, "dual_solution_value": -5.788366506446544e-06, "scaled_age": 0.0}, "121": {"bias": -0.672021505032247, "objective_cosine_similarity": -0.9249460239987297, "is_tight": 0.0, "dual_solution_value": -0.0, "scaled_age": 0.08888888888888889}, "122": {"bias": -0.7040680615781949, "objective_cosine_similarity": -0.9605021853676305, "is_tight": 0.0, "dual_solution_value": -0.0, "scaled_age": 0.08888888888888889}, "123": {"bias": -0.6996589889474022, "objective_cosine_similarity": -0.9785101551650721, "is_tight": 1.0, "dual_solution_value": -1.0542678696971624e-05, "scaled_age": 0.0}, "124": {"bias": -0.7134047393083357, "objective_cosine_similarity": -0.9675818596570979, "is_tight": 1.0, "dual_solution_value": -1.8380428099575243e-05, "scaled_age": 0.0}, "125": {"bias": -0.6966727085579957, "objective_cosine_similarity": -0.9735230088603405, "is_tight": 1.0, "dual_solution_value": -4.573479049662879e-05, "scaled_age": 0.0}, "126": {"bias": -0.7042596327420652, "objective_cosine_similarity": -0.9703809344539658, "is_tight": 1.0, "dual_solution_value": -1.3596631752309186e-05, "scaled_age": 0.0}, "127": {"bias": -0.7106690545187014, "objective_cosine_similarity": -0.9762940310866922, "is_tight": 1.0, "dual_solution_value": -1.2695248505722723e-05, "scaled_age": 0.0}, "128": {"bias": -0.6565321642986127, "objective_cosine_similarity": -0.8682095440218408, "is_tight": 1.0, "dual_solution_value": -7.021404300077918e-05, "scaled_age": 0.0}, "129": {"bias": -0.7323788690175336, "objective_cosine_similarity": -0.9409497212795938, "is_tight": 1.0, "dual_solution_value": -0.002836745534528406, "scaled_age": 0.0}, "130": {"bias": -0.6751399510385769, "objective_cosine_similarity": -0.9631184519473657, "is_tight": 1.0, "dual_solution_value": -3.0676230931799124e-05, "scaled_age": 0.0}, "131": {"bias": -0.7303811890570806, "objective_cosine_similarity": -0.9438839260100275, "is_tight": 1.0, "dual_solution_value": -0.0009430393430071469, "scaled_age": 0.0}, "132": {"bias": -0.7338658033914722, "objective_cosine_similarity": -0.9450840404003708, "is_tight": 1.0, "dual_solution_value": -0.00470044981285328, "scaled_age": 0.0}}