{"0": {"bias": -0.8061288901602953, "objective_cosine_similarity": -0.8478722681226284, "is_tight": 0.0, "dual_solution_value": -0.0, "scaled_age": 0.03389830508474576}, "1": {"bias": -0.8333333333333334, "objective_cosine_similarity": -0.8760032948725837, "is_tight": 0.0, "dual_solution_value": -0.0, "scaled_age": 0.00847457627118644}, "2": {"bias": -0.8660254037844387, "objective_cosine_similarity": -0.7637498014828278, "is_tight": 1.0, "dual_solution_value": -1.9177729375203988e-05, "scaled_age": 0.0}, "3": {"bias": -0.5773502691896258, "objective_cosine_similarity": -0.6692389564832806, "is_tight": 1.0, "dual_solution_value": -0.0008296541956478862, "scaled_age": 0.0}, "4": {"bias": -0.8660254037844387, "objective_cosine_similarity": -0.722880246888429, "is_tight": 0.0, "dual_solution_value": -0.0, "scaled_age": 0.0423728813559322}, "5": {"bias": -0.9871768653802763, "objective_cosine_similarity": -0.9454955081322084, "is_tight": 0.0, "dual_solution_value": 0.0, "scaled_age": 0.09322033898305085}, "6": {"bias": -1.0091248007066944, "objective_cosine_similarity": -0.9514647273531011, "is_tight": 0.0, "dual_solution_value": 0.0, "scaled_age": 0.1016949152542373}, "7": {"bias": -1.0505168263922648, "objective_cosine_similarity": -0.9627268503496385, "is_tight": 0.0, "dual_solution_value": 0.0, "scaled_age": 0.1271186440677966}, "8": {"bias": -0.3779644730092272, "objective_cosine_similarity": -0.44480859042641163, "is_tight": 0.0, "dual_solution_value": 0.0, "scaled_age": 0.288135593220339}, "9": {"bias": -0.4472135954999579, "objective_cosine_similarity": -0.38384622795422696, "is_tight": 1.0, "dual_solution_value": -0.00033771568476987415, "scaled_age": 0.0}, "10": {"bias": -0.4082482904638631, "objective_cosine_similarity": -0.33956488557383535, "is_tight": 0.0, "dual_solution_value": 0.0, "scaled_age": 0.288135593220339}, "11": {"bias": -0.4082482904638631, "objective_cosine_similarity": -0.4515490499652066, "is_tight": 0.0, "dual_solution_value": 0.0, "scaled_age": 0.288135593220339}, "12": {"bias": -0.4472135954999579, "objective_cosine_similarity": -0.30470267579871624, "is_tight": 0.0, "dual_solution_value": 0.0, "scaled_age": 0.288135593220339}, "13": {"bias": -0.5773502691896258, "objective_cosine_similarity": -0.2605434105392924, "is_tight": 0.0, "dual_solution_value": 0.0, "scaled_age": 0.2033898305084746}, "14": {"bias": -0.7071067811865475, "objective_cosine_similarity": -0.18770541519580689, "is_tight": 0.0, "dual_solution_value": 0.0, "scaled_age": 0.059322033898305086}, "15": {"bias": -0.5, "objective_cosine_similarity": -0.3229709117459526, "is_tight": 0.0, "dual_solution_value": 0.0, "scaled_age": 0.288135593220339}, "16": {"bias": -0.4082482904638631, "objective_cosine_similarity": -0.2781542147785673, "is_tight": 0.0, "dual_solution_value": 0.0, "scaled_age": 0.288135593220339}, "17": {"bias": -0.5, "objective_cosine_similarity": -0.29200109829086124, "is_tight": 0.0, "dual_solution_value": 0.0, "scaled_age": 0.288135593220339}, "18": {"bias": -0.4472135954999579, "objective_cosine_similarity": -0.2888739653676141, "is_tight": 0.0, "dual_solution_value": 0.0, "scaled_age": 0.288135593220339}, "19": {"bias": -0.4082482904638631, "objective_cosine_similarity": -0.4082003411685468, "is_tight": 0.0, "dual_solution_value": 0.0, "scaled_age": 0.288135593220339}, "20": {"bias": -0.35355339059327373, "objective_cosine_similarity": -0.5099330446152753, "is_tight": 0.0, "dual_solution_value": 0.0, "scaled_age": 0.2457627118644068}, "21": {"bias": -0.4472135954999579, "objective_cosine_similarity": -0.44320389207086, "is_tight": 0.0, "dual_solution_value": 0.0, "scaled_age": 0.288135593220339}, "22": {"bias": -0.3779644730092272, "objective_cosine_similarity": -0.3812645060797814, "is_tight": 0.0, "dual_solution_value": 0.0, "scaled_age": 0.288135593220339}, "23": {"bias": -0.35355339059327373, "objective_cosine_similarity": -0.444236149296743, "is_tight": 0.0, "dual_solution_value": 0.0, "scaled_age": 0.288135593220339}, "24": {"bias": -0.4082482904638631, "objective_cosine_similarity": -0.3467896703732787, "is_tight": 0.0, "dual_solution_value": 0.0, "scaled_age": 0.211864406779661}, "25": {"bias": -0.4472135954999579, "objective_cosine_similarity": -0.41550364881643126, "is_tight": 0.0, "dual_solution_value": 0.0, "scaled_age": 0.0423728813559322}, "26": {"bias": -0.3779644730092272, "objective_cosine_similarity": -0.3912977825555651, "is_tight": 0.0, "dual_solution_value": 0.0, "scaled_age": 0.288135593220339}, "27": {"bias": -0.3779644730092272, "objective_cosine_similarity": -0.35116467665243023, "is_tight": 0.0, "dual_solution_value": 0.0, "scaled_age": 0.288135593220339}, "28": {"bias": -0.5, "objective_cosine_similarity": -0.4026075749161875, "is_tight": 0.0, "dual_solution_value": 0.0, "scaled_age": 0.288135593220339}, "29": {"bias": -0.4082482904638631, "objective_cosine_similarity": -0.48767297396242315, "is_tight": 0.0, "dual_solution_value": 0.0, "scaled_age": 0.288135593220339}, "30": {"bias": -0.5, "objective_cosine_similarity": -0.17697036260052196, "is_tight": 0.0, "dual_solution_value": 0.0, "scaled_age": 0.288135593220339}, "31": {"bias": -0.4472135954999579, "objective_cosine_similarity": -0.5540048650885749, "is_tight": 0.0, "dual_solution_value": 0.0, "scaled_age": 0.288135593220339}, "32": {"bias": -0.5, "objective_cosine_similarity": -0.3362436889409917, "is_tight": 0.0, "dual_solution_value": 0.0, "scaled_age": 0.13559322033898305}, "33": {"bias": -0.3333333333333333, "objective_cosine_similarity": -0.4925675092381194, "is_tight": 0.0, "dual_solution_value": 0.0, "scaled_age": 0.288135593220339}, "34": {"bias": -0.4472135954999579, "objective_cosine_similarity": -0.41550364881643126, "is_tight": 0.0, "dual_solution_value": 0.0, "scaled_age": 0.288135593220339}, "35": {"bias": -0.4082482904638631, "objective_cosine_similarity": -0.3467896703732787, "is_tight": 0.0, "dual_solution_value": 0.0, "scaled_age": 0.288135593220339}, "36": {"bias": -0.35355339059327373, "objective_cosine_similarity": -0.6037857522131789, "is_tight": 0.0, "dual_solution_value": 0.0, "scaled_age": 0.16101694915254236}, "37": {"bias": -0.5, "objective_cosine_similarity": -0.2787283210958221, "is_tight": 0.0, "dual_solution_value": 0.0, "scaled_age": 0.13559322033898305}, "38": {"bias": -0.5, "objective_cosine_similarity": -0.3008496164208873, "is_tight": 0.0, "dual_solution_value": 0.0, "scaled_age": 0.288135593220339}, "39": {"bias": -0.3779644730092272, "objective_cosine_similarity": -0.36119795312821396, "is_tight": 0.0, "dual_solution_value": 0.0, "scaled_age": 0.288135593220339}, "40": {"bias": -0.4472135954999579, "objective_cosine_similarity": -0.5065187337952686, "is_tight": 1.0, "dual_solution_value": -0.0001579874457285372, "scaled_age": 0.0}, "41": {"bias": -0.5, "objective_cosine_similarity": -0.3849105386561353, "is_tight": 1.0, "dual_solution_value": -0.012346529650946274, "scaled_age": 0.0}, "42": {"bias": -0.3333333333333333, "objective_cosine_similarity": -0.539759605931592, "is_tight": 0.0, "dual_solution_value": 0.0, "scaled_age": 0.288135593220339}, "43": {"bias": -0.31622776601683794, "objective_cosine_similarity": -0.43930909796836964, "is_tight": 0.0, "dual_solution_value": 0.0, "scaled_age": 0.288135593220339}, "44": {"bias": -0.4472135954999579, "objective_cosine_similarity": -0.391760583169778, "is_tight": 0.0, "dual_solution_value": 0.0, "scaled_age": 0.288135593220339}, "45": {"bias": -0.3779644730092272, "objective_cosine_similarity": -0.5886188865793116, "is_tight": 0.0, "dual_solution_value": 0.0, "scaled_age": 0.288135593220339}, "46": {"bias": -0.4472135954999579, "objective_cosine_similarity": -0.510475911403044, "is_tight": 0.0, "dual_solution_value": 0.0, "scaled_age": 0.23728813559322035}, "47": {"bias": -0.4082482904638631, "objective_cosine_similarity": -0.3684640247716086, "is_tight": 0.0, "dual_solution_value": 0.0, "scaled_age": 0.288135593220339}, "48": {"bias": -0.4472135954999579, "objective_cosine_similarity": -0.3561459846997982, "is_tight": 0.0, "dual_solution_value": 0.0, "scaled_age": 0.288135593220339}, "49": {"bias": -0.4082482904638631, "objective_cosine_similarity": -0.28176660717828894, "is_tight": 0.0, "dual_solution_value": 0.0, "scaled_age": 0.288135593220339}, "50": {"bias": -0.4082482904638631, "objective_cosine_similarity": -0.37930120197077355, "is_tight": 0.0, "dual_solution_value": 0.0, "scaled_age": 0.288135593220339}, "51": {"bias": -0.30151134457776363, "objective_cosine_similarity": -0.5309177911820726, "is_tight": 0.0, "dual_solution_value": 0.0, "scaled_age": 0.288135593220339}, "52": {"bias": -0.4082482904638631, "objective_cosine_similarity": -0.5165721131601964, "is_tight": 0.0, "dual_solution_value": 0.0, "scaled_age": 0.288135593220339}, "53": {"bias": -0.4472135954999579, "objective_cosine_similarity": -0.36801751752312484, "is_tight": 0.0, "dual_solution_value": 0.0, "scaled_age": 0.288135593220339}, "54": {"bias": -0.5, "objective_cosine_similarity": -0.2433342485757177, "is_tight": 0.0, "dual_solution_value": 0.0, "scaled_age": 0.288135593220339}, "55": {"bias": -0.4472135954999579, "objective_cosine_similarity": -0.43924671446308444, "is_tight": 0.0, "dual_solution_value": 0.0, "scaled_age": 0.025423728813559324}, "56": {"bias": -0.5773502691896258, "objective_cosine_similarity": -0.33206513107949037, "is_tight": 0.0, "dual_solution_value": 0.0, "scaled_age": 0.23728813559322035}, "57": {"bias": -0.3779644730092272, "objective_cosine_similarity": -0.41470876099906046, "is_tight": 0.0, "dual_solution_value": 0.0, "scaled_age": 0.288135593220339}, "58": {"bias": -0.4082482904638631, "objective_cosine_similarity": -0.5635332143565779, "is_tight": 0.0, "dual_solution_value": 0.0, "scaled_age": 0.22033898305084745}, "59": {"bias": -0.4472135954999579, "objective_cosine_similarity": -0.4352895368553089, "is_tight": 0.0, "dual_solution_value": 0.0, "scaled_age": 0.288135593220339}, "60": {"bias": -0.4472135954999579, "objective_cosine_similarity": -0.44320389207086, "is_tight": 0.0, "dual_solution_value": 0.0, "scaled_age": 0.288135593220339}, "61": {"bias": -0.4472135954999579, "objective_cosine_similarity": -0.37988905034645143, "is_tight": 0.0, "dual_solution_value": 0.0, "scaled_age": 0.288135593220339}, "62": {"bias": -0.5, "objective_cosine_similarity": -0.49109275621644843, "is_tight": 1.0, "dual_solution_value": -0.005456175312471584, "scaled_age": 0.0}, "63": {"bias": -0.4082482904638631, "objective_cosine_similarity": -0.426262303167155, "is_tight": 0.0, "dual_solution_value": 0.0, "scaled_age": 0.288135593220339}, "64": {"bias": -0.35355339059327373, "objective_cosine_similarity": -0.4504929964699365, "is_tight": 0.0, "dual_solution_value": 0.0, "scaled_age": 0.288135593220339}, "65": {"bias": -0.4082482904638631, "objective_cosine_similarity": -0.47322340436353655, "is_tight": 0.0, "dual_solution_value": 0.0, "scaled_age": 0.288135593220339}, "66": {"bias": -0.4082482904638631, "objective_cosine_similarity": -0.4082003411685468, "is_tight": 0.0, "dual_solution_value": 0.0, "scaled_age": 0.288135593220339}, "67": {"bias": -0.4472135954999579, "objective_cosine_similarity": -0.38384622795422696, "is_tight": 0.0, "dual_solution_value": 0.0, "scaled_age": 0.288135593220339}, "68": {"bias": -0.3779644730092272, "objective_cosine_similarity": -0.5183859512488256, "is_tight": 0.0, "dual_solution_value": 0.0, "scaled_age": 0.288135593220339}, "69": {"bias": -0.3779644730092272, "objective_cosine_similarity": -0.46153071788605116, "is_tight": 0.0, "dual_solution_value": 0.0, "scaled_age": 0.288135593220339}, "70": {"bias": -0.31622776601683794, "objective_cosine_similarity": -0.39733689115610504, "is_tight": 0.0, "dual_solution_value": 0.0, "scaled_age": 0.288135593220339}, "71": {"bias": -0.4082482904638631, "objective_cosine_similarity": -0.5346340751588047, "is_tight": 0.0, "dual_solution_value": 0.0, "scaled_age": 0.288135593220339}, "72": {"bias": -0.5, "objective_cosine_similarity": -0.3141223936159265, "is_tight": 0.0, "dual_solution_value": 0.0, "scaled_age": 0.288135593220339}, "73": {"bias": -0.4082482904638631, "objective_cosine_similarity": -0.2131311515835775, "is_tight": 0.0, "dual_solution_value": 0.0, "scaled_age": 0.288135593220339}, "74": {"bias": -0.5, "objective_cosine_similarity": -0.3716377614610961, "is_tight": 0.0, "dual_solution_value": 0.0, "scaled_age": 0.2288135593220339}, "75": {"bias": -0.4472135954999579, "objective_cosine_similarity": -0.3561459846997982, "is_tight": 1.0, "dual_solution_value": -0.003087477356174528, "scaled_age": 0.0}, "76": {"bias": -0.4082482904638631, "objective_cosine_similarity": -0.3829135943704952, "is_tight": 0.0, "dual_solution_value": 0.0, "scaled_age": 0.288135593220339}, "77": {"bias": -0.5, "objective_cosine_similarity": -0.46454720182637016, "is_tight": 1.0, "dual_solution_value": -0.03981833158511744, "scaled_age": 0.0}, "78": {"bias": -0.5, "objective_cosine_similarity": -0.2964253573558743, "is_tight": 0.0, "dual_solution_value": 0.0, "scaled_age": 0.288135593220339}, "79": {"bias": -0.4082482904638631, "objective_cosine_similarity": -0.36485163237188695, "is_tight": 0.0, "dual_solution_value": 0.0, "scaled_age": 0.288135593220339}, "80": {"bias": -0.3333333333333333, "objective_cosine_similarity": -0.5250120757148818, "is_tight": 0.0, "dual_solution_value": 0.0, "scaled_age": 0.09322033898305085}, "81": {"bias": -0.4472135954999579, "objective_cosine_similarity": -0.332402919053145, "is_tight": 0.0, "dual_solution_value": 0.0, "scaled_age": 0.288135593220339}, "82": {"bias": -0.5773502691896258, "objective_cosine_similarity": -0.5670650699972836, "is_tight": 1.0, "dual_solution_value": -0.09489178285253715, "scaled_age": 0.0}, "83": {"bias": -0.3779644730092272, "objective_cosine_similarity": -0.4782528453456907, "is_tight": 0.0, "dual_solution_value": 0.0, "scaled_age": 0.288135593220339}, "84": {"bias": -0.30151134457776363, "objective_cosine_similarity": -0.5789405059623606, "is_tight": 0.0, "dual_solution_value": 0.0, "scaled_age": 0.288135593220339}, "85": {"bias": -0.5, "objective_cosine_similarity": -0.2167886941856394, "is_tight": 0.0, "dual_solution_value": 0.0, "scaled_age": 0.2711864406779661}, "86": {"bias": -0.4082482904638631, "objective_cosine_similarity": -0.22758072118246414, "is_tight": 0.0, "dual_solution_value": 0.0, "scaled_age": 0.288135593220339}, "87": {"bias": -0.3779644730092272, "objective_cosine_similarity": -0.3545091021443581, "is_tight": 0.0, "dual_solution_value": 0.0, "scaled_age": 0.288135593220339}, "88": {"bias": -0.4472135954999579, "objective_cosine_similarity": -0.4194608264242068, "is_tight": 0.0, "dual_solution_value": 0.0, "scaled_age": 0.2033898305084746}, "89": {"bias": -0.5, "objective_cosine_similarity": -0.37606202052610915, "is_tight": 1.0, "dual_solution_value": -0.0003482936925328573, "scaled_age": 0.0}, "90": {"bias": -0.4472135954999579, "objective_cosine_similarity": -0.2888739653676141, "is_tight": 0.0, "dual_solution_value": 0.0, "scaled_age": 0.288135593220339}, "91": {"bias": -0.4472135954999579, "objective_cosine_similarity": -0.2453450116820832, "is_tight": 0.0, "dual_solution_value": 0.0, "scaled_age": 0.1271186440677966}, "92": {"bias": -0.5773502691896258, "objective_cosine_similarity": -0.21456516162059378, "is_tight": 0.0, "dual_solution_value": 0.0, "scaled_age": 0.11864406779661017}, "93": {"bias": -0.35355339059327373, "objective_cosine_similarity": -0.41608033701737196, "is_tight": 0.0, "dual_solution_value": 0.0, "scaled_age": 0.288135593220339}, "94": {"bias": -0.31622776601683794, "objective_cosine_similarity": -0.4225202152434638, "is_tight": 0.0, "dual_solution_value": 0.0, "scaled_age": 0.288135593220339}, "95": {"bias": -0.4472135954999579, "objective_cosine_similarity": -0.34031727426869607, "is_tight": 0.0, "dual_solution_value": 0.0, "scaled_age": 0.288135593220339}, "96": {"bias": -0.3779644730092272, "objective_cosine_similarity": -0.44480859042641163, "is_tight": 0.0, "dual_solution_value": 0.0, "scaled_age": 0.17796610169491525}, "97": {"bias": -0.35355339059327373, "objective_cosine_similarity": -0.27530127562051676, "is_tight": 0.0, "dual_solution_value": 0.0, "scaled_age": 0.288135593220339}, "98": {"bias": -0.4082482904638631, "objective_cosine_similarity": -0.4407118727660417, "is_tight": 0.0, "dual_solution_value": 0.0, "scaled_age": 0.0847457627118644}, "99": {"bias": -1.0346159370769976, "objective_cosine_similarity": -0.9551533251097074, "is_tight": 1.0, "dual_solution_value": -0.019384080810952924, "scaled_age": 0.0}, "100": {"bias": -0.8017837257372732, "objective_cosine_similarity": -0.8347976784139285, "is_tight": 0.0, "dual_solution_value": -0.0, "scaled_age": 0.01694915254237288}, "101": {"bias": -0.9719307827692591, "objective_cosine_similarity": -0.8885027026889625, "is_tight": 0.0, "dual_solution_value": -0.0, "scaled_age": 0.05084745762711865}, "102": {"bias": -1.0197283413196763, "objective_cosine_similarity": -0.9426115182963241, "is_tight": 0.0, "dual_solution_value": -0.0, "scaled_age": 0.09322033898305085}, "103": {"bias": -1.035424359170386, "objective_cosine_similarity": -0.9618295514671648, "is_tight": 1.0, "dual_solution_value": -0.007697880869537426, "scaled_age": 0.0}, "104": {"bias": -0.9548151257129417, "objective_cosine_similarity": -0.9333327429060908, "is_tight": 0.0, "dual_solution_value": -0.0, "scaled_age": 0.07627118644067797}, "105": {"bias": -0.8017837257372732, "objective_cosine_similarity": -0.8135138849132901, "is_tight": 0.0, "dual_solution_value": -0.0, "scaled_age": 0.00847457627118644}, "106": {"bias": -0.7071067811865475, "objective_cosine_similarity": -0.4911625030956947, "is_tight": 0.0, "dual_solution_value": -0.0, "scaled_age": 0.1271186440677966}, "107": {"bias": -1.0115344068040848, "objective_cosine_similarity": -0.924467104113439, "is_tight": 0.0, "dual_solution_value": -0.0, "scaled_age": 0.06779661016949153}, "108": {"bias": -1.018506908095905, "objective_cosine_similarity": -0.9548270148753077, "is_tight": 0.0, "dual_solution_value": -0.0, "scaled_age": 0.1016949152542373}, "109": {"bias": -0.9619928327825773, "objective_cosine_similarity": -0.9289917574280977, "is_tight": 0.0, "dual_solution_value": -0.0, "scaled_age": 0.1271186440677966}, "110": {"bias": -1.0246797930376743, "objective_cosine_similarity": -0.9262147173136698, "is_tight": 0.0, "dual_solution_value": -0.0, "scaled_age": 0.07627118644067797}, "111": {"bias": -1.0006383658486087, "objective_cosine_similarity": -0.9549851249953402, "is_tight": 0.0, "dual_solution_value": -0.0, "scaled_age": 0.0847457627118644}, "112": {"bias": -0.8751899489873673, "objective_cosine_similarity": -0.8802499128711618, "is_tight": 1.0, "dual_solution_value": -8.116329623265621e-05, "scaled_age": 0.0}, "113": {"bias": -1.043124231067242, "objective_cosine_similarity": -0.9602269266296837, "is_tight": 1.0, "dual_solution_value": -0.004848023989561773, "scaled_age": 0.0}, "114": {"bias": -0.8006407690254357, "objective_cosine_similarity": -0.9096477918701733, "is_tight": 0.0, "dual_solution_value": -0.0, "scaled_age": 0.11016949152542373}, "115": {"bias": -1.0434385957395949, "objective_cosine_similarity": -0.9590372580968638, "is_tight": 1.0, "dual_solution_value": -0.0033166772061797006, "scaled_age": 0.0}, "116": {"bias": -1.0283549461982235, "objective_cosine_similarity": -0.9595370297317664, "is_tight": 0.0, "dual_solution_value": -0.0, "scaled_age": 0.06779661016949153}, "117": {"bias": -0.8789015320249023, "objective_cosine_similarity": -0.8684290023703569, "is_tight": 0.0, "dual_solution_value": -0.0, "scaled_age": 0.05084745762711865}, "118": {"bias": -1.0229387295817045, "objective_cosine_similarity": -0.957157129853509, "is_tight": 1.0, "dual_solution_value": -0.002449849459258389, "scaled_age": 0.0}, "119": {"bias": -0.9502286762911598, "objective_cosine_similarity": -0.9009295940226089, "is_tight": 0.0, "dual_solution_value": -0.0, "scaled_age": 0.059322033898305086}, "120": {"bias": -1.0366991634819789, "objective_cosine_similarity": -0.9562753498935622, "is_tight": 1.0, "dual_solution_value": -0.0020935674573600523, "scaled_age": 0.0}, "121": {"bias": -1.0419596384990237, "objective_cosine_similarity": -0.9614518724382619, "is_tight": 1.0, "dual_solution_value": -0.005084009492340129, "scaled_age": 0.0}, "122": {"bias": -1.029919752884886, "objective_cosine_similarity": -0.9514241871054301, "is_tight": 1.0, "dual_solution_value": -0.004578006640428648, "scaled_age": 0.0}, "123": {"bias": -1.041667733480327, "objective_cosine_similarity": -0.958891218503729, "is_tight": 1.0, "dual_solution_value": -0.000926629470574361, "scaled_age": 0.0}, "124": {"bias": -0.9733284495671125, "objective_cosine_similarity": -0.9048455773666121, "is_tight": 0.0, "dual_solution_value": 0.0, "scaled_age": 0.025423728813559324}, "125": {"bias": -1.034184669751997, "objective_cosine_similarity": -0.9587040684903213, "is_tight": 1.0, "dual_solution_value": -0.008472699660074438, "scaled_age": 0.0}, "126": {"bias": -1.0466119362348623, "objective_cosine_similarity": -0.9575699334793796, "is_tight": 1.0, "dual_solution_value": -0.00042518807747257193, "scaled_age": 0.0}, "127": {"bias": -1.0389040051332625, "objective_cosine_similarity": -0.9632073415059237, "is_tight": 1.0, "dual_solution_value": -0.00016487521634314957, "scaled_age": 0.0}}