{"0": {"bias": -0.8897565210026093, "objective_cosine_similarity": -0.9141344878840176, "is_tight": 0.0, "dual_solution_value": -0.0, "scaled_age": 0.009433962264150943}, "1": {"bias": -0.5388159060803247, "objective_cosine_similarity": -0.7011996071656452, "is_tight": 0.0, "dual_solution_value": -0.0, "scaled_age": 0.09433962264150944}, "2": {"bias": -0.6859943405700353, "objective_cosine_similarity": -0.8764496477750018, "is_tight": 0.0, "dual_solution_value": -0.0, "scaled_age": 0.04716981132075472}, "3": {"bias": -0.5773502691896258, "objective_cosine_similarity": -0.5739905075320298, "is_tight": 0.0, "dual_solution_value": -0.0, "scaled_age": 0.009433962264150943}, "4": {"bias": -1.027292668323303, "objective_cosine_similarity": -0.8259268111105129, "is_tight": 1.0, "dual_solution_value": -5.8715021197565614e-08, "scaled_age": 0.0}, "5": {"bias": -0.9271726499455306, "objective_cosine_similarity": -0.8367014321985539, "is_tight": 1.0, "dual_solution_value": -3.513315981691664e-06, "scaled_age": 0.0}, "6": {"bias": -0.9431684945066265, "objective_cosine_similarity": -0.9265588870203606, "is_tight": 0.0, "dual_solution_value": -0.0, "scaled_age": 0.12264150943396226}, "7": {"bias": -0.8763704002132351, "objective_cosine_similarity": -0.9101490829894735, "is_tight": 1.0, "dual_solution_value": -2.379944598588756e-07, "scaled_age": 0.0}, "8": {"bias": -0.896922111302323, "objective_cosine_similarity": -0.8983820930551352, "is_tight": 1.0, "dual_solution_value": -6.689196068363763e-07, "scaled_age": 0.0}, "9": {"bias": -0.9354143466934853, "objective_cosine_similarity": -0.8879256768768626, "is_tight": 0.0, "dual_solution_value": -0.0, "scaled_age": 0.11320754716981132}, "10": {"bias": -0.9305704561377662, "objective_cosine_similarity": -0.8610885819702684, "is_tight": 1.0, "dual_solution_value": -0.0005124606633376964, "scaled_age": 0.0}, "11": {"bias": -0.9144041469490306, "objective_cosine_similarity": -0.8776587520705111, "is_tight": 1.0, "dual_solution_value": -0.00034428383500069687, "scaled_age": 0.0}, "12": {"bias": -1.0224085382622403, "objective_cosine_similarity": -0.899815684083507, "is_tight": 1.0, "dual_solution_value": -0.00026593548563869193, "scaled_age": 0.0}, "13": {"bias": -0.9386144287044775, "objective_cosine_similarity": -0.9236248069521137, "is_tight": 0.0, "dual_solution_value": 0.0, "scaled_age": 0.08490566037735849}, "14": {"bias": -0.9261477596766872, "objective_cosine_similarity": -0.9278037493987191, "is_tight": 1.0, "dual_solution_value": -0.013354960591796522, "scaled_age": 0.0}, "15": {"bias": -1.0087118670211797, "objective_cosine_similarity": -0.9308990252426537, "is_tight": 1.0, "dual_solution_value": -0.013781759130941058, "scaled_age": 0.0}, "16": {"bias": -0.3779644730092272, "objective_cosine_similarity": -0.5805358033400504, "is_tight": 1.0, "dual_solution_value": -0.008236232097661084, "scaled_age": 0.0}, "17": {"bias": -0.5, "objective_cosine_similarity": -0.2988127451278827, "is_tight": 1.0, "dual_solution_value": -5.7085195024476575e-05, "scaled_age": 0.0}, "18": {"bias": -0.4472135954999579, "objective_cosine_similarity": -0.31222692086414244, "is_tight": 0.0, "dual_solution_value": 0.0, "scaled_age": 0.18867924528301888}, "19": {"bias": -0.3333333333333333, "objective_cosine_similarity": -0.5063991693132964, "is_tight": 0.0, "dual_solution_value": 0.0, "scaled_age": 0.14150943396226415}, "20": {"bias": -0.4472135954999579, "objective_cosine_similarity": -0.16735362958318034, "is_tight": 0.0, "dual_solution_value": 0.0, "scaled_age": 0.18867924528301888}, "21": {"bias": -0.4472135954999579, "objective_cosine_similarity": -0.2023230447199643, "is_tight": 0.0, "dual_solution_value": 0.0, "scaled_age": 0.18867924528301888}, "22": {"bias": -0.4472135954999579, "objective_cosine_similarity": -0.15986018348244094, "is_tight": 0.0, "dual_solution_value": 0.0, "scaled_age": 0.18867924528301888}, "23": {"bias": -0.35355339059327373, "objective_cosine_similarity": -0.42258503676978665, "is_tight": 0.0, "dual_solution_value": 0.0, "scaled_age": 0.14150943396226415}, "24": {"bias": -0.3333333333333333, "objective_cosine_similarity": -0.5883166819963297, "is_tight": 0.0, "dual_solution_value": 0.0, "scaled_age": 0.18867924528301888}, "25": {"bias": -0.5773502691896258, "objective_cosine_similarity": -0.18703061481380748, "is_tight": 1.0, "dual_solution_value": -0.0005554113671492676, "scaled_age": 0.0}, "26": {"bias": -0.3779644730092272, "objective_cosine_similarity": -0.36520979628301353, "is_tight": 0.0, "dual_solution_value": 0.0, "scaled_age": 0.16037735849056603}, "27": {"bias": -0.35355339059327373, "objective_cosine_similarity": -0.3416224829961359, "is_tight": 0.0, "dual_solution_value": 0.0, "scaled_age": 0.18867924528301888}, "28": {"bias": -0.4082482904638631, "objective_cosine_similarity": -0.4263942275267269, "is_tight": 0.0, "dual_solution_value": 0.0, "scaled_age": 0.18867924528301888}, "29": {"bias": -0.5773502691896258, "objective_cosine_similarity": -0.20315394367706674, "is_tight": 1.0, "dual_solution_value": -0.0074453714085795705, "scaled_age": 0.0}, "30": {"bias": -0.5773502691896258, "objective_cosine_similarity": -0.12576196513342225, "is_tight": 0.0, "dual_solution_value": 0.0, "scaled_age": 0.18867924528301888}, "31": {"bias": -0.4082482904638631, "objective_cosine_similarity": -0.314665258816515, "is_tight": 0.0, "dual_solution_value": 0.0, "scaled_age": 0.18867924528301888}, "32": {"bias": -0.3333333333333333, "objective_cosine_similarity": -0.44496103480102156, "is_tight": 0.0, "dual_solution_value": 0.0, "scaled_age": 0.18867924528301888}, "33": {"bias": -0.3779644730092272, "objective_cosine_similarity": -0.2934344605973346, "is_tight": 0.0, "dual_solution_value": 0.0, "scaled_age": 0.18867924528301888}, "34": {"bias": -0.3779644730092272, "objective_cosine_similarity": -0.35887667842839477, "is_tight": 0.0, "dual_solution_value": 0.0, "scaled_age": 0.18867924528301888}, "35": {"bias": -0.4472135954999579, "objective_cosine_similarity": -0.20731867545379057, "is_tight": 0.0, "dual_solution_value": 0.0, "scaled_age": 0.18867924528301888}, "36": {"bias": -0.31622776601683794, "objective_cosine_similarity": -0.24903732795757053, "is_tight": 0.0, "dual_solution_value": 0.0, "scaled_age": 0.18867924528301888}, "37": {"bias": -0.4082482904638631, "objective_cosine_similarity": -0.20977683921101, "is_tight": 0.0, "dual_solution_value": 0.0, "scaled_age": 0.18867924528301888}, "38": {"bias": -0.3333333333333333, "objective_cosine_similarity": -0.374214092029311, "is_tight": 0.0, "dual_solution_value": 0.0, "scaled_age": 0.18867924528301888}, "39": {"bias": -0.4472135954999579, "objective_cosine_similarity": -0.339702889900187, "is_tight": 0.0, "dual_solution_value": 0.0, "scaled_age": 0.18867924528301888}, "40": {"bias": -0.35355339059327373, "objective_cosine_similarity": -0.32977430439511385, "is_tight": 0.0, "dual_solution_value": 0.0, "scaled_age": 0.18867924528301888}, "41": {"bias": -0.4472135954999579, "objective_cosine_similarity": -0.6369429185628506, "is_tight": 1.0, "dual_solution_value": -0.0127457098820207, "scaled_age": 0.0}, "42": {"bias": -0.4082482904638631, "objective_cosine_similarity": -0.38535093289848577, "is_tight": 0.0, "dual_solution_value": 0.0, "scaled_age": 0.18867924528301888}, "43": {"bias": -0.5, "objective_cosine_similarity": -0.18431440353682485, "is_tight": 0.0, "dual_solution_value": 0.0, "scaled_age": 0.02830188679245283}, "44": {"bias": -0.35355339059327373, "objective_cosine_similarity": -0.36729353663168374, "is_tight": 0.0, "dual_solution_value": 0.0, "scaled_age": 0.18867924528301888}, "45": {"bias": -0.5773502691896258, "objective_cosine_similarity": -0.5385191840328595, "is_tight": 1.0, "dual_solution_value": -0.10180265170560479, "scaled_age": 0.0}, "46": {"bias": -0.35355339059327373, "objective_cosine_similarity": -0.3574200544641653, "is_tight": 0.0, "dual_solution_value": 0.0, "scaled_age": 0.18867924528301888}, "47": {"bias": -0.5, "objective_cosine_similarity": -0.3127759575170361, "is_tight": 0.0, "dual_solution_value": 0.0, "scaled_age": 0.0660377358490566}, "48": {"bias": -0.5773502691896258, "objective_cosine_similarity": -0.1580086228599408, "is_tight": 0.0, "dual_solution_value": 0.0, "scaled_age": 0.018867924528301886}, "49": {"bias": -0.5, "objective_cosine_similarity": -0.22620404070428504, "is_tight": 1.0, "dual_solution_value": -0.0035930475381996878, "scaled_age": 0.0}, "50": {"bias": -0.4472135954999579, "objective_cosine_similarity": -0.2797553210942716, "is_tight": 0.0, "dual_solution_value": 0.0, "scaled_age": 0.18867924528301888}, "51": {"bias": -0.3779644730092272, "objective_cosine_similarity": -0.4369851319686925, "is_tight": 0.0, "dual_solution_value": 0.0, "scaled_age": 0.18867924528301888}, "52": {"bias": -0.5, "objective_cosine_similarity": -0.18710704601465553, "is_tight": 1.0, "dual_solution_value": -1.699096173243717e-05, "scaled_age": 0.0}, "53": {"bias": -0.5, "objective_cosine_similarity": -0.29322746017222134, "is_tight": 0.0, "dual_solution_value": 0.0, "scaled_age": 0.009433962264150943}, "54": {"bias": -0.4082482904638631, "objective_cosine_similarity": -0.22573812045532599, "is_tight": 0.0, "dual_solution_value": 0.0, "scaled_age": 0.18867924528301888}, "55": {"bias": -0.4472135954999579, "objective_cosine_similarity": -0.3372050745332738, "is_tight": 0.0, "dual_solution_value": 0.0, "scaled_age": 0.07547169811320754}, "56": {"bias": -0.4082482904638631, "objective_cosine_similarity": -0.32150580792122185, "is_tight": 0.0, "dual_solution_value": 0.0, "scaled_age": 0.09433962264150944}, "57": {"bias": -0.5, "objective_cosine_similarity": -0.15638797875851804, "is_tight": 0.0, "dual_solution_value": 0.0, "scaled_age": 0.18867924528301888}, "58": {"bias": -0.4082482904638631, "objective_cosine_similarity": -0.28274269632788307, "is_tight": 0.0, "dual_solution_value": 0.0, "scaled_age": 0.18867924528301888}, "59": {"bias": -0.3779644730092272, "objective_cosine_similarity": -0.35465459985864894, "is_tight": 0.0, "dual_solution_value": 0.0, "scaled_age": 0.18867924528301888}, "60": {"bias": -0.31622776601683794, "objective_cosine_similarity": -0.4044648801580401, "is_tight": 0.0, "dual_solution_value": 0.0, "scaled_age": 0.18867924528301888}, "61": {"bias": -0.31622776601683794, "objective_cosine_similarity": -0.44685421257635, "is_tight": 0.0, "dual_solution_value": 0.0, "scaled_age": 0.18867924528301888}, "62": {"bias": -0.35355339059327373, "objective_cosine_similarity": -0.26460932208949256, "is_tight": 0.0, "dual_solution_value": 0.0, "scaled_age": 0.18867924528301888}, "63": {"bias": -0.4472135954999579, "objective_cosine_similarity": -0.16735362958318034, "is_tight": 0.0, "dual_solution_value": 0.0, "scaled_age": 0.18867924528301888}, "64": {"bias": -0.4082482904638631, "objective_cosine_similarity": -0.32606617399102644, "is_tight": 0.0, "dual_solution_value": 0.0, "scaled_age": 0.18867924528301888}, "65": {"bias": -0.35355339059327373, "objective_cosine_similarity": -0.3850658045332168, "is_tight": 0.0, "dual_solution_value": 0.0, "scaled_age": 0.18867924528301888}, "66": {"bias": -0.4082482904638631, "objective_cosine_similarity": -0.23029848652513055, "is_tight": 0.0, "dual_solution_value": 0.0, "scaled_age": 0.18867924528301888}, "67": {"bias": -0.4472135954999579, "objective_cosine_similarity": -0.2647684288927928, "is_tight": 0.0, "dual_solution_value": 0.0, "scaled_age": 0.18867924528301888}, "68": {"bias": -0.4082482904638631, "objective_cosine_similarity": -0.3032643436420036, "is_tight": 0.0, "dual_solution_value": 0.0, "scaled_age": 0.18867924528301888}, "69": {"bias": -0.4082482904638631, "objective_cosine_similarity": -0.43779514270123826, "is_tight": 0.0, "dual_solution_value": 0.0, "scaled_age": 0.18867924528301888}, "70": {"bias": -0.4082482904638631, "objective_cosine_similarity": -0.16645336154786664, "is_tight": 0.0, "dual_solution_value": 0.0, "scaled_age": 0.18867924528301888}, "71": {"bias": -0.35355339059327373, "objective_cosine_similarity": -0.3475465722966469, "is_tight": 0.0, "dual_solution_value": 0.0, "scaled_age": 0.18867924528301888}, "72": {"bias": -0.3333333333333333, "objective_cosine_similarity": -0.327670050732133, "is_tight": 0.0, "dual_solution_value": 0.0, "scaled_age": 0.18867924528301888}, "73": {"bias": -0.4472135954999579, "objective_cosine_similarity": -0.21231430618761685, "is_tight": 0.0, "dual_solution_value": 0.0, "scaled_age": 0.18867924528301888}, "74": {"bias": -0.3779644730092272, "objective_cosine_similarity": -0.5298708605031005, "is_tight": 1.0, "dual_solution_value": -0.007466996094807677, "scaled_age": 0.0}, "75": {"bias": -0.3779644730092272, "objective_cosine_similarity": -0.3377662855796657, "is_tight": 0.0, "dual_solution_value": 0.0, "scaled_age": 0.18867924528301888}, "76": {"bias": -0.4472135954999579, "objective_cosine_similarity": -0.45210458141127824, "is_tight": 1.0, "dual_solution_value": -0.04496067660443651, "scaled_age": 0.0}, "77": {"bias": -0.5, "objective_cosine_similarity": -0.16197326371417942, "is_tight": 0.0, "dual_solution_value": 0.0, "scaled_age": 0.18867924528301888}, "78": {"bias": -0.31622776601683794, "objective_cosine_similarity": -0.5351653217811623, "is_tight": 0.0, "dual_solution_value": 0.0, "scaled_age": 0.18867924528301888}, "79": {"bias": -0.35355339059327373, "objective_cosine_similarity": -0.33767309012912855, "is_tight": 0.0, "dual_solution_value": 0.0, "scaled_age": 0.18867924528301888}, "80": {"bias": -0.3779644730092272, "objective_cosine_similarity": -0.3377662855796657, "is_tight": 0.0, "dual_solution_value": 0.0, "scaled_age": 0.18867924528301888}, "81": {"bias": -0.4082482904638631, "objective_cosine_similarity": -0.21661738831571686, "is_tight": 0.0, "dual_solution_value": 0.0, "scaled_age": 0.18867924528301888}, "82": {"bias": -0.5, "objective_cosine_similarity": -0.217826113270793, "is_tight": 0.0, "dual_solution_value": 0.0, "scaled_age": 0.18867924528301888}, "83": {"bias": -0.35355339059327373, "objective_cosine_similarity": -0.4403573046713197, "is_tight": 0.0, "dual_solution_value": 0.0, "scaled_age": 0.18867924528301888}, "84": {"bias": -0.4472135954999579, "objective_cosine_similarity": -0.2023230447199643, "is_tight": 0.0, "dual_solution_value": 0.0, "scaled_age": 0.18867924528301888}, "85": {"bias": -0.7071067811865475, "objective_cosine_similarity": -0.035544535803066164, "is_tight": 0.0, "dual_solution_value": 0.0, "scaled_age": 0.18867924528301888}, "86": {"bias": -0.35355339059327373, "objective_cosine_similarity": -0.3080526436265734, "is_tight": 0.0, "dual_solution_value": 0.0, "scaled_age": 0.18867924528301888}, "87": {"bias": -0.35355339059327373, "objective_cosine_similarity": -0.286330982858033, "is_tight": 0.0, "dual_solution_value": 0.0, "scaled_age": 0.18867924528301888}, "88": {"bias": -0.4472135954999579, "objective_cosine_similarity": -0.3347072591663607, "is_tight": 1.0, "dual_solution_value": -0.003928772935517114, "scaled_age": 0.0}, "89": {"bias": -0.5773502691896258, "objective_cosine_similarity": -0.1773566174958519, "is_tight": 0.0, "dual_solution_value": 0.0, "scaled_age": 0.18867924528301888}, "90": {"bias": -0.3779644730092272, "objective_cosine_similarity": -0.3504325212889032, "is_tight": 0.0, "dual_solution_value": 0.0, "scaled_age": 0.18867924528301888}, "91": {"bias": -0.4472135954999579, "objective_cosine_similarity": -0.2822531364611848, "is_tight": 1.0, "dual_solution_value": -0.006257538823038955, "scaled_age": 0.0}, "92": {"bias": -0.3333333333333333, "objective_cosine_similarity": -0.47847274453498967, "is_tight": 1.0, "dual_solution_value": -5.4151804582891126e-05, "scaled_age": 0.0}, "93": {"bias": -0.5, "objective_cosine_similarity": -0.22620404070428504, "is_tight": 0.0, "dual_solution_value": 0.0, "scaled_age": 0.16981132075471697}, "94": {"bias": -0.35355339059327373, "objective_cosine_similarity": -0.6121558943861395, "is_tight": 1.0, "dual_solution_value": -2.696584462333652e-05, "scaled_age": 0.0}, "95": {"bias": -0.35355339059327373, "objective_cosine_similarity": -0.17969737544883452, "is_tight": 0.0, "dual_solution_value": 0.0, "scaled_age": 0.18867924528301888}, "96": {"bias": -0.3779644730092272, "objective_cosine_similarity": -0.3377662855796657, "is_tight": 0.0, "dual_solution_value": 0.0, "scaled_age": 0.18867924528301888}, "97": {"bias": -0.3333333333333333, "objective_cosine_similarity": -0.5231550241802806, "is_tight": 0.0, "dual_solution_value": 0.0, "scaled_age": 0.18867924528301888}, "98": {"bias": -0.4082482904638631, "objective_cosine_similarity": -0.32150580792122185, "is_tight": 0.0, "dual_solution_value": 0.0, "scaled_age": 0.18867924528301888}, "99": {"bias": -0.35355339059327373, "objective_cosine_similarity": -0.25671053635547786, "is_tight": 0.0, "dual_solution_value": 0.0, "scaled_age": 0.18867924528301888}, "100": {"bias": -0.3779644730092272, "objective_cosine_similarity": -0.36943187485275936, "is_tight": 0.0, "dual_solution_value": 0.0, "scaled_age": 0.18867924528301888}, "101": {"bias": -0.5, "objective_cosine_similarity": -0.26530103539391453, "is_tight": 1.0, "dual_solution_value": -0.007092237309306554, "scaled_age": 0.0}, "102": {"bias": -0.4082482904638631, "objective_cosine_similarity": -0.42867441056162914, "is_tight": 0.0, "dual_solution_value": 0.0, "scaled_age": 0.18867924528301888}, "103": {"bias": -0.4082482904638631, "objective_cosine_similarity": -0.330626540060831, "is_tight": 0.0, "dual_solution_value": 0.0, "scaled_age": 0.18867924528301888}, "104": {"bias": -0.4472135954999579, "objective_cosine_similarity": -0.42962424310906, "is_tight": 0.0, "dual_solution_value": 0.0, "scaled_age": 0.03773584905660377}, "105": {"bias": -0.5, "objective_cosine_similarity": -0.2569231079604225, "is_tight": 0.0, "dual_solution_value": 0.0, "scaled_age": 0.18867924528301888}, "106": {"bias": -0.3779644730092272, "objective_cosine_similarity": -0.49187215337538814, "is_tight": 0.0, "dual_solution_value": 0.0, "scaled_age": 0.18867924528301888}, "107": {"bias": -0.31622776601683794, "objective_cosine_similarity": -0.31262132658503533, "is_tight": 0.0, "dual_solution_value": 0.0, "scaled_age": 0.18867924528301888}, "108": {"bias": -0.4472135954999579, "objective_cosine_similarity": -0.29474221329575045, "is_tight": 1.0, "dual_solution_value": -0.001409161350407772, "scaled_age": 0.0}, "109": {"bias": -0.9827061077954153, "objective_cosine_similarity": -0.9183702918908131, "is_tight": 1.0, "dual_solution_value": -0.009391597012398056, "scaled_age": 0.0}, "110": {"bias": -0.9759093620806585, "objective_cosine_similarity": -0.9196190266535743, "is_tight": 1.0, "dual_solution_value": -0.01297057857805017, "scaled_age": 0.0}, "111": {"bias": -0.9153651166903976, "objective_cosine_similarity": -0.9375001842136317, "is_tight": 0.0, "dual_solution_value": -0.0, "scaled_age": 0.10377358490566038}, "112": {"bias": -0.9129613975298101, "objective_cosine_similarity": -0.9273418887139357, "is_tight": 0.0, "dual_solution_value": -0.0, "scaled_age": 0.10377358490566038}, "113": {"bias": -0.8926073982886735, "objective_cosine_similarity": -0.9041499916200261, "is_tight": 0.0, "dual_solution_value": -0.0, "scaled_age": 0.10377358490566038}, "114": {"bias": -0.8313979615881406, "objective_cosine_similarity": -0.916114863117511, "is_tight": 0.0, "dual_solution_value": -0.0, "scaled_age": 0.08490566037735849}, "115": {"bias": -0.9216687726822184, "objective_cosine_similarity": -0.9216590200087171, "is_tight": 0.0, "dual_solution_value": -0.0, "scaled_age": 0.03773584905660377}, "116": {"bias": -0.5773502691896257, "objective_cosine_similarity": -0.6879286981657284, "is_tight": 1.0, "dual_solution_value": -5.404428123747467e-05, "scaled_age": 0.0}, "117": {"bias": -0.9112995284026161, "objective_cosine_similarity": -0.9215596720465865, "is_tight": 1.0, "dual_solution_value": -7.522474688766399e-06, "scaled_age": 0.0}, "118": {"bias": -0.9277188429991218, "objective_cosine_similarity": -0.9235928565678495, "is_tight": 0.0, "dual_solution_value": -0.0, "scaled_age": 0.0660377358490566}, "119": {"bias": -0.9050007294563535, "objective_cosine_similarity": -0.9216379222083447, "is_tight": 0.0, "dual_solution_value": -0.0, "scaled_age": 0.018867924528301886}, "120": {"bias": -0.8970852271450606, "objective_cosine_similarity": -0.9261673327196785, "is_tight": 0.0, "dual_solution_value": -0.0, "scaled_age": 0.018867924528301886}, "121": {"bias": -0.9088762312861238, "objective_cosine_similarity": -0.920020779681866, "is_tight": 1.0, "dual_solution_value": -6.707920719179669e-07, "scaled_age": 0.0}, "122": {"bias": -0.9629131261055608, "objective_cosine_similarity": -0.9280215266225893, "is_tight": 1.0, "dual_solution_value": -0.0026672522654813493, "scaled_age": 0.0}, "123": {"bias": -0.8637812294917968, "objective_cosine_similarity": -0.9043536155655897, "is_tight": 1.0, "dual_solution_value": -2.210809194627544e-06, "scaled_age": 0.0}, "124": {"bias": -0.9300388164796436, "objective_cosine_similarity": -0.9293489638012747, "is_tight": 0.0, "dual_solution_value": -0.0, "scaled_age": 0.009433962264150943}, "125": {"bias": -0.915836992291589, "objective_cosine_similarity": -0.9193576085621525, "is_tight": 1.0, "dual_solution_value": -1.7131134053499874e-06, "scaled_age": 0.0}}