{"0": {"bias": -0.5547001962252291, "objective_cosine_similarity": -0.6193037507488848, "is_tight": 1.0, "dual_solution_value": -0.00027679858434045984, "scaled_age": 0.0}, "1": {"bias": -0.6488856845230502, "objective_cosine_similarity": -0.8508692558262747, "is_tight": 0.0, "dual_solution_value": -0.0, "scaled_age": 0.0782608695652174}, "2": {"bias": -0.6575959492214292, "objective_cosine_similarity": -0.9184783305476014, "is_tight": 0.0, "dual_solution_value": -0.0, "scaled_age": 0.06086956521739131}, "3": {"bias": -0.9104044709800989, "objective_cosine_similarity": -0.8202869693182342, "is_tight": 1.0, "dual_solution_value": -2.5076727231322666e-09, "scaled_age": 0.0}, "4": {"bias": -0.7705291598739654, "objective_cosine_similarity": -0.9400814169839101, "is_tight": 0.0, "dual_solution_value": -0.0, "scaled_age": 0.034782608695652174}, "5": {"bias": -0.8003728611890534, "objective_cosine_similarity": -0.9389914102734578, "is_tight": 0.0, "dual_solution_value": -0.0, "scaled_age": 0.034782608695652174}, "6": {"bias": -0.880193774661461, "objective_cosine_similarity": -0.8339915098258105, "is_tight": 0.0, "dual_solution_value": -0.0, "scaled_age": 0.008695652173913044}, "7": {"bias": -0.7837175498670061, "objective_cosine_similarity": -0.9603827768587866, "is_tight": 1.0, "dual_solution_value": -1.2394032896925554e-05, "scaled_age": 0.0}, "8": {"bias": -0.7844645405527362, "objective_cosine_similarity": -0.7739457583913891, "is_tight": 0.0, "dual_solution_value": -0.0, "scaled_age": 0.017391304347826087}, "9": {"bias": -0.6556100681071858, "objective_cosine_similarity": -0.9628662761341881, "is_tight": 0.0, "dual_solution_value": -0.0, "scaled_age": 0.06086956521739131}, "10": {"bias": -0.7006490497453707, "objective_cosine_similarity": -0.9436674408193342, "is_tight": 0.0, "dual_solution_value": -0.0, "scaled_age": 0.06956521739130435}, "11": {"bias": -0.6047078979069521, "objective_cosine_similarity": -0.9479455448254501, "is_tight": 0.0, "dual_solution_value": -0.0, "scaled_age": 0.08695652173913043}, "12": {"bias": -0.7548294124240689, "objective_cosine_similarity": -0.9429855884600354, "is_tight": 0.0, "dual_solution_value": -0.0, "scaled_age": 0.043478260869565216}, "13": {"bias": -0.6405126152203485, "objective_cosine_similarity": -0.8982661947946359, "is_tight": 1.0, "dual_solution_value": -6.695222178323027e-05, "scaled_age": 0.0}, "14": {"bias": -0.8181012479671625, "objective_cosine_similarity": -0.8997112959256234, "is_tight": 0.0, "dual_solution_value": 0.0, "scaled_age": 0.05217391304347826}, "15": {"bias": -0.30151134457776363, "objective_cosine_similarity": -0.3325051144367112, "is_tight": 0.0, "dual_solution_value": 0.0, "scaled_age": 0.20869565217391303}, "16": {"bias": -0.35355339059327373, "objective_cosine_similarity": -0.25456072539068514, "is_tight": 0.0, "dual_solution_value": 0.0, "scaled_age": 0.20869565217391303}, "17": {"bias": -0.3333333333333333, "objective_cosine_similarity": -0.3721552380687123, "is_tight": 0.0, "dual_solution_value": 0.0, "scaled_age": 0.20869565217391303}, "18": {"bias": -0.35355339059327373, "objective_cosine_similarity": -0.3657296497701616, "is_tight": 0.0, "dual_solution_value": 0.0, "scaled_age": 0.10434782608695652}, "19": {"bias": -0.4082482904638631, "objective_cosine_similarity": -0.40556472564320545, "is_tight": 1.0, "dual_solution_value": -0.00014934778361454752, "scaled_age": 0.0}, "20": {"bias": -0.5, "objective_cosine_similarity": -0.3508892244647859, "is_tight": 1.0, "dual_solution_value": -0.0001542051463199183, "scaled_age": 0.0}, "21": {"bias": -0.3333333333333333, "objective_cosine_similarity": -0.26278716810566216, "is_tight": 0.0, "dual_solution_value": 0.0, "scaled_age": 0.20869565217391303}, "22": {"bias": -0.3333333333333333, "objective_cosine_similarity": -0.31747120308718724, "is_tight": 0.0, "dual_solution_value": 0.0, "scaled_age": 0.20869565217391303}, "23": {"bias": -0.4082482904638631, "objective_cosine_similarity": -0.20650314012108167, "is_tight": 0.0, "dual_solution_value": 0.0, "scaled_age": 0.08695652173913043}, "24": {"bias": -0.3333333333333333, "objective_cosine_similarity": -0.5316503400981605, "is_tight": 0.0, "dual_solution_value": 0.0, "scaled_age": 0.20869565217391303}, "25": {"bias": -0.31622776601683794, "objective_cosine_similarity": -0.3285595941608915, "is_tight": 0.0, "dual_solution_value": 0.0, "scaled_age": 0.20869565217391303}, "26": {"bias": -0.3333333333333333, "objective_cosine_similarity": -0.40557325944631095, "is_tight": 0.0, "dual_solution_value": 0.0, "scaled_age": 0.20869565217391303}, "27": {"bias": -0.30151134457776363, "objective_cosine_similarity": -0.44654612476004607, "is_tight": 0.0, "dual_solution_value": 0.0, "scaled_age": 0.20869565217391303}, "28": {"bias": -0.2672612419124244, "objective_cosine_similarity": -0.44940888538480417, "is_tight": 0.0, "dual_solution_value": 0.0, "scaled_age": 0.20869565217391303}, "29": {"bias": -0.3333333333333333, "objective_cosine_similarity": -0.5255743362113243, "is_tight": 1.0, "dual_solution_value": -0.00022236874528777883, "scaled_age": 0.0}, "30": {"bias": -0.4472135954999579, "objective_cosine_similarity": -0.2955032804647774, "is_tight": 0.0, "dual_solution_value": 0.0, "scaled_age": 0.043478260869565216}, "31": {"bias": -0.4082482904638631, "objective_cosine_similarity": -0.4167270575416423, "is_tight": 0.0, "dual_solution_value": 0.0, "scaled_age": 0.06956521739130435}, "32": {"bias": -0.2886751345948129, "objective_cosine_similarity": -0.5064649705012079, "is_tight": 0.0, "dual_solution_value": 0.0, "scaled_age": 0.20869565217391303}, "33": {"bias": -0.35355339059327373, "objective_cosine_similarity": -0.4237308277072797, "is_tight": 0.0, "dual_solution_value": 0.0, "scaled_age": 0.20869565217391303}, "34": {"bias": -0.31622776601683794, "objective_cosine_similarity": -0.4971625437960858, "is_tight": 1.0, "dual_solution_value": -2.6392772542174442e-05, "scaled_age": 0.0}, "35": {"bias": -0.3333333333333333, "objective_cosine_similarity": -0.4268392730502374, "is_tight": 0.0, "dual_solution_value": 0.0, "scaled_age": 0.20869565217391303}, "36": {"bias": -0.4082482904638631, "objective_cosine_similarity": -0.20278236282160272, "is_tight": 0.0, "dual_solution_value": 0.0, "scaled_age": 0.20869565217391303}, "37": {"bias": -0.35355339059327373, "objective_cosine_similarity": -0.4317865468652128, "is_tight": 0.0, "dual_solution_value": 0.0, "scaled_age": 0.20869565217391303}, "38": {"bias": -0.30151134457776363, "objective_cosine_similarity": -0.5124975524169144, "is_tight": 0.0, "dual_solution_value": 0.0, "scaled_age": 0.20869565217391303}, "39": {"bias": -0.4472135954999579, "objective_cosine_similarity": -0.23436467071344416, "is_tight": 0.0, "dual_solution_value": 0.0, "scaled_age": 0.20869565217391303}, "40": {"bias": -0.30151134457776363, "objective_cosine_similarity": -0.2693016629322124, "is_tight": 0.0, "dual_solution_value": 0.0, "scaled_age": 0.20869565217391303}, "41": {"bias": -0.4472135954999579, "objective_cosine_similarity": -0.26085806827235525, "is_tight": 0.0, "dual_solution_value": 0.0, "scaled_age": 0.20869565217391303}, "42": {"bias": -0.35355339059327373, "objective_cosine_similarity": -0.5687337725500751, "is_tight": 0.0, "dual_solution_value": 0.0, "scaled_age": 0.08695652173913043}, "43": {"bias": -0.30151134457776363, "objective_cosine_similarity": -0.23220398487522398, "is_tight": 0.0, "dual_solution_value": 0.0, "scaled_age": 0.20869565217391303}, "44": {"bias": -0.4082482904638631, "objective_cosine_similarity": -0.2771979088111817, "is_tight": 0.0, "dual_solution_value": 0.0, "scaled_age": 0.034782608695652174}, "45": {"bias": -0.3333333333333333, "objective_cosine_similarity": -0.3508892244647859, "is_tight": 0.0, "dual_solution_value": 0.0, "scaled_age": 0.20869565217391303}, "46": {"bias": -0.35355339059327373, "objective_cosine_similarity": -0.5075103069497837, "is_tight": 0.0, "dual_solution_value": 0.0, "scaled_age": 0.20869565217391303}, "47": {"bias": -0.3779644730092272, "objective_cosine_similarity": -0.20496383943278518, "is_tight": 0.0, "dual_solution_value": 0.0, "scaled_age": 0.20869565217391303}, "48": {"bias": -0.30151134457776363, "objective_cosine_similarity": -0.40807445862687286, "is_tight": 0.0, "dual_solution_value": 0.0, "scaled_age": 0.20869565217391303}, "49": {"bias": -0.2886751345948129, "objective_cosine_similarity": -0.33150434432806336, "is_tight": 0.0, "dual_solution_value": 0.0, "scaled_age": 0.20869565217391303}, "50": {"bias": -0.2672612419124244, "objective_cosine_similarity": -0.35562979548065804, "is_tight": 0.0, "dual_solution_value": 0.0, "scaled_age": 0.20869565217391303}, "51": {"bias": -0.4082482904638631, "objective_cosine_similarity": -0.3385907342525844, "is_tight": 0.0, "dual_solution_value": 0.0, "scaled_age": 0.20869565217391303}, "52": {"bias": -0.3779644730092272, "objective_cosine_similarity": -0.2738592476454861, "is_tight": 0.0, "dual_solution_value": 0.0, "scaled_age": 0.20869565217391303}, "53": {"bias": -0.5773502691896258, "objective_cosine_similarity": -0.2762536202733861, "is_tight": 1.0, "dual_solution_value": -0.002602228267536119, "scaled_age": 0.0}, "54": {"bias": -0.31622776601683794, "objective_cosine_similarity": -0.4784288827255087, "is_tight": 0.0, "dual_solution_value": 0.0, "scaled_age": 0.20869565217391303}, "55": {"bias": -0.4472135954999579, "objective_cosine_similarity": -0.22009899510479972, "is_tight": 0.0, "dual_solution_value": 0.0, "scaled_age": 0.13043478260869565}, "56": {"bias": -0.35355339059327373, "objective_cosine_similarity": -0.22394899259053946, "is_tight": 0.0, "dual_solution_value": 0.0, "scaled_age": 0.20869565217391303}, "57": {"bias": -0.5, "objective_cosine_similarity": -0.08886155684497825, "is_tight": 1.0, "dual_solution_value": -6.269352198392445e-05, "scaled_age": 0.0}, "58": {"bias": -0.3333333333333333, "objective_cosine_similarity": -0.3660792341818762, "is_tight": 0.0, "dual_solution_value": 0.0, "scaled_age": 0.20869565217391303}, "59": {"bias": -0.3333333333333333, "objective_cosine_similarity": -0.2840531817095886, "is_tight": 0.0, "dual_solution_value": 0.0, "scaled_age": 0.20869565217391303}, "60": {"bias": -0.31622776601683794, "objective_cosine_similarity": -0.4164636961074458, "is_tight": 0.0, "dual_solution_value": 0.0, "scaled_age": 0.20869565217391303}, "61": {"bias": -0.4082482904638631, "objective_cosine_similarity": -0.4632367737851292, "is_tight": 1.0, "dual_solution_value": -0.006006334320123378, "scaled_age": 0.0}, "62": {"bias": -0.3779644730092272, "objective_cosine_similarity": -0.5012140947473991, "is_tight": 1.0, "dual_solution_value": -0.0006783515593419846, "scaled_age": 0.0}, "63": {"bias": -0.35355339059327373, "objective_cosine_similarity": -0.22878242408529934, "is_tight": 0.0, "dual_solution_value": 0.0, "scaled_age": 0.20869565217391303}, "64": {"bias": -0.31622776601683794, "objective_cosine_similarity": -0.4395205097327715, "is_tight": 0.0, "dual_solution_value": 0.0, "scaled_age": 0.20869565217391303}, "65": {"bias": -0.4082482904638631, "objective_cosine_similarity": -0.23626935851691327, "is_tight": 0.0, "dual_solution_value": 0.0, "scaled_age": 0.14782608695652175}, "66": {"bias": -0.4472135954999579, "objective_cosine_similarity": -0.262896021930733, "is_tight": 0.0, "dual_solution_value": 0.0, "scaled_age": 0.20869565217391303}, "67": {"bias": -0.2773500981126146, "objective_cosine_similarity": -0.5535817200571663, "is_tight": 0.0, "dual_solution_value": 0.0, "scaled_age": 0.20869565217391303}, "68": {"bias": -0.3333333333333333, "objective_cosine_similarity": -0.3129142001720601, "is_tight": 0.0, "dual_solution_value": 0.0, "scaled_age": 0.20869565217391303}, "69": {"bias": -0.3779644730092272, "objective_cosine_similarity": -0.29280548490397884, "is_tight": 0.0, "dual_solution_value": 0.0, "scaled_age": 0.20869565217391303}, "70": {"bias": -0.31622776601683794, "objective_cosine_similarity": -0.5591277304141486, "is_tight": 0.0, "dual_solution_value": 0.0, "scaled_age": 0.09565217391304348}, "71": {"bias": -0.35355339059327373, "objective_cosine_similarity": -0.5784006355395948, "is_tight": 0.0, "dual_solution_value": 0.0, "scaled_age": 0.043478260869565216}, "72": {"bias": -0.3779644730092272, "objective_cosine_similarity": -0.27213686244016855, "is_tight": 0.0, "dual_solution_value": 0.0, "scaled_age": 0.20869565217391303}, "73": {"bias": -0.3333333333333333, "objective_cosine_similarity": -0.41468726527656513, "is_tight": 0.0, "dual_solution_value": 0.0, "scaled_age": 0.20869565217391303}, "74": {"bias": -0.4472135954999579, "objective_cosine_similarity": -0.17730196827886646, "is_tight": 0.0, "dual_solution_value": 0.0, "scaled_age": 0.12173913043478261}, "75": {"bias": -0.4082482904638631, "objective_cosine_similarity": -0.254873245014308, "is_tight": 0.0, "dual_solution_value": 0.0, "scaled_age": 0.034782608695652174}, "76": {"bias": -0.3779644730092272, "objective_cosine_similarity": -0.533939413648432, "is_tight": 1.0, "dual_solution_value": -0.011391240734492984, "scaled_age": 0.0}, "77": {"bias": -0.35355339059327373, "objective_cosine_similarity": -0.4527314166758388, "is_tight": 0.0, "dual_solution_value": 0.0, "scaled_age": 0.11304347826086956}, "78": {"bias": -0.31622776601683794, "objective_cosine_similarity": -0.43807945888118865, "is_tight": 0.0, "dual_solution_value": 0.0, "scaled_age": 0.20869565217391303}, "79": {"bias": -0.31622776601683794, "objective_cosine_similarity": -0.8286042396601431, "is_tight": 1.0, "dual_solution_value": -0.02902461732875509, "scaled_age": 0.0}, "80": {"bias": -0.4082482904638631, "objective_cosine_similarity": -0.45021405323695285, "is_tight": 0.0, "dual_solution_value": 0.0, "scaled_age": 0.06956521739130435}, "81": {"bias": -0.4472135954999579, "objective_cosine_similarity": -0.19156764388751088, "is_tight": 0.0, "dual_solution_value": 0.0, "scaled_age": 0.20869565217391303}, "82": {"bias": -0.31622776601683794, "objective_cosine_similarity": -0.49572149294450296, "is_tight": 0.0, "dual_solution_value": 0.0, "scaled_age": 0.20869565217391303}, "83": {"bias": -0.35355339059327373, "objective_cosine_similarity": -0.34800706762270883, "is_tight": 0.0, "dual_solution_value": 0.0, "scaled_age": 0.20869565217391303}, "84": {"bias": -0.4472135954999579, "objective_cosine_similarity": -0.2893894194896441, "is_tight": 0.0, "dual_solution_value": 0.0, "scaled_age": 0.20869565217391303}, "85": {"bias": -0.35355339059327373, "objective_cosine_similarity": -0.30772847183304347, "is_tight": 0.0, "dual_solution_value": 0.0, "scaled_age": 0.20869565217391303}, "86": {"bias": -0.5, "objective_cosine_similarity": -0.24152115450173575, "is_tight": 0.0, "dual_solution_value": 0.0, "scaled_age": 0.02608695652173913}, "87": {"bias": -0.31622776601683794, "objective_cosine_similarity": -0.32423644160614296, "is_tight": 0.0, "dual_solution_value": 0.0, "scaled_age": 0.20869565217391303}, "88": {"bias": -0.5, "objective_cosine_similarity": -0.0455700291512709, "is_tight": 0.0, "dual_solution_value": 0.0, "scaled_age": 0.20869565217391303}, "89": {"bias": -0.3333333333333333, "objective_cosine_similarity": -0.46481429734296315, "is_tight": 0.0, "dual_solution_value": 0.0, "scaled_age": 0.20869565217391303}, "90": {"bias": -0.35355339059327373, "objective_cosine_similarity": -0.29483932118035056, "is_tight": 0.0, "dual_solution_value": 0.0, "scaled_age": 0.20869565217391303}, "91": {"bias": -0.4082482904638631, "objective_cosine_similarity": -0.38137967319659233, "is_tight": 0.0, "dual_solution_value": 0.0, "scaled_age": 0.10434782608695652}, "92": {"bias": -0.31622776601683794, "objective_cosine_similarity": -0.39484793333370294, "is_tight": 0.0, "dual_solution_value": 0.0, "scaled_age": 0.20869565217391303}, "93": {"bias": -0.3779644730092272, "objective_cosine_similarity": -0.342754655858187, "is_tight": 0.0, "dual_solution_value": 0.0, "scaled_age": 0.20869565217391303}, "94": {"bias": -0.4472135954999579, "objective_cosine_similarity": -0.3077310024150441, "is_tight": 0.0, "dual_solution_value": 0.0, "scaled_age": 0.1565217391304348}, "95": {"bias": -0.3779644730092272, "objective_cosine_similarity": -0.28419355887739123, "is_tight": 0.0, "dual_solution_value": 0.0, "scaled_age": 0.16521739130434782}, "96": {"bias": -0.4472135954999579, "objective_cosine_similarity": -0.20787127315453308, "is_tight": 0.0, "dual_solution_value": 0.0, "scaled_age": 0.20869565217391303}, "97": {"bias": -0.3779644730092272, "objective_cosine_similarity": -0.3634232783219972, "is_tight": 0.0, "dual_solution_value": 0.0, "scaled_age": 0.034782608695652174}, "98": {"bias": -0.5, "objective_cosine_similarity": -0.19595112535046486, "is_tight": 1.0, "dual_solution_value": -0.0021298959571170928, "scaled_age": 0.0}, "99": {"bias": -0.31622776601683794, "objective_cosine_similarity": -0.4683415267644287, "is_tight": 0.0, "dual_solution_value": 0.0, "scaled_age": 0.20869565217391303}, "100": {"bias": -0.3779644730092272, "objective_cosine_similarity": -0.38064713037517245, "is_tight": 0.0, "dual_solution_value": 0.0, "scaled_age": 0.20869565217391303}, "101": {"bias": -0.35355339059327373, "objective_cosine_similarity": -0.35928507444381513, "is_tight": 0.0, "dual_solution_value": 0.0, "scaled_age": 0.20869565217391303}, "102": {"bias": -0.35355339059327373, "objective_cosine_similarity": -0.2771167390328978, "is_tight": 0.0, "dual_solution_value": 0.0, "scaled_age": 0.043478260869565216}, "103": {"bias": -0.35355339059327373, "objective_cosine_similarity": -0.3995636702334805, "is_tight": 0.0, "dual_solution_value": 0.0, "scaled_age": 0.20869565217391303}, "104": {"bias": -0.35355339059327373, "objective_cosine_similarity": -0.24489386240116548, "is_tight": 0.0, "dual_solution_value": 0.0, "scaled_age": 0.20869565217391303}, "105": {"bias": -0.2886751345948129, "objective_cosine_similarity": -0.5196199047999406, "is_tight": 0.0, "dual_solution_value": 0.0, "scaled_age": 0.20869565217391303}, "106": {"bias": -0.30151134457776363, "objective_cosine_similarity": -0.4836438028170345, "is_tight": 0.0, "dual_solution_value": 0.0, "scaled_age": 0.20869565217391303}, "107": {"bias": -0.35355339059327373, "objective_cosine_similarity": -0.23844928707481902, "is_tight": 0.0, "dual_solution_value": 0.0, "scaled_age": 0.20869565217391303}, "108": {"bias": -0.31622776601683794, "objective_cosine_similarity": -0.34729325523146864, "is_tight": 0.0, "dual_solution_value": 0.0, "scaled_age": 0.20869565217391303}, "109": {"bias": -0.4472135954999579, "objective_cosine_similarity": -0.3199587243653107, "is_tight": 0.0, "dual_solution_value": 0.0, "scaled_age": 0.09565217391304348}, "110": {"bias": -0.4082482904638631, "objective_cosine_similarity": -0.2623147996132659, "is_tight": 0.0, "dual_solution_value": 0.0, "scaled_age": 0.20869565217391303}, "111": {"bias": -0.3779644730092272, "objective_cosine_similarity": -0.26352493641358093, "is_tight": 0.0, "dual_solution_value": 0.0, "scaled_age": 0.20869565217391303}, "112": {"bias": -0.3333333333333333, "objective_cosine_similarity": -0.6440564120046286, "is_tight": 1.0, "dual_solution_value": -0.014458049504065772, "scaled_age": 0.0}, "113": {"bias": -0.813733471206735, "objective_cosine_similarity": -0.9376412666790388, "is_tight": 1.0, "dual_solution_value": -1.5709610981585574e-05, "scaled_age": 0.0}, "114": {"bias": -0.8027639320054782, "objective_cosine_similarity": -0.9745660658353731, "is_tight": 1.0, "dual_solution_value": -0.006008321692797323, "scaled_age": 0.0}, "115": {"bias": -0.8043698278079539, "objective_cosine_similarity": -0.9700896081767856, "is_tight": 0.0, "dual_solution_value": -0.0, "scaled_age": 0.06956521739130435}, "116": {"bias": -0.7637626158259734, "objective_cosine_similarity": -0.856692452609846, "is_tight": 0.0, "dual_solution_value": -0.0, "scaled_age": 0.08695652173913043}, "117": {"bias": -0.7662610281769211, "objective_cosine_similarity": -0.9379992106793057, "is_tight": 1.0, "dual_solution_value": -3.197666219031385e-05, "scaled_age": 0.0}, "118": {"bias": -0.7913267865219101, "objective_cosine_similarity": -0.943504674756678, "is_tight": 0.0, "dual_solution_value": -0.0, "scaled_age": 0.05217391304347826}, "119": {"bias": -0.7800831144922499, "objective_cosine_similarity": -0.9813382118626223, "is_tight": 1.0, "dual_solution_value": -0.004005173061737938, "scaled_age": 0.0}, "120": {"bias": -0.7116599948854885, "objective_cosine_similarity": -0.9469667080115702, "is_tight": 0.0, "dual_solution_value": -0.0, "scaled_age": 0.06086956521739131}, "121": {"bias": -0.7817359599705717, "objective_cosine_similarity": -0.9401426326943169, "is_tight": 0.0, "dual_solution_value": -0.0, "scaled_age": 0.034782608695652174}, "122": {"bias": -0.792593923901217, "objective_cosine_similarity": -0.9568830082711476, "is_tight": 0.0, "dual_solution_value": -0.0, "scaled_age": 0.034782608695652174}, "123": {"bias": -0.7556096518348253, "objective_cosine_similarity": -0.9588308998243278, "is_tight": 1.0, "dual_solution_value": -1.2179028469703393e-05, "scaled_age": 0.0}, "124": {"bias": -0.7789906203605921, "objective_cosine_similarity": -0.9695252448128261, "is_tight": 0.0, "dual_solution_value": -0.0, "scaled_age": 0.017391304347826087}, "125": {"bias": -0.7981507458763428, "objective_cosine_similarity": -0.9814584625409649, "is_tight": 0.0, "dual_solution_value": -0.0, "scaled_age": 0.017391304347826087}, "126": {"bias": -0.7571976388484817, "objective_cosine_similarity": -0.9755357051523199, "is_tight": 0.0, "dual_solution_value": -0.0, "scaled_age": 0.05217391304347826}, "127": {"bias": -0.7594463497763027, "objective_cosine_similarity": -0.9736381833207911, "is_tight": 1.0, "dual_solution_value": -2.5420218597422323e-05, "scaled_age": 0.0}, "128": {"bias": -0.7861670883119701, "objective_cosine_similarity": -0.9720372214854489, "is_tight": 1.0, "dual_solution_value": -7.39012613353131e-05, "scaled_age": 0.0}, "129": {"bias": -0.7835134309771199, "objective_cosine_similarity": -0.9797089686490572, "is_tight": 1.0, "dual_solution_value": -0.002162159032048802, "scaled_age": 0.0}, "130": {"bias": -0.7809793303501917, "objective_cosine_similarity": -0.9800542393455596, "is_tight": 1.0, "dual_solution_value": -0.014581175475936714, "scaled_age": 0.0}, "131": {"bias": -0.7689109301315403, "objective_cosine_similarity": -0.9578866860788066, "is_tight": 1.0, "dual_solution_value": -2.738491850593716e-07, "scaled_age": 0.0}, "132": {"bias": -0.8136762043449725, "objective_cosine_similarity": -0.9734847661001481, "is_tight": 1.0, "dual_solution_value": -3.0322405937018766e-05, "scaled_age": 0.0}, "133": {"bias": -0.7995467761784636, "objective_cosine_similarity": -0.9799851065560437, "is_tight": 1.0, "dual_solution_value": -0.0004959666103852345, "scaled_age": 0.0}, "134": {"bias": -0.7803389114357017, "objective_cosine_similarity": -0.981368353349989, "is_tight": 1.0, "dual_solution_value": -0.002548457795628162, "scaled_age": 0.0}, "135": {"bias": -0.8393483200355548, "objective_cosine_similarity": -0.9671583873683002, "is_tight": 1.0, "dual_solution_value": -0.00037116187612015516, "scaled_age": 0.0}}