{"0": {"bias": -1.2510864843424487, "objective_cosine_similarity": -0.69126907114082, "is_tight": 0.0, "dual_solution_value": -0.0, "scaled_age": 0.11594202898550725}, "1": {"bias": -1.172170525067662, "objective_cosine_similarity": -0.8294255360647196, "is_tight": 0.0, "dual_solution_value": -0.0, "scaled_age": 0.11594202898550725}, "2": {"bias": -0.6324555320336759, "objective_cosine_similarity": -0.4894102903041792, "is_tight": 0.0, "dual_solution_value": -0.0, "scaled_age": 0.15942028985507245}, "3": {"bias": -1.0, "objective_cosine_similarity": -0.6783940368004486, "is_tight": 1.0, "dual_solution_value": -0.003060153552995419, "scaled_age": 0.0}, "4": {"bias": -1.0206207261596576, "objective_cosine_similarity": -0.6157338856435761, "is_tight": 0.0, "dual_solution_value": -0.0, "scaled_age": 0.057971014492753624}, "5": {"bias": -1.1920791213585393, "objective_cosine_similarity": -0.7710534912371757, "is_tight": 0.0, "dual_solution_value": -0.0, "scaled_age": 0.014492753623188406}, "6": {"bias": -1.4708710135363803, "objective_cosine_similarity": -0.8177934965204003, "is_tight": 1.0, "dual_solution_value": -1.7697920158914233e-05, "scaled_age": 0.0}, "7": {"bias": -1.423529411764706, "objective_cosine_similarity": -0.6947711693312312, "is_tight": 1.0, "dual_solution_value": -7.92890140600605e-07, "scaled_age": 0.0}, "8": {"bias": -0.8660254037844387, "objective_cosine_similarity": -0.6791359190392482, "is_tight": 1.0, "dual_solution_value": -0.0007149305086141089, "scaled_age": 0.0}, "9": {"bias": -1.345141790947929, "objective_cosine_similarity": -0.758919715749779, "is_tight": 0.0, "dual_solution_value": 0.0, "scaled_age": 0.08695652173913043}, "10": {"bias": -1.624008838869321, "objective_cosine_similarity": -0.883726460322825, "is_tight": 1.0, "dual_solution_value": -0.03449094617124692, "scaled_age": 0.0}, "11": {"bias": -1.5657886637623541, "objective_cosine_similarity": -0.8982872640972971, "is_tight": 0.0, "dual_solution_value": 0.0, "scaled_age": 0.07246376811594203}, "12": {"bias": -0.35355339059327373, "objective_cosine_similarity": -0.4151506352228933, "is_tight": 0.0, "dual_solution_value": 0.0, "scaled_age": 0.3188405797101449}, "13": {"bias": -0.5, "objective_cosine_similarity": -0.1804901565799359, "is_tight": 0.0, "dual_solution_value": 0.0, "scaled_age": 0.3188405797101449}, "14": {"bias": -0.5773502691896258, "objective_cosine_similarity": -0.33058468016725306, "is_tight": 1.0, "dual_solution_value": -0.00045572607987626727, "scaled_age": 0.0}, "15": {"bias": -0.5773502691896258, "objective_cosine_similarity": -0.2443451983844914, "is_tight": 1.0, "dual_solution_value": -0.0039038507097352787, "scaled_age": 0.0}, "16": {"bias": -0.5, "objective_cosine_similarity": -0.24065354210658116, "is_tight": 0.0, "dual_solution_value": 0.0, "scaled_age": 0.3188405797101449}, "17": {"bias": -0.4082482904638631, "objective_cosine_similarity": -0.40484291243140214, "is_tight": 0.0, "dual_solution_value": 0.0, "scaled_age": 0.3188405797101449}, "18": {"bias": -0.4472135954999579, "objective_cosine_similarity": -0.2467919011395321, "is_tight": 0.0, "dual_solution_value": 0.0, "scaled_age": 0.3188405797101449}, "19": {"bias": -0.4472135954999579, "objective_cosine_similarity": -0.19483571142594638, "is_tight": 0.0, "dual_solution_value": 0.0, "scaled_age": 0.3188405797101449}, "20": {"bias": -0.5, "objective_cosine_similarity": -0.28422013162587606, "is_tight": 0.0, "dual_solution_value": 0.0, "scaled_age": 0.3188405797101449}, "21": {"bias": -0.4472135954999579, "objective_cosine_similarity": -0.29132577803689125, "is_tight": 0.0, "dual_solution_value": 0.0, "scaled_age": 0.3188405797101449}, "22": {"bias": -0.5773502691896258, "objective_cosine_similarity": -0.12935922267414252, "is_tight": 0.0, "dual_solution_value": 0.0, "scaled_age": 0.2028985507246377}, "23": {"bias": -0.5, "objective_cosine_similarity": -0.31118992513782046, "is_tight": 0.0, "dual_solution_value": 0.0, "scaled_age": 0.2608695652173913}, "24": {"bias": -0.3779644730092272, "objective_cosine_similarity": -0.3261959613411122, "is_tight": 0.0, "dual_solution_value": 0.0, "scaled_age": 0.3188405797101449}, "25": {"bias": -0.5, "objective_cosine_similarity": -0.30496612663506406, "is_tight": 0.0, "dual_solution_value": 0.0, "scaled_age": 0.2753623188405797}, "26": {"bias": -0.7071067811865475, "objective_cosine_similarity": -0.14376241078389945, "is_tight": 1.0, "dual_solution_value": -0.002005278500582041, "scaled_age": 0.0}, "27": {"bias": -0.3779644730092272, "objective_cosine_similarity": -0.31521821264213246, "is_tight": 0.0, "dual_solution_value": 0.0, "scaled_age": 0.3188405797101449}, "28": {"bias": -0.5773502691896258, "objective_cosine_similarity": -0.28746493927587224, "is_tight": 1.0, "dual_solution_value": -0.0067366154045302865, "scaled_age": 0.0}, "29": {"bias": -0.4472135954999579, "objective_cosine_similarity": -0.22266938448679588, "is_tight": 1.0, "dual_solution_value": -3.6483379484858864e-05, "scaled_age": 0.0}, "30": {"bias": -0.5773502691896258, "objective_cosine_similarity": -0.31860697436409174, "is_tight": 1.0, "dual_solution_value": -0.0062814943540292255, "scaled_age": 0.0}, "31": {"bias": -0.5, "objective_cosine_similarity": -0.3381597186497649, "is_tight": 0.0, "dual_solution_value": 0.0, "scaled_age": 0.15942028985507245}, "32": {"bias": -0.4082482904638631, "objective_cosine_similarity": -0.30490261187302253, "is_tight": 0.0, "dual_solution_value": 0.0, "scaled_age": 0.3188405797101449}, "33": {"bias": -0.3779644730092272, "objective_cosine_similarity": -0.2713072178462135, "is_tight": 0.0, "dual_solution_value": 0.0, "scaled_age": 0.3188405797101449}, "34": {"bias": -0.5773502691896258, "objective_cosine_similarity": -0.3904732091830598, "is_tight": 1.0, "dual_solution_value": -0.02665794734257167, "scaled_age": 0.0}, "35": {"bias": -0.5, "objective_cosine_similarity": -0.16596796007350426, "is_tight": 0.0, "dual_solution_value": 0.0, "scaled_age": 0.2608695652173913}, "36": {"bias": -0.5, "objective_cosine_similarity": -0.31948832314149567, "is_tight": 1.0, "dual_solution_value": -0.025849088864746125, "scaled_age": 0.0}, "37": {"bias": -0.4472135954999579, "objective_cosine_similarity": -0.2746255742003816, "is_tight": 0.0, "dual_solution_value": 0.0, "scaled_age": 0.3188405797101449}, "38": {"bias": -0.7071067811865475, "objective_cosine_similarity": -0.1496302642852831, "is_tight": 1.0, "dual_solution_value": -0.005805651843955351, "scaled_age": 0.0}, "39": {"bias": -0.5773502691896258, "objective_cosine_similarity": -0.15571017544109747, "is_tight": 0.0, "dual_solution_value": 0.0, "scaled_age": 0.057971014492753624}, "40": {"bias": -0.4472135954999579, "objective_cosine_similarity": -0.2987480908531178, "is_tight": 0.0, "dual_solution_value": 0.0, "scaled_age": 0.3188405797101449}, "41": {"bias": -0.5773502691896258, "objective_cosine_similarity": -0.321002515524724, "is_tight": 1.0, "dual_solution_value": -0.007291996420416169, "scaled_age": 0.0}, "42": {"bias": -0.4082482904638631, "objective_cosine_similarity": -0.3133721288694954, "is_tight": 0.0, "dual_solution_value": 0.0, "scaled_age": 0.3188405797101449}, "43": {"bias": -0.4472135954999579, "objective_cosine_similarity": -0.21153591526245608, "is_tight": 0.0, "dual_solution_value": 0.0, "scaled_age": 0.3188405797101449}, "44": {"bias": -0.35355339059327373, "objective_cosine_similarity": -0.32859979607748446, "is_tight": 0.0, "dual_solution_value": 0.0, "scaled_age": 0.3188405797101449}, "45": {"bias": -0.4082482904638631, "objective_cosine_similarity": -0.27102454388713115, "is_tight": 0.0, "dual_solution_value": 0.0, "scaled_age": 0.3188405797101449}, "46": {"bias": -0.5, "objective_cosine_similarity": -0.3402343181506837, "is_tight": 1.0, "dual_solution_value": -0.006854807141552144, "scaled_age": 0.0}, "47": {"bias": -0.4472135954999579, "objective_cosine_similarity": -0.34699312415859024, "is_tight": 0.0, "dual_solution_value": 0.0, "scaled_age": 0.3188405797101449}, "48": {"bias": -0.5, "objective_cosine_similarity": -0.26762333561852564, "is_tight": 0.0, "dual_solution_value": 0.0, "scaled_age": 0.3188405797101449}, "49": {"bias": -0.4082482904638631, "objective_cosine_similarity": -0.3794343614419836, "is_tight": 0.0, "dual_solution_value": 0.0, "scaled_age": 0.043478260869565216}, "50": {"bias": -0.4472135954999579, "objective_cosine_similarity": -0.2004024460381163, "is_tight": 0.0, "dual_solution_value": 0.0, "scaled_age": 0.2318840579710145}, "51": {"bias": -0.4082482904638631, "objective_cosine_similarity": -0.5268039571806111, "is_tight": 0.0, "dual_solution_value": 0.0, "scaled_age": 0.18840579710144928}, "52": {"bias": -0.4472135954999579, "objective_cosine_similarity": -0.37668237542349636, "is_tight": 0.0, "dual_solution_value": 0.0, "scaled_age": 0.3188405797101449}, "53": {"bias": -0.5, "objective_cosine_similarity": -0.30496612663506406, "is_tight": 0.0, "dual_solution_value": 0.0, "scaled_age": 0.13043478260869565}, "54": {"bias": -0.5, "objective_cosine_similarity": -0.2717725346203632, "is_tight": 0.0, "dual_solution_value": 0.0, "scaled_age": 0.028985507246376812}, "55": {"bias": -0.5, "objective_cosine_similarity": -0.24065354210658116, "is_tight": 1.0, "dual_solution_value": -0.0003332334699231842, "scaled_age": 0.0}, "56": {"bias": -0.5, "objective_cosine_similarity": -0.506202278224188, "is_tight": 1.0, "dual_solution_value": -0.062352509065005265, "scaled_age": 0.0}, "57": {"bias": -0.3779644730092272, "objective_cosine_similarity": -0.42656394944606973, "is_tight": 0.0, "dual_solution_value": 0.0, "scaled_age": 0.3188405797101449}, "58": {"bias": -0.5773502691896258, "objective_cosine_similarity": -0.23476303374196233, "is_tight": 0.0, "dual_solution_value": 0.0, "scaled_age": 0.15942028985507245}, "59": {"bias": -0.5, "objective_cosine_similarity": -0.2510265396111752, "is_tight": 1.0, "dual_solution_value": -0.007990764913618173, "scaled_age": 0.0}, "60": {"bias": -0.5773502691896258, "objective_cosine_similarity": -0.14612801079856838, "is_tight": 1.0, "dual_solution_value": -0.009541523727636995, "scaled_age": 0.0}, "61": {"bias": -0.5, "objective_cosine_similarity": -0.14107276606247862, "is_tight": 0.0, "dual_solution_value": 0.0, "scaled_age": 0.3188405797101449}, "62": {"bias": -0.5773502691896258, "objective_cosine_similarity": -0.222785327938801, "is_tight": 0.0, "dual_solution_value": 0.0, "scaled_age": 0.057971014492753624}, "63": {"bias": -0.4472135954999579, "objective_cosine_similarity": -0.3395708113423637, "is_tight": 0.0, "dual_solution_value": 0.0, "scaled_age": 0.3188405797101449}, "64": {"bias": -0.35355339059327373, "objective_cosine_similarity": -0.37114173396251593, "is_tight": 0.0, "dual_solution_value": 0.0, "scaled_age": 0.3188405797101449}, "65": {"bias": -0.4082482904638631, "objective_cosine_similarity": -0.3692709410462162, "is_tight": 0.0, "dual_solution_value": 0.0, "scaled_age": 0.3188405797101449}, "66": {"bias": -0.5, "objective_cosine_similarity": -0.3070407261359829, "is_tight": 0.0, "dual_solution_value": 0.0, "scaled_age": 0.15942028985507245}, "67": {"bias": -0.5, "objective_cosine_similarity": -0.18671395508269228, "is_tight": 0.0, "dual_solution_value": 0.0, "scaled_age": 0.10144927536231885}, "68": {"bias": -0.4082482904638631, "objective_cosine_similarity": -0.3523319070532705, "is_tight": 0.0, "dual_solution_value": 0.0, "scaled_age": 0.17391304347826086}, "69": {"bias": -0.5, "objective_cosine_similarity": -0.22613134560014955, "is_tight": 0.0, "dual_solution_value": 0.0, "scaled_age": 0.3188405797101449}, "70": {"bias": -0.4082482904638631, "objective_cosine_similarity": -0.3675770376469216, "is_tight": 0.0, "dual_solution_value": 0.0, "scaled_age": 0.3188405797101449}, "71": {"bias": -0.5, "objective_cosine_similarity": -0.36305491266079054, "is_tight": 0.0, "dual_solution_value": 0.0, "scaled_age": 0.14492753623188406}, "72": {"bias": -0.5, "objective_cosine_similarity": -0.11202837304961537, "is_tight": 0.0, "dual_solution_value": 0.0, "scaled_age": 0.3188405797101449}, "73": {"bias": -0.4472135954999579, "objective_cosine_similarity": -0.17071319477321018, "is_tight": 0.0, "dual_solution_value": 0.0, "scaled_age": 0.3188405797101449}, "74": {"bias": -0.4082482904638631, "objective_cosine_similarity": -0.2744123506857203, "is_tight": 0.0, "dual_solution_value": 0.0, "scaled_age": 0.3188405797101449}, "75": {"bias": -0.4082482904638631, "objective_cosine_similarity": -0.3286172594631465, "is_tight": 0.0, "dual_solution_value": 0.0, "scaled_age": 0.3188405797101449}, "76": {"bias": -0.5773502691896258, "objective_cosine_similarity": -0.28267385695460767, "is_tight": 0.0, "dual_solution_value": 0.0, "scaled_age": 0.3188405797101449}, "77": {"bias": -0.5, "objective_cosine_similarity": -0.29251852962955127, "is_tight": 0.0, "dual_solution_value": 0.0, "scaled_age": 0.3188405797101449}, "78": {"bias": -0.4472135954999579, "objective_cosine_similarity": -0.29503693444500456, "is_tight": 0.0, "dual_solution_value": 0.0, "scaled_age": 0.3188405797101449}, "79": {"bias": -0.7071067811865475, "objective_cosine_similarity": -0.09975350952352206, "is_tight": 0.0, "dual_solution_value": 0.0, "scaled_age": 0.057971014492753624}, "80": {"bias": -0.5773502691896258, "objective_cosine_similarity": -0.17727004588678788, "is_tight": 0.0, "dual_solution_value": 0.0, "scaled_age": 0.028985507246376812}, "81": {"bias": -0.5, "objective_cosine_similarity": -0.24895194011025637, "is_tight": 0.0, "dual_solution_value": 0.0, "scaled_age": 0.028985507246376812}, "82": {"bias": -0.3779644730092272, "objective_cosine_similarity": -0.4626336951712889, "is_tight": 0.0, "dual_solution_value": 0.0, "scaled_age": 0.3188405797101449}, "83": {"bias": -0.5773502691896258, "objective_cosine_similarity": -0.222785327938801, "is_tight": 0.0, "dual_solution_value": 0.0, "scaled_age": 0.3188405797101449}, "84": {"bias": -0.5, "objective_cosine_similarity": -0.24272814160749998, "is_tight": 0.0, "dual_solution_value": 0.0, "scaled_age": 0.2898550724637681}, "85": {"bias": -0.5773502691896258, "objective_cosine_similarity": -0.24674073954512366, "is_tight": 0.0, "dual_solution_value": 0.0, "scaled_age": 0.3188405797101449}, "86": {"bias": -0.35355339059327373, "objective_cosine_similarity": -0.30512838207194987, "is_tight": 0.0, "dual_solution_value": 0.0, "scaled_age": 0.3188405797101449}, "87": {"bias": -0.5773502691896258, "objective_cosine_similarity": -0.2132031632962719, "is_tight": 1.0, "dual_solution_value": -0.01571094827468028, "scaled_age": 0.0}, "88": {"bias": -0.4082482904638631, "objective_cosine_similarity": -0.5996418033502777, "is_tight": 1.0, "dual_solution_value": -0.0438418792127746, "scaled_age": 0.0}, "89": {"bias": -0.5773502691896258, "objective_cosine_similarity": -0.30902480972156265, "is_tight": 0.0, "dual_solution_value": 0.0, "scaled_age": 0.3188405797101449}, "90": {"bias": -0.5, "objective_cosine_similarity": -0.3464581166534401, "is_tight": 0.0, "dual_solution_value": 0.0, "scaled_age": 0.3188405797101449}, "91": {"bias": -0.4082482904638631, "objective_cosine_similarity": -0.4912319857954252, "is_tight": 1.0, "dual_solution_value": -0.00944809432572431, "scaled_age": 0.0}, "92": {"bias": -0.5, "objective_cosine_similarity": -0.1804901565799359, "is_tight": 0.0, "dual_solution_value": 0.0, "scaled_age": 0.3188405797101449}, "93": {"bias": -0.5, "objective_cosine_similarity": -0.21990754709739313, "is_tight": 0.0, "dual_solution_value": 0.0, "scaled_age": 0.3188405797101449}, "94": {"bias": -0.7071067811865475, "objective_cosine_similarity": -0.14669633753459127, "is_tight": 1.0, "dual_solution_value": -0.001728146701608394, "scaled_age": 0.0}, "95": {"bias": -0.7071067811865475, "objective_cosine_similarity": -0.2552516273101888, "is_tight": 1.0, "dual_solution_value": -0.022818671077801528, "scaled_age": 0.0}, "96": {"bias": -0.35355339059327373, "objective_cosine_similarity": -0.29632660181987436, "is_tight": 0.0, "dual_solution_value": 0.0, "scaled_age": 0.3188405797101449}, "97": {"bias": -0.7071067811865475, "objective_cosine_similarity": -0.3109962355733335, "is_tight": 1.0, "dual_solution_value": -0.00639227890590506, "scaled_age": 0.0}, "98": {"bias": -0.5773502691896258, "objective_cosine_similarity": -0.15571017544109747, "is_tight": 0.0, "dual_solution_value": 0.0, "scaled_age": 0.3188405797101449}, "99": {"bias": -1.580946762310195, "objective_cosine_similarity": -0.9363960796448761, "is_tight": 1.0, "dual_solution_value": -0.006162625713345159, "scaled_age": 0.0}, "100": {"bias": -1.3054598240132387, "objective_cosine_similarity": -0.8395749528038982, "is_tight": 0.0, "dual_solution_value": -0.0, "scaled_age": 0.057971014492753624}, "101": {"bias": -1.6492597126337991, "objective_cosine_similarity": -0.9350866577539617, "is_tight": 0.0, "dual_solution_value": -0.0, "scaled_age": 0.014492753623188406}, "102": {"bias": -1.3339459376998313, "objective_cosine_similarity": -0.8206609515349678, "is_tight": 0.0, "dual_solution_value": -0.0, "scaled_age": 0.14492753623188406}, "103": {"bias": -1.6407465883921255, "objective_cosine_similarity": -0.9070285109432126, "is_tight": 0.0, "dual_solution_value": -0.0, "scaled_age": 0.028985507246376812}, "104": {"bias": -0.9045340337332909, "objective_cosine_similarity": -0.6230132238424562, "is_tight": 0.0, "dual_solution_value": -0.0, "scaled_age": 0.14492753623188406}, "105": {"bias": -1.626450728324849, "objective_cosine_similarity": -0.9055405793177699, "is_tight": 0.0, "dual_solution_value": -0.0, "scaled_age": 0.15942028985507245}, "106": {"bias": -0.944911182523068, "objective_cosine_similarity": -0.7229631643185226, "is_tight": 1.0, "dual_solution_value": -0.0004569884417264416, "scaled_age": 0.0}, "107": {"bias": -0.9428090415820635, "objective_cosine_similarity": -0.6532876898207133, "is_tight": 0.0, "dual_solution_value": -0.0, "scaled_age": 0.028985507246376812}, "108": {"bias": -0.7071067811865475, "objective_cosine_similarity": -0.47969702373811346, "is_tight": 1.0, "dual_solution_value": -0.0007222499827756032, "scaled_age": 0.0}, "109": {"bias": -1.5719570332491533, "objective_cosine_similarity": -0.9360871713397169, "is_tight": 0.0, "dual_solution_value": -0.0, "scaled_age": 0.08695652173913043}, "110": {"bias": -1.5821926947203073, "objective_cosine_similarity": -0.9419548319344474, "is_tight": 1.0, "dual_solution_value": -0.002565641252289645, "scaled_age": 0.0}, "111": {"bias": -1.0, "objective_cosine_similarity": -0.6779791169002649, "is_tight": 1.0, "dual_solution_value": -0.00021047989974962383, "scaled_age": 0.0}, "112": {"bias": -1.3194558937007659, "objective_cosine_similarity": -0.8273215272412139, "is_tight": 1.0, "dual_solution_value": -4.494356211794562e-05, "scaled_age": 0.0}, "113": {"bias": -1.435609838973005, "objective_cosine_similarity": -0.9122809341224634, "is_tight": 1.0, "dual_solution_value": -0.00019886937632751083, "scaled_age": 0.0}, "114": {"bias": -1.6234379540217994, "objective_cosine_similarity": -0.9320745048367537, "is_tight": 1.0, "dual_solution_value": -0.011570404235218502, "scaled_age": 0.0}, "115": {"bias": -1.4342743312012722, "objective_cosine_similarity": -0.8569569057669533, "is_tight": 0.0, "dual_solution_value": -0.0, "scaled_age": 0.043478260869565216}, "116": {"bias": -1.4538009210011975, "objective_cosine_similarity": -0.8688979303493221, "is_tight": 1.0, "dual_solution_value": -0.00024789802266979473, "scaled_age": 0.0}, "117": {"bias": -1.4342743312012722, "objective_cosine_similarity": -0.8981186089953428, "is_tight": 1.0, "dual_solution_value": -7.949672178618843e-05, "scaled_age": 0.0}, "118": {"bias": -1.521976629110995, "objective_cosine_similarity": -0.9281319595773236, "is_tight": 1.0, "dual_solution_value": -2.8731076238056907e-05, "scaled_age": 0.0}, "119": {"bias": -0.917662935482247, "objective_cosine_similarity": -0.7234375658259984, "is_tight": 1.0, "dual_solution_value": -3.83367788020325e-05, "scaled_age": 0.0}}