{"0": {"bias": -0.4364357804719848, "objective_cosine_similarity": -0.7052565762610117, "is_tight": 0.0, "dual_solution_value": -0.0, "scaled_age": 0.052980132450331126}, "1": {"bias": -0.4588314677411235, "objective_cosine_similarity": -0.5847256542431031, "is_tight": 0.0, "dual_solution_value": -0.0, "scaled_age": 0.06622516556291391}, "2": {"bias": -0.647476269645753, "objective_cosine_similarity": -0.936417672338352, "is_tight": 1.0, "dual_solution_value": -8.131177813746928e-11, "scaled_age": 0.0}, "3": {"bias": -0.5330017908890261, "objective_cosine_similarity": -0.8466098445384347, "is_tight": 0.0, "dual_solution_value": -0.0, "scaled_age": 0.059602649006622516}, "4": {"bias": -0.6037855265119532, "objective_cosine_similarity": -0.9654333767264287, "is_tight": 0.0, "dual_solution_value": -0.0, "scaled_age": 0.059602649006622516}, "5": {"bias": -0.5980503604017327, "objective_cosine_similarity": -0.9425822228766805, "is_tight": 0.0, "dual_solution_value": -0.0, "scaled_age": 0.07947019867549669}, "6": {"bias": -0.6025948617237675, "objective_cosine_similarity": -0.9478819672077159, "is_tight": 0.0, "dual_solution_value": -0.0, "scaled_age": 0.052980132450331126}, "7": {"bias": -0.6041133442140594, "objective_cosine_similarity": -0.9322563418802843, "is_tight": 0.0, "dual_solution_value": -0.0, "scaled_age": 0.013245033112582781}, "8": {"bias": -0.5357196241459401, "objective_cosine_similarity": -0.9154525609094847, "is_tight": 1.0, "dual_solution_value": -3.798242377940669e-05, "scaled_age": 0.0}, "9": {"bias": -0.6234116873942094, "objective_cosine_similarity": -0.9764108142836959, "is_tight": 0.0, "dual_solution_value": -0.0, "scaled_age": 0.0728476821192053}, "10": {"bias": -0.6357755313912211, "objective_cosine_similarity": -0.9776396254599695, "is_tight": 0.0, "dual_solution_value": -0.0, "scaled_age": 0.07947019867549669}, "11": {"bias": -0.6175135279477232, "objective_cosine_similarity": -0.9665033032111264, "is_tight": 1.0, "dual_solution_value": -3.584861432782225e-05, "scaled_age": 0.0}, "12": {"bias": -0.6067560187110123, "objective_cosine_similarity": -0.9698622809747046, "is_tight": 1.0, "dual_solution_value": -4.141009600346679e-07, "scaled_age": 0.0}, "13": {"bias": -0.6095748113677134, "objective_cosine_similarity": -0.9721332906954812, "is_tight": 0.0, "dual_solution_value": -0.0, "scaled_age": 0.046357615894039736}, "14": {"bias": -0.6360043781795665, "objective_cosine_similarity": -0.9842603652130915, "is_tight": 0.0, "dual_solution_value": 0.0, "scaled_age": 0.006622516556291391}, "15": {"bias": -0.6256540924061866, "objective_cosine_similarity": -0.9842859644052512, "is_tight": 1.0, "dual_solution_value": -0.0037852248620350772, "scaled_age": 0.0}, "16": {"bias": -0.6593561076642054, "objective_cosine_similarity": -0.9524635633756867, "is_tight": 0.0, "dual_solution_value": 0.0, "scaled_age": 0.026490066225165563}, "17": {"bias": -0.6346102200123633, "objective_cosine_similarity": -0.9850079078423389, "is_tight": 1.0, "dual_solution_value": -0.005527683213466856, "scaled_age": 0.0}, "18": {"bias": -0.3333333333333333, "objective_cosine_similarity": -0.37419099805022515, "is_tight": 0.0, "dual_solution_value": 0.0, "scaled_age": 0.052980132450331126}, "19": {"bias": -0.2773500981126146, "objective_cosine_similarity": -0.5030283325625717, "is_tight": 0.0, "dual_solution_value": 0.0, "scaled_age": 0.18543046357615894}, "20": {"bias": -0.3333333333333333, "objective_cosine_similarity": -0.3488898273635551, "is_tight": 0.0, "dual_solution_value": 0.0, "scaled_age": 0.09933774834437085}, "21": {"bias": -0.3333333333333333, "objective_cosine_similarity": -0.34223162455127354, "is_tight": 0.0, "dual_solution_value": 0.0, "scaled_age": 0.019867549668874173}, "22": {"bias": -0.2773500981126146, "objective_cosine_similarity": -0.45427668799703613, "is_tight": 0.0, "dual_solution_value": 0.0, "scaled_age": 0.18543046357615894}, "23": {"bias": -0.2886751345948129, "objective_cosine_similarity": -0.3448171321832938, "is_tight": 0.0, "dual_solution_value": 0.0, "scaled_age": 0.18543046357615894}, "24": {"bias": -0.3333333333333333, "objective_cosine_similarity": -0.276981236990914, "is_tight": 0.0, "dual_solution_value": 0.0, "scaled_age": 0.18543046357615894}, "25": {"bias": -0.3333333333333333, "objective_cosine_similarity": -0.3648695141130309, "is_tight": 0.0, "dual_solution_value": 0.0, "scaled_age": 0.18543046357615894}, "26": {"bias": -0.3779644730092272, "objective_cosine_similarity": -0.37899455604016424, "is_tight": 0.0, "dual_solution_value": 0.0, "scaled_age": 0.06622516556291391}, "27": {"bias": -0.31622776601683794, "objective_cosine_similarity": -0.5255349468133025, "is_tight": 1.0, "dual_solution_value": -0.0006260180810640993, "scaled_age": 0.0}, "28": {"bias": -0.31622776601683794, "objective_cosine_similarity": -0.42320722880398154, "is_tight": 0.0, "dual_solution_value": 0.0, "scaled_age": 0.18543046357615894}, "29": {"bias": -0.30151134457776363, "objective_cosine_similarity": -0.47698762693882646, "is_tight": 0.0, "dual_solution_value": 0.0, "scaled_age": 0.07947019867549669}, "30": {"bias": -0.2672612419124244, "objective_cosine_similarity": -0.42493971714062345, "is_tight": 0.0, "dual_solution_value": 0.0, "scaled_age": 0.18543046357615894}, "31": {"bias": -0.5, "objective_cosine_similarity": -0.18776131930634074, "is_tight": 1.0, "dual_solution_value": -0.013289311304280281, "scaled_age": 0.0}, "32": {"bias": -0.2886751345948129, "objective_cosine_similarity": -0.3678818232992332, "is_tight": 0.0, "dual_solution_value": 0.0, "scaled_age": 0.18543046357615894}, "33": {"bias": -0.35355339059327373, "objective_cosine_similarity": -0.2598849318211967, "is_tight": 0.0, "dual_solution_value": 0.0, "scaled_age": 0.18543046357615894}, "34": {"bias": -0.25, "objective_cosine_similarity": -0.4584172636255872, "is_tight": 0.0, "dual_solution_value": 0.0, "scaled_age": 0.18543046357615894}, "35": {"bias": -0.2773500981126146, "objective_cosine_similarity": -0.4221449222606604, "is_tight": 0.0, "dual_solution_value": 0.0, "scaled_age": 0.18543046357615894}, "36": {"bias": -0.3779644730092272, "objective_cosine_similarity": -0.33822621734261665, "is_tight": 0.0, "dual_solution_value": 0.0, "scaled_age": 0.11920529801324503}, "37": {"bias": -0.23570226039551587, "objective_cosine_similarity": -0.5442517775096076, "is_tight": 0.0, "dual_solution_value": 0.0, "scaled_age": 0.18543046357615894}, "38": {"bias": -0.2886751345948129, "objective_cosine_similarity": -0.449761476760818, "is_tight": 0.0, "dual_solution_value": 0.0, "scaled_age": 0.18543046357615894}, "39": {"bias": -0.31622776601683794, "objective_cosine_similarity": -0.33856578304318524, "is_tight": 0.0, "dual_solution_value": 0.0, "scaled_age": 0.18543046357615894}, "40": {"bias": -0.2773500981126146, "objective_cosine_similarity": -0.4598166476067561, "is_tight": 0.0, "dual_solution_value": 0.0, "scaled_age": 0.18543046357615894}, "41": {"bias": -0.4082482904638631, "objective_cosine_similarity": -0.1826630343334032, "is_tight": 0.0, "dual_solution_value": 0.0, "scaled_age": 0.18543046357615894}, "42": {"bias": -0.2773500981126146, "objective_cosine_similarity": -0.45538467991898013, "is_tight": 0.0, "dual_solution_value": 0.0, "scaled_age": 0.18543046357615894}, "43": {"bias": -0.2773500981126146, "objective_cosine_similarity": -0.5141082517820116, "is_tight": 0.0, "dual_solution_value": 0.0, "scaled_age": 0.11258278145695365}, "44": {"bias": -0.2672612419124244, "objective_cosine_similarity": -0.49113635649418785, "is_tight": 0.0, "dual_solution_value": 0.0, "scaled_age": 0.18543046357615894}, "45": {"bias": -0.2773500981126146, "objective_cosine_similarity": -0.3689613100073489, "is_tight": 0.0, "dual_solution_value": 0.0, "scaled_age": 0.18543046357615894}, "46": {"bias": -0.4082482904638631, "objective_cosine_similarity": -0.3539096290209687, "is_tight": 1.0, "dual_solution_value": -0.02096587833722679, "scaled_age": 0.0}, "47": {"bias": -0.3333333333333333, "objective_cosine_similarity": -0.411476933799002, "is_tight": 0.0, "dual_solution_value": 0.0, "scaled_age": 0.15894039735099338}, "48": {"bias": -0.25, "objective_cosine_similarity": -0.5403131582166507, "is_tight": 0.0, "dual_solution_value": 0.0, "scaled_age": 0.18543046357615894}, "49": {"bias": -0.31622776601683794, "objective_cosine_similarity": -0.4017310410736302, "is_tight": 0.0, "dual_solution_value": 0.0, "scaled_age": 0.18543046357615894}, "50": {"bias": -0.35355339059327373, "objective_cosine_similarity": -0.3516921088232499, "is_tight": 0.0, "dual_solution_value": 0.0, "scaled_age": 0.18543046357615894}, "51": {"bias": -0.35355339059327373, "objective_cosine_similarity": -0.3516921088232499, "is_tight": 0.0, "dual_solution_value": 0.0, "scaled_age": 0.18543046357615894}, "52": {"bias": -0.31622776601683794, "objective_cosine_similarity": -0.4775293507101642, "is_tight": 1.0, "dual_solution_value": -8.523292107306885e-05, "scaled_age": 0.0}, "53": {"bias": -0.3333333333333333, "objective_cosine_similarity": -0.37019607636285623, "is_tight": 0.0, "dual_solution_value": 0.0, "scaled_age": 0.18543046357615894}, "54": {"bias": -0.2886751345948129, "objective_cosine_similarity": -0.5408670066687785, "is_tight": 1.0, "dual_solution_value": -0.0025811950880008554, "scaled_age": 0.0}, "55": {"bias": -0.2773500981126146, "objective_cosine_similarity": -0.48640845373341185, "is_tight": 0.0, "dual_solution_value": 0.0, "scaled_age": 0.09933774834437085}, "56": {"bias": -0.3333333333333333, "objective_cosine_similarity": -0.360874592425662, "is_tight": 0.0, "dual_solution_value": 0.0, "scaled_age": 0.18543046357615894}, "57": {"bias": -0.2773500981126146, "objective_cosine_similarity": -0.46646459913842003, "is_tight": 0.0, "dual_solution_value": 0.0, "scaled_age": 0.18543046357615894}, "58": {"bias": -0.2886751345948129, "objective_cosine_similarity": -0.4243903165332847, "is_tight": 0.0, "dual_solution_value": 0.0, "scaled_age": 0.18543046357615894}, "59": {"bias": -0.3333333333333333, "objective_cosine_similarity": -0.44210466673549736, "is_tight": 0.0, "dual_solution_value": 0.0, "scaled_age": 0.18543046357615894}, "60": {"bias": -0.2672612419124244, "objective_cosine_similarity": -0.3672845796391318, "is_tight": 0.0, "dual_solution_value": 0.0, "scaled_age": 0.18543046357615894}, "61": {"bias": -0.2672612419124244, "objective_cosine_similarity": -0.5829575014039708, "is_tight": 1.0, "dual_solution_value": -0.00543015198474282, "scaled_age": 0.0}, "62": {"bias": -0.2672612419124244, "objective_cosine_similarity": -0.3939767729268594, "is_tight": 0.0, "dual_solution_value": 0.0, "scaled_age": 0.18543046357615894}, "63": {"bias": -0.35355339059327373, "objective_cosine_similarity": -0.228811733451271, "is_tight": 0.0, "dual_solution_value": 0.0, "scaled_age": 0.046357615894039736}, "64": {"bias": -0.31622776601683794, "objective_cosine_similarity": -0.32087951079466065, "is_tight": 0.0, "dual_solution_value": 0.0, "scaled_age": 0.08609271523178808}, "65": {"bias": -0.2773500981126146, "objective_cosine_similarity": -0.3279656088954212, "is_tight": 0.0, "dual_solution_value": 0.0, "scaled_age": 0.18543046357615894}, "66": {"bias": -0.30151134457776363, "objective_cosine_similarity": -0.37701294755518355, "is_tight": 0.0, "dual_solution_value": 0.0, "scaled_age": 0.16556291390728478}, "67": {"bias": -0.2581988897471611, "objective_cosine_similarity": -0.4167196750994296, "is_tight": 0.0, "dual_solution_value": 0.0, "scaled_age": 0.18543046357615894}, "68": {"bias": -0.2886751345948129, "objective_cosine_similarity": -0.41631767464270586, "is_tight": 0.0, "dual_solution_value": 0.0, "scaled_age": 0.18543046357615894}, "69": {"bias": -0.2773500981126146, "objective_cosine_similarity": -0.4376568091678763, "is_tight": 0.0, "dual_solution_value": 0.0, "scaled_age": 0.18543046357615894}, "70": {"bias": -0.31622776601683794, "objective_cosine_similarity": -0.33856578304318524, "is_tight": 0.0, "dual_solution_value": 0.0, "scaled_age": 0.18543046357615894}, "71": {"bias": -0.31622776601683794, "objective_cosine_similarity": -0.37646493786145224, "is_tight": 0.0, "dual_solution_value": 0.0, "scaled_age": 0.18543046357615894}, "72": {"bias": -0.25, "objective_cosine_similarity": -0.3765213690345237, "is_tight": 0.0, "dual_solution_value": 0.0, "scaled_age": 0.18543046357615894}, "73": {"bias": -0.2886751345948129, "objective_cosine_similarity": -0.35058330496227863, "is_tight": 0.0, "dual_solution_value": 0.0, "scaled_age": 0.18543046357615894}, "74": {"bias": -0.30151134457776363, "objective_cosine_similarity": -0.413148373838428, "is_tight": 0.0, "dual_solution_value": 0.0, "scaled_age": 0.18543046357615894}, "75": {"bias": -0.2886751345948129, "objective_cosine_similarity": -0.5316411302224028, "is_tight": 0.0, "dual_solution_value": 0.0, "scaled_age": 0.039735099337748346}, "76": {"bias": -0.30151134457776363, "objective_cosine_similarity": -0.3047420949886947, "is_tight": 0.0, "dual_solution_value": 0.0, "scaled_age": 0.18543046357615894}, "77": {"bias": -0.2773500981126146, "objective_cosine_similarity": -0.4099570111192765, "is_tight": 0.0, "dual_solution_value": 0.0, "scaled_age": 0.09933774834437085}, "78": {"bias": -0.35355339059327373, "objective_cosine_similarity": -0.32485616477649587, "is_tight": 0.0, "dual_solution_value": 0.0, "scaled_age": 0.18543046357615894}, "79": {"bias": -0.35355339059327373, "objective_cosine_similarity": -0.26835944046754007, "is_tight": 0.0, "dual_solution_value": 0.0, "scaled_age": 0.18543046357615894}, "80": {"bias": -0.31622776601683794, "objective_cosine_similarity": -0.4585797733010307, "is_tight": 0.0, "dual_solution_value": 0.0, "scaled_age": 0.11258278145695365}, "81": {"bias": -0.24253562503633297, "objective_cosine_similarity": -0.5464657072273181, "is_tight": 0.0, "dual_solution_value": 0.0, "scaled_age": 0.18543046357615894}, "82": {"bias": -0.24253562503633297, "objective_cosine_similarity": -0.6036314461039347, "is_tight": 0.0, "dual_solution_value": 0.0, "scaled_age": 0.18543046357615894}, "83": {"bias": -0.31622776601683794, "objective_cosine_similarity": -0.40552095655545695, "is_tight": 0.0, "dual_solution_value": 0.0, "scaled_age": 0.1390728476821192}, "84": {"bias": -0.30151134457776363, "objective_cosine_similarity": -0.3312414075964073, "is_tight": 0.0, "dual_solution_value": 0.0, "scaled_age": 0.18543046357615894}, "85": {"bias": -0.2581988897471611, "objective_cosine_similarity": -0.518836625185676, "is_tight": 0.0, "dual_solution_value": 0.0, "scaled_age": 0.18543046357615894}, "86": {"bias": -0.2773500981126146, "objective_cosine_similarity": -0.5019203406406277, "is_tight": 0.0, "dual_solution_value": 0.0, "scaled_age": 0.18543046357615894}, "87": {"bias": -0.35355339059327373, "objective_cosine_similarity": -0.3474548545000782, "is_tight": 0.0, "dual_solution_value": 0.0, "scaled_age": 0.1456953642384106}, "88": {"bias": -0.30151134457776363, "objective_cosine_similarity": -0.40230774595345464, "is_tight": 0.0, "dual_solution_value": 0.0, "scaled_age": 0.18543046357615894}, "89": {"bias": -0.2581988897471611, "objective_cosine_similarity": -0.5074902973983153, "is_tight": 0.0, "dual_solution_value": 0.0, "scaled_age": 0.18543046357615894}, "90": {"bias": -0.3333333333333333, "objective_cosine_similarity": -0.3755226386126815, "is_tight": 0.0, "dual_solution_value": 0.0, "scaled_age": 0.033112582781456956}, "91": {"bias": -0.25, "objective_cosine_similarity": -0.44044011603242694, "is_tight": 0.0, "dual_solution_value": 0.0, "scaled_age": 0.18543046357615894}, "92": {"bias": -0.2886751345948129, "objective_cosine_similarity": -0.5500928831151544, "is_tight": 0.0, "dual_solution_value": 0.0, "scaled_age": 0.18543046357615894}, "93": {"bias": -0.3779644730092272, "objective_cosine_similarity": -0.36087529439680976, "is_tight": 1.0, "dual_solution_value": -0.0020311276414653693, "scaled_age": 0.0}, "94": {"bias": -0.3333333333333333, "objective_cosine_similarity": -0.25168006630424394, "is_tight": 0.0, "dual_solution_value": 0.0, "scaled_age": 0.18543046357615894}, "95": {"bias": -0.31622776601683794, "objective_cosine_similarity": -0.44721002685555067, "is_tight": 1.0, "dual_solution_value": -0.00010090247954986324, "scaled_age": 0.0}, "96": {"bias": -0.30151134457776363, "objective_cosine_similarity": -0.46976054168217757, "is_tight": 0.0, "dual_solution_value": 0.0, "scaled_age": 0.18543046357615894}, "97": {"bias": -0.30151134457776363, "objective_cosine_similarity": -0.41073934541954504, "is_tight": 0.0, "dual_solution_value": 0.0, "scaled_age": 0.18543046357615894}, "98": {"bias": -0.2773500981126146, "objective_cosine_similarity": -0.4321168495581563, "is_tight": 0.0, "dual_solution_value": 0.0, "scaled_age": 0.18543046357615894}, "99": {"bias": -0.30151134457776363, "objective_cosine_similarity": -0.3746039191363006, "is_tight": 0.0, "dual_solution_value": 0.0, "scaled_age": 0.1390728476821192}, "100": {"bias": -0.2581988897471611, "objective_cosine_similarity": -0.5270884999401201, "is_tight": 0.0, "dual_solution_value": 0.0, "scaled_age": 0.18543046357615894}, "101": {"bias": -0.30151134457776363, "objective_cosine_similarity": -0.4950553400804487, "is_tight": 0.0, "dual_solution_value": 0.0, "scaled_age": 0.12582781456953643}, "102": {"bias": -0.35355339059327373, "objective_cosine_similarity": -0.2909581301911224, "is_tight": 0.0, "dual_solution_value": 0.0, "scaled_age": 0.18543046357615894}, "103": {"bias": -0.30151134457776363, "objective_cosine_similarity": -0.40351226016289615, "is_tight": 0.0, "dual_solution_value": 0.0, "scaled_age": 0.18543046357615894}, "104": {"bias": -0.2886751345948129, "objective_cosine_similarity": -0.5062699699948695, "is_tight": 1.0, "dual_solution_value": -0.004671195309940044, "scaled_age": 0.0}, "105": {"bias": -0.2886751345948129, "objective_cosine_similarity": -0.4336161929796604, "is_tight": 0.0, "dual_solution_value": 0.0, "scaled_age": 0.18543046357615894}, "106": {"bias": -0.3333333333333333, "objective_cosine_similarity": -0.40215544986180785, "is_tight": 0.0, "dual_solution_value": 0.0, "scaled_age": 0.08609271523178808}, "107": {"bias": -0.2886751345948129, "objective_cosine_similarity": -0.373647996078218, "is_tight": 0.0, "dual_solution_value": 0.0, "scaled_age": 0.18543046357615894}, "108": {"bias": -0.3779644730092272, "objective_cosine_similarity": -0.2778286785314351, "is_tight": 0.0, "dual_solution_value": 0.0, "scaled_age": 0.18543046357615894}, "109": {"bias": -0.2886751345948129, "objective_cosine_similarity": -0.44860824220502105, "is_tight": 0.0, "dual_solution_value": 0.0, "scaled_age": 0.18543046357615894}, "110": {"bias": -0.31622776601683794, "objective_cosine_similarity": -0.2981400179037004, "is_tight": 0.0, "dual_solution_value": 0.0, "scaled_age": 0.18543046357615894}, "111": {"bias": -0.3333333333333333, "objective_cosine_similarity": -0.4714007591095363, "is_tight": 1.0, "dual_solution_value": -0.0042095522304263526, "scaled_age": 0.0}, "112": {"bias": -0.2581988897471611, "objective_cosine_similarity": -0.4621049862488724, "is_tight": 0.0, "dual_solution_value": 0.0, "scaled_age": 0.18543046357615894}, "113": {"bias": -0.31622776601683794, "objective_cosine_similarity": -0.5331147777769558, "is_tight": 0.0, "dual_solution_value": 0.0, "scaled_age": 0.1390728476821192}, "114": {"bias": -0.2886751345948129, "objective_cosine_similarity": -0.5120361427738543, "is_tight": 0.0, "dual_solution_value": 0.0, "scaled_age": 0.052980132450331126}, "115": {"bias": -0.2886751345948129, "objective_cosine_similarity": -0.4532211804282089, "is_tight": 0.0, "dual_solution_value": 0.0, "scaled_age": 0.026490066225165563}, "116": {"bias": -0.31622776601683794, "objective_cosine_similarity": -0.2855069662976114, "is_tight": 0.0, "dual_solution_value": 0.0, "scaled_age": 0.18543046357615894}, "117": {"bias": -0.2886751345948129, "objective_cosine_similarity": -0.42208384742169075, "is_tight": 0.0, "dual_solution_value": 0.0, "scaled_age": 0.18543046357615894}, "118": {"bias": -0.5773502691896257, "objective_cosine_similarity": -0.952341096177137, "is_tight": 0.0, "dual_solution_value": -0.0, "scaled_age": 0.006622516556291391}, "119": {"bias": -0.628293720397923, "objective_cosine_similarity": -0.9835918930212518, "is_tight": 0.0, "dual_solution_value": -0.0, "scaled_age": 0.059602649006622516}, "120": {"bias": -0.6208219731802984, "objective_cosine_similarity": -0.9819628563338684, "is_tight": 1.0, "dual_solution_value": -0.004708913945112723, "scaled_age": 0.0}, "121": {"bias": -0.6237319148055732, "objective_cosine_similarity": -0.982557681613704, "is_tight": 0.0, "dual_solution_value": -0.0, "scaled_age": 0.052980132450331126}, "122": {"bias": -0.5980503604017327, "objective_cosine_similarity": -0.977054451426063, "is_tight": 1.0, "dual_solution_value": -4.725983191164624e-06, "scaled_age": 0.0}, "123": {"bias": -0.3849001794597505, "objective_cosine_similarity": -0.6681072193250441, "is_tight": 1.0, "dual_solution_value": -0.0001379313564768572, "scaled_age": 0.0}, "124": {"bias": -0.647150228929434, "objective_cosine_similarity": -0.9678924989248504, "is_tight": 0.0, "dual_solution_value": -0.0, "scaled_age": 0.06622516556291391}, "125": {"bias": -0.6052275326688025, "objective_cosine_similarity": -0.9606064796112213, "is_tight": 0.0, "dual_solution_value": -0.0, "scaled_age": 0.059602649006622516}, "126": {"bias": -0.6032131274009681, "objective_cosine_similarity": -0.9754625885100519, "is_tight": 0.0, "dual_solution_value": -0.0, "scaled_age": 0.06622516556291391}, "127": {"bias": -0.5976143046671968, "objective_cosine_similarity": -0.9592662987822747, "is_tight": 1.0, "dual_solution_value": -7.965885484308149e-06, "scaled_age": 0.0}, "128": {"bias": -0.6106955069568588, "objective_cosine_similarity": -0.9803310168907549, "is_tight": 1.0, "dual_solution_value": -5.111781631493485e-07, "scaled_age": 0.0}, "129": {"bias": -0.5642880936468347, "objective_cosine_similarity": -0.9533583572294311, "is_tight": 1.0, "dual_solution_value": -2.1576652626335414e-05, "scaled_age": 0.0}, "130": {"bias": -0.6132113845283359, "objective_cosine_similarity": -0.9811174493270132, "is_tight": 1.0, "dual_solution_value": -6.468267059145846e-06, "scaled_age": 0.0}, "131": {"bias": -0.6505571213492293, "objective_cosine_similarity": -0.9748442989995197, "is_tight": 0.0, "dual_solution_value": -0.0, "scaled_age": 0.046357615894039736}, "132": {"bias": -0.6222700051157877, "objective_cosine_similarity": -0.9811734773975994, "is_tight": 0.0, "dual_solution_value": -0.0, "scaled_age": 0.033112582781456956}, "133": {"bias": -0.6274811368807904, "objective_cosine_similarity": -0.9826021290575948, "is_tight": 1.0, "dual_solution_value": -3.013505256105595e-07, "scaled_age": 0.0}, "134": {"bias": -0.6390644422470536, "objective_cosine_similarity": -0.9717521642362832, "is_tight": 0.0, "dual_solution_value": -0.0, "scaled_age": 0.052980132450331126}, "135": {"bias": -0.6121959340533631, "objective_cosine_similarity": -0.9782699255475492, "is_tight": 1.0, "dual_solution_value": -8.899767185804038e-06, "scaled_age": 0.0}, "136": {"bias": -0.5929342992932695, "objective_cosine_similarity": -0.974553132167244, "is_tight": 1.0, "dual_solution_value": -2.762435647219283e-06, "scaled_age": 0.0}, "137": {"bias": -0.6248086362665893, "objective_cosine_similarity": -0.9825600826659259, "is_tight": 0.0, "dual_solution_value": -0.0, "scaled_age": 0.013245033112582781}, "138": {"bias": -0.6201283465866231, "objective_cosine_similarity": -0.9821619686977009, "is_tight": 1.0, "dual_solution_value": -0.0020922391163165485, "scaled_age": 0.0}, "139": {"bias": -0.6263861862490903, "objective_cosine_similarity": -0.9836263946875078, "is_tight": 1.0, "dual_solution_value": -0.0035320550069887205, "scaled_age": 0.0}, "140": {"bias": -0.630102209903623, "objective_cosine_similarity": -0.9862689156918917, "is_tight": 1.0, "dual_solution_value": -0.0007518260896877389, "scaled_age": 0.0}, "141": {"bias": -0.5207556439232955, "objective_cosine_similarity": -0.8295507337719215, "is_tight": 1.0, "dual_solution_value": -6.727833855088322e-06, "scaled_age": 0.0}, "142": {"bias": -0.6321605742021601, "objective_cosine_similarity": -0.9862458518664386, "is_tight": 1.0, "dual_solution_value": -0.0030977547652028914, "scaled_age": 0.0}, "143": {"bias": -0.6239322362939138, "objective_cosine_similarity": -0.9847503432799857, "is_tight": 1.0, "dual_solution_value": -0.009205777381065785, "scaled_age": 0.0}}