{"0": {"bias": -1.049490556950723, "objective_cosine_similarity": -0.8238614471256667, "is_tight": 0.0, "dual_solution_value": -0.0, "scaled_age": 0.08450704225352113}, "1": {"bias": -0.7559289460184544, "objective_cosine_similarity": -0.6082351267930286, "is_tight": 1.0, "dual_solution_value": -0.00397831084975863, "scaled_age": 0.0}, "2": {"bias": -1.1201534726595643, "objective_cosine_similarity": -0.8703102958122296, "is_tight": 0.0, "dual_solution_value": -0.0, "scaled_age": 0.11267605633802817}, "3": {"bias": -1.0879324286435093, "objective_cosine_similarity": -0.8584297610243729, "is_tight": 0.0, "dual_solution_value": -0.0, "scaled_age": 0.014084507042253521}, "4": {"bias": -0.9486832980505138, "objective_cosine_similarity": -0.6122851682515015, "is_tight": 1.0, "dual_solution_value": -0.004993303353059112, "scaled_age": 0.0}, "5": {"bias": -1.1191540388197287, "objective_cosine_similarity": -0.9208767893301241, "is_tight": 1.0, "dual_solution_value": -1.066685011206555e-09, "scaled_age": 0.0}, "6": {"bias": -1.170738814009927, "objective_cosine_similarity": -0.8546082771092728, "is_tight": 0.0, "dual_solution_value": -0.0, "scaled_age": 0.014084507042253521}, "7": {"bias": -1.040151860415922, "objective_cosine_similarity": -0.8361854388966954, "is_tight": 1.0, "dual_solution_value": -1.6938332952379128e-07, "scaled_age": 0.0}, "8": {"bias": -1.1364933629406204, "objective_cosine_similarity": -0.879444168360489, "is_tight": 1.0, "dual_solution_value": -0.006467202336148365, "scaled_age": 0.0}, "9": {"bias": -1.1915654275235164, "objective_cosine_similarity": -0.934978398408651, "is_tight": 1.0, "dual_solution_value": -0.0015465826038792542, "scaled_age": 0.0}, "10": {"bias": -1.2028716796795988, "objective_cosine_similarity": -0.9133851248487226, "is_tight": 0.0, "dual_solution_value": 0.0, "scaled_age": 0.014084507042253521}, "11": {"bias": -0.5, "objective_cosine_similarity": -0.31415420447514525, "is_tight": 1.0, "dual_solution_value": -0.013096228274755654, "scaled_age": 0.0}, "12": {"bias": -0.4082482904638631, "objective_cosine_similarity": -0.3402628408055445, "is_tight": 0.0, "dual_solution_value": 0.0, "scaled_age": 0.30985915492957744}, "13": {"bias": -0.35355339059327373, "objective_cosine_similarity": -0.4080132887558702, "is_tight": 0.0, "dual_solution_value": 0.0, "scaled_age": 0.30985915492957744}, "14": {"bias": -0.4472135954999579, "objective_cosine_similarity": -0.2666519370041338, "is_tight": 0.0, "dual_solution_value": 0.0, "scaled_age": 0.30985915492957744}, "15": {"bias": -0.4082482904638631, "objective_cosine_similarity": -0.28791471145084535, "is_tight": 0.0, "dual_solution_value": 0.0, "scaled_age": 0.30985915492957744}, "16": {"bias": -0.4472135954999579, "objective_cosine_similarity": -0.40427874319981577, "is_tight": 0.0, "dual_solution_value": 0.0, "scaled_age": 0.30985915492957744}, "17": {"bias": -0.5, "objective_cosine_similarity": -0.33979944565678977, "is_tight": 0.0, "dual_solution_value": 0.0, "scaled_age": 0.028169014084507043}, "18": {"bias": -0.4472135954999579, "objective_cosine_similarity": -0.35840314113458843, "is_tight": 1.0, "dual_solution_value": -0.022087611962858085, "scaled_age": 0.0}, "19": {"bias": -0.4472135954999579, "objective_cosine_similarity": -0.3784737170381254, "is_tight": 0.0, "dual_solution_value": 0.0, "scaled_age": 0.23943661971830985}, "20": {"bias": -0.3779644730092272, "objective_cosine_similarity": -0.4289148105273548, "is_tight": 1.0, "dual_solution_value": -0.016724001486165284, "scaled_age": 0.0}, "21": {"bias": -0.4082482904638631, "objective_cosine_similarity": -0.4554287253858826, "is_tight": 0.0, "dual_solution_value": 0.0, "scaled_age": 0.16901408450704225}, "22": {"bias": -0.7071067811865475, "objective_cosine_similarity": -0.2312075302949931, "is_tight": 0.0, "dual_solution_value": 0.0, "scaled_age": 0.09859154929577464}, "23": {"bias": -0.4472135954999579, "objective_cosine_similarity": -0.2637847118750571, "is_tight": 1.0, "dual_solution_value": -0.00017472023764505168, "scaled_age": 0.0}, "24": {"bias": -0.5773502691896258, "objective_cosine_similarity": -0.3294398835173312, "is_tight": 1.0, "dual_solution_value": -0.04365549415063248, "scaled_age": 0.0}, "25": {"bias": -0.4082482904638631, "objective_cosine_similarity": -0.3140887761281949, "is_tight": 0.0, "dual_solution_value": 0.0, "scaled_age": 0.30985915492957744}, "26": {"bias": -0.7071067811865475, "objective_cosine_similarity": -0.23574101128116945, "is_tight": 1.0, "dual_solution_value": -1.4832797584015639e-05, "scaled_age": 0.0}, "27": {"bias": -0.3333333333333333, "objective_cosine_similarity": -0.33766234222498603, "is_tight": 0.0, "dual_solution_value": 0.0, "scaled_age": 0.30985915492957744}, "28": {"bias": -0.35355339059327373, "objective_cosine_similarity": -0.43294743417984005, "is_tight": 0.0, "dual_solution_value": 0.0, "scaled_age": 0.30985915492957744}, "29": {"bias": -0.5, "objective_cosine_similarity": -0.23721848093021172, "is_tight": 0.0, "dual_solution_value": 0.0, "scaled_age": 0.30985915492957744}, "30": {"bias": -0.3779644730092272, "objective_cosine_similarity": -0.3780266126681771, "is_tight": 0.0, "dual_solution_value": 0.0, "scaled_age": 0.28169014084507044}, "31": {"bias": -0.4472135954999579, "objective_cosine_similarity": -0.4128804185870459, "is_tight": 0.0, "dual_solution_value": 0.0, "scaled_age": 0.07042253521126761}, "32": {"bias": -0.3779644730092272, "objective_cosine_similarity": -0.23263176164195515, "is_tight": 0.0, "dual_solution_value": 0.0, "scaled_age": 0.30985915492957744}, "33": {"bias": -0.4082482904638631, "objective_cosine_similarity": -0.3010017437895201, "is_tight": 0.0, "dual_solution_value": 0.0, "scaled_age": 0.30985915492957744}, "34": {"bias": -0.4472135954999579, "objective_cosine_similarity": -0.33546534010197476, "is_tight": 0.0, "dual_solution_value": 0.0, "scaled_age": 0.30985915492957744}, "35": {"bias": -0.4082482904638631, "objective_cosine_similarity": -0.3140887761281949, "is_tight": 0.0, "dual_solution_value": 0.0, "scaled_age": 0.30985915492957744}, "36": {"bias": -0.5, "objective_cosine_similarity": -0.2660693772595618, "is_tight": 0.0, "dual_solution_value": 0.0, "scaled_age": 0.04225352112676056}, "37": {"bias": -0.4472135954999579, "objective_cosine_similarity": -0.32686366471474465, "is_tight": 0.0, "dual_solution_value": 0.0, "scaled_age": 0.30985915492957744}, "38": {"bias": -0.4472135954999579, "objective_cosine_similarity": -0.32686366471474465, "is_tight": 1.0, "dual_solution_value": -0.0089248364381008, "scaled_age": 0.0}, "39": {"bias": -0.4472135954999579, "objective_cosine_similarity": -0.45015434526504305, "is_tight": 1.0, "dual_solution_value": -0.002504475254062802, "scaled_age": 0.0}, "40": {"bias": -0.7071067811865475, "objective_cosine_similarity": -0.21307360635028777, "is_tight": 0.0, "dual_solution_value": 0.0, "scaled_age": 0.30985915492957744}, "41": {"bias": -0.3779644730092272, "objective_cosine_similarity": -0.40952883039052523, "is_tight": 0.0, "dual_solution_value": 0.0, "scaled_age": 0.11267605633802817}, "42": {"bias": -0.5, "objective_cosine_similarity": -0.2211902051916839, "is_tight": 0.0, "dual_solution_value": 0.0, "scaled_age": 0.30985915492957744}, "43": {"bias": -0.3779644730092272, "objective_cosine_similarity": -0.4071055828734215, "is_tight": 0.0, "dual_solution_value": 0.0, "scaled_age": 0.30985915492957744}, "44": {"bias": -0.4082482904638631, "objective_cosine_similarity": -0.4973072288696419, "is_tight": 0.0, "dual_solution_value": 0.0, "scaled_age": 0.11267605633802817}, "45": {"bias": -0.3779644730092272, "objective_cosine_similarity": -0.24959449426168107, "is_tight": 0.0, "dual_solution_value": 0.0, "scaled_age": 0.30985915492957744}, "46": {"bias": -0.4082482904638631, "objective_cosine_similarity": -0.4109328154343883, "is_tight": 1.0, "dual_solution_value": -4.787647117986196e-05, "scaled_age": 0.0}, "47": {"bias": -0.5, "objective_cosine_similarity": -0.3333881353613786, "is_tight": 0.0, "dual_solution_value": 0.0, "scaled_age": 0.19718309859154928}, "48": {"bias": -0.3779644730092272, "objective_cosine_similarity": -0.3683336225997623, "is_tight": 0.0, "dual_solution_value": 0.0, "scaled_age": 0.30985915492957744}, "49": {"bias": -0.4472135954999579, "objective_cosine_similarity": -0.36127036626366515, "is_tight": 0.0, "dual_solution_value": 0.0, "scaled_age": 0.07042253521126761}, "50": {"bias": -0.3333333333333333, "objective_cosine_similarity": -0.3953641348836862, "is_tight": 0.0, "dual_solution_value": 0.0, "scaled_age": 0.30985915492957744}, "51": {"bias": -0.5, "objective_cosine_similarity": -0.2628637221118562, "is_tight": 0.0, "dual_solution_value": 0.0, "scaled_age": 0.15492957746478872}, "52": {"bias": -0.4082482904638631, "objective_cosine_similarity": -0.49468982240190695, "is_tight": 1.0, "dual_solution_value": -0.016804493116810617, "scaled_age": 0.0}, "53": {"bias": -0.4472135954999579, "objective_cosine_similarity": -0.29532418829490087, "is_tight": 0.0, "dual_solution_value": 0.0, "scaled_age": 0.2676056338028169}, "54": {"bias": -0.5, "objective_cosine_similarity": -0.4071182037586066, "is_tight": 1.0, "dual_solution_value": -0.008104732040008843, "scaled_age": 0.0}, "55": {"bias": -0.3779644730092272, "objective_cosine_similarity": -0.4555705332154955, "is_tight": 0.0, "dual_solution_value": 0.0, "scaled_age": 0.07042253521126761}, "56": {"bias": -0.5, "objective_cosine_similarity": -0.33979944565678977, "is_tight": 0.0, "dual_solution_value": 0.0, "scaled_age": 0.30985915492957744}, "57": {"bias": -0.3333333333333333, "objective_cosine_similarity": -0.4231464794971344, "is_tight": 0.0, "dual_solution_value": 0.0, "scaled_age": 0.30985915492957744}, "58": {"bias": -0.3779644730092272, "objective_cosine_similarity": -0.4046823353563178, "is_tight": 0.0, "dual_solution_value": 0.0, "scaled_age": 0.30985915492957744}, "59": {"bias": -0.31622776601683794, "objective_cosine_similarity": -0.3608833110886333, "is_tight": 0.0, "dual_solution_value": 0.0, "scaled_age": 0.30985915492957744}, "60": {"bias": -0.3779644730092272, "objective_cosine_similarity": -0.31986867225768834, "is_tight": 0.0, "dual_solution_value": 0.0, "scaled_age": 0.30985915492957744}, "61": {"bias": -0.5773502691896258, "objective_cosine_similarity": -0.23690059039448538, "is_tight": 1.0, "dual_solution_value": -0.00045693266362107883, "scaled_age": 0.0}, "62": {"bias": -0.4472135954999579, "objective_cosine_similarity": -0.24658136110059684, "is_tight": 0.0, "dual_solution_value": 0.0, "scaled_age": 0.30985915492957744}, "63": {"bias": -0.5773502691896258, "objective_cosine_similarity": -0.3479477421419004, "is_tight": 0.0, "dual_solution_value": 0.0, "scaled_age": 0.30985915492957744}, "64": {"bias": -0.4472135954999579, "objective_cosine_similarity": -0.32399643958566793, "is_tight": 1.0, "dual_solution_value": 0.0, "scaled_age": 0.22535211267605634}, "65": {"bias": -0.4082482904638631, "objective_cosine_similarity": -0.2774450855799055, "is_tight": 0.0, "dual_solution_value": 0.0, "scaled_age": 0.16901408450704225}, "66": {"bias": -0.4472135954999579, "objective_cosine_similarity": -0.255183036487827, "is_tight": 0.0, "dual_solution_value": 0.0, "scaled_age": 0.30985915492957744}, "67": {"bias": -0.30151134457776363, "objective_cosine_similarity": -0.3904827231102829, "is_tight": 0.0, "dual_solution_value": 0.0, "scaled_age": 0.30985915492957744}, "68": {"bias": -0.4082482904638631, "objective_cosine_similarity": -0.3952283766279786, "is_tight": 0.0, "dual_solution_value": 0.0, "scaled_age": 0.30985915492957744}, "69": {"bias": -0.4472135954999579, "objective_cosine_similarity": -0.2637847118750571, "is_tight": 0.0, "dual_solution_value": 0.0, "scaled_age": 0.18309859154929578}, "70": {"bias": -0.3779644730092272, "objective_cosine_similarity": -0.3925660977707993, "is_tight": 0.0, "dual_solution_value": 0.0, "scaled_age": 0.30985915492957744}, "71": {"bias": -0.35355339059327373, "objective_cosine_similarity": -0.36721195988028316, "is_tight": 0.0, "dual_solution_value": 0.0, "scaled_age": 0.30985915492957744}, "72": {"bias": -0.31622776601683794, "objective_cosine_similarity": -0.488611674002026, "is_tight": 0.0, "dual_solution_value": 0.0, "scaled_age": 0.30985915492957744}, "73": {"bias": -0.4472135954999579, "objective_cosine_similarity": -0.372739266779972, "is_tight": 0.0, "dual_solution_value": 0.0, "scaled_age": 0.22535211267605634}, "74": {"bias": -0.5, "objective_cosine_similarity": -0.26927503240726736, "is_tight": 0.0, "dual_solution_value": 0.0, "scaled_age": 0.30985915492957744}, "75": {"bias": -0.7071067811865475, "objective_cosine_similarity": -0.2946762641014618, "is_tight": 0.0, "dual_solution_value": 0.0, "scaled_age": 0.30985915492957744}, "76": {"bias": -0.5, "objective_cosine_similarity": -0.2628637221118562, "is_tight": 0.0, "dual_solution_value": 0.0, "scaled_age": 0.04225352112676056}, "77": {"bias": -0.4472135954999579, "objective_cosine_similarity": -0.3383325652310515, "is_tight": 0.0, "dual_solution_value": 0.0, "scaled_age": 0.14084507042253522}, "78": {"bias": -0.5, "objective_cosine_similarity": -0.4487917206787789, "is_tight": 0.0, "dual_solution_value": 0.0, "scaled_age": 0.11267605633802817}, "79": {"bias": -0.4082482904638631, "objective_cosine_similarity": -0.32194099553139977, "is_tight": 0.0, "dual_solution_value": 0.0, "scaled_age": 0.30985915492957744}, "80": {"bias": -0.3333333333333333, "objective_cosine_similarity": -0.4487917206787789, "is_tight": 0.0, "dual_solution_value": 0.0, "scaled_age": 0.30985915492957744}, "81": {"bias": -0.35355339059327373, "objective_cosine_similarity": -0.27654234015675644, "is_tight": 0.0, "dual_solution_value": 0.0, "scaled_age": 0.30985915492957744}, "82": {"bias": -0.4472135954999579, "objective_cosine_similarity": -0.3153947641984378, "is_tight": 0.0, "dual_solution_value": 0.0, "scaled_age": 0.30985915492957744}, "83": {"bias": -0.4082482904638631, "objective_cosine_similarity": -0.3324106214023396, "is_tight": 0.0, "dual_solution_value": 0.0, "scaled_age": 0.23943661971830985}, "84": {"bias": -0.7071067811865475, "objective_cosine_similarity": -0.2448079732535221, "is_tight": 1.0, "dual_solution_value": -0.07663763921268632, "scaled_age": 0.0}, "85": {"bias": -0.4082482904638631, "objective_cosine_similarity": -0.28791471145084535, "is_tight": 0.0, "dual_solution_value": 0.0, "scaled_age": 0.30985915492957744}, "86": {"bias": -0.3779644730092272, "objective_cosine_similarity": -0.20355279143671076, "is_tight": 0.0, "dual_solution_value": 0.0, "scaled_age": 0.30985915492957744}, "87": {"bias": -0.5773502691896258, "objective_cosine_similarity": -0.21839273176991622, "is_tight": 0.0, "dual_solution_value": 0.0, "scaled_age": 0.19718309859154928}, "88": {"bias": -0.3333333333333333, "objective_cosine_similarity": -0.29278317015710814, "is_tight": 0.0, "dual_solution_value": 0.0, "scaled_age": 0.30985915492957744}, "89": {"bias": -0.4082482904638631, "objective_cosine_similarity": -0.24341880149935105, "is_tight": 0.0, "dual_solution_value": 0.0, "scaled_age": 0.30985915492957744}, "90": {"bias": -0.35355339059327373, "objective_cosine_similarity": -0.405746548262782, "is_tight": 0.0, "dual_solution_value": 0.0, "scaled_age": 0.30985915492957744}, "91": {"bias": -0.5, "objective_cosine_similarity": -0.2211902051916839, "is_tight": 0.0, "dual_solution_value": 0.0, "scaled_age": 0.2535211267605634}, "92": {"bias": -0.3333333333333333, "objective_cosine_similarity": -0.3269768250659675, "is_tight": 0.0, "dual_solution_value": 0.0, "scaled_age": 0.30985915492957744}, "93": {"bias": -0.4472135954999579, "objective_cosine_similarity": -0.27812083752044064, "is_tight": 0.0, "dual_solution_value": 0.0, "scaled_age": 0.30985915492957744}, "94": {"bias": -0.5, "objective_cosine_similarity": -0.27889199785038404, "is_tight": 0.0, "dual_solution_value": 0.0, "scaled_age": 0.1267605633802817}, "95": {"bias": -0.4472135954999579, "objective_cosine_similarity": -0.5562416750408813, "is_tight": 1.0, "dual_solution_value": -0.020646166686477316, "scaled_age": 0.0}, "96": {"bias": -0.4082482904638631, "objective_cosine_similarity": -0.3454976537410144, "is_tight": 0.0, "dual_solution_value": 0.0, "scaled_age": 0.30985915492957744}, "97": {"bias": -1.2755829482620527, "objective_cosine_similarity": -0.9611064509066874, "is_tight": 1.0, "dual_solution_value": -0.01624102620412953, "scaled_age": 0.0}, "98": {"bias": -1.2994379796825133, "objective_cosine_similarity": -0.9359168990651539, "is_tight": 1.0, "dual_solution_value": -0.009967942086612822, "scaled_age": 0.0}, "99": {"bias": -1.2982668862654176, "objective_cosine_similarity": -0.9384493397607959, "is_tight": 0.0, "dual_solution_value": -0.0, "scaled_age": 0.15492957746478872}, "100": {"bias": -1.2766331330741338, "objective_cosine_similarity": -0.9135774633929218, "is_tight": 0.0, "dual_solution_value": -0.0, "scaled_age": 0.1267605633802817}, "101": {"bias": -1.2991311246228854, "objective_cosine_similarity": -0.9372719451346466, "is_tight": 0.0, "dual_solution_value": -0.0, "scaled_age": 0.1267605633802817}, "102": {"bias": -1.2875670211288373, "objective_cosine_similarity": -0.9302323660821129, "is_tight": 0.0, "dual_solution_value": -0.0, "scaled_age": 0.14084507042253522}, "103": {"bias": -0.8944271909999159, "objective_cosine_similarity": -0.8171591617868617, "is_tight": 1.0, "dual_solution_value": -0.0003013161567646512, "scaled_age": 0.0}, "104": {"bias": -1.2927299680930733, "objective_cosine_similarity": -0.9327796969047011, "is_tight": 0.0, "dual_solution_value": -0.0, "scaled_age": 0.11267605633802817}, "105": {"bias": -1.2757092910170744, "objective_cosine_similarity": -0.9340592452220048, "is_tight": 1.0, "dual_solution_value": -0.00693929945881506, "scaled_age": 0.0}, "106": {"bias": -1.2766952508260168, "objective_cosine_similarity": -0.9283513513030726, "is_tight": 1.0, "dual_solution_value": -0.010707326857985325, "scaled_age": 0.0}, "107": {"bias": -0.8219949365267865, "objective_cosine_similarity": -0.7557272635439224, "is_tight": 1.0, "dual_solution_value": -3.9222764112003005e-05, "scaled_age": 0.0}, "108": {"bias": -1.2889243623327382, "objective_cosine_similarity": -0.9377602730652544, "is_tight": 0.0, "dual_solution_value": -0.0, "scaled_age": 0.056338028169014086}, "109": {"bias": -1.049067909270353, "objective_cosine_similarity": -0.8453708836114385, "is_tight": 1.0, "dual_solution_value": -1.9794983132080215e-06, "scaled_age": 0.0}, "110": {"bias": -1.3026237345469784, "objective_cosine_similarity": -0.9370099297149321, "is_tight": 1.0, "dual_solution_value": -0.0021639926193311823, "scaled_age": 0.0}, "111": {"bias": -1.2640125708817032, "objective_cosine_similarity": -0.9166771943355249, "is_tight": 1.0, "dual_solution_value": -0.004565512545980183, "scaled_age": 0.0}, "112": {"bias": -1.2610435842256384, "objective_cosine_similarity": -0.9182360854884968, "is_tight": 1.0, "dual_solution_value": -0.0023040987708239317, "scaled_age": 0.0}, "113": {"bias": -1.1936398860213129, "objective_cosine_similarity": -0.8960095582143722, "is_tight": 1.0, "dual_solution_value": -2.439286058397663e-07, "scaled_age": 0.0}, "114": {"bias": -1.2428424619760505, "objective_cosine_similarity": -0.960152187736641, "is_tight": 1.0, "dual_solution_value": -0.00038440336248847333, "scaled_age": 0.0}}