{"0": {"bias": -1.3245323570650438, "objective_cosine_similarity": -0.8948582896612438, "is_tight": 0.0, "dual_solution_value": -0.0, "scaled_age": 0.1}, "1": {"bias": -0.8164965809277261, "objective_cosine_similarity": -0.3083076878761629, "is_tight": 1.0, "dual_solution_value": -0.0006732627471255237, "scaled_age": 0.0}, "2": {"bias": -1.181757895737503, "objective_cosine_similarity": -0.8200422694113771, "is_tight": 0.0, "dual_solution_value": -0.0, "scaled_age": 0.07142857142857142}, "3": {"bias": -0.7559289460184544, "objective_cosine_similarity": -0.33755051655516105, "is_tight": 0.0, "dual_solution_value": -0.0, "scaled_age": 0.07142857142857142}, "4": {"bias": -0.6030226891555273, "objective_cosine_similarity": -0.5234272867596217, "is_tight": 1.0, "dual_solution_value": -0.00554243643175602, "scaled_age": 0.0}, "5": {"bias": -1.3122837606458755, "objective_cosine_similarity": -0.8686581714440132, "is_tight": 0.0, "dual_solution_value": -0.0, "scaled_age": 0.18571428571428572}, "6": {"bias": -1.2481955958414495, "objective_cosine_similarity": -0.8284165874556696, "is_tight": 1.0, "dual_solution_value": -4.365519289328362e-07, "scaled_age": 0.0}, "7": {"bias": -0.7745966692414834, "objective_cosine_similarity": -0.5372363462094825, "is_tight": 0.0, "dual_solution_value": -0.0, "scaled_age": 0.17142857142857143}, "8": {"bias": -1.1666666666666667, "objective_cosine_similarity": -0.7786984854350782, "is_tight": 1.0, "dual_solution_value": -4.961285363905124e-06, "scaled_age": 0.0}, "9": {"bias": -0.8164965809277261, "objective_cosine_similarity": -0.3697133684490086, "is_tight": 1.0, "dual_solution_value": -0.0047285922950953685, "scaled_age": 0.0}, "10": {"bias": -1.2185435916898848, "objective_cosine_similarity": -0.7380465654977448, "is_tight": 0.0, "dual_solution_value": -0.0, "scaled_age": 0.05714285714285714}, "11": {"bias": -0.7071067811865475, "objective_cosine_similarity": -0.3921942349315826, "is_tight": 1.0, "dual_solution_value": -0.001699321493265262, "scaled_age": 0.0}, "12": {"bias": -1.269675830650947, "objective_cosine_similarity": -0.8843183922915567, "is_tight": 0.0, "dual_solution_value": 0.0, "scaled_age": 0.07142857142857142}, "13": {"bias": -1.3941141035618496, "objective_cosine_similarity": -0.8818058480918074, "is_tight": 0.0, "dual_solution_value": 0.0, "scaled_age": 0.18571428571428572}, "14": {"bias": -1.4035178611129793, "objective_cosine_similarity": -0.8981335594952298, "is_tight": 0.0, "dual_solution_value": 0.0, "scaled_age": 0.12857142857142856}, "15": {"bias": -0.4472135954999579, "objective_cosine_similarity": -0.2830800764399283, "is_tight": 0.0, "dual_solution_value": 0.0, "scaled_age": 0.3142857142857143}, "16": {"bias": -0.4082482904638631, "objective_cosine_similarity": -0.3901819286399572, "is_tight": 0.0, "dual_solution_value": 0.0, "scaled_age": 0.3142857142857143}, "17": {"bias": -0.3779644730092272, "objective_cosine_similarity": -0.453620518739041, "is_tight": 0.0, "dual_solution_value": 0.0, "scaled_age": 0.17142857142857143}, "18": {"bias": -0.5, "objective_cosine_similarity": -0.29925837166619706, "is_tight": 0.0, "dual_solution_value": 0.0, "scaled_age": 0.1}, "19": {"bias": -0.4082482904638631, "objective_cosine_similarity": -0.3786683635325486, "is_tight": 0.0, "dual_solution_value": 0.0, "scaled_age": 0.3142857142857143}, "20": {"bias": -0.4472135954999579, "objective_cosine_similarity": -0.3769729730808946, "is_tight": 0.0, "dual_solution_value": 0.0, "scaled_age": 0.18571428571428572}, "21": {"bias": -0.5, "objective_cosine_similarity": -0.11594303404868368, "is_tight": 0.0, "dual_solution_value": 0.0, "scaled_age": 0.11428571428571428}, "22": {"bias": -0.5, "objective_cosine_similarity": -0.211517697250977, "is_tight": 0.0, "dual_solution_value": 0.0, "scaled_age": 0.014285714285714285}, "23": {"bias": -0.3333333333333333, "objective_cosine_similarity": -0.24128685464185523, "is_tight": 0.0, "dual_solution_value": 0.0, "scaled_age": 0.3142857142857143}, "24": {"bias": -0.35355339059327373, "objective_cosine_similarity": -0.3622811153181568, "is_tight": 0.0, "dual_solution_value": 0.0, "scaled_age": 0.3142857142857143}, "25": {"bias": -0.4472135954999579, "objective_cosine_similarity": -0.22982738879281306, "is_tight": 0.0, "dual_solution_value": 0.0, "scaled_age": 0.02857142857142857}, "26": {"bias": -0.5773502691896258, "objective_cosine_similarity": -0.05608464863456091, "is_tight": 1.0, "dual_solution_value": -8.615205629847263e-08, "scaled_age": 0.0}, "27": {"bias": -0.4082482904638631, "objective_cosine_similarity": -0.3620376583774029, "is_tight": 0.0, "dual_solution_value": 0.0, "scaled_age": 0.3142857142857143}, "28": {"bias": -0.5773502691896258, "objective_cosine_similarity": -0.26052223881860553, "is_tight": 1.0, "dual_solution_value": -0.001646734335443159, "scaled_age": 0.0}, "29": {"bias": -0.5, "objective_cosine_similarity": -0.39483303486849036, "is_tight": 1.0, "dual_solution_value": -0.003060294183930158, "scaled_age": 0.0}, "30": {"bias": -0.5, "objective_cosine_similarity": -0.3321611245719046, "is_tight": 1.0, "dual_solution_value": -0.003602379365467359, "scaled_age": 0.0}, "31": {"bias": -0.4472135954999579, "objective_cosine_similarity": -0.3041008741953685, "is_tight": 1.0, "dual_solution_value": -0.0005187827704300474, "scaled_age": 0.0}, "32": {"bias": -0.4472135954999579, "objective_cosine_similarity": -0.225623229241725, "is_tight": 0.0, "dual_solution_value": 0.0, "scaled_age": 0.3142857142857143}, "33": {"bias": -0.4472135954999579, "objective_cosine_similarity": -0.20320104496925545, "is_tight": 0.0, "dual_solution_value": 0.0, "scaled_age": 0.3142857142857143}, "34": {"bias": -0.5, "objective_cosine_similarity": -0.4324361810464418, "is_tight": 1.0, "dual_solution_value": -0.011165426002840052, "scaled_age": 0.0}, "35": {"bias": -0.5773502691896258, "objective_cosine_similarity": -0.1772998569737732, "is_tight": 0.0, "dual_solution_value": 0.0, "scaled_age": 0.17142857142857143}, "36": {"bias": -0.4472135954999579, "objective_cosine_similarity": -0.2620592786844881, "is_tight": 0.0, "dual_solution_value": 0.0, "scaled_age": 0.3142857142857143}, "37": {"bias": -0.5773502691896258, "objective_cosine_similarity": -0.3582180783755826, "is_tight": 1.0, "dual_solution_value": -0.05065710199250663, "scaled_age": 0.0}, "38": {"bias": -0.5773502691896258, "objective_cosine_similarity": -0.18453658582984558, "is_tight": 0.0, "dual_solution_value": 0.0, "scaled_age": 0.3142857142857143}, "39": {"bias": -0.4082482904638631, "objective_cosine_similarity": -0.32110053799550575, "is_tight": 0.0, "dual_solution_value": 0.0, "scaled_age": 0.3142857142857143}, "40": {"bias": -0.5773502691896258, "objective_cosine_similarity": -0.2351936878223522, "is_tight": 1.0, "dual_solution_value": -0.017433323438847938, "scaled_age": 0.0}, "41": {"bias": -0.5773502691896258, "objective_cosine_similarity": -0.08141319963081423, "is_tight": 0.0, "dual_solution_value": 0.0, "scaled_age": 0.05714285714285714}, "42": {"bias": -0.3779644730092272, "objective_cosine_similarity": -0.2878062299049268, "is_tight": 0.0, "dual_solution_value": 0.0, "scaled_age": 0.3142857142857143}, "43": {"bias": -0.3779644730092272, "objective_cosine_similarity": -0.2558277599154905, "is_tight": 0.0, "dual_solution_value": 0.0, "scaled_age": 0.3142857142857143}, "44": {"bias": -0.4472135954999579, "objective_cosine_similarity": -0.3069036472294272, "is_tight": 0.0, "dual_solution_value": 0.0, "scaled_age": 0.3142857142857143}, "45": {"bias": -0.5773502691896258, "objective_cosine_similarity": -0.09407747512894088, "is_tight": 0.0, "dual_solution_value": 0.0, "scaled_age": 0.04285714285714286}, "46": {"bias": -0.4472135954999579, "objective_cosine_similarity": -0.2802773034058696, "is_tight": 1.0, "dual_solution_value": -0.0004851631179687307, "scaled_age": 0.0}, "47": {"bias": -0.4472135954999579, "objective_cosine_similarity": -0.2886856225080457, "is_tight": 0.0, "dual_solution_value": 0.0, "scaled_age": 0.15714285714285714}, "48": {"bias": -0.5, "objective_cosine_similarity": -0.325893933542246, "is_tight": 0.0, "dual_solution_value": 0.0, "scaled_age": 0.1}, "49": {"bias": -0.5, "objective_cosine_similarity": -0.162946966771123, "is_tight": 0.0, "dual_solution_value": 0.0, "scaled_age": 0.3142857142857143}, "50": {"bias": -0.5773502691896258, "objective_cosine_similarity": -0.045229555350452345, "is_tight": 0.0, "dual_solution_value": 0.0, "scaled_age": 0.3142857142857143}, "51": {"bias": -0.5, "objective_cosine_similarity": -0.29925837166619706, "is_tight": 0.0, "dual_solution_value": 0.0, "scaled_age": 0.02857142857142857}, "52": {"bias": -0.4472135954999579, "objective_cosine_similarity": -0.2746717573377522, "is_tight": 0.0, "dual_solution_value": 0.0, "scaled_age": 0.3142857142857143}, "53": {"bias": -0.5773502691896258, "objective_cosine_similarity": -0.2677589676746779, "is_tight": 1.0, "dual_solution_value": -1.0416312815768605e-05, "scaled_age": 0.0}, "54": {"bias": -0.4472135954999579, "objective_cosine_similarity": -0.5016963730965066, "is_tight": 1.0, "dual_solution_value": -0.04041178451617473, "scaled_age": 0.0}, "55": {"bias": -0.3779644730092272, "objective_cosine_similarity": -0.2048990854878697, "is_tight": 0.0, "dual_solution_value": 0.0, "scaled_age": 0.3142857142857143}, "56": {"bias": -0.5, "objective_cosine_similarity": -0.06110511253917113, "is_tight": 0.0, "dual_solution_value": 0.0, "scaled_age": 0.3142857142857143}, "57": {"bias": -0.3333333333333333, "objective_cosine_similarity": -0.24233138648013167, "is_tight": 0.0, "dual_solution_value": 0.0, "scaled_age": 0.3142857142857143}, "58": {"bias": -0.35355339059327373, "objective_cosine_similarity": -0.41324420799288225, "is_tight": 0.0, "dual_solution_value": 0.0, "scaled_age": 0.3142857142857143}, "59": {"bias": -0.4472135954999579, "objective_cosine_similarity": -0.26766482475260545, "is_tight": 1.0, "dual_solution_value": -0.00018631016664920688, "scaled_age": 0.0}, "60": {"bias": -0.5, "objective_cosine_similarity": -0.26792241651790416, "is_tight": 0.0, "dual_solution_value": 0.0, "scaled_age": 0.17142857142857143}, "61": {"bias": -0.3779644730092272, "objective_cosine_similarity": -0.32452225100390925, "is_tight": 0.0, "dual_solution_value": 0.0, "scaled_age": 0.3142857142857143}, "62": {"bias": -0.5773502691896258, "objective_cosine_similarity": -0.2677589676746779, "is_tight": 1.0, "dual_solution_value": -0.029709839850275078, "scaled_age": 0.0}, "63": {"bias": -0.4082482904638631, "objective_cosine_similarity": -0.3415690981864543, "is_tight": 0.0, "dual_solution_value": 0.0, "scaled_age": 0.12857142857142856}, "64": {"bias": -0.5773502691896258, "objective_cosine_similarity": -0.15378048819153797, "is_tight": 0.0, "dual_solution_value": 0.0, "scaled_age": 0.05714285714285714}, "65": {"bias": -0.5, "objective_cosine_similarity": -0.2976915739087824, "is_tight": 0.0, "dual_solution_value": 0.0, "scaled_age": 0.014285714285714285}, "66": {"bias": -0.3779644730092272, "objective_cosine_similarity": -0.3979542932018741, "is_tight": 0.0, "dual_solution_value": 0.0, "scaled_age": 0.24285714285714285}, "67": {"bias": -0.7071067811865475, "objective_cosine_similarity": -0.03988415948456772, "is_tight": 0.0, "dual_solution_value": 0.0, "scaled_age": 0.07142857142857142}, "68": {"bias": -0.4082482904638631, "objective_cosine_similarity": -0.3697133684490086, "is_tight": 0.0, "dual_solution_value": 0.0, "scaled_age": 0.3142857142857143}, "69": {"bias": -0.4082482904638631, "objective_cosine_similarity": -0.28528055766134575, "is_tight": 0.0, "dual_solution_value": 0.0, "scaled_age": 0.3142857142857143}, "70": {"bias": -0.5773502691896258, "objective_cosine_similarity": -0.15378048819153797, "is_tight": 0.0, "dual_solution_value": 0.0, "scaled_age": 0.22857142857142856}, "71": {"bias": -0.4472135954999579, "objective_cosine_similarity": -0.4498450719664207, "is_tight": 1.0, "dual_solution_value": -0.008551541757862465, "scaled_age": 0.0}, "72": {"bias": -0.3779644730092272, "objective_cosine_similarity": -0.17173622772104685, "is_tight": 0.0, "dual_solution_value": 0.0, "scaled_age": 0.3142857142857143}, "73": {"bias": -0.7071067811865475, "objective_cosine_similarity": -0.09084725215929315, "is_tight": 0.0, "dual_solution_value": 0.0, "scaled_age": 0.3142857142857143}, "74": {"bias": -0.3779644730092272, "objective_cosine_similarity": -0.3636070476576647, "is_tight": 0.0, "dual_solution_value": 0.0, "scaled_age": 0.11428571428571428}, "75": {"bias": -0.3333333333333333, "objective_cosine_similarity": -0.27366734162842454, "is_tight": 0.0, "dual_solution_value": 0.0, "scaled_age": 0.3142857142857143}, "76": {"bias": -0.3779644730092272, "objective_cosine_similarity": -0.3032032710109517, "is_tight": 0.0, "dual_solution_value": 0.0, "scaled_age": 0.3142857142857143}, "77": {"bias": -0.3779644730092272, "objective_cosine_similarity": -0.29609694434663253, "is_tight": 0.0, "dual_solution_value": 0.0, "scaled_age": 0.3142857142857143}, "78": {"bias": -0.5773502691896258, "objective_cosine_similarity": -0.11578766169715801, "is_tight": 0.0, "dual_solution_value": 0.0, "scaled_age": 0.3142857142857143}, "79": {"bias": -0.3333333333333333, "objective_cosine_similarity": -0.2799345326580831, "is_tight": 0.0, "dual_solution_value": 0.0, "scaled_age": 0.3142857142857143}, "80": {"bias": -0.3779644730092272, "objective_cosine_similarity": -0.3517631698837994, "is_tight": 0.0, "dual_solution_value": 0.0, "scaled_age": 0.3142857142857143}, "81": {"bias": -0.4472135954999579, "objective_cosine_similarity": -0.06446377978335001, "is_tight": 0.0, "dual_solution_value": 0.0, "scaled_age": 0.3142857142857143}, "82": {"bias": -0.4472135954999579, "objective_cosine_similarity": -0.40079654387039354, "is_tight": 0.0, "dual_solution_value": 0.0, "scaled_age": 0.3142857142857143}, "83": {"bias": -0.5, "objective_cosine_similarity": -0.4324361810464418, "is_tight": 1.0, "dual_solution_value": -0.03082142350672795, "scaled_age": 0.0}, "84": {"bias": -0.5773502691896258, "objective_cosine_similarity": -0.15739885261957418, "is_tight": 0.0, "dual_solution_value": 0.0, "scaled_age": 0.3142857142857143}, "85": {"bias": -0.7071067811865475, "objective_cosine_similarity": -0.1816945043185863, "is_tight": 0.0, "dual_solution_value": 0.0, "scaled_age": 0.2}, "86": {"bias": -0.5, "objective_cosine_similarity": -0.24128685464185523, "is_tight": 0.0, "dual_solution_value": 0.0, "scaled_age": 0.3142857142857143}, "87": {"bias": -0.5773502691896258, "objective_cosine_similarity": -0.33288952737932925, "is_tight": 1.0, "dual_solution_value": -0.03550525186496746, "scaled_age": 0.0}, "88": {"bias": -0.4082482904638631, "objective_cosine_similarity": -0.24306415226751432, "is_tight": 1.0, "dual_solution_value": -0.0008764405654970185, "scaled_age": 0.0}, "89": {"bias": -0.4472135954999579, "objective_cosine_similarity": -0.19759549890113806, "is_tight": 0.0, "dual_solution_value": 0.0, "scaled_age": 0.3142857142857143}, "90": {"bias": -0.4472135954999579, "objective_cosine_similarity": -0.2746717573377522, "is_tight": 1.0, "dual_solution_value": -0.0027277748002928343, "scaled_age": 0.0}, "91": {"bias": -0.4082482904638631, "objective_cosine_similarity": -0.20724417193335432, "is_tight": 0.0, "dual_solution_value": 0.0, "scaled_age": 0.3142857142857143}, "92": {"bias": -0.5, "objective_cosine_similarity": -0.34782910214605106, "is_tight": 1.0, "dual_solution_value": -0.03122467977598049, "scaled_age": 0.0}, "93": {"bias": -0.7071067811865475, "objective_cosine_similarity": -0.15510506466220783, "is_tight": 1.0, "dual_solution_value": -0.00010765782967950731, "scaled_age": 0.0}, "94": {"bias": -0.4082482904638631, "objective_cosine_similarity": -0.3083076878761629, "is_tight": 0.0, "dual_solution_value": 0.0, "scaled_age": 0.02857142857142857}, "95": {"bias": -0.3333333333333333, "objective_cosine_similarity": -0.47212839090094616, "is_tight": 0.0, "dual_solution_value": 0.0, "scaled_age": 0.3142857142857143}, "96": {"bias": -0.4472135954999579, "objective_cosine_similarity": -0.28167868992289896, "is_tight": 0.0, "dual_solution_value": 0.0, "scaled_age": 0.3142857142857143}, "97": {"bias": -0.4472135954999579, "objective_cosine_similarity": -0.25645373261637067, "is_tight": 0.0, "dual_solution_value": 0.0, "scaled_age": 0.04285714285714286}, "98": {"bias": -0.5, "objective_cosine_similarity": -0.43400297880385647, "is_tight": 1.0, "dual_solution_value": -0.03754127895548374, "scaled_age": 0.0}, "99": {"bias": -0.4472135954999579, "objective_cosine_similarity": -0.25505234609934135, "is_tight": 0.0, "dual_solution_value": 0.0, "scaled_age": 0.18571428571428572}, "100": {"bias": -0.5, "objective_cosine_similarity": -0.35096269766088034, "is_tight": 0.0, "dual_solution_value": 0.0, "scaled_age": 0.14285714285714285}, "101": {"bias": -0.5, "objective_cosine_similarity": -0.21465129276580627, "is_tight": 0.0, "dual_solution_value": 0.0, "scaled_age": 0.3142857142857143}, "102": {"bias": -0.5, "objective_cosine_similarity": -0.24285365239926987, "is_tight": 0.0, "dual_solution_value": 0.0, "scaled_age": 0.3142857142857143}, "103": {"bias": -0.5773502691896258, "objective_cosine_similarity": -0.1501621237635018, "is_tight": 0.0, "dual_solution_value": 0.0, "scaled_age": 0.3142857142857143}, "104": {"bias": -0.3779644730092272, "objective_cosine_similarity": -0.36952898654459737, "is_tight": 0.0, "dual_solution_value": 0.0, "scaled_age": 0.3142857142857143}, "105": {"bias": -0.3779644730092272, "objective_cosine_similarity": -0.3103095976752709, "is_tight": 0.0, "dual_solution_value": 0.0, "scaled_age": 0.3142857142857143}, "106": {"bias": -0.5, "objective_cosine_similarity": -0.17078095555819622, "is_tight": 0.0, "dual_solution_value": 0.0, "scaled_age": 0.3142857142857143}, "107": {"bias": -0.4472135954999579, "objective_cosine_similarity": -0.45685200455156744, "is_tight": 1.0, "dual_solution_value": -0.04374894168823119, "scaled_age": 0.0}, "108": {"bias": -0.5773502691896258, "objective_cosine_similarity": -0.19177331468591796, "is_tight": 0.0, "dual_solution_value": 0.0, "scaled_age": 0.3142857142857143}, "109": {"bias": -0.4082482904638631, "objective_cosine_similarity": -0.27376699255393716, "is_tight": 0.0, "dual_solution_value": 0.0, "scaled_age": 0.3142857142857143}, "110": {"bias": -1.2671051872498809, "objective_cosine_similarity": -0.8784357817578962, "is_tight": 0.0, "dual_solution_value": -0.0, "scaled_age": 0.014285714285714285}, "111": {"bias": -0.8528028654224417, "objective_cosine_similarity": -0.6794422502753479, "is_tight": 0.0, "dual_solution_value": -0.0, "scaled_age": 0.17142857142857143}, "112": {"bias": -1.3826969482312772, "objective_cosine_similarity": -0.9056089771092684, "is_tight": 1.0, "dual_solution_value": -0.006957521935718511, "scaled_age": 0.0}, "113": {"bias": -1.3339459376998313, "objective_cosine_similarity": -0.848169538228991, "is_tight": 0.0, "dual_solution_value": -0.0, "scaled_age": 0.15714285714285714}, "114": {"bias": -1.3696100933258266, "objective_cosine_similarity": -0.899961180451465, "is_tight": 1.0, "dual_solution_value": -5.659578859126533e-06, "scaled_age": 0.0}, "115": {"bias": -1.386347715447261, "objective_cosine_similarity": -0.9112356898364752, "is_tight": 1.0, "dual_solution_value": -0.008227728059558043, "scaled_age": 0.0}, "116": {"bias": -1.4299823760658312, "objective_cosine_similarity": -0.9049616064885347, "is_tight": 1.0, "dual_solution_value": -0.012218559193459719, "scaled_age": 0.0}, "117": {"bias": -1.3649937014331435, "objective_cosine_similarity": -0.9031294569019749, "is_tight": 1.0, "dual_solution_value": -0.004550933583499038, "scaled_age": 0.0}, "118": {"bias": -1.0, "objective_cosine_similarity": -0.7633438674124147, "is_tight": 1.0, "dual_solution_value": -0.0002771042016893851, "scaled_age": 0.0}, "119": {"bias": -1.01418510567422, "objective_cosine_similarity": -0.7579639467558557, "is_tight": 1.0, "dual_solution_value": -0.00022792448441938707, "scaled_age": 0.0}, "120": {"bias": -1.3416407864998738, "objective_cosine_similarity": -0.8912818248306652, "is_tight": 0.0, "dual_solution_value": -0.0, "scaled_age": 0.04285714285714286}, "121": {"bias": -1.2247448713915892, "objective_cosine_similarity": -0.8650525250699641, "is_tight": 0.0, "dual_solution_value": -0.0, "scaled_age": 0.1}, "122": {"bias": -1.2439326432940938, "objective_cosine_similarity": -0.88799736669033, "is_tight": 0.0, "dual_solution_value": -0.0, "scaled_age": 0.08571428571428572}, "123": {"bias": -1.2362450755382013, "objective_cosine_similarity": -0.8647387862320036, "is_tight": 1.0, "dual_solution_value": -9.271831655370887e-05, "scaled_age": 0.0}, "124": {"bias": -1.329690339275612, "objective_cosine_similarity": -0.9023245634094694, "is_tight": 1.0, "dual_solution_value": -5.248491707935403e-06, "scaled_age": 0.0}, "125": {"bias": -1.3764944032233704, "objective_cosine_similarity": -0.904551036306254, "is_tight": 1.0, "dual_solution_value": -2.6549425532852244e-05, "scaled_age": 0.0}, "126": {"bias": -1.3773933873639757, "objective_cosine_similarity": -0.9066622730672902, "is_tight": 0.0, "dual_solution_value": -0.0, "scaled_age": 0.04285714285714286}, "127": {"bias": -1.3894028688052606, "objective_cosine_similarity": -0.9244361274763647, "is_tight": 1.0, "dual_solution_value": -4.632849862690724e-06, "scaled_age": 0.0}, "128": {"bias": -1.295685477471693, "objective_cosine_similarity": -0.9175948493886519, "is_tight": 1.0, "dual_solution_value": -5.840030360084295e-06, "scaled_age": 0.0}, "129": {"bias": -1.3529986899113324, "objective_cosine_similarity": -0.9145619331742166, "is_tight": 1.0, "dual_solution_value": -7.268531706399356e-05, "scaled_age": 0.0}}