{"0": {"bias": -0.8268106308031118, "objective_cosine_similarity": -0.9553040114299853, "is_tight": 0.0, "dual_solution_value": -0.0, "scaled_age": 0.10101010101010101}, "1": {"bias": -0.7514691493021795, "objective_cosine_similarity": -0.9646573658069605, "is_tight": 1.0, "dual_solution_value": -2.871008965334051e-06, "scaled_age": 0.0}, "2": {"bias": -0.7427813527082074, "objective_cosine_similarity": -0.9345700339863835, "is_tight": 0.0, "dual_solution_value": -0.0, "scaled_age": 0.030303030303030304}, "3": {"bias": -0.7960297521679913, "objective_cosine_similarity": -0.9319939324574538, "is_tight": 0.0, "dual_solution_value": -0.0, "scaled_age": 0.04040404040404041}, "4": {"bias": -0.7427813527082074, "objective_cosine_similarity": -0.9535048827212741, "is_tight": 0.0, "dual_solution_value": -0.0, "scaled_age": 0.09090909090909091}, "5": {"bias": -0.8322628605961695, "objective_cosine_similarity": -0.9879364341701087, "is_tight": 0.0, "dual_solution_value": -0.0, "scaled_age": 0.030303030303030304}, "6": {"bias": -0.8269854975709139, "objective_cosine_similarity": -0.9893183742239321, "is_tight": 0.0, "dual_solution_value": -0.0, "scaled_age": 0.030303030303030304}, "7": {"bias": -0.7971462375224291, "objective_cosine_similarity": -0.985458649331402, "is_tight": 1.0, "dual_solution_value": -3.355781025098381e-11, "scaled_age": 0.0}, "8": {"bias": -0.8449261121262418, "objective_cosine_similarity": -0.9790077026939599, "is_tight": 0.0, "dual_solution_value": -0.0, "scaled_age": 0.12121212121212122}, "9": {"bias": -0.8603090020146066, "objective_cosine_similarity": -0.9649570676441862, "is_tight": 0.0, "dual_solution_value": -0.0, "scaled_age": 0.09090909090909091}, "10": {"bias": -0.828076023437864, "objective_cosine_similarity": -0.9650654839194772, "is_tight": 0.0, "dual_solution_value": -0.0, "scaled_age": 0.08080808080808081}, "11": {"bias": -0.7985822277276369, "objective_cosine_similarity": -0.9328960695729511, "is_tight": 0.0, "dual_solution_value": -0.0, "scaled_age": 0.12121212121212122}, "12": {"bias": -0.7071067811865475, "objective_cosine_similarity": -0.6952669316941211, "is_tight": 1.0, "dual_solution_value": -0.0028001749798188744, "scaled_age": 0.0}, "13": {"bias": -0.8423804857365579, "objective_cosine_similarity": -0.9686059850174316, "is_tight": 0.0, "dual_solution_value": -0.0, "scaled_age": 0.020202020202020204}, "14": {"bias": -0.8114408259335794, "objective_cosine_similarity": -0.9620050721127142, "is_tight": 0.0, "dual_solution_value": -0.0, "scaled_age": 0.13131313131313133}, "15": {"bias": -0.8629489272626915, "objective_cosine_similarity": -0.9912630774205452, "is_tight": 1.0, "dual_solution_value": -3.0416179447884603e-06, "scaled_age": 0.0}, "16": {"bias": -0.8671099695241199, "objective_cosine_similarity": -0.9681644631655445, "is_tight": 0.0, "dual_solution_value": -0.0, "scaled_age": 0.010101010101010102}, "17": {"bias": -0.8275862068965517, "objective_cosine_similarity": -0.9757213961160183, "is_tight": 0.0, "dual_solution_value": -0.0, "scaled_age": 0.13131313131313133}, "18": {"bias": -0.8164965809277261, "objective_cosine_similarity": -0.9611600506902113, "is_tight": 1.0, "dual_solution_value": -1.1139070080067918e-05, "scaled_age": 0.0}, "19": {"bias": -0.8032193289024988, "objective_cosine_similarity": -0.9664446743119459, "is_tight": 1.0, "dual_solution_value": -0.00027175236050373575, "scaled_age": 0.0}, "20": {"bias": -0.8359621412852867, "objective_cosine_similarity": -0.9913995473675823, "is_tight": 1.0, "dual_solution_value": -0.006317989516426382, "scaled_age": 0.0}, "21": {"bias": -0.8362336872081433, "objective_cosine_similarity": -0.9909682832053569, "is_tight": 0.0, "dual_solution_value": 0.0, "scaled_age": 0.010101010101010102}, "22": {"bias": -0.8260511188133977, "objective_cosine_similarity": -0.9881194364996656, "is_tight": 1.0, "dual_solution_value": -0.004312333914378369, "scaled_age": 0.0}, "23": {"bias": -0.7907473372353262, "objective_cosine_similarity": -0.9625308916545198, "is_tight": 0.0, "dual_solution_value": 0.0, "scaled_age": 0.13131313131313133}, "24": {"bias": -0.8582874641383558, "objective_cosine_similarity": -0.9733705950561707, "is_tight": 0.0, "dual_solution_value": 0.0, "scaled_age": 0.050505050505050504}, "25": {"bias": -0.8268517054166288, "objective_cosine_similarity": -0.9906822854152008, "is_tight": 0.0, "dual_solution_value": 0.0, "scaled_age": 0.010101010101010102}, "26": {"bias": -0.8389021374704492, "objective_cosine_similarity": -0.9921211995471804, "is_tight": 1.0, "dual_solution_value": -0.02503991735354101, "scaled_age": 0.0}, "27": {"bias": -0.8064173541965346, "objective_cosine_similarity": -0.9699798422007765, "is_tight": 1.0, "dual_solution_value": -0.0035051555588988276, "scaled_age": 0.0}, "28": {"bias": -0.4082482904638631, "objective_cosine_similarity": -0.3984391238746738, "is_tight": 0.0, "dual_solution_value": 0.0, "scaled_age": 0.18181818181818182}, "29": {"bias": -0.3779644730092272, "objective_cosine_similarity": -0.3083200771262769, "is_tight": 0.0, "dual_solution_value": 0.0, "scaled_age": 0.18181818181818182}, "30": {"bias": -0.4472135954999579, "objective_cosine_similarity": -0.25406357437645993, "is_tight": 0.0, "dual_solution_value": 0.0, "scaled_age": 0.18181818181818182}, "31": {"bias": -0.4082482904638631, "objective_cosine_similarity": -0.38059856608924064, "is_tight": 0.0, "dual_solution_value": 0.0, "scaled_age": 0.18181818181818182}, "32": {"bias": -0.4472135954999579, "objective_cosine_similarity": -0.25080634906394117, "is_tight": 0.0, "dual_solution_value": 0.0, "scaled_age": 0.08080808080808081}, "33": {"bias": -0.4082482904638631, "objective_cosine_similarity": -0.3627580083038075, "is_tight": 0.0, "dual_solution_value": 0.0, "scaled_age": 0.18181818181818182}, "34": {"bias": -0.4082482904638631, "objective_cosine_similarity": -0.4133062553625348, "is_tight": 0.0, "dual_solution_value": 0.0, "scaled_age": 0.18181818181818182}, "35": {"bias": -0.5, "objective_cosine_similarity": -0.17115936459538392, "is_tight": 0.0, "dual_solution_value": 0.0, "scaled_age": 0.18181818181818182}, "36": {"bias": -0.3779644730092272, "objective_cosine_similarity": -0.5423129928024693, "is_tight": 0.0, "dual_solution_value": 0.0, "scaled_age": 0.18181818181818182}, "37": {"bias": -0.4082482904638631, "objective_cosine_similarity": -0.386545418684385, "is_tight": 0.0, "dual_solution_value": 0.0, "scaled_age": 0.050505050505050504}, "38": {"bias": -0.35355339059327373, "objective_cosine_similarity": -0.4995621657357759, "is_tight": 0.0, "dual_solution_value": 0.0, "scaled_age": 0.18181818181818182}, "39": {"bias": -0.4472135954999579, "objective_cosine_similarity": -0.4234392906274332, "is_tight": 0.0, "dual_solution_value": 0.0, "scaled_age": 0.18181818181818182}, "40": {"bias": -0.4472135954999579, "objective_cosine_similarity": -0.5113843740654386, "is_tight": 1.0, "dual_solution_value": -0.01603676734941565, "scaled_age": 0.0}, "41": {"bias": -0.5773502691896258, "objective_cosine_similarity": -0.2817390063818087, "is_tight": 1.0, "dual_solution_value": -0.0007083880432380326, "scaled_age": 0.0}, "42": {"bias": -0.4472135954999579, "objective_cosine_similarity": -0.4234392906274332, "is_tight": 0.0, "dual_solution_value": 0.0, "scaled_age": 0.18181818181818182}, "43": {"bias": -0.31622776601683794, "objective_cosine_similarity": -0.2994167938234793, "is_tight": 0.0, "dual_solution_value": 0.0, "scaled_age": 0.18181818181818182}, "44": {"bias": -0.3779644730092272, "objective_cosine_similarity": -0.5257958458135615, "is_tight": 1.0, "dual_solution_value": -1.1624324209239436e-05, "scaled_age": 0.0}, "45": {"bias": -0.4472135954999579, "objective_cosine_similarity": -0.39738148812728347, "is_tight": 1.0, "dual_solution_value": -0.01248525129107438, "scaled_age": 0.0}, "46": {"bias": -0.5, "objective_cosine_similarity": -0.27312664563093175, "is_tight": 0.0, "dual_solution_value": 0.0, "scaled_age": 0.18181818181818182}, "47": {"bias": -0.4472135954999579, "objective_cosine_similarity": -0.3941242628147647, "is_tight": 0.0, "dual_solution_value": 0.0, "scaled_age": 0.050505050505050504}, "48": {"bias": -0.4082482904638631, "objective_cosine_similarity": -0.23787410380577542, "is_tight": 0.0, "dual_solution_value": 0.0, "scaled_age": 0.18181818181818182}, "49": {"bias": -0.5, "objective_cosine_similarity": -0.1857261190290336, "is_tight": 0.0, "dual_solution_value": 0.0, "scaled_age": 0.18181818181818182}, "50": {"bias": -0.3779644730092272, "objective_cosine_similarity": -0.7460244723323308, "is_tight": 0.0, "dual_solution_value": 0.0, "scaled_age": 0.0707070707070707}, "51": {"bias": -0.3779644730092272, "objective_cosine_similarity": -0.3771415229133923, "is_tight": 0.0, "dual_solution_value": 0.0, "scaled_age": 0.18181818181818182}, "52": {"bias": -0.3779644730092272, "objective_cosine_similarity": -0.34961294459854614, "is_tight": 0.0, "dual_solution_value": 0.0, "scaled_age": 0.18181818181818182}, "53": {"bias": -0.5773502691896258, "objective_cosine_similarity": -0.17661251146322335, "is_tight": 0.0, "dual_solution_value": 0.0, "scaled_age": 0.18181818181818182}, "54": {"bias": -0.4082482904638631, "objective_cosine_similarity": -0.4341202394455401, "is_tight": 0.0, "dual_solution_value": 0.0, "scaled_age": 0.18181818181818182}, "55": {"bias": -0.3779644730092272, "objective_cosine_similarity": -0.48725583617277696, "is_tight": 0.0, "dual_solution_value": 0.0, "scaled_age": 0.18181818181818182}, "56": {"bias": -0.4472135954999579, "objective_cosine_similarity": -0.34200865781446527, "is_tight": 0.0, "dual_solution_value": 0.0, "scaled_age": 0.18181818181818182}, "57": {"bias": -0.35355339059327373, "objective_cosine_similarity": -0.6154399876847961, "is_tight": 0.0, "dual_solution_value": 0.0, "scaled_age": 0.18181818181818182}, "58": {"bias": -0.5773502691896258, "objective_cosine_similarity": -0.315379484755756, "is_tight": 0.0, "dual_solution_value": 0.0, "scaled_age": 0.10101010101010101}, "59": {"bias": -0.4472135954999579, "objective_cosine_similarity": -0.3126936300017968, "is_tight": 0.0, "dual_solution_value": 0.0, "scaled_age": 0.18181818181818182}, "60": {"bias": -0.30151134457776363, "objective_cosine_similarity": -0.4897126512697559, "is_tight": 0.0, "dual_solution_value": 0.0, "scaled_age": 0.18181818181818182}, "61": {"bias": -0.4472135954999579, "objective_cosine_similarity": -0.32246530593935296, "is_tight": 0.0, "dual_solution_value": 0.0, "scaled_age": 0.18181818181818182}, "62": {"bias": -0.4082482904638631, "objective_cosine_similarity": -0.5054824705872727, "is_tight": 1.0, "dual_solution_value": -0.00017670623075118, "scaled_age": 0.0}, "63": {"bias": -0.4472135954999579, "objective_cosine_similarity": -0.3713236856271337, "is_tight": 0.0, "dual_solution_value": 0.0, "scaled_age": 0.18181818181818182}, "64": {"bias": -0.4472135954999579, "objective_cosine_similarity": -0.28337860218912836, "is_tight": 0.0, "dual_solution_value": 0.0, "scaled_age": 0.18181818181818182}, "65": {"bias": -0.4472135954999579, "objective_cosine_similarity": -0.5211560500029947, "is_tight": 0.0, "dual_solution_value": 0.0, "scaled_age": 0.1414141414141414}, "66": {"bias": -0.4472135954999579, "objective_cosine_similarity": -0.504869923440401, "is_tight": 0.0, "dual_solution_value": 0.0, "scaled_age": 0.18181818181818182}, "67": {"bias": -0.31622776601683794, "objective_cosine_similarity": -0.44451877852255, "is_tight": 0.0, "dual_solution_value": 0.0, "scaled_age": 0.18181818181818182}, "68": {"bias": -0.5773502691896258, "objective_cosine_similarity": -0.1555872124795063, "is_tight": 0.0, "dual_solution_value": 0.0, "scaled_age": 0.18181818181818182}, "69": {"bias": -0.4082482904638631, "objective_cosine_similarity": -0.2824754982693583, "is_tight": 0.0, "dual_solution_value": 0.0, "scaled_age": 0.18181818181818182}, "70": {"bias": -0.4472135954999579, "objective_cosine_similarity": -0.3322369818769091, "is_tight": 0.0, "dual_solution_value": 0.0, "scaled_age": 0.1111111111111111}, "71": {"bias": -0.4082482904638631, "objective_cosine_similarity": -0.42519996055282355, "is_tight": 0.0, "dual_solution_value": 0.0, "scaled_age": 0.18181818181818182}, "72": {"bias": -0.5, "objective_cosine_similarity": -0.4151525013590163, "is_tight": 1.0, "dual_solution_value": -9.988071982968082e-06, "scaled_age": 0.0}, "73": {"bias": -0.3779644730092272, "objective_cosine_similarity": -0.42118724821714615, "is_tight": 0.0, "dual_solution_value": 0.0, "scaled_age": 0.18181818181818182}, "74": {"bias": -0.4082482904638631, "objective_cosine_similarity": -0.40141255017224603, "is_tight": 0.0, "dual_solution_value": 0.0, "scaled_age": 0.18181818181818182}, "75": {"bias": -0.4472135954999579, "objective_cosine_similarity": -0.27686415156409094, "is_tight": 0.0, "dual_solution_value": 0.0, "scaled_age": 0.18181818181818182}, "76": {"bias": -0.3779644730092272, "objective_cosine_similarity": -0.39365866990230003, "is_tight": 0.0, "dual_solution_value": 0.0, "scaled_age": 0.18181818181818182}, "77": {"bias": -0.3779644730092272, "objective_cosine_similarity": -0.43770439520605386, "is_tight": 0.0, "dual_solution_value": 0.0, "scaled_age": 0.18181818181818182}, "78": {"bias": -0.4472135954999579, "objective_cosine_similarity": -0.39738148812728347, "is_tight": 0.0, "dual_solution_value": 0.0, "scaled_age": 0.18181818181818182}, "79": {"bias": -0.5, "objective_cosine_similarity": -0.18936780763744604, "is_tight": 0.0, "dual_solution_value": 0.0, "scaled_age": 0.10101010101010101}, "80": {"bias": -0.4082482904638631, "objective_cosine_similarity": -0.45493422352854546, "is_tight": 0.0, "dual_solution_value": 0.0, "scaled_age": 0.18181818181818182}, "81": {"bias": -0.3779644730092272, "objective_cosine_similarity": -0.5478187084654385, "is_tight": 0.0, "dual_solution_value": 0.0, "scaled_age": 0.18181818181818182}, "82": {"bias": -0.5, "objective_cosine_similarity": -0.33503535197394296, "is_tight": 0.0, "dual_solution_value": 0.0, "scaled_age": 0.18181818181818182}, "83": {"bias": -0.3779644730092272, "objective_cosine_similarity": -0.41568153255417695, "is_tight": 0.0, "dual_solution_value": 0.0, "scaled_age": 0.18181818181818182}, "84": {"bias": -0.4472135954999579, "objective_cosine_similarity": -0.25080634906394117, "is_tight": 0.0, "dual_solution_value": 0.0, "scaled_age": 0.18181818181818182}, "85": {"bias": -0.3779644730092272, "objective_cosine_similarity": -0.4624801156894154, "is_tight": 0.0, "dual_solution_value": 0.0, "scaled_age": 0.18181818181818182}, "86": {"bias": -0.5, "objective_cosine_similarity": -0.38966068110012936, "is_tight": 0.0, "dual_solution_value": 0.0, "scaled_age": 0.18181818181818182}, "87": {"bias": -0.4082482904638631, "objective_cosine_similarity": -0.45790764982611765, "is_tight": 0.0, "dual_solution_value": 0.0, "scaled_age": 0.18181818181818182}, "88": {"bias": -0.4082482904638631, "objective_cosine_similarity": -0.3568111557086631, "is_tight": 0.0, "dual_solution_value": 0.0, "scaled_age": 0.18181818181818182}, "89": {"bias": -0.31622776601683794, "objective_cosine_similarity": -0.4353059540972122, "is_tight": 0.0, "dual_solution_value": 0.0, "scaled_age": 0.18181818181818182}, "90": {"bias": -0.4082482904638631, "objective_cosine_similarity": -0.26463494048392516, "is_tight": 0.0, "dual_solution_value": 0.0, "scaled_age": 0.18181818181818182}, "91": {"bias": -0.35355339059327373, "objective_cosine_similarity": -0.4171601590164727, "is_tight": 0.0, "dual_solution_value": 0.0, "scaled_age": 0.18181818181818182}, "92": {"bias": -0.4472135954999579, "objective_cosine_similarity": -0.3126936300017968, "is_tight": 0.0, "dual_solution_value": 0.0, "scaled_age": 0.04040404040404041}, "93": {"bias": -0.4472135954999579, "objective_cosine_similarity": -0.2117196453137166, "is_tight": 0.0, "dual_solution_value": 0.0, "scaled_age": 0.18181818181818182}, "94": {"bias": -0.3333333333333333, "objective_cosine_similarity": -0.5341143292338221, "is_tight": 0.0, "dual_solution_value": 0.0, "scaled_age": 0.18181818181818182}, "95": {"bias": -0.5773502691896258, "objective_cosine_similarity": -0.17661251146322335, "is_tight": 0.0, "dual_solution_value": 0.0, "scaled_age": 0.10101010101010101}, "96": {"bias": -0.4082482904638631, "objective_cosine_similarity": -0.38357199238681283, "is_tight": 0.0, "dual_solution_value": 0.0, "scaled_age": 0.18181818181818182}, "97": {"bias": -0.3333333333333333, "objective_cosine_similarity": -0.3714522380580672, "is_tight": 0.0, "dual_solution_value": 0.0, "scaled_age": 0.18181818181818182}, "98": {"bias": -0.4082482904638631, "objective_cosine_similarity": -0.42222653425525136, "is_tight": 0.0, "dual_solution_value": 0.0, "scaled_age": 0.18181818181818182}, "99": {"bias": -0.31622776601683794, "objective_cosine_similarity": -0.393848244183192, "is_tight": 0.0, "dual_solution_value": 0.0, "scaled_age": 0.18181818181818182}, "100": {"bias": -0.31622776601683794, "objective_cosine_similarity": -0.4790668701175669, "is_tight": 0.0, "dual_solution_value": 0.0, "scaled_age": 0.18181818181818182}, "101": {"bias": -0.3779644730092272, "objective_cosine_similarity": -0.4266929638801154, "is_tight": 0.0, "dual_solution_value": 0.0, "scaled_age": 0.18181818181818182}, "102": {"bias": -0.4472135954999579, "objective_cosine_similarity": -0.345265883126984, "is_tight": 0.0, "dual_solution_value": 0.0, "scaled_age": 0.18181818181818182}, "103": {"bias": -0.31622776601683794, "objective_cosine_similarity": -0.4376091602035466, "is_tight": 0.0, "dual_solution_value": 0.0, "scaled_age": 0.18181818181818182}, "104": {"bias": -0.5773502691896258, "objective_cosine_similarity": -0.11774167430881557, "is_tight": 0.0, "dual_solution_value": 0.0, "scaled_age": 0.18181818181818182}, "105": {"bias": -0.4082482904638631, "objective_cosine_similarity": -0.42222653425525136, "is_tight": 0.0, "dual_solution_value": 0.0, "scaled_age": 0.18181818181818182}, "106": {"bias": -0.5, "objective_cosine_similarity": -0.5644617343039257, "is_tight": 1.0, "dual_solution_value": -0.010311498714673066, "scaled_age": 0.0}, "107": {"bias": -0.3779644730092272, "objective_cosine_similarity": -0.47073868918386924, "is_tight": 0.0, "dual_solution_value": 0.0, "scaled_age": 0.18181818181818182}, "108": {"bias": -0.4082482904638631, "objective_cosine_similarity": -0.710648885119754, "is_tight": 1.0, "dual_solution_value": -0.00033603915755132106, "scaled_age": 0.0}, "109": {"bias": -0.4082482904638631, "objective_cosine_similarity": -0.4341202394455401, "is_tight": 0.0, "dual_solution_value": 0.0, "scaled_age": 0.18181818181818182}, "110": {"bias": -0.4082482904638631, "objective_cosine_similarity": -0.37167828719652407, "is_tight": 0.0, "dual_solution_value": 0.0, "scaled_age": 0.18181818181818182}, "111": {"bias": -0.4082482904638631, "objective_cosine_similarity": -0.25274123529363635, "is_tight": 0.0, "dual_solution_value": 0.0, "scaled_age": 0.18181818181818182}, "112": {"bias": -0.5773502691896258, "objective_cosine_similarity": -0.20184287024368383, "is_tight": 1.0, "dual_solution_value": -0.029435418577203894, "scaled_age": 0.0}, "113": {"bias": -0.4472135954999579, "objective_cosine_similarity": -0.25080634906394117, "is_tight": 0.0, "dual_solution_value": 0.0, "scaled_age": 0.18181818181818182}, "114": {"bias": -0.4472135954999579, "objective_cosine_similarity": -0.29966472875172195, "is_tight": 1.0, "dual_solution_value": -2.8330393188388354e-05, "scaled_age": 0.0}, "115": {"bias": -0.4472135954999579, "objective_cosine_similarity": -0.4429826425025455, "is_tight": 0.0, "dual_solution_value": 0.0, "scaled_age": 0.18181818181818182}, "116": {"bias": -0.5, "objective_cosine_similarity": -0.2002928734626833, "is_tight": 0.0, "dual_solution_value": 0.0, "scaled_age": 0.18181818181818182}, "117": {"bias": -0.4082482904638631, "objective_cosine_similarity": -0.3330237453280856, "is_tight": 0.0, "dual_solution_value": 0.0, "scaled_age": 0.18181818181818182}, "118": {"bias": -0.3779644730092272, "objective_cosine_similarity": -0.4459629687005077, "is_tight": 0.0, "dual_solution_value": 0.0, "scaled_age": 0.18181818181818182}, "119": {"bias": -0.4082482904638631, "objective_cosine_similarity": -0.5054824705872727, "is_tight": 0.0, "dual_solution_value": 0.0, "scaled_age": 0.18181818181818182}, "120": {"bias": -0.4472135954999579, "objective_cosine_similarity": -0.5960722321909252, "is_tight": 1.0, "dual_solution_value": -0.0077842500671698265, "scaled_age": 0.0}, "121": {"bias": -0.3779644730092272, "objective_cosine_similarity": -0.4101758168912077, "is_tight": 0.0, "dual_solution_value": 0.0, "scaled_age": 0.18181818181818182}, "122": {"bias": -0.4472135954999579, "objective_cosine_similarity": -0.436468191877508, "is_tight": 0.0, "dual_solution_value": 0.0, "scaled_age": 0.18181818181818182}, "123": {"bias": -0.8388586094421193, "objective_cosine_similarity": -0.9915213861674548, "is_tight": 1.0, "dual_solution_value": -0.0024707701385688354, "scaled_age": 0.0}, "124": {"bias": -0.8051957830010386, "objective_cosine_similarity": -0.9847743327571794, "is_tight": 0.0, "dual_solution_value": -0.0, "scaled_age": 0.1111111111111111}, "125": {"bias": -0.8469292548481763, "objective_cosine_similarity": -0.9921730010074611, "is_tight": 0.0, "dual_solution_value": -0.0, "scaled_age": 0.0707070707070707}, "126": {"bias": -0.8461538461538461, "objective_cosine_similarity": -0.9826956644854448, "is_tight": 0.0, "dual_solution_value": -0.0, "scaled_age": 0.030303030303030304}, "127": {"bias": -0.8305395344999218, "objective_cosine_similarity": -0.9697225073270007, "is_tight": 0.0, "dual_solution_value": -0.0, "scaled_age": 0.0707070707070707}, "128": {"bias": -0.8344442871792771, "objective_cosine_similarity": -0.9919577614889115, "is_tight": 1.0, "dual_solution_value": -0.04919336337212887, "scaled_age": 0.0}, "129": {"bias": -0.6030226891555273, "objective_cosine_similarity": -0.7839794462031517, "is_tight": 0.0, "dual_solution_value": -0.0, "scaled_age": 0.10101010101010101}, "130": {"bias": -0.8809358116183136, "objective_cosine_similarity": -0.9870235596165556, "is_tight": 0.0, "dual_solution_value": -0.0, "scaled_age": 0.050505050505050504}, "131": {"bias": -0.8531694889144744, "objective_cosine_similarity": -0.987883793623323, "is_tight": 0.0, "dual_solution_value": -0.0, "scaled_age": 0.0707070707070707}, "132": {"bias": -0.8660254037844386, "objective_cosine_similarity": -0.9636595367536988, "is_tight": 0.0, "dual_solution_value": -0.0, "scaled_age": 0.0707070707070707}, "133": {"bias": -0.8552660717669854, "objective_cosine_similarity": -0.9920936323882377, "is_tight": 1.0, "dual_solution_value": -0.020354572186364047, "scaled_age": 0.0}, "134": {"bias": -0.849422737711778, "objective_cosine_similarity": -0.9874787583653729, "is_tight": 0.0, "dual_solution_value": -0.0, "scaled_age": 0.04040404040404041}, "135": {"bias": -0.8751535819910711, "objective_cosine_similarity": -0.9834000519026075, "is_tight": 0.0, "dual_solution_value": -0.0, "scaled_age": 0.010101010101010102}, "136": {"bias": -0.8325063747811905, "objective_cosine_similarity": -0.9859411457479396, "is_tight": 0.0, "dual_solution_value": -0.0, "scaled_age": 0.020202020202020204}, "137": {"bias": -0.8384999029665696, "objective_cosine_similarity": -0.9851533576373186, "is_tight": 1.0, "dual_solution_value": -1.0887987475300242e-05, "scaled_age": 0.0}, "138": {"bias": -0.8550985795463741, "objective_cosine_similarity": -0.9863315396686604, "is_tight": 0.0, "dual_solution_value": -0.0, "scaled_age": 0.010101010101010102}, "139": {"bias": -0.8550664925338676, "objective_cosine_similarity": -0.9877719086925514, "is_tight": 1.0, "dual_solution_value": -2.6133893781747493e-06, "scaled_age": 0.0}}