{"0": {"bias": -0.9139256619697995, "objective_cosine_similarity": -0.9664023307763698, "is_tight": 1.0, "dual_solution_value": -1.2677457896916949e-06, "scaled_age": 0.0}, "1": {"bias": -0.6030226891555273, "objective_cosine_similarity": -0.563759629039493, "is_tight": 1.0, "dual_solution_value": -1.721036077233959e-05, "scaled_age": 0.0}, "2": {"bias": -0.8997354108424374, "objective_cosine_similarity": -0.9533504323132969, "is_tight": 0.0, "dual_solution_value": -0.0, "scaled_age": 0.09375}, "3": {"bias": -0.6666666666666666, "objective_cosine_similarity": -0.8111943949815694, "is_tight": 0.0, "dual_solution_value": -0.0, "scaled_age": 0.010416666666666666}, "4": {"bias": -0.5773502691896257, "objective_cosine_similarity": -0.6865352535934635, "is_tight": 0.0, "dual_solution_value": -0.0, "scaled_age": 0.08333333333333333}, "5": {"bias": -0.8875095057943944, "objective_cosine_similarity": -0.9002650526854172, "is_tight": 0.0, "dual_solution_value": -0.0, "scaled_age": 0.11458333333333333}, "6": {"bias": -0.7216878364870323, "objective_cosine_similarity": -0.7830052935380621, "is_tight": 0.0, "dual_solution_value": -0.0, "scaled_age": 0.052083333333333336}, "7": {"bias": -0.9403434035891522, "objective_cosine_similarity": -0.9833070617490519, "is_tight": 1.0, "dual_solution_value": -2.5141863033426278e-05, "scaled_age": 0.0}, "8": {"bias": -0.9338450707691552, "objective_cosine_similarity": -0.9794599784022581, "is_tight": 0.0, "dual_solution_value": -0.0, "scaled_age": 0.09375}, "9": {"bias": -0.9214785982417301, "objective_cosine_similarity": -0.9717420313006117, "is_tight": 0.0, "dual_solution_value": -0.0, "scaled_age": 0.041666666666666664}, "10": {"bias": -0.9363671278853056, "objective_cosine_similarity": -0.9744878125368767, "is_tight": 0.0, "dual_solution_value": -0.0, "scaled_age": 0.010416666666666666}, "11": {"bias": -0.9525793444156804, "objective_cosine_similarity": -0.9807653394251039, "is_tight": 1.0, "dual_solution_value": -0.00020351904656306684, "scaled_age": 0.0}, "12": {"bias": -0.9099891368727216, "objective_cosine_similarity": -0.9580694834753344, "is_tight": 0.0, "dual_solution_value": -0.0, "scaled_age": 0.09375}, "13": {"bias": -0.9340171283610599, "objective_cosine_similarity": -0.9811258351576919, "is_tight": 1.0, "dual_solution_value": -0.0005110727039555767, "scaled_age": 0.0}, "14": {"bias": -0.9404698392096393, "objective_cosine_similarity": -0.9768179103477214, "is_tight": 0.0, "dual_solution_value": 0.0, "scaled_age": 0.11458333333333333}, "15": {"bias": -0.9311410572352993, "objective_cosine_similarity": -0.9803066513085564, "is_tight": 1.0, "dual_solution_value": -0.00012901638746893714, "scaled_age": 0.0}, "16": {"bias": -0.9361697420553212, "objective_cosine_similarity": -0.9798948132881946, "is_tight": 0.0, "dual_solution_value": 0.0, "scaled_age": 0.11458333333333333}, "17": {"bias": -0.2886751345948129, "objective_cosine_similarity": -0.484125721930563, "is_tight": 0.0, "dual_solution_value": 0.0, "scaled_age": 0.19791666666666666}, "18": {"bias": -0.30151134457776363, "objective_cosine_similarity": -0.40180236718823514, "is_tight": 0.0, "dual_solution_value": 0.0, "scaled_age": 0.19791666666666666}, "19": {"bias": -0.3779644730092272, "objective_cosine_similarity": -0.20922338350957942, "is_tight": 0.0, "dual_solution_value": 0.0, "scaled_age": 0.19791666666666666}, "20": {"bias": -0.30151134457776363, "objective_cosine_similarity": -0.44136444641907674, "is_tight": 0.0, "dual_solution_value": 0.0, "scaled_age": 0.19791666666666666}, "21": {"bias": -0.31622776601683794, "objective_cosine_similarity": -0.36306426405650855, "is_tight": 0.0, "dual_solution_value": 0.0, "scaled_age": 0.19791666666666666}, "22": {"bias": -0.3333333333333333, "objective_cosine_similarity": -0.3375990152661292, "is_tight": 0.0, "dual_solution_value": 0.0, "scaled_age": 0.19791666666666666}, "23": {"bias": -0.4082482904638631, "objective_cosine_similarity": -0.3364696565560427, "is_tight": 0.0, "dual_solution_value": 0.0, "scaled_age": 0.03125}, "24": {"bias": -0.35355339059327373, "objective_cosine_similarity": -0.295740393615683, "is_tight": 0.0, "dual_solution_value": 0.0, "scaled_age": 0.0625}, "25": {"bias": -0.4082482904638631, "objective_cosine_similarity": -0.3197298726477819, "is_tight": 1.0, "dual_solution_value": -0.006442690285671777, "scaled_age": 0.0}, "26": {"bias": -0.3333333333333333, "objective_cosine_similarity": -0.3239310389395652, "is_tight": 0.0, "dual_solution_value": 0.0, "scaled_age": 0.19791666666666666}, "27": {"bias": -0.4472135954999579, "objective_cosine_similarity": -0.20538016249668842, "is_tight": 0.0, "dual_solution_value": 0.0, "scaled_age": 0.19791666666666666}, "28": {"bias": -0.4082482904638631, "objective_cosine_similarity": -0.2494227802330864, "is_tight": 0.0, "dual_solution_value": 0.0, "scaled_age": 0.19791666666666666}, "29": {"bias": -0.5, "objective_cosine_similarity": -0.2870275028578426, "is_tight": 1.0, "dual_solution_value": -0.010581798819444398, "scaled_age": 0.0}, "30": {"bias": -0.2672612419124244, "objective_cosine_similarity": -0.3945153953664461, "is_tight": 0.0, "dual_solution_value": 0.0, "scaled_age": 0.19791666666666666}, "31": {"bias": -0.5, "objective_cosine_similarity": -0.28292710995987347, "is_tight": 0.0, "dual_solution_value": 0.0, "scaled_age": 0.19791666666666666}, "32": {"bias": -0.2581988897471611, "objective_cosine_similarity": -0.41395830546906964, "is_tight": 0.0, "dual_solution_value": 0.0, "scaled_age": 0.19791666666666666}, "33": {"bias": -0.2773500981126146, "objective_cosine_similarity": -0.36505544358919845, "is_tight": 0.0, "dual_solution_value": 0.0, "scaled_age": 0.19791666666666666}, "34": {"bias": -0.31622776601683794, "objective_cosine_similarity": -0.4175239036649848, "is_tight": 0.0, "dual_solution_value": 0.0, "scaled_age": 0.15625}, "35": {"bias": -0.31622776601683794, "objective_cosine_similarity": -0.3591742897987602, "is_tight": 0.0, "dual_solution_value": 0.0, "scaled_age": 0.19791666666666666}, "36": {"bias": -0.4082482904638631, "objective_cosine_similarity": -0.30801202391199933, "is_tight": 0.0, "dual_solution_value": 0.0, "scaled_age": 0.19791666666666666}, "37": {"bias": -0.4082482904638631, "objective_cosine_similarity": -0.3314477213835645, "is_tight": 1.0, "dual_solution_value": -1.3482442041639524e-05, "scaled_age": 0.0}, "38": {"bias": -0.3779644730092272, "objective_cosine_similarity": -0.28826332839097607, "is_tight": 1.0, "dual_solution_value": -6.05526361712963e-06, "scaled_age": 0.0}, "39": {"bias": -0.3333333333333333, "objective_cosine_similarity": -0.4086724921642616, "is_tight": 0.0, "dual_solution_value": 0.0, "scaled_age": 0.09375}, "40": {"bias": -0.2886751345948129, "objective_cosine_similarity": -0.4202069224580681, "is_tight": 0.0, "dual_solution_value": 0.0, "scaled_age": 0.19791666666666666}, "41": {"bias": -0.2886751345948129, "objective_cosine_similarity": -0.4450642333640384, "is_tight": 0.0, "dual_solution_value": 0.0, "scaled_age": 0.19791666666666666}, "42": {"bias": -0.31622776601683794, "objective_cosine_similarity": -0.33972441851001867, "is_tight": 0.0, "dual_solution_value": 0.0, "scaled_age": 0.19791666666666666}, "43": {"bias": -0.35355339059327373, "objective_cosine_similarity": -0.39577023263275224, "is_tight": 0.0, "dual_solution_value": 0.0, "scaled_age": 0.03125}, "44": {"bias": -0.35355339059327373, "objective_cosine_similarity": -0.2507994514485939, "is_tight": 0.0, "dual_solution_value": 0.0, "scaled_age": 0.19791666666666666}, "45": {"bias": -0.4472135954999579, "objective_cosine_similarity": -0.4144278278951034, "is_tight": 1.0, "dual_solution_value": -0.027828308940606075, "scaled_age": 0.0}, "46": {"bias": -0.35355339059327373, "objective_cosine_similarity": -0.33488250453540575, "is_tight": 0.0, "dual_solution_value": 0.0, "scaled_age": 0.19791666666666666}, "47": {"bias": -0.4472135954999579, "objective_cosine_similarity": -0.4144278278951034, "is_tight": 1.0, "dual_solution_value": -9.58222128281332e-05, "scaled_age": 0.0}, "48": {"bias": -0.35355339059327373, "objective_cosine_similarity": -0.3667760763959206, "is_tight": 0.0, "dual_solution_value": 0.0, "scaled_age": 0.19791666666666666}, "49": {"bias": -0.3779644730092272, "objective_cosine_similarity": -0.31770958236639835, "is_tight": 0.0, "dual_solution_value": 0.0, "scaled_age": 0.010416666666666666}, "50": {"bias": -0.4082482904638631, "objective_cosine_similarity": -0.2895982616129124, "is_tight": 1.0, "dual_solution_value": -0.0030183571867583095, "scaled_age": 0.0}, "51": {"bias": -0.35355339059327373, "objective_cosine_similarity": -0.39287081700906906, "is_tight": 0.0, "dual_solution_value": 0.0, "scaled_age": 0.19791666666666666}, "52": {"bias": -0.35355339059327373, "objective_cosine_similarity": -0.3435807514064552, "is_tight": 0.0, "dual_solution_value": 0.0, "scaled_age": 0.19791666666666666}, "53": {"bias": -0.4472135954999579, "objective_cosine_similarity": -0.31723900099934904, "is_tight": 0.0, "dual_solution_value": 0.0, "scaled_age": 0.125}, "54": {"bias": -0.31622776601683794, "objective_cosine_similarity": -0.4097439551494882, "is_tight": 0.0, "dual_solution_value": 0.0, "scaled_age": 0.11458333333333333}, "55": {"bias": -0.35355339059327373, "objective_cosine_similarity": -0.504498318520871, "is_tight": 1.0, "dual_solution_value": -0.009809063507979396, "scaled_age": 0.0}, "56": {"bias": -0.4082482904638631, "objective_cosine_similarity": -0.2678365425321733, "is_tight": 0.0, "dual_solution_value": 0.0, "scaled_age": 0.19791666666666666}, "57": {"bias": -0.3779644730092272, "objective_cosine_similarity": -0.33010800509289195, "is_tight": 0.0, "dual_solution_value": 0.0, "scaled_age": 0.19791666666666666}, "58": {"bias": -0.4472135954999579, "objective_cosine_similarity": -0.30440274084330604, "is_tight": 0.0, "dual_solution_value": 0.0, "scaled_age": 0.19791666666666666}, "59": {"bias": -0.35355339059327373, "objective_cosine_similarity": -0.35807782952487105, "is_tight": 0.0, "dual_solution_value": 0.0, "scaled_age": 0.19791666666666666}, "60": {"bias": -0.4472135954999579, "objective_cosine_similarity": -0.39058905903388064, "is_tight": 1.0, "dual_solution_value": -0.017781388965490863, "scaled_age": 0.0}, "61": {"bias": -0.3333333333333333, "objective_cosine_similarity": -0.4373752424500459, "is_tight": 1.0, "dual_solution_value": -1.3193401985839858e-07, "scaled_age": 0.0}, "62": {"bias": -0.31622776601683794, "objective_cosine_similarity": -0.37214087065792123, "is_tight": 0.0, "dual_solution_value": 0.0, "scaled_age": 0.19791666666666666}, "63": {"bias": -0.35355339059327373, "objective_cosine_similarity": -0.36822578420776214, "is_tight": 0.0, "dual_solution_value": 0.0, "scaled_age": 0.020833333333333332}, "64": {"bias": -0.3333333333333333, "objective_cosine_similarity": -0.40457209926629245, "is_tight": 0.0, "dual_solution_value": 0.0, "scaled_age": 0.041666666666666664}, "65": {"bias": -0.35355339059327373, "objective_cosine_similarity": -0.34068133578277204, "is_tight": 0.0, "dual_solution_value": 0.0, "scaled_age": 0.19791666666666666}, "66": {"bias": -0.4082482904638631, "objective_cosine_similarity": -0.22598708276152124, "is_tight": 0.0, "dual_solution_value": 0.0, "scaled_age": 0.19791666666666666}, "67": {"bias": -0.30151134457776363, "objective_cosine_similarity": -0.36718554786124874, "is_tight": 0.0, "dual_solution_value": 0.0, "scaled_age": 0.19791666666666666}, "68": {"bias": -0.3779644730092272, "objective_cosine_similarity": -0.35180524486425574, "is_tight": 1.0, "dual_solution_value": -0.003980464162560331, "scaled_age": 0.0}, "69": {"bias": -0.2672612419124244, "objective_cosine_similarity": -0.5172535183693404, "is_tight": 0.0, "dual_solution_value": 0.0, "scaled_age": 0.19791666666666666}, "70": {"bias": -0.35355339059327373, "objective_cosine_similarity": -0.37692403107881167, "is_tight": 0.0, "dual_solution_value": 0.0, "scaled_age": 0.125}, "71": {"bias": -0.2886751345948129, "objective_cosine_similarity": -0.4071864262692266, "is_tight": 0.0, "dual_solution_value": 0.0, "scaled_age": 0.19791666666666666}, "72": {"bias": -0.31622776601683794, "objective_cosine_similarity": -0.3643609221424246, "is_tight": 0.0, "dual_solution_value": 0.0, "scaled_age": 0.19791666666666666}, "73": {"bias": -0.2886751345948129, "objective_cosine_similarity": -0.4284926927600582, "is_tight": 0.0, "dual_solution_value": 0.0, "scaled_age": 0.15625}, "74": {"bias": -0.5, "objective_cosine_similarity": -0.24397337742916622, "is_tight": 1.0, "dual_solution_value": -0.012155269145403913, "scaled_age": 0.0}, "75": {"bias": -0.5, "objective_cosine_similarity": -0.19476866265353607, "is_tight": 0.0, "dual_solution_value": 0.0, "scaled_age": 0.19791666666666666}, "76": {"bias": -0.35355339059327373, "objective_cosine_similarity": -0.2884918545564751, "is_tight": 0.0, "dual_solution_value": 0.0, "scaled_age": 0.19791666666666666}, "77": {"bias": -0.2886751345948129, "objective_cosine_similarity": -0.34563498974015744, "is_tight": 0.0, "dual_solution_value": 0.0, "scaled_age": 0.19791666666666666}, "78": {"bias": -0.3333333333333333, "objective_cosine_similarity": -0.38680373004175933, "is_tight": 0.0, "dual_solution_value": 0.0, "scaled_age": 0.19791666666666666}, "79": {"bias": -0.30151134457776363, "objective_cosine_similarity": -0.38573027250070574, "is_tight": 0.0, "dual_solution_value": 0.0, "scaled_age": 0.19791666666666666}, "80": {"bias": -0.4082482904638631, "objective_cosine_similarity": -0.32977374299273843, "is_tight": 0.0, "dual_solution_value": 0.0, "scaled_age": 0.03125}, "81": {"bias": -0.3333333333333333, "objective_cosine_similarity": -0.38953732530707214, "is_tight": 0.0, "dual_solution_value": 0.0, "scaled_age": 0.19791666666666666}, "82": {"bias": -0.5, "objective_cosine_similarity": -0.1845176804086131, "is_tight": 0.0, "dual_solution_value": 0.0, "scaled_age": 0.19791666666666666}, "83": {"bias": -0.2672612419124244, "objective_cosine_similarity": -0.4383504392960512, "is_tight": 0.0, "dual_solution_value": 0.0, "scaled_age": 0.19791666666666666}, "84": {"bias": -0.30151134457776363, "objective_cosine_similarity": -0.40427499714016274, "is_tight": 0.0, "dual_solution_value": 0.0, "scaled_age": 0.19791666666666666}, "85": {"bias": -0.4472135954999579, "objective_cosine_similarity": -0.32457400680280224, "is_tight": 1.0, "dual_solution_value": -0.0008199981719315766, "scaled_age": 0.0}, "86": {"bias": -0.2672612419124244, "objective_cosine_similarity": -0.47451435053797547, "is_tight": 0.0, "dual_solution_value": 0.0, "scaled_age": 0.19791666666666666}, "87": {"bias": -0.3779644730092272, "objective_cosine_similarity": -0.2944625397542229, "is_tight": 0.0, "dual_solution_value": 0.0, "scaled_age": 0.19791666666666666}, "88": {"bias": -0.31622776601683794, "objective_cosine_similarity": -0.40715063897765597, "is_tight": 0.0, "dual_solution_value": 0.0, "scaled_age": 0.19791666666666666}, "89": {"bias": -0.4082482904638631, "objective_cosine_similarity": -0.25277073701473857, "is_tight": 0.0, "dual_solution_value": 0.0, "scaled_age": 0.19791666666666666}, "90": {"bias": -0.3333333333333333, "objective_cosine_similarity": -0.326664634204878, "is_tight": 0.0, "dual_solution_value": 0.0, "scaled_age": 0.19791666666666666}, "91": {"bias": -0.3333333333333333, "objective_cosine_similarity": -0.44557602824598425, "is_tight": 0.0, "dual_solution_value": 0.0, "scaled_age": 0.07291666666666667}, "92": {"bias": -0.4082482904638631, "objective_cosine_similarity": -0.38166707310834697, "is_tight": 1.0, "dual_solution_value": -0.004461634389720655, "scaled_age": 0.0}, "93": {"bias": -0.31622776601683794, "objective_cosine_similarity": -0.5225532086241891, "is_tight": 0.0, "dual_solution_value": 0.0, "scaled_age": 0.19791666666666666}, "94": {"bias": -0.31622776601683794, "objective_cosine_similarity": -0.4901367564762865, "is_tight": 0.0, "dual_solution_value": 0.0, "scaled_age": 0.19791666666666666}, "95": {"bias": -0.30151134457776363, "objective_cosine_similarity": -0.33504135848618993, "is_tight": 0.0, "dual_solution_value": 0.0, "scaled_age": 0.19791666666666666}, "96": {"bias": -0.3779644730092272, "objective_cosine_similarity": -0.2727652999828591, "is_tight": 0.0, "dual_solution_value": 0.0, "scaled_age": 0.19791666666666666}, "97": {"bias": -0.35355339059327373, "objective_cosine_similarity": -0.33343279672356413, "is_tight": 0.0, "dual_solution_value": 0.0, "scaled_age": 0.16666666666666666}, "98": {"bias": -0.31622776601683794, "objective_cosine_similarity": -0.44475372346922293, "is_tight": 0.0, "dual_solution_value": 0.0, "scaled_age": 0.19791666666666666}, "99": {"bias": -0.2886751345948129, "objective_cosine_similarity": -0.36457389328756334, "is_tight": 0.0, "dual_solution_value": 0.0, "scaled_age": 0.19791666666666666}, "100": {"bias": -0.4472135954999579, "objective_cosine_similarity": -0.35758153291834144, "is_tight": 0.0, "dual_solution_value": 0.0, "scaled_age": 0.19791666666666666}, "101": {"bias": -0.4082482904638631, "objective_cosine_similarity": -0.2544447154055647, "is_tight": 0.0, "dual_solution_value": 0.0, "scaled_age": 0.03125}, "102": {"bias": -0.31622776601683794, "objective_cosine_similarity": -0.4953233888199509, "is_tight": 1.0, "dual_solution_value": -2.1172108686702274e-05, "scaled_age": 0.0}, "103": {"bias": -0.3779644730092272, "objective_cosine_similarity": -0.20922338350957942, "is_tight": 0.0, "dual_solution_value": 0.0, "scaled_age": 0.11458333333333333}, "104": {"bias": -0.3779644730092272, "objective_cosine_similarity": -0.3006617511174697, "is_tight": 0.0, "dual_solution_value": 0.0, "scaled_age": 0.19791666666666666}, "105": {"bias": -0.3779644730092272, "objective_cosine_similarity": -0.29601234259503456, "is_tight": 1.0, "dual_solution_value": -1.2698092701147703e-05, "scaled_age": 0.0}, "106": {"bias": -0.35355339059327373, "objective_cosine_similarity": -0.2276041264591286, "is_tight": 0.0, "dual_solution_value": 0.0, "scaled_age": 0.19791666666666666}, "107": {"bias": -0.3333333333333333, "objective_cosine_similarity": -0.30069547918440653, "is_tight": 0.0, "dual_solution_value": 0.0, "scaled_age": 0.19791666666666666}, "108": {"bias": -0.35355339059327373, "objective_cosine_similarity": -0.25514857488411863, "is_tight": 0.0, "dual_solution_value": 0.0, "scaled_age": 0.19791666666666666}, "109": {"bias": -0.30151134457776363, "objective_cosine_similarity": -0.3956207923084161, "is_tight": 0.0, "dual_solution_value": 0.0, "scaled_age": 0.19791666666666666}, "110": {"bias": -0.31622776601683794, "objective_cosine_similarity": -0.3513943412832636, "is_tight": 0.0, "dual_solution_value": 0.0, "scaled_age": 0.19791666666666666}, "111": {"bias": -0.4082482904638631, "objective_cosine_similarity": -0.3113599806936515, "is_tight": 0.0, "dual_solution_value": 0.0, "scaled_age": 0.19791666666666666}, "112": {"bias": -0.3333333333333333, "objective_cosine_similarity": -0.33486542000081637, "is_tight": 0.0, "dual_solution_value": 0.0, "scaled_age": 0.19791666666666666}, "113": {"bias": -0.3333333333333333, "objective_cosine_similarity": -0.5139159098788039, "is_tight": 1.0, "dual_solution_value": -0.004362052094388897, "scaled_age": 0.0}, "114": {"bias": -0.2672612419124244, "objective_cosine_similarity": -0.4460215719837321, "is_tight": 0.0, "dual_solution_value": 0.0, "scaled_age": 0.19791666666666666}, "115": {"bias": -0.30151134457776363, "objective_cosine_similarity": -0.41787446187576455, "is_tight": 0.0, "dual_solution_value": 0.0, "scaled_age": 0.19791666666666666}, "116": {"bias": -0.4082482904638631, "objective_cosine_similarity": -0.39338492184412954, "is_tight": 0.0, "dual_solution_value": 0.0, "scaled_age": 0.010416666666666666}, "117": {"bias": -0.9441103659303239, "objective_cosine_similarity": -0.9760762008240328, "is_tight": 1.0, "dual_solution_value": -1.4604311683253355e-05, "scaled_age": 0.0}, "118": {"bias": -0.9539205874456769, "objective_cosine_similarity": -0.984736968791615, "is_tight": 1.0, "dual_solution_value": -1.792832787137884e-06, "scaled_age": 0.0}, "119": {"bias": -0.9475457686456469, "objective_cosine_similarity": -0.9842899683577779, "is_tight": 1.0, "dual_solution_value": -0.02326806379880564, "scaled_age": 0.0}, "120": {"bias": -0.939909793346478, "objective_cosine_similarity": -0.9851845952415534, "is_tight": 1.0, "dual_solution_value": -0.005264486647361948, "scaled_age": 0.0}, "121": {"bias": -0.5773502691896257, "objective_cosine_similarity": -0.7859644972173443, "is_tight": 0.0, "dual_solution_value": -0.0, "scaled_age": 0.010416666666666666}, "122": {"bias": -0.9471335972196923, "objective_cosine_similarity": -0.986801236877094, "is_tight": 0.0, "dual_solution_value": -0.0, "scaled_age": 0.010416666666666666}, "123": {"bias": -0.9431611025179679, "objective_cosine_similarity": -0.9843347498986335, "is_tight": 1.0, "dual_solution_value": -0.005374581283903757, "scaled_age": 0.0}, "124": {"bias": -0.9511012772444224, "objective_cosine_similarity": -0.9818782839158054, "is_tight": 0.0, "dual_solution_value": -0.0, "scaled_age": 0.08333333333333333}, "125": {"bias": -0.9347546382694412, "objective_cosine_similarity": -0.9814107391520869, "is_tight": 0.0, "dual_solution_value": -0.0, "scaled_age": 0.07291666666666667}, "126": {"bias": -0.48507125007266594, "objective_cosine_similarity": -0.6951494567280436, "is_tight": 0.0, "dual_solution_value": -0.0, "scaled_age": 0.010416666666666666}, "127": {"bias": -0.9370063618239575, "objective_cosine_similarity": -0.9830038964315557, "is_tight": 1.0, "dual_solution_value": -7.842136749436677e-06, "scaled_age": 0.0}, "128": {"bias": -0.9163057216140504, "objective_cosine_similarity": -0.9833164404341989, "is_tight": 0.0, "dual_solution_value": -0.0, "scaled_age": 0.020833333333333332}, "129": {"bias": -0.9235387397929797, "objective_cosine_similarity": -0.9833907850903175, "is_tight": 1.0, "dual_solution_value": -2.6559721173278983e-06, "scaled_age": 0.0}, "130": {"bias": -0.9278891425539827, "objective_cosine_similarity": -0.9873008832593977, "is_tight": 1.0, "dual_solution_value": -2.9306441802229017e-09, "scaled_age": 0.0}, "131": {"bias": -0.9344299130847195, "objective_cosine_similarity": -0.9876680275044265, "is_tight": 1.0, "dual_solution_value": -6.441411719083992e-07, "scaled_age": 0.0}, "132": {"bias": -0.9347546382694412, "objective_cosine_similarity": -0.9828645830859193, "is_tight": 0.0, "dual_solution_value": -0.0, "scaled_age": 0.010416666666666666}, "133": {"bias": -0.9274242253613464, "objective_cosine_similarity": -0.9870585734264321, "is_tight": 1.0, "dual_solution_value": -1.0059268407183468e-06, "scaled_age": 0.0}}