{"0": {"bias": -1.0, "objective_cosine_similarity": -0.8199545607045211, "is_tight": 1.0, "dual_solution_value": -0.00014983068352863703, "scaled_age": 0.0}, "1": {"bias": -0.9701425001453319, "objective_cosine_similarity": -0.5834904130372995, "is_tight": 0.0, "dual_solution_value": -0.0, "scaled_age": 0.12121212121212122}, "2": {"bias": -1.3245323570650438, "objective_cosine_similarity": -0.8941569599224041, "is_tight": 0.0, "dual_solution_value": -0.0, "scaled_age": 0.06060606060606061}, "3": {"bias": -1.1470786693528088, "objective_cosine_similarity": -0.6673078990934016, "is_tight": 0.0, "dual_solution_value": -0.0, "scaled_age": 0.0}, "4": {"bias": -0.7559289460184544, "objective_cosine_similarity": -0.5252015256289947, "is_tight": 0.0, "dual_solution_value": -0.0, "scaled_age": 0.030303030303030304}, "5": {"bias": -1.263333919363887, "objective_cosine_similarity": -0.7451337598921042, "is_tight": 0.0, "dual_solution_value": -0.0, "scaled_age": 0.12121212121212122}, "6": {"bias": -1.2909944487358056, "objective_cosine_similarity": -0.6118018353543582, "is_tight": 0.0, "dual_solution_value": -0.0, "scaled_age": 0.030303030303030304}, "7": {"bias": -0.8164965809277261, "objective_cosine_similarity": -0.4593294737164865, "is_tight": 1.0, "dual_solution_value": -0.0009665871138597223, "scaled_age": 0.0}, "8": {"bias": -1.1587309190046422, "objective_cosine_similarity": -0.6636227816485314, "is_tight": 0.0, "dual_solution_value": -0.0, "scaled_age": 0.04040404040404041}, "9": {"bias": -1.2510864843424487, "objective_cosine_similarity": -0.6832715928645879, "is_tight": 1.0, "dual_solution_value": -0.0005557574273605881, "scaled_age": 0.0}, "10": {"bias": -1.3968605915391563, "objective_cosine_similarity": -0.8868538578289217, "is_tight": 0.0, "dual_solution_value": -0.0, "scaled_age": 0.020202020202020204}, "11": {"bias": -1.3436008179123502, "objective_cosine_similarity": -0.7931781570692001, "is_tight": 0.0, "dual_solution_value": -0.0, "scaled_age": 0.020202020202020204}, "12": {"bias": -1.3857174192299984, "objective_cosine_similarity": -0.8977222616979029, "is_tight": 0.0, "dual_solution_value": -0.0, "scaled_age": 0.010101010101010102}, "13": {"bias": -0.9045340337332909, "objective_cosine_similarity": -0.6112524597310006, "is_tight": 1.0, "dual_solution_value": -0.00537396103329824, "scaled_age": 0.0}, "14": {"bias": -1.3978246090569542, "objective_cosine_similarity": -0.8729686961312336, "is_tight": 0.0, "dual_solution_value": 0.0, "scaled_age": 0.050505050505050504}, "15": {"bias": -1.3751559861209488, "objective_cosine_similarity": -0.8429207472028188, "is_tight": 0.0, "dual_solution_value": 0.0, "scaled_age": 0.10101010101010101}, "16": {"bias": -0.5773502691896258, "objective_cosine_similarity": -0.16763612163291647, "is_tight": 0.0, "dual_solution_value": 0.0, "scaled_age": 0.21212121212121213}, "17": {"bias": -0.4472135954999579, "objective_cosine_similarity": -0.31766968321811007, "is_tight": 0.0, "dual_solution_value": 0.0, "scaled_age": 0.21212121212121213}, "18": {"bias": -0.4472135954999579, "objective_cosine_similarity": -0.2550632492992125, "is_tight": 0.0, "dual_solution_value": 0.0, "scaled_age": 0.21212121212121213}, "19": {"bias": -0.4472135954999579, "objective_cosine_similarity": -0.32694471046535417, "is_tight": 0.0, "dual_solution_value": 0.0, "scaled_age": 0.21212121212121213}, "20": {"bias": -0.5773502691896258, "objective_cosine_similarity": -0.24846068027735832, "is_tight": 0.0, "dual_solution_value": 0.0, "scaled_age": 0.04040404040404041}, "21": {"bias": -0.5773502691896258, "objective_cosine_similarity": -0.2754021998255056, "is_tight": 1.0, "dual_solution_value": -0.0061200790910257525, "scaled_age": 0.0}, "22": {"bias": -0.5773502691896258, "objective_cosine_similarity": -0.05388303909629458, "is_tight": 0.0, "dual_solution_value": 0.0, "scaled_age": 0.08080808080808081}, "23": {"bias": -0.5, "objective_cosine_similarity": -0.2981316266337577, "is_tight": 0.0, "dual_solution_value": 0.0, "scaled_age": 0.21212121212121213}, "24": {"bias": -0.5, "objective_cosine_similarity": -0.23850530130700615, "is_tight": 0.0, "dual_solution_value": 0.0, "scaled_age": 0.08080808080808081}, "25": {"bias": -0.4472135954999579, "objective_cosine_similarity": -0.22028189712204713, "is_tight": 0.0, "dual_solution_value": 0.0, "scaled_age": 0.21212121212121213}, "26": {"bias": -0.5, "objective_cosine_similarity": -0.5340444790135138, "is_tight": 1.0, "dual_solution_value": -0.0004181760296574699, "scaled_age": 0.0}, "27": {"bias": -0.4472135954999579, "objective_cosine_similarity": -0.3918699011960628, "is_tight": 1.0, "dual_solution_value": -0.0013218369686071138, "scaled_age": 0.0}, "28": {"bias": -0.3779644730092272, "objective_cosine_similarity": -0.12150184548133458, "is_tight": 0.0, "dual_solution_value": 0.0, "scaled_age": 0.21212121212121213}, "29": {"bias": -0.4472135954999579, "objective_cosine_similarity": -0.28288833104094474, "is_tight": 1.0, "dual_solution_value": -0.0009139055463852985, "scaled_age": 0.0}, "30": {"bias": -0.5773502691896258, "objective_cosine_similarity": -0.46997984100656937, "is_tight": 1.0, "dual_solution_value": -0.08196423010782919, "scaled_age": 0.0}, "31": {"bias": -0.5, "objective_cosine_similarity": -0.3136863201972581, "is_tight": 1.0, "dual_solution_value": -0.0001013107243388332, "scaled_age": 0.050505050505050504}, "32": {"bias": -0.4472135954999579, "objective_cosine_similarity": -0.27129454698188965, "is_tight": 0.0, "dual_solution_value": 0.0, "scaled_age": 0.21212121212121213}, "33": {"bias": -0.5, "objective_cosine_similarity": -0.18147142490750467, "is_tight": 0.0, "dual_solution_value": 0.0, "scaled_age": 0.21212121212121213}, "34": {"bias": -0.4472135954999579, "objective_cosine_similarity": -0.21796314031023611, "is_tight": 0.0, "dual_solution_value": 0.0, "scaled_age": 0.1111111111111111}, "35": {"bias": -0.5773502691896258, "objective_cosine_similarity": -0.34425274978188203, "is_tight": 0.0, "dual_solution_value": 0.0, "scaled_age": 0.21212121212121213}, "36": {"bias": -0.4082482904638631, "objective_cosine_similarity": -0.49319708468175744, "is_tight": 1.0, "dual_solution_value": -0.014364502729427952, "scaled_age": 0.0}, "37": {"bias": -0.5, "objective_cosine_similarity": -0.31109387127000804, "is_tight": 0.0, "dual_solution_value": 0.0, "scaled_age": 0.21212121212121213}, "38": {"bias": -0.4472135954999579, "objective_cosine_similarity": -0.4243324965614171, "is_tight": 0.0, "dual_solution_value": 0.0, "scaled_age": 0.20202020202020202}, "39": {"bias": -0.5, "objective_cosine_similarity": -0.26183734165225675, "is_tight": 0.0, "dual_solution_value": 0.0, "scaled_age": 0.21212121212121213}, "40": {"bias": -0.5773502691896258, "objective_cosine_similarity": -0.12872059339670372, "is_tight": 0.0, "dual_solution_value": 0.0, "scaled_age": 0.0}, "41": {"bias": -0.7071067811865475, "objective_cosine_similarity": -0.557274017766847, "is_tight": 1.0, "dual_solution_value": -0.1374313853679454, "scaled_age": 0.0}, "42": {"bias": -0.5, "objective_cosine_similarity": -0.31109387127000804, "is_tight": 0.0, "dual_solution_value": 0.0, "scaled_age": 0.13131313131313133}, "43": {"bias": -0.4472135954999579, "objective_cosine_similarity": -0.22491941074566918, "is_tight": 0.0, "dual_solution_value": 0.0, "scaled_age": 0.21212121212121213}, "44": {"bias": -0.5773502691896258, "objective_cosine_similarity": -0.155662112944851, "is_tight": 1.0, "dual_solution_value": -0.005537765814396658, "scaled_age": 0.0}, "45": {"bias": -0.5, "objective_cosine_similarity": -0.28516938199750735, "is_tight": 0.0, "dual_solution_value": 0.0, "scaled_age": 0.21212121212121213}, "46": {"bias": -0.7071067811865475, "objective_cosine_similarity": -0.2566393502873638, "is_tight": 1.0, "dual_solution_value": -0.06599297578817925, "scaled_age": 0.0}, "47": {"bias": -0.5, "objective_cosine_similarity": -0.44071631763251135, "is_tight": 0.0, "dual_solution_value": 0.0, "scaled_age": 0.09090909090909091}, "48": {"bias": -0.7071067811865475, "objective_cosine_similarity": -0.2566393502873638, "is_tight": 0.0, "dual_solution_value": 0.0, "scaled_age": 0.050505050505050504}, "49": {"bias": -0.5, "objective_cosine_similarity": -0.2099883631072554, "is_tight": 0.0, "dual_solution_value": 0.0, "scaled_age": 0.21212121212121213}, "50": {"bias": -0.5773502691896258, "objective_cosine_similarity": -0.41909030408229114, "is_tight": 1.0, "dual_solution_value": 0.0, "scaled_age": 0.0}, "51": {"bias": -0.4082482904638631, "objective_cosine_similarity": -0.24977363086887286, "is_tight": 0.0, "dual_solution_value": 0.0, "scaled_age": 0.21212121212121213}, "52": {"bias": -0.7071067811865475, "objective_cosine_similarity": -0.07699180508620913, "is_tight": 0.0, "dual_solution_value": 0.0, "scaled_age": 0.21212121212121213}, "53": {"bias": -0.5, "objective_cosine_similarity": -0.347388156251509, "is_tight": 0.0, "dual_solution_value": 0.0, "scaled_age": 0.21212121212121213}, "54": {"bias": -0.7071067811865475, "objective_cosine_similarity": -0.13565222800903515, "is_tight": 1.0, "dual_solution_value": -0.0036662764326766254, "scaled_age": 0.0}, "55": {"bias": -0.5, "objective_cosine_similarity": -0.4433087665597614, "is_tight": 1.0, "dual_solution_value": -0.03135827383816095, "scaled_age": 0.0}, "56": {"bias": -0.4472135954999579, "objective_cosine_similarity": -0.25274449248740144, "is_tight": 0.0, "dual_solution_value": 0.0, "scaled_age": 0.21212121212121213}, "57": {"bias": -0.4472135954999579, "objective_cosine_similarity": -0.22028189712204713, "is_tight": 0.0, "dual_solution_value": 0.0, "scaled_age": 0.21212121212121213}, "58": {"bias": -0.7071067811865475, "objective_cosine_similarity": -0.07699180508620913, "is_tight": 0.0, "dual_solution_value": 0.0, "scaled_age": 0.21212121212121213}, "59": {"bias": -0.5, "objective_cosine_similarity": -0.25405999487050657, "is_tight": 1.0, "dual_solution_value": -0.004947617899460818, "scaled_age": 0.0}, "60": {"bias": -0.4472135954999579, "objective_cosine_similarity": -0.19477557219212588, "is_tight": 0.0, "dual_solution_value": 0.0, "scaled_age": 0.21212121212121213}, "61": {"bias": -0.4082482904638631, "objective_cosine_similarity": -0.2645907106661789, "is_tight": 0.0, "dual_solution_value": 0.0, "scaled_age": 0.21212121212121213}, "62": {"bias": -0.4472135954999579, "objective_cosine_similarity": -0.43824503743228327, "is_tight": 0.0, "dual_solution_value": 0.0, "scaled_age": 0.13131313131313133}, "63": {"bias": -0.5773502691896258, "objective_cosine_similarity": -0.23948017376130923, "is_tight": 0.0, "dual_solution_value": 0.0, "scaled_age": 0.04040404040404041}, "64": {"bias": -0.5773502691896258, "objective_cosine_similarity": -0.28138920416953833, "is_tight": 1.0, "dual_solution_value": -0.038426823896849455, "scaled_age": 0.0}, "65": {"bias": -0.5773502691896258, "objective_cosine_similarity": -0.11375308253662189, "is_tight": 0.0, "dual_solution_value": 0.0, "scaled_age": 0.020202020202020204}, "66": {"bias": -0.5773502691896258, "objective_cosine_similarity": -0.0778310564724255, "is_tight": 0.0, "dual_solution_value": 0.0, "scaled_age": 0.010101010101010102}, "67": {"bias": -0.4472135954999579, "objective_cosine_similarity": -0.18318178813307076, "is_tight": 0.0, "dual_solution_value": 0.0, "scaled_age": 0.21212121212121213}, "68": {"bias": -0.4472135954999579, "objective_cosine_similarity": -0.3199884400299211, "is_tight": 0.0, "dual_solution_value": 0.0, "scaled_age": 0.21212121212121213}, "69": {"bias": -0.5, "objective_cosine_similarity": -0.4510861133415116, "is_tight": 0.0, "dual_solution_value": 0.0, "scaled_age": 0.21212121212121213}, "70": {"bias": -0.5773502691896258, "objective_cosine_similarity": -0.08082455864444187, "is_tight": 0.0, "dual_solution_value": 0.0, "scaled_age": 0.12121212121212122}, "71": {"bias": -0.4082482904638631, "objective_cosine_similarity": -0.25612380792486117, "is_tight": 0.0, "dual_solution_value": 0.0, "scaled_age": 0.21212121212121213}, "72": {"bias": -0.4472135954999579, "objective_cosine_similarity": -0.3802761171370077, "is_tight": 0.0, "dual_solution_value": 0.0, "scaled_age": 0.21212121212121213}, "73": {"bias": -0.5, "objective_cosine_similarity": -0.3188712180517582, "is_tight": 0.0, "dual_solution_value": 0.0, "scaled_age": 0.21212121212121213}, "74": {"bias": -0.5773502691896258, "objective_cosine_similarity": -0.1466816064288019, "is_tight": 0.0, "dual_solution_value": 0.0, "scaled_age": 0.21212121212121213}, "75": {"bias": -0.5773502691896258, "objective_cosine_similarity": -0.188590636837031, "is_tight": 1.0, "dual_solution_value": 0.0, "scaled_age": 0.21212121212121213}, "76": {"bias": -0.5, "objective_cosine_similarity": -0.41219937943276064, "is_tight": 0.0, "dual_solution_value": 0.0, "scaled_age": 0.21212121212121213}, "77": {"bias": -0.5, "objective_cosine_similarity": -0.4692332558322621, "is_tight": 0.0, "dual_solution_value": 0.0, "scaled_age": 0.21212121212121213}, "78": {"bias": -0.4082482904638631, "objective_cosine_similarity": -0.4296953141218745, "is_tight": 0.0, "dual_solution_value": 0.0, "scaled_age": 0.21212121212121213}, "79": {"bias": -0.5773502691896258, "objective_cosine_similarity": -0.48494735186665117, "is_tight": 1.0, "dual_solution_value": -0.04535698137820594, "scaled_age": 0.0}, "80": {"bias": -0.4472135954999579, "objective_cosine_similarity": -0.2550632492992125, "is_tight": 0.0, "dual_solution_value": 0.0, "scaled_age": 0.21212121212121213}, "81": {"bias": -0.5, "objective_cosine_similarity": -0.3707201965967596, "is_tight": 0.0, "dual_solution_value": 0.0, "scaled_age": 0.08080808080808081}, "82": {"bias": -0.5, "objective_cosine_similarity": -0.2799844841430072, "is_tight": 0.0, "dual_solution_value": 0.0, "scaled_age": 0.21212121212121213}, "83": {"bias": -0.5773502691896258, "objective_cosine_similarity": -0.13470759774073643, "is_tight": 0.0, "dual_solution_value": 0.0, "scaled_age": 0.21212121212121213}, "84": {"bias": -0.5773502691896258, "objective_cosine_similarity": -0.4220838062543075, "is_tight": 1.0, "dual_solution_value": -0.04554555257061307, "scaled_age": 0.0}, "85": {"bias": -0.4472135954999579, "objective_cosine_similarity": -0.3663635762661415, "is_tight": 0.0, "dual_solution_value": 0.0, "scaled_age": 0.21212121212121213}, "86": {"bias": -0.3779644730092272, "objective_cosine_similarity": -0.3272710999255302, "is_tight": 0.0, "dual_solution_value": 0.0, "scaled_age": 0.21212121212121213}, "87": {"bias": -0.7071067811865475, "objective_cosine_similarity": -0.18331382163383128, "is_tight": 0.0, "dual_solution_value": 0.0, "scaled_age": 0.21212121212121213}, "88": {"bias": -1.3082019741092317, "objective_cosine_similarity": -0.8175995603852372, "is_tight": 0.0, "dual_solution_value": -0.0, "scaled_age": 0.13131313131313133}, "89": {"bias": -1.3962922776953237, "objective_cosine_similarity": -0.8707690777649851, "is_tight": 1.0, "dual_solution_value": -0.007788007146774871, "scaled_age": 0.0}, "90": {"bias": -1.4301245313912028, "objective_cosine_similarity": -0.8915917019682538, "is_tight": 1.0, "dual_solution_value": -5.694216546417065e-05, "scaled_age": 0.030303030303030304}, "91": {"bias": -1.378294616049928, "objective_cosine_similarity": -0.8781394080923268, "is_tight": 1.0, "dual_solution_value": -2.7303272294204e-06, "scaled_age": 0.0}, "92": {"bias": -1.4301488660404647, "objective_cosine_similarity": -0.8884551410234056, "is_tight": 0.0, "dual_solution_value": -0.0, "scaled_age": 0.13131313131313133}, "93": {"bias": -1.423115709900564, "objective_cosine_similarity": -0.8994998358514431, "is_tight": 0.0, "dual_solution_value": -0.0, "scaled_age": 0.13131313131313133}, "94": {"bias": -1.422327353687719, "objective_cosine_similarity": -0.8856170485137187, "is_tight": 1.0, "dual_solution_value": -0.020508690150842654, "scaled_age": 0.0}, "95": {"bias": -1.4112926924778, "objective_cosine_similarity": -0.8592886598935717, "is_tight": 1.0, "dual_solution_value": -0.021043002631094147, "scaled_age": 0.0}, "96": {"bias": -1.4320780207890624, "objective_cosine_similarity": -0.8469203321546077, "is_tight": 0.0, "dual_solution_value": -0.0, "scaled_age": 0.0}, "97": {"bias": -1.2344267996967353, "objective_cosine_similarity": -0.805647437917758, "is_tight": 0.0, "dual_solution_value": -0.0, "scaled_age": 0.050505050505050504}, "98": {"bias": -1.25, "objective_cosine_similarity": -0.8678222783969599, "is_tight": 1.0, "dual_solution_value": -1.5770754003642993e-05, "scaled_age": 0.010101010101010102}, "99": {"bias": -1.5350140206706169, "objective_cosine_similarity": -0.8591664782230479, "is_tight": 0.0, "dual_solution_value": 0.0, "scaled_age": 0.06060606060606061}, "100": {"bias": -1.2803687993289599, "objective_cosine_similarity": -0.8862506223213864, "is_tight": 1.0, "dual_solution_value": -6.379858716588173e-05, "scaled_age": 0.0}, "101": {"bias": -1.2521980673998823, "objective_cosine_similarity": -0.8611862799066138, "is_tight": 0.0, "dual_solution_value": -0.0, "scaled_age": 0.050505050505050504}, "102": {"bias": -1.3491570401925506, "objective_cosine_similarity": -0.861191946547838, "is_tight": 1.0, "dual_solution_value": -5.80971133285906e-05, "scaled_age": 0.0}, "103": {"bias": -1.348399724926484, "objective_cosine_similarity": -0.8361612549572759, "is_tight": 0.0, "dual_solution_value": -0.0, "scaled_age": 0.0}, "104": {"bias": -1.2809280616135812, "objective_cosine_similarity": -0.8649252000939044, "is_tight": 1.0, "dual_solution_value": -8.245291777086551e-06, "scaled_age": 0.0}, "105": {"bias": -1.3984411707141078, "objective_cosine_similarity": -0.8587439165370849, "is_tight": 0.0, "dual_solution_value": -0.0, "scaled_age": 0.0}, "106": {"bias": -1.3961272401605207, "objective_cosine_similarity": -0.8870949023573489, "is_tight": 1.0, "dual_solution_value": -2.2073318827664753e-05, "scaled_age": 0.0}}