{"0": {"bias": -0.7071067811865476, "objective_cosine_similarity": -0.9183743810562776, "is_tight": 0.0, "dual_solution_value": -0.0, "scaled_age": 0.06060606060606061}, "1": {"bias": -0.5773502691896258, "objective_cosine_similarity": -0.7753581224590139, "is_tight": 1.0, "dual_solution_value": -8.779267564219938e-05, "scaled_age": 0.0}, "2": {"bias": -0.6666666666666666, "objective_cosine_similarity": -0.8261173810506475, "is_tight": 0.0, "dual_solution_value": -0.0, "scaled_age": 0.09090909090909091}, "3": {"bias": -0.5773502691896257, "objective_cosine_similarity": -0.5800206047452283, "is_tight": 1.0, "dual_solution_value": -7.791495074265435e-05, "scaled_age": 0.0}, "4": {"bias": -0.5477225575051661, "objective_cosine_similarity": -0.8049197294521597, "is_tight": 0.0, "dual_solution_value": -0.0, "scaled_age": 0.0707070707070707}, "5": {"bias": -0.7048894449614307, "objective_cosine_similarity": -0.9246064850952767, "is_tight": 1.0, "dual_solution_value": -7.997895984506771e-07, "scaled_age": 0.0}, "6": {"bias": -0.6999164502124224, "objective_cosine_similarity": -0.9155657051276745, "is_tight": 0.0, "dual_solution_value": -0.0, "scaled_age": 0.06060606060606061}, "7": {"bias": -0.7431634663524679, "objective_cosine_similarity": -0.9661302782387164, "is_tight": 1.0, "dual_solution_value": -0.015256455735928508, "scaled_age": 0.0}, "8": {"bias": -0.745443305713293, "objective_cosine_similarity": -0.9672594752744416, "is_tight": 0.0, "dual_solution_value": 0.0, "scaled_age": 0.0707070707070707}, "9": {"bias": -0.7401692670105348, "objective_cosine_similarity": -0.962454522817301, "is_tight": 0.0, "dual_solution_value": 0.0, "scaled_age": 0.06060606060606061}, "10": {"bias": -0.7366905102301659, "objective_cosine_similarity": -0.900660325474649, "is_tight": 0.0, "dual_solution_value": 0.0, "scaled_age": 0.06060606060606061}, "11": {"bias": -0.2773500981126146, "objective_cosine_similarity": -0.36613742847459685, "is_tight": 0.0, "dual_solution_value": 0.0, "scaled_age": 0.2727272727272727}, "12": {"bias": -0.35355339059327373, "objective_cosine_similarity": -0.29501204432561245, "is_tight": 0.0, "dual_solution_value": 0.0, "scaled_age": 0.2727272727272727}, "13": {"bias": -0.35355339059327373, "objective_cosine_similarity": -0.365462681776505, "is_tight": 0.0, "dual_solution_value": 0.0, "scaled_age": 0.2727272727272727}, "14": {"bias": -0.2773500981126146, "objective_cosine_similarity": -0.4329172110265674, "is_tight": 0.0, "dual_solution_value": 0.0, "scaled_age": 0.2727272727272727}, "15": {"bias": -0.4082482904638631, "objective_cosine_similarity": -0.3067549876637704, "is_tight": 1.0, "dual_solution_value": -0.0023929938967364407, "scaled_age": 0.0}, "16": {"bias": -0.30151134457776363, "objective_cosine_similarity": -0.4768890123186099, "is_tight": 0.0, "dual_solution_value": 0.0, "scaled_age": 0.04040404040404041}, "17": {"bias": -0.31622776601683794, "objective_cosine_similarity": -0.35182239215640027, "is_tight": 0.0, "dual_solution_value": 0.0, "scaled_age": 0.2727272727272727}, "18": {"bias": -0.3779644730092272, "objective_cosine_similarity": -0.4565965778222017, "is_tight": 0.0, "dual_solution_value": 0.0, "scaled_age": 0.06060606060606061}, "19": {"bias": -0.2672612419124244, "objective_cosine_similarity": -0.5547466261935567, "is_tight": 0.0, "dual_solution_value": 0.0, "scaled_age": 0.2727272727272727}, "20": {"bias": -0.3779644730092272, "objective_cosine_similarity": -0.39697228243648464, "is_tight": 0.0, "dual_solution_value": 0.0, "scaled_age": 0.18181818181818182}, "21": {"bias": -0.3333333333333333, "objective_cosine_similarity": -0.41375058112921875, "is_tight": 0.0, "dual_solution_value": 0.0, "scaled_age": 0.23232323232323232}, "22": {"bias": -0.30151134457776363, "objective_cosine_similarity": -0.3629863873291257, "is_tight": 0.0, "dual_solution_value": 0.0, "scaled_age": 0.2727272727272727}, "23": {"bias": -0.3333333333333333, "objective_cosine_similarity": -0.3680858012721478, "is_tight": 0.0, "dual_solution_value": 0.0, "scaled_age": 0.2727272727272727}, "24": {"bias": -0.31622776601683794, "objective_cosine_similarity": -0.3570734726363466, "is_tight": 0.0, "dual_solution_value": 0.0, "scaled_age": 0.2727272727272727}, "25": {"bias": -0.35355339059327373, "objective_cosine_similarity": -0.38160761952566785, "is_tight": 0.0, "dual_solution_value": 0.0, "scaled_age": 0.2727272727272727}, "26": {"bias": -0.3333333333333333, "objective_cosine_similarity": -0.3265723650384469, "is_tight": 0.0, "dual_solution_value": 0.0, "scaled_age": 0.2727272727272727}, "27": {"bias": -0.3779644730092272, "objective_cosine_similarity": -0.2792927520699378, "is_tight": 0.0, "dual_solution_value": 0.0, "scaled_age": 0.2727272727272727}, "28": {"bias": -0.3333333333333333, "objective_cosine_similarity": -0.3417939583241372, "is_tight": 0.0, "dual_solution_value": 0.0, "scaled_age": 0.2727272727272727}, "29": {"bias": -0.4082482904638631, "objective_cosine_similarity": -0.26946985104165466, "is_tight": 0.0, "dual_solution_value": 0.0, "scaled_age": 0.0707070707070707}, "30": {"bias": -0.35355339059327373, "objective_cosine_similarity": -0.3096892604612151, "is_tight": 0.0, "dual_solution_value": 0.0, "scaled_age": 0.2727272727272727}, "31": {"bias": -0.3333333333333333, "objective_cosine_similarity": -0.3583993328176176, "is_tight": 0.0, "dual_solution_value": 0.0, "scaled_age": 0.2727272727272727}, "32": {"bias": -0.2672612419124244, "objective_cosine_similarity": -0.5225713218743304, "is_tight": 0.0, "dual_solution_value": 0.0, "scaled_age": 0.2727272727272727}, "33": {"bias": -0.31622776601683794, "objective_cosine_similarity": -0.41089704755579587, "is_tight": 0.0, "dual_solution_value": 0.0, "scaled_age": 0.2727272727272727}, "34": {"bias": -0.3779644730092272, "objective_cosine_similarity": -0.37500543676806253, "is_tight": 0.0, "dual_solution_value": 0.0, "scaled_age": 0.1919191919191919}, "35": {"bias": -0.4082482904638631, "objective_cosine_similarity": -0.4372529658411755, "is_tight": 0.0, "dual_solution_value": 0.0, "scaled_age": 0.010101010101010102}, "36": {"bias": -0.2886751345948129, "objective_cosine_similarity": -0.4446025709927267, "is_tight": 0.0, "dual_solution_value": 0.0, "scaled_age": 0.2727272727272727}, "37": {"bias": -0.2672612419124244, "objective_cosine_similarity": -0.5070384163409108, "is_tight": 0.0, "dual_solution_value": 0.0, "scaled_age": 0.2727272727272727}, "38": {"bias": -0.30151134457776363, "objective_cosine_similarity": -0.3442112293638261, "is_tight": 0.0, "dual_solution_value": 0.0, "scaled_age": 0.2727272727272727}, "39": {"bias": -0.31622776601683794, "objective_cosine_similarity": -0.37545225431615853, "is_tight": 0.0, "dual_solution_value": 0.0, "scaled_age": 0.2727272727272727}, "40": {"bias": -0.30151134457776363, "objective_cosine_similarity": -0.4668755947371168, "is_tight": 0.0, "dual_solution_value": 0.0, "scaled_age": 0.2727272727272727}, "41": {"bias": -0.2886751345948129, "objective_cosine_similarity": -0.39187342510679685, "is_tight": 0.0, "dual_solution_value": 0.0, "scaled_age": 0.2727272727272727}, "42": {"bias": -0.35355339059327373, "objective_cosine_similarity": -0.2964797659391727, "is_tight": 0.0, "dual_solution_value": 0.0, "scaled_age": 0.2727272727272727}, "43": {"bias": -0.25, "objective_cosine_similarity": -0.520993624732946, "is_tight": 0.0, "dual_solution_value": 0.0, "scaled_age": 0.2727272727272727}, "44": {"bias": -0.31622776601683794, "objective_cosine_similarity": -0.5513634503943586, "is_tight": 0.0, "dual_solution_value": 0.0, "scaled_age": 0.2727272727272727}, "45": {"bias": -0.31622776601683794, "objective_cosine_similarity": -0.5749933125541169, "is_tight": 1.0, "dual_solution_value": -0.00946767538168096, "scaled_age": 0.0}, "46": {"bias": -0.2886751345948129, "objective_cosine_similarity": -0.33674749986241564, "is_tight": 0.0, "dual_solution_value": 0.0, "scaled_age": 0.2727272727272727}, "47": {"bias": -0.5, "objective_cosine_similarity": -0.18265911942828386, "is_tight": 0.0, "dual_solution_value": 0.0, "scaled_age": 0.18181818181818182}, "48": {"bias": -0.3333333333333333, "objective_cosine_similarity": -0.3916100818045783, "is_tight": 0.0, "dual_solution_value": 0.0, "scaled_age": 0.2222222222222222}, "49": {"bias": -0.35355339059327373, "objective_cosine_similarity": -0.25685128237304566, "is_tight": 0.0, "dual_solution_value": 0.0, "scaled_age": 0.25252525252525254}, "50": {"bias": -0.4472135954999579, "objective_cosine_similarity": -0.3675943869767057, "is_tight": 0.0, "dual_solution_value": 0.0, "scaled_age": 0.12121212121212122}, "51": {"bias": -0.35355339059327373, "objective_cosine_similarity": -0.466735473112163, "is_tight": 0.0, "dual_solution_value": 0.0, "scaled_age": 0.030303030303030304}, "52": {"bias": -0.2773500981126146, "objective_cosine_similarity": -0.6873712100607998, "is_tight": 1.0, "dual_solution_value": -0.007521722117329622, "scaled_age": 0.0}, "53": {"bias": -0.35355339059327373, "objective_cosine_similarity": -0.3478500224137818, "is_tight": 0.0, "dual_solution_value": 0.0, "scaled_age": 0.10101010101010101}, "54": {"bias": -0.31622776601683794, "objective_cosine_similarity": -0.32162867939670925, "is_tight": 0.0, "dual_solution_value": 0.0, "scaled_age": 0.2727272727272727}, "55": {"bias": -0.3779644730092272, "objective_cosine_similarity": -0.22437563789888262, "is_tight": 0.0, "dual_solution_value": 0.0, "scaled_age": 0.010101010101010102}, "56": {"bias": -0.2886751345948129, "objective_cosine_similarity": -0.4422057916342753, "is_tight": 0.0, "dual_solution_value": 0.0, "scaled_age": 0.2727272727272727}, "57": {"bias": -0.3779644730092272, "objective_cosine_similarity": -0.3859888596022736, "is_tight": 1.0, "dual_solution_value": -4.973639370021329e-05, "scaled_age": 0.0}, "58": {"bias": -0.35355339059327373, "objective_cosine_similarity": -0.5973626967190262, "is_tight": 1.0, "dual_solution_value": -0.017015648849256437, "scaled_age": 0.0}, "59": {"bias": -0.2886751345948129, "objective_cosine_similarity": -0.41703960837053605, "is_tight": 0.0, "dual_solution_value": 0.0, "scaled_age": 0.2727272727272727}, "60": {"bias": -0.2886751345948129, "objective_cosine_similarity": -0.4985301065578822, "is_tight": 0.0, "dual_solution_value": 0.0, "scaled_age": 0.2727272727272727}, "61": {"bias": -0.3779644730092272, "objective_cosine_similarity": -0.2761546312601632, "is_tight": 0.0, "dual_solution_value": 0.0, "scaled_age": 0.2727272727272727}, "62": {"bias": -0.3333333333333333, "objective_cosine_similarity": -0.46495048581744985, "is_tight": 0.0, "dual_solution_value": 0.0, "scaled_age": 0.1717171717171717}, "63": {"bias": -0.3333333333333333, "objective_cosine_similarity": -0.3611668952331976, "is_tight": 0.0, "dual_solution_value": 0.0, "scaled_age": 0.26262626262626265}, "64": {"bias": -0.31622776601683794, "objective_cosine_similarity": -0.3977693463559302, "is_tight": 1.0, "dual_solution_value": -0.002911367064332917, "scaled_age": 0.0}, "65": {"bias": -0.2773500981126146, "objective_cosine_similarity": -0.364986052913356, "is_tight": 0.0, "dual_solution_value": 0.0, "scaled_age": 0.2727272727272727}, "66": {"bias": -0.31622776601683794, "objective_cosine_similarity": -0.34132023119650773, "is_tight": 0.0, "dual_solution_value": 0.0, "scaled_age": 0.2727272727272727}, "67": {"bias": -0.30151134457776363, "objective_cosine_similarity": -0.47438565792323667, "is_tight": 0.0, "dual_solution_value": 0.0, "scaled_age": 0.2727272727272727}, "68": {"bias": -0.2886751345948129, "objective_cosine_similarity": -0.49133976848252814, "is_tight": 0.0, "dual_solution_value": 0.0, "scaled_age": 0.2727272727272727}, "69": {"bias": -0.35355339059327373, "objective_cosine_similarity": -0.5371861105630555, "is_tight": 1.0, "dual_solution_value": -0.008677557154521993, "scaled_age": 0.0}, "70": {"bias": -0.35355339059327373, "objective_cosine_similarity": -0.4359133192273975, "is_tight": 0.0, "dual_solution_value": 0.0, "scaled_age": 0.2727272727272727}, "71": {"bias": -0.4082482904638631, "objective_cosine_similarity": -0.462674649901709, "is_tight": 1.0, "dual_solution_value": -0.0002006803211884363, "scaled_age": 0.0}, "72": {"bias": -0.2886751345948129, "objective_cosine_similarity": -0.40865088061595634, "is_tight": 0.0, "dual_solution_value": 0.0, "scaled_age": 0.2727272727272727}, "73": {"bias": -0.3333333333333333, "objective_cosine_similarity": -0.36255067644098765, "is_tight": 0.0, "dual_solution_value": 0.0, "scaled_age": 0.2727272727272727}, "74": {"bias": -0.4082482904638631, "objective_cosine_similarity": -0.4711485445885535, "is_tight": 0.0, "dual_solution_value": 0.0, "scaled_age": 0.06060606060606061}, "75": {"bias": -0.3333333333333333, "objective_cosine_similarity": -0.34732908315529737, "is_tight": 0.0, "dual_solution_value": 0.0, "scaled_age": 0.2727272727272727}, "76": {"bias": -0.30151134457776363, "objective_cosine_similarity": -0.3204293626077799, "is_tight": 0.0, "dual_solution_value": 0.0, "scaled_age": 0.2727272727272727}, "77": {"bias": -0.31622776601683794, "objective_cosine_similarity": -0.4095842774358093, "is_tight": 0.0, "dual_solution_value": 0.0, "scaled_age": 0.2727272727272727}, "78": {"bias": -0.35355339059327373, "objective_cosine_similarity": -0.2142873555797981, "is_tight": 0.0, "dual_solution_value": 0.0, "scaled_age": 0.2727272727272727}, "79": {"bias": -0.30151134457776363, "objective_cosine_similarity": -0.3004025274447937, "is_tight": 0.0, "dual_solution_value": 0.0, "scaled_age": 0.2727272727272727}, "80": {"bias": -0.31622776601683794, "objective_cosine_similarity": -0.42533751887564814, "is_tight": 1.0, "dual_solution_value": -1.9974275509735108e-05, "scaled_age": 0.0}, "81": {"bias": -0.3333333333333333, "objective_cosine_similarity": -0.4594153609862897, "is_tight": 1.0, "dual_solution_value": -0.0006411952589233276, "scaled_age": 0.0}, "82": {"bias": -0.35355339059327373, "objective_cosine_similarity": -0.3581240737087037, "is_tight": 1.0, "dual_solution_value": -2.4282542913635546e-05, "scaled_age": 0.0}, "83": {"bias": -0.4082482904638631, "objective_cosine_similarity": -0.3203132191627216, "is_tight": 0.0, "dual_solution_value": 0.0, "scaled_age": 0.030303030303030304}, "84": {"bias": -0.31622776601683794, "objective_cosine_similarity": -0.4292758292356078, "is_tight": 0.0, "dual_solution_value": 0.0, "scaled_age": 0.1111111111111111}, "85": {"bias": -0.30151134457776363, "objective_cosine_similarity": -0.4455970823764439, "is_tight": 0.0, "dual_solution_value": 0.0, "scaled_age": 0.2727272727272727}, "86": {"bias": -0.3333333333333333, "objective_cosine_similarity": -0.46771804823302987, "is_tight": 0.0, "dual_solution_value": 0.0, "scaled_age": 0.20202020202020202}, "87": {"bias": -0.3333333333333333, "objective_cosine_similarity": -0.3583993328176176, "is_tight": 0.0, "dual_solution_value": 0.0, "scaled_age": 0.2727272727272727}, "88": {"bias": -0.2672612419124244, "objective_cosine_similarity": -0.5691700384745891, "is_tight": 0.0, "dual_solution_value": 0.0, "scaled_age": 0.2727272727272727}, "89": {"bias": -0.2773500981126146, "objective_cosine_similarity": -0.42946308434284475, "is_tight": 0.0, "dual_solution_value": 0.0, "scaled_age": 0.2727272727272727}, "90": {"bias": -0.30151134457776363, "objective_cosine_similarity": -0.3642380645268123, "is_tight": 0.0, "dual_solution_value": 0.0, "scaled_age": 0.2727272727272727}, "91": {"bias": -0.2886751345948129, "objective_cosine_similarity": -0.4865462097656254, "is_tight": 0.0, "dual_solution_value": 0.0, "scaled_age": 0.2727272727272727}, "92": {"bias": -0.35355339059327373, "objective_cosine_similarity": -0.41976838147823464, "is_tight": 1.0, "dual_solution_value": -0.0010277265659859418, "scaled_age": 0.0}, "93": {"bias": -0.3333333333333333, "objective_cosine_similarity": -0.28229136638916597, "is_tight": 0.0, "dual_solution_value": 0.0, "scaled_age": 0.2727272727272727}, "94": {"bias": -0.30151134457776363, "objective_cosine_similarity": -0.44434540517875726, "is_tight": 0.0, "dual_solution_value": 0.0, "scaled_age": 0.2727272727272727}, "95": {"bias": -0.3333333333333333, "objective_cosine_similarity": -0.40959923750584865, "is_tight": 0.0, "dual_solution_value": 0.0, "scaled_age": 0.23232323232323232}, "96": {"bias": -0.2886751345948129, "objective_cosine_similarity": -0.3319539411455129, "is_tight": 0.0, "dual_solution_value": 0.0, "scaled_age": 0.2727272727272727}, "97": {"bias": -0.4082482904638631, "objective_cosine_similarity": -0.3152288823506149, "is_tight": 0.0, "dual_solution_value": 0.0, "scaled_age": 0.2727272727272727}, "98": {"bias": -0.2672612419124244, "objective_cosine_similarity": -0.3628042935305861, "is_tight": 0.0, "dual_solution_value": 0.0, "scaled_age": 0.2727272727272727}, "99": {"bias": -0.35355339059327373, "objective_cosine_similarity": -0.3008829307798535, "is_tight": 0.0, "dual_solution_value": 0.0, "scaled_age": 0.2727272727272727}, "100": {"bias": -0.31622776601683794, "objective_cosine_similarity": -0.5185441973946945, "is_tight": 0.0, "dual_solution_value": 0.0, "scaled_age": 0.2727272727272727}, "101": {"bias": -0.4472135954999579, "objective_cosine_similarity": -0.22092793964761606, "is_tight": 1.0, "dual_solution_value": -0.00042195200972355824, "scaled_age": 0.0}, "102": {"bias": -0.4082482904638631, "objective_cosine_similarity": -0.3745461451585263, "is_tight": 1.0, "dual_solution_value": -3.6333474521832234e-05, "scaled_age": 0.0}, "103": {"bias": -0.31622776601683794, "objective_cosine_similarity": -0.3964565762359436, "is_tight": 0.0, "dual_solution_value": 0.0, "scaled_age": 0.2727272727272727}, "104": {"bias": -0.30151134457776363, "objective_cosine_similarity": -0.39052328567823175, "is_tight": 0.0, "dual_solution_value": 0.0, "scaled_age": 0.2727272727272727}, "105": {"bias": -0.3333333333333333, "objective_cosine_similarity": -0.4012965502591085, "is_tight": 0.0, "dual_solution_value": 0.0, "scaled_age": 0.2727272727272727}, "106": {"bias": -0.2886751345948129, "objective_cosine_similarity": -0.4481977400304037, "is_tight": 0.0, "dual_solution_value": 0.0, "scaled_age": 0.2727272727272727}, "107": {"bias": -0.3333333333333333, "objective_cosine_similarity": -0.33210748986960703, "is_tight": 0.0, "dual_solution_value": 0.0, "scaled_age": 0.2727272727272727}, "108": {"bias": -0.31622776601683794, "objective_cosine_similarity": -0.46603339259523174, "is_tight": 1.0, "dual_solution_value": -0.0002825484202096951, "scaled_age": 0.0}, "109": {"bias": -0.35355339059327373, "objective_cosine_similarity": -0.3419791359595408, "is_tight": 0.0, "dual_solution_value": 0.0, "scaled_age": 0.2727272727272727}, "110": {"bias": -0.2672612419124244, "objective_cosine_similarity": -0.5336662543982016, "is_tight": 0.0, "dual_solution_value": 0.0, "scaled_age": 0.2727272727272727}, "111": {"bias": -0.7494572513637985, "objective_cosine_similarity": -0.9689209741654187, "is_tight": 1.0, "dual_solution_value": -0.011920846030872916, "scaled_age": 0.0}, "112": {"bias": -0.7457350415618453, "objective_cosine_similarity": -0.9741610854933687, "is_tight": 0.0, "dual_solution_value": -0.0, "scaled_age": 0.020202020202020204}, "113": {"bias": -0.5303300858899106, "objective_cosine_similarity": -0.8388029021496891, "is_tight": 0.0, "dual_solution_value": -0.0, "scaled_age": 0.08080808080808081}, "114": {"bias": -0.5570860145311556, "objective_cosine_similarity": -0.7678016173987329, "is_tight": 0.0, "dual_solution_value": -0.0, "scaled_age": 0.010101010101010102}, "115": {"bias": -0.6708203932499369, "objective_cosine_similarity": -0.8934585794572708, "is_tight": 1.0, "dual_solution_value": -0.00011904573637850973, "scaled_age": 0.0}, "116": {"bias": -0.6904309634237425, "objective_cosine_similarity": -0.9555964735406324, "is_tight": 0.0, "dual_solution_value": -0.0, "scaled_age": 0.06060606060606061}, "117": {"bias": -0.6984302957695782, "objective_cosine_similarity": -0.9231766508601489, "is_tight": 1.0, "dual_solution_value": -3.762599197575457e-05, "scaled_age": 0.0}, "118": {"bias": -0.7071067811865476, "objective_cosine_similarity": -0.9288581068674222, "is_tight": 1.0, "dual_solution_value": -9.095804220682882e-05, "scaled_age": 0.0}, "119": {"bias": -0.7286167394050018, "objective_cosine_similarity": -0.9613892384107018, "is_tight": 1.0, "dual_solution_value": -5.911509157691366e-05, "scaled_age": 0.0}, "120": {"bias": -0.565685424949238, "objective_cosine_similarity": -0.8019630896493265, "is_tight": 1.0, "dual_solution_value": -0.00020122463227852601, "scaled_age": 0.0}, "121": {"bias": -0.6790180953188889, "objective_cosine_similarity": -0.9475052248840914, "is_tight": 0.0, "dual_solution_value": -0.0, "scaled_age": 0.10101010101010101}, "122": {"bias": -0.6806659626466627, "objective_cosine_similarity": -0.9670601426508564, "is_tight": 0.0, "dual_solution_value": -0.0, "scaled_age": 0.10101010101010101}, "123": {"bias": -0.7304994466968237, "objective_cosine_similarity": -0.9699990670337969, "is_tight": 1.0, "dual_solution_value": -1.1681185169699815e-05, "scaled_age": 0.0}, "124": {"bias": -0.7065618047809736, "objective_cosine_similarity": -0.9578464996636235, "is_tight": 1.0, "dual_solution_value": -5.525929881080791e-06, "scaled_age": 0.0}, "125": {"bias": -0.7173421497882156, "objective_cosine_similarity": -0.9670343561026712, "is_tight": 0.0, "dual_solution_value": -0.0, "scaled_age": 0.09090909090909091}, "126": {"bias": -0.7260530589648765, "objective_cosine_similarity": -0.9700526826993849, "is_tight": 1.0, "dual_solution_value": -2.1860523995325592e-05, "scaled_age": 0.0}, "127": {"bias": -0.73010947505141, "objective_cosine_similarity": -0.9764770748677634, "is_tight": 1.0, "dual_solution_value": -6.8288415825747e-06, "scaled_age": 0.0}, "128": {"bias": -0.7262730392025629, "objective_cosine_similarity": -0.9666872446319601, "is_tight": 1.0, "dual_solution_value": -2.2454009380023283e-07, "scaled_age": 0.0}, "129": {"bias": -0.727513267291632, "objective_cosine_similarity": -0.968791042299635, "is_tight": 1.0, "dual_solution_value": -2.6439857473385655e-06, "scaled_age": 0.0}, "130": {"bias": -0.7439534834227016, "objective_cosine_similarity": -0.9769760258543742, "is_tight": 1.0, "dual_solution_value": -0.0071280258931582735, "scaled_age": 0.0}, "131": {"bias": -0.744267715087611, "objective_cosine_similarity": -0.9726300965003787, "is_tight": 1.0, "dual_solution_value": -0.0016432778759112802, "scaled_age": 0.0}, "132": {"bias": -0.7450389109978366, "objective_cosine_similarity": -0.9321339493178924, "is_tight": 0.0, "dual_solution_value": -0.0, "scaled_age": 0.030303030303030304}, "133": {"bias": -0.7445763267798224, "objective_cosine_similarity": -0.9785261582570011, "is_tight": 0.0, "dual_solution_value": -0.0, "scaled_age": 0.010101010101010102}, "134": {"bias": -0.7427440185696748, "objective_cosine_similarity": -0.951602028996528, "is_tight": 1.0, "dual_solution_value": -7.655028450985075e-07, "scaled_age": 0.0}, "135": {"bias": -0.7509627152348526, "objective_cosine_similarity": -0.9776159548046727, "is_tight": 1.0, "dual_solution_value": -0.009476785156482502, "scaled_age": 0.0}}