{"0": {"objective": 0.12482381475110253, "is_type_binary": 1.0, "is_type_integer": 0.0, "is_type_implicit_integer": 0.0, "is_type_continuous": 0.0, "has_lower_bound": 1.0, "has_upper_bound": 1.0, "normed_reduced_cost": 0.0, "solution_value": 0.7315685089602396, "solution_frac": 0.7315685089602396, "is_solution_at_lower_bound": 0.0, "is_solution_at_upper_bound": 0.0, "scaled_age": 0.0, "incumbent_value": 1.0, "average_incumbent_value": 0.9913939573581774, "is_basis_lower": 0.0, "is_basis_basic": 1.0, "is_basis_upper": 0.0, "is_basis_zero": 0.0}, "1": {"objective": 0.09178221672875186, "is_type_binary": 1.0, "is_type_integer": 0.0, "is_type_implicit_integer": 0.0, "is_type_continuous": 0.0, "has_lower_bound": 1.0, "has_upper_bound": 1.0, "normed_reduced_cost": 0.06284324606062963, "solution_value": 0.0, "solution_frac": 0.0, "is_solution_at_lower_bound": 1.0, "is_solution_at_upper_bound": 1.0, "scaled_age": 0.3, "incumbent_value": 0.0, "average_incumbent_value": 0.0, "is_basis_lower": 1.0, "is_basis_basic": 0.0, "is_basis_upper": 0.0, "is_basis_zero": 0.0}, "2": {"objective": 0.12115252608195246, "is_type_binary": 1.0, "is_type_integer": 0.0, "is_type_implicit_integer": 0.0, "is_type_continuous": 0.0, "has_lower_bound": 1.0, "has_upper_bound": 1.0, "normed_reduced_cost": 0.0, "solution_value": 0.4241039223173144, "solution_frac": 0.4241039223173144, "is_solution_at_lower_bound": 0.0, "is_solution_at_upper_bound": 0.0, "scaled_age": 0.0, "incumbent_value": 1.0, "average_incumbent_value": 0.9551051461582358, "is_basis_lower": 0.0, "is_basis_basic": 1.0, "is_basis_upper": 0.0, "is_basis_zero": 0.0}, "3": {"objective": 0.1284951034202526, "is_type_binary": 1.0, "is_type_integer": 0.0, "is_type_implicit_integer": 0.0, "is_type_continuous": 0.0, "has_lower_bound": 1.0, "has_upper_bound": 1.0, "normed_reduced_cost": 0.0, "solution_value": 0.29150316121015973, "solution_frac": 0.29150316121015973, "is_solution_at_lower_bound": 0.0, "is_solution_at_upper_bound": 0.0, "scaled_age": 0.0, "incumbent_value": 0.0, "average_incumbent_value": 0.5092504460979208, "is_basis_lower": 0.0, "is_basis_basic": 1.0, "is_basis_upper": 0.0, "is_basis_zero": 0.0}, "4": {"objective": 0.05874061870640119, "is_type_binary": 1.0, "is_type_integer": 0.0, "is_type_implicit_integer": 0.0, "is_type_continuous": 0.0, "has_lower_bound": 1.0, "has_upper_bound": 1.0, "normed_reduced_cost": 0.0, "solution_value": 0.5758960776826856, "solution_frac": 0.5758960776826856, "is_solution_at_lower_bound": 0.0, "is_solution_at_upper_bound": 0.0, "scaled_age": 0.0, "incumbent_value": 1.0, "average_incumbent_value": 0.9999999999999971, "is_basis_lower": 0.0, "is_basis_basic": 1.0, "is_basis_upper": 0.0, "is_basis_zero": 0.0}, "5": {"objective": 0.022027732014900447, "is_type_binary": 1.0, "is_type_integer": 0.0, "is_type_implicit_integer": 0.0, "is_type_continuous": 0.0, "has_lower_bound": 1.0, "has_upper_bound": 1.0, "normed_reduced_cost": 0.0, "solution_value": 0.9678800734756319, "solution_frac": 0.9678800734756319, "is_solution_at_lower_bound": 0.0, "is_solution_at_upper_bound": 0.0, "scaled_age": 0.0, "incumbent_value": 1.0, "average_incumbent_value": 0.9641740962571905, "is_basis_lower": 0.0, "is_basis_basic": 1.0, "is_basis_upper": 0.0, "is_basis_zero": 0.0}, "6": {"objective": 0.08076835072130165, "is_type_binary": 1.0, "is_type_integer": 0.0, "is_type_implicit_integer": 0.0, "is_type_continuous": 0.0, "has_lower_bound": 1.0, "has_upper_bound": 1.0, "normed_reduced_cost": 0.0, "solution_value": 0.09560802514483746, "solution_frac": 0.09560802514483746, "is_solution_at_lower_bound": 0.0, "is_solution_at_upper_bound": 0.0, "scaled_age": 0.0, "incumbent_value": 0.0, "average_incumbent_value": 0.057544203158286185, "is_basis_lower": 0.0, "is_basis_basic": 1.0, "is_basis_upper": 0.0, "is_basis_zero": 0.0}, "7": {"objective": 0.09178221672875186, "is_type_binary": 1.0, "is_type_integer": 0.0, "is_type_implicit_integer": 0.0, "is_type_continuous": 0.0, "has_lower_bound": 1.0, "has_upper_bound": 1.0, "normed_reduced_cost": 0.0, "solution_value": 0.03211992652436818, "solution_frac": 0.03211992652436818, "is_solution_at_lower_bound": 0.0, "is_solution_at_upper_bound": 0.0, "scaled_age": 0.0, "incumbent_value": 0.0, "average_incumbent_value": 0.5537779351646307, "is_basis_lower": 0.0, "is_basis_basic": 1.0, "is_basis_upper": 0.0, "is_basis_zero": 0.0}, "8": {"objective": 0.23496247482560476, "is_type_binary": 1.0, "is_type_integer": 0.0, "is_type_implicit_integer": 0.0, "is_type_continuous": 0.0, "has_lower_bound": 1.0, "has_upper_bound": 1.0, "normed_reduced_cost": 0.0, "solution_value": 0.43894733724763824, "solution_frac": 0.43894733724763824, "is_solution_at_lower_bound": 0.0, "is_solution_at_upper_bound": 0.0, "scaled_age": 0.0, "incumbent_value": 0.0, "average_incumbent_value": 0.5177896585550664, "is_basis_lower": 0.0, "is_basis_basic": 1.0, "is_basis_upper": 0.0, "is_basis_zero": 0.0}, "9": {"objective": 0.23496247482560476, "is_type_binary": 1.0, "is_type_integer": 0.0, "is_type_implicit_integer": 0.0, "is_type_continuous": 0.0, "has_lower_bound": 1.0, "has_upper_bound": 1.0, "normed_reduced_cost": 0.0, "solution_value": 0.0, "solution_frac": 0.0, "is_solution_at_lower_bound": 1.0, "is_solution_at_upper_bound": 0.0, "scaled_age": 0.014285714285714285, "incumbent_value": 0.0, "average_incumbent_value": 0.03174221046468334, "is_basis_lower": 0.0, "is_basis_basic": 1.0, "is_basis_upper": 0.0, "is_basis_zero": 0.0}, "10": {"objective": 0.05506933003725112, "is_type_binary": 1.0, "is_type_integer": 0.0, "is_type_implicit_integer": 0.0, "is_type_continuous": 0.0, "has_lower_bound": 1.0, "has_upper_bound": 1.0, "normed_reduced_cost": 0.0, "solution_value": 0.7315685089602396, "solution_frac": 0.7315685089602396, "is_solution_at_lower_bound": 0.0, "is_solution_at_upper_bound": 0.0, "scaled_age": 0.0, "incumbent_value": 1.0, "average_incumbent_value": 0.9641740962571905, "is_basis_lower": 0.0, "is_basis_basic": 1.0, "is_basis_upper": 0.0, "is_basis_zero": 0.0}, "11": {"objective": 0.09545350539790194, "is_type_binary": 1.0, "is_type_integer": 0.0, "is_type_implicit_integer": 0.0, "is_type_continuous": 0.0, "has_lower_bound": 1.0, "has_upper_bound": 1.0, "normed_reduced_cost": 0.0, "solution_value": 0.5118952615097474, "solution_frac": 0.5118952615097474, "is_solution_at_lower_bound": 0.0, "is_solution_at_upper_bound": 0.0, "scaled_age": 0.0, "incumbent_value": 1.0, "average_incumbent_value": 0.9554660155617397, "is_basis_lower": 0.0, "is_basis_basic": 1.0, "is_basis_upper": 0.0, "is_basis_zero": 0.0}, "12": {"objective": 0.29737438220115603, "is_type_binary": 1.0, "is_type_integer": 0.0, "is_type_implicit_integer": 0.0, "is_type_continuous": 0.0, "has_lower_bound": 1.0, "has_upper_bound": 1.0, "normed_reduced_cost": 0.003873980358861174, "solution_value": 0.0, "solution_frac": 0.0, "is_solution_at_lower_bound": 1.0, "is_solution_at_upper_bound": 0.0, "scaled_age": 0.3, "incumbent_value": 0.0, "average_incumbent_value": 0.06714925637448996, "is_basis_lower": 1.0, "is_basis_basic": 0.0, "is_basis_upper": 0.0, "is_basis_zero": 0.0}, "13": {"objective": 0.09545350539790194, "is_type_binary": 1.0, "is_type_integer": 0.0, "is_type_implicit_integer": 0.0, "is_type_continuous": 0.0, "has_lower_bound": 1.0, "has_upper_bound": 1.0, "normed_reduced_cost": 0.0, "solution_value": 0.17141770540143664, "solution_frac": 0.17141770540143664, "is_solution_at_lower_bound": 0.0, "is_solution_at_upper_bound": 0.0, "scaled_age": 0.0, "incumbent_value": 0.0, "average_incumbent_value": 0.9622515044722306, "is_basis_lower": 0.0, "is_basis_basic": 1.0, "is_basis_upper": 0.0, "is_basis_zero": 0.0}, "14": {"objective": 0.05506933003725112, "is_type_binary": 1.0, "is_type_integer": 0.0, "is_type_implicit_integer": 0.0, "is_type_continuous": 0.0, "has_lower_bound": 1.0, "has_upper_bound": 1.0, "normed_reduced_cost": 0.0, "solution_value": 0.3232010445142663, "solution_frac": 0.3232010445142663, "is_solution_at_lower_bound": 0.0, "is_solution_at_upper_bound": 0.0, "scaled_age": 0.0, "incumbent_value": 0.0, "average_incumbent_value": 0.9861828001829733, "is_basis_lower": 0.0, "is_basis_basic": 1.0, "is_basis_upper": 0.0, "is_basis_zero": 0.0}, "15": {"objective": 0.07342577338300149, "is_type_binary": 1.0, "is_type_integer": 0.0, "is_type_implicit_integer": 0.0, "is_type_continuous": 0.0, "has_lower_bound": 1.0, "has_upper_bound": 1.0, "normed_reduced_cost": 0.0, "solution_value": 0.01173040590574459, "solution_frac": 0.01173040590574459, "is_solution_at_lower_bound": 0.0, "is_solution_at_upper_bound": 0.0, "scaled_age": 0.0, "incumbent_value": 0.0, "average_incumbent_value": 0.5430826250445365, "is_basis_lower": 0.0, "is_basis_basic": 1.0, "is_basis_upper": 0.0, "is_basis_zero": 0.0}, "16": {"objective": 0.04038417536065082, "is_type_binary": 1.0, "is_type_integer": 0.0, "is_type_implicit_integer": 0.0, "is_type_continuous": 0.0, "has_lower_bound": 1.0, "has_upper_bound": 1.0, "normed_reduced_cost": 0.0, "solution_value": 0.3723584457568807, "solution_frac": 0.3723584457568807, "is_solution_at_lower_bound": 0.0, "is_solution_at_upper_bound": 0.0, "scaled_age": 0.0, "incumbent_value": 0.0, "average_incumbent_value": 0.9544009294359532, "is_basis_lower": 0.0, "is_basis_basic": 1.0, "is_basis_upper": 0.0, "is_basis_zero": 0.0}, "17": {"objective": 0.31940211421605647, "is_type_binary": 1.0, "is_type_integer": 0.0, "is_type_implicit_integer": 0.0, "is_type_continuous": 0.0, "has_lower_bound": 1.0, "has_upper_bound": 1.0, "normed_reduced_cost": 0.0, "solution_value": 0.04915740124261442, "solution_frac": 0.04915740124261442, "is_solution_at_lower_bound": 0.0, "is_solution_at_upper_bound": 0.0, "scaled_age": 0.0, "incumbent_value": 0.0, "average_incumbent_value": 0.06003527755322733, "is_basis_lower": 0.0, "is_basis_basic": 1.0, "is_basis_upper": 0.0, "is_basis_zero": 0.0}, "18": {"objective": 0.04038417536065082, "is_type_binary": 1.0, "is_type_integer": 0.0, "is_type_implicit_integer": 0.0, "is_type_continuous": 0.0, "has_lower_bound": 1.0, "has_upper_bound": 1.0, "normed_reduced_cost": 0.0, "solution_value": 0.036125978489964294, "solution_frac": 0.036125978489964294, "is_solution_at_lower_bound": 0.0, "is_solution_at_upper_bound": 0.0, "scaled_age": 0.0, "incumbent_value": 0.0, "average_incumbent_value": 0.3111011791953029, "is_basis_lower": 0.0, "is_basis_basic": 1.0, "is_basis_upper": 0.0, "is_basis_zero": 0.0}, "19": {"objective": 0.11748123741280238, "is_type_binary": 1.0, "is_type_integer": 0.0, "is_type_implicit_integer": 0.0, "is_type_continuous": 0.0, "has_lower_bound": 1.0, "has_upper_bound": 1.0, "normed_reduced_cost": 0.0, "solution_value": 0.8447145102215017, "solution_frac": 0.8447145102215017, "is_solution_at_lower_bound": 0.0, "is_solution_at_upper_bound": 0.0, "scaled_age": 0.0, "incumbent_value": 1.0, "average_incumbent_value": 0.9999822604753812, "is_basis_lower": 0.0, "is_basis_basic": 1.0, "is_basis_upper": 0.0, "is_basis_zero": 0.0}, "20": {"objective": 0.23863376349475485, "is_type_binary": 1.0, "is_type_integer": 0.0, "is_type_implicit_integer": 0.0, "is_type_continuous": 0.0, "has_lower_bound": 1.0, "has_upper_bound": 1.0, "normed_reduced_cost": 0.0, "solution_value": 0.03211992652436818, "solution_frac": 0.03211992652436818, "is_solution_at_lower_bound": 0.0, "is_solution_at_upper_bound": 0.0, "scaled_age": 0.0, "incumbent_value": 0.0, "average_incumbent_value": 0.30438532932678, "is_basis_lower": 0.0, "is_basis_basic": 1.0, "is_basis_upper": 0.0, "is_basis_zero": 0.0}, "21": {"objective": 0.036712886691500746, "is_type_binary": 1.0, "is_type_integer": 0.0, "is_type_implicit_integer": 0.0, "is_type_continuous": 0.0, "has_lower_bound": 1.0, "has_upper_bound": 1.0, "normed_reduced_cost": 0.0, "solution_value": 0.9508425987573856, "solution_frac": 0.9508425987573856, "is_solution_at_lower_bound": 0.0, "is_solution_at_upper_bound": 0.0, "scaled_age": 0.0, "incumbent_value": 1.0, "average_incumbent_value": 0.9998771337543843, "is_basis_lower": 0.0, "is_basis_basic": 1.0, "is_basis_upper": 0.0, "is_basis_zero": 0.0}, "22": {"objective": 0.1725505674500535, "is_type_binary": 1.0, "is_type_integer": 0.0, "is_type_implicit_integer": 0.0, "is_type_continuous": 0.0, "has_lower_bound": 1.0, "has_upper_bound": 1.0, "normed_reduced_cost": 0.0, "solution_value": 0.6408559833402324, "solution_frac": 0.6408559833402324, "is_solution_at_lower_bound": 0.0, "is_solution_at_upper_bound": 0.0, "scaled_age": 0.0, "incumbent_value": 1.0, "average_incumbent_value": 0.9999999999999971, "is_basis_lower": 0.0, "is_basis_basic": 1.0, "is_basis_upper": 0.0, "is_basis_zero": 0.0}, "23": {"objective": 0.029370309353200594, "is_type_binary": 1.0, "is_type_integer": 0.0, "is_type_implicit_integer": 0.0, "is_type_continuous": 0.0, "has_lower_bound": 1.0, "has_upper_bound": 1.0, "normed_reduced_cost": 0.0, "solution_value": 0.24778712200926434, "solution_frac": 0.24778712200926434, "is_solution_at_lower_bound": 0.0, "is_solution_at_upper_bound": 0.0, "scaled_age": 0.0, "incumbent_value": 0.0, "average_incumbent_value": 0.5096510021973918, "is_basis_lower": 0.0, "is_basis_basic": 1.0, "is_basis_upper": 0.0, "is_basis_zero": 0.0}, "24": {"objective": 0.11748123741280238, "is_type_binary": 1.0, "is_type_integer": 0.0, "is_type_implicit_integer": 0.0, "is_type_continuous": 0.0, "has_lower_bound": 1.0, "has_upper_bound": 1.0, "normed_reduced_cost": 0.0, "solution_value": 0.05967746463366086, "solution_frac": 0.05967746463366086, "is_solution_at_lower_bound": 0.0, "is_solution_at_upper_bound": 0.0, "scaled_age": 0.0, "incumbent_value": 0.0, "average_incumbent_value": 0.9894954670783429, "is_basis_lower": 0.0, "is_basis_basic": 1.0, "is_basis_upper": 0.0, "is_basis_zero": 0.0}, "25": {"objective": 0.20926345414155426, "is_type_binary": 1.0, "is_type_integer": 0.0, "is_type_implicit_integer": 0.0, "is_type_continuous": 0.0, "has_lower_bound": 1.0, "has_upper_bound": 1.0, "normed_reduced_cost": 0.0, "solution_value": 0.09071252562000717, "solution_frac": 0.09071252562000717, "is_solution_at_lower_bound": 0.0, "is_solution_at_upper_bound": 0.0, "scaled_age": 0.0, "incumbent_value": 0.0, "average_incumbent_value": 0.6082908178246602, "is_basis_lower": 0.0, "is_basis_basic": 1.0, "is_basis_upper": 0.0, "is_basis_zero": 0.0}, "26": {"objective": 0.022027732014900447, "is_type_binary": 1.0, "is_type_integer": 0.0, "is_type_implicit_integer": 0.0, "is_type_continuous": 0.0, "has_lower_bound": 1.0, "has_upper_bound": 1.0, "normed_reduced_cost": 0.022027732014900447, "solution_value": 0.0, "solution_frac": 0.0, "is_solution_at_lower_bound": 1.0, "is_solution_at_upper_bound": 1.0, "scaled_age": 0.3, "incumbent_value": 0.0, "average_incumbent_value": 0.0, "is_basis_lower": 1.0, "is_basis_basic": 0.0, "is_basis_upper": 0.0, "is_basis_zero": 0.0}, "27": {"objective": 0.25331891817135516, "is_type_binary": 1.0, "is_type_integer": 0.0, "is_type_implicit_integer": 0.0, "is_type_continuous": 0.0, "has_lower_bound": 1.0, "has_upper_bound": 1.0, "normed_reduced_cost": 0.0, "solution_value": 0.1208703552014101, "solution_frac": 0.1208703552014101, "is_solution_at_lower_bound": 0.0, "is_solution_at_upper_bound": 0.0, "scaled_age": 0.0, "incumbent_value": 0.0, "average_incumbent_value": 0.023378283699345987, "is_basis_lower": 0.0, "is_basis_basic": 1.0, "is_basis_upper": 0.0, "is_basis_zero": 0.0}, "28": {"objective": 0.08076835072130165, "is_type_binary": 1.0, "is_type_integer": 0.0, "is_type_implicit_integer": 0.0, "is_type_continuous": 0.0, "has_lower_bound": 1.0, "has_upper_bound": 1.0, "normed_reduced_cost": 0.0, "solution_value": 0.16448165075572477, "solution_frac": 0.16448165075572477, "is_solution_at_lower_bound": 0.0, "is_solution_at_upper_bound": 0.0, "scaled_age": 0.0, "incumbent_value": 0.0, "average_incumbent_value": 0.4849227605160447, "is_basis_lower": 0.0, "is_basis_basic": 1.0, "is_basis_upper": 0.0, "is_basis_zero": 0.0}, "29": {"objective": 0.22027732014900447, "is_type_binary": 1.0, "is_type_integer": 0.0, "is_type_implicit_integer": 0.0, "is_type_continuous": 0.0, "has_lower_bound": 1.0, "has_upper_bound": 1.0, "normed_reduced_cost": 0.0020719366352712175, "solution_value": 0.0, "solution_frac": 0.0, "is_solution_at_lower_bound": 1.0, "is_solution_at_upper_bound": 0.0, "scaled_age": 0.3, "incumbent_value": 0.0, "average_incumbent_value": 0.3493245706687983, "is_basis_lower": 1.0, "is_basis_basic": 0.0, "is_basis_upper": 0.0, "is_basis_zero": 0.0}, "30": {"objective": 0.19457829946495395, "is_type_binary": 1.0, "is_type_integer": 0.0, "is_type_implicit_integer": 0.0, "is_type_continuous": 0.0, "has_lower_bound": 1.0, "has_upper_bound": 1.0, "normed_reduced_cost": 0.0, "solution_value": 0.1475611358383503, "solution_frac": 0.1475611358383503, "is_solution_at_lower_bound": 0.0, "is_solution_at_upper_bound": 0.0, "scaled_age": 0.0, "incumbent_value": 0.0, "average_incumbent_value": 0.9813694305683327, "is_basis_lower": 0.0, "is_basis_basic": 1.0, "is_basis_upper": 0.0, "is_basis_zero": 0.0}, "31": {"objective": 0.24964762950220507, "is_type_binary": 1.0, "is_type_integer": 0.0, "is_type_implicit_integer": 0.0, "is_type_continuous": 0.0, "has_lower_bound": 1.0, "has_upper_bound": 1.0, "normed_reduced_cost": -0.0016514135094156906, "solution_value": 0.0, "solution_frac": 0.0, "is_solution_at_lower_bound": 1.0, "is_solution_at_upper_bound": 1.0, "scaled_age": 0.0, "incumbent_value": 0.0, "average_incumbent_value": 0.0, "is_basis_lower": 1.0, "is_basis_basic": 0.0, "is_basis_upper": 0.0, "is_basis_zero": 0.0}, "32": {"objective": 0.06608319604470134, "is_type_binary": 1.0, "is_type_integer": 0.0, "is_type_implicit_integer": 0.0, "is_type_continuous": 0.0, "has_lower_bound": 1.0, "has_upper_bound": 1.0, "normed_reduced_cost": 0.0, "solution_value": 0.41237351641156983, "solution_frac": 0.41237351641156983, "is_solution_at_lower_bound": 0.0, "is_solution_at_upper_bound": 0.0, "scaled_age": 0.0, "incumbent_value": 0.0, "average_incumbent_value": 0.5451213656446745, "is_basis_lower": 0.0, "is_basis_basic": 1.0, "is_basis_upper": 0.0, "is_basis_zero": 0.0}, "33": {"objective": 0.02569902068405052, "is_type_binary": 1.0, "is_type_integer": 0.0, "is_type_implicit_integer": 0.0, "is_type_continuous": 0.0, "has_lower_bound": 1.0, "has_upper_bound": 1.0, "normed_reduced_cost": 0.0, "solution_value": 0.5369290286231119, "solution_frac": 0.5369290286231119, "is_solution_at_lower_bound": 0.0, "is_solution_at_upper_bound": 0.0, "scaled_age": 0.0, "incumbent_value": 1.0, "average_incumbent_value": 0.9999999999999971, "is_basis_lower": 0.0, "is_basis_basic": 1.0, "is_basis_upper": 0.0, "is_basis_zero": 0.0}, "34": {"objective": 0.10279608273620208, "is_type_binary": 1.0, "is_type_integer": 0.0, "is_type_implicit_integer": 0.0, "is_type_continuous": 0.0, "has_lower_bound": 1.0, "has_upper_bound": 1.0, "normed_reduced_cost": 0.0, "solution_value": 0.030157829581402895, "solution_frac": 0.030157829581402895, "is_solution_at_lower_bound": 0.0, "is_solution_at_upper_bound": 0.0, "scaled_age": 0.0, "incumbent_value": 0.0, "average_incumbent_value": 0.5088246023594363, "is_basis_lower": 0.0, "is_basis_basic": 1.0, "is_basis_upper": 0.0, "is_basis_zero": 0.0}, "35": {"objective": 0.018356443345750373, "is_type_binary": 1.0, "is_type_integer": 0.0, "is_type_implicit_integer": 0.0, "is_type_continuous": 0.0, "has_lower_bound": 1.0, "has_upper_bound": 1.0, "normed_reduced_cost": -0.000331220441350537, "solution_value": 1.0, "solution_frac": 0.0, "is_solution_at_lower_bound": 0.0, "is_solution_at_upper_bound": 1.0, "scaled_age": 0.0, "incumbent_value": 1.0, "average_incumbent_value": 0.9999999999999971, "is_basis_lower": 0.0, "is_basis_basic": 0.0, "is_basis_upper": 1.0, "is_basis_zero": 0.0}, "36": {"objective": 0.13950896942770283, "is_type_binary": 1.0, "is_type_integer": 0.0, "is_type_implicit_integer": 0.0, "is_type_continuous": 0.0, "has_lower_bound": 1.0, "has_upper_bound": 1.0, "normed_reduced_cost": 0.0, "solution_value": 0.5118952615097474, "solution_frac": 0.5118952615097474, "is_solution_at_lower_bound": 0.0, "is_solution_at_upper_bound": 0.0, "scaled_age": 0.0, "incumbent_value": 1.0, "average_incumbent_value": 0.9912122169656992, "is_basis_lower": 0.0, "is_basis_basic": 1.0, "is_basis_upper": 0.0, "is_basis_zero": 0.0}, "37": {"objective": 0.20926345414155426, "is_type_binary": 1.0, "is_type_integer": 0.0, "is_type_implicit_integer": 0.0, "is_type_continuous": 0.0, "has_lower_bound": 1.0, "has_upper_bound": 1.0, "normed_reduced_cost": 0.0056467897443451855, "solution_value": 0.0, "solution_frac": 0.0, "is_solution_at_lower_bound": 1.0, "is_solution_at_upper_bound": 0.0, "scaled_age": 0.3, "incumbent_value": 0.0, "average_incumbent_value": 1.4314054638107434e-15, "is_basis_lower": 1.0, "is_basis_basic": 0.0, "is_basis_upper": 0.0, "is_basis_zero": 0.0}, "38": {"objective": 0.029370309353200594, "is_type_binary": 1.0, "is_type_integer": 0.0, "is_type_implicit_integer": 0.0, "is_type_continuous": 0.0, "has_lower_bound": 1.0, "has_upper_bound": 1.0, "normed_reduced_cost": 0.0, "solution_value": 0.9581117645128525, "solution_frac": 0.9581117645128525, "is_solution_at_lower_bound": 0.0, "is_solution_at_upper_bound": 0.0, "scaled_age": 0.0, "incumbent_value": 1.0, "average_incumbent_value": 0.9913939573581774, "is_basis_lower": 0.0, "is_basis_basic": 1.0, "is_basis_upper": 0.0, "is_basis_zero": 0.0}, "39": {"objective": 0.1578654127734532, "is_type_binary": 1.0, "is_type_integer": 0.0, "is_type_implicit_integer": 0.0, "is_type_continuous": 0.0, "has_lower_bound": 1.0, "has_upper_bound": 1.0, "normed_reduced_cost": 0.0, "solution_value": 0.555506557064062, "solution_frac": 0.555506557064062, "is_solution_at_lower_bound": 0.0, "is_solution_at_upper_bound": 0.0, "scaled_age": 0.0, "incumbent_value": 1.0, "average_incumbent_value": 0.9998802224217502, "is_basis_lower": 0.0, "is_basis_basic": 1.0, "is_basis_upper": 0.0, "is_basis_zero": 0.0}, "40": {"objective": 0.06608319604470134, "is_type_binary": 1.0, "is_type_integer": 0.0, "is_type_implicit_integer": 0.0, "is_type_continuous": 0.0, "has_lower_bound": 1.0, "has_upper_bound": 1.0, "normed_reduced_cost": 0.0, "solution_value": 0.9678800734756319, "solution_frac": 0.9678800734756319, "is_solution_at_lower_bound": 0.0, "is_solution_at_upper_bound": 0.0, "scaled_age": 0.0, "incumbent_value": 1.0, "average_incumbent_value": 0.9998575423325868, "is_basis_lower": 0.0, "is_basis_basic": 1.0, "is_basis_upper": 0.0, "is_basis_zero": 0.0}, "41": {"objective": 0.06608319604470134, "is_type_binary": 1.0, "is_type_integer": 0.0, "is_type_implicit_integer": 0.0, "is_type_continuous": 0.0, "has_lower_bound": 1.0, "has_upper_bound": 1.0, "normed_reduced_cost": 0.0, "solution_value": 0.4692552715943327, "solution_frac": 0.4692552715943327, "is_solution_at_lower_bound": 0.0, "is_solution_at_upper_bound": 0.0, "scaled_age": 0.0, "incumbent_value": 1.0, "average_incumbent_value": 0.9913939573581803, "is_basis_lower": 0.0, "is_basis_basic": 1.0, "is_basis_upper": 0.0, "is_basis_zero": 0.0}, "42": {"objective": 0.12482381475110253, "is_type_binary": 1.0, "is_type_integer": 0.0, "is_type_implicit_integer": 0.0, "is_type_continuous": 0.0, "has_lower_bound": 1.0, "has_upper_bound": 1.0, "normed_reduced_cost": 0.0, "solution_value": 0.03211992652436818, "solution_frac": 0.03211992652436818, "is_solution_at_lower_bound": 0.0, "is_solution_at_upper_bound": 0.0, "scaled_age": 0.0, "incumbent_value": 0.0, "average_incumbent_value": 0.7316090968247809, "is_basis_lower": 0.0, "is_basis_basic": 1.0, "is_basis_upper": 0.0, "is_basis_zero": 0.0}, "43": {"objective": 0.2312911861564547, "is_type_binary": 1.0, "is_type_integer": 0.0, "is_type_implicit_integer": 0.0, "is_type_continuous": 0.0, "has_lower_bound": 1.0, "has_upper_bound": 1.0, "normed_reduced_cost": 0.0, "solution_value": 0.2684314910397604, "solution_frac": 0.2684314910397604, "is_solution_at_lower_bound": 0.0, "is_solution_at_upper_bound": 0.0, "scaled_age": 0.0, "incumbent_value": 0.0, "average_incumbent_value": 0.9980927940958351, "is_basis_lower": 0.0, "is_basis_basic": 1.0, "is_basis_upper": 0.0, "is_basis_zero": 0.0}, "44": {"objective": 0.05506933003725112, "is_type_binary": 1.0, "is_type_integer": 0.0, "is_type_implicit_integer": 0.0, "is_type_continuous": 0.0, "has_lower_bound": 1.0, "has_upper_bound": 1.0, "normed_reduced_cost": 0.0, "solution_value": 0.2117658871658803, "solution_frac": 0.2117658871658803, "is_solution_at_lower_bound": 0.0, "is_solution_at_upper_bound": 0.0, "scaled_age": 0.0, "incumbent_value": 0.0, "average_incumbent_value": 0.9945252600619774, "is_basis_lower": 0.0, "is_basis_basic": 1.0, "is_basis_upper": 0.0, "is_basis_zero": 0.0}, "45": {"objective": 0.1615367014426033, "is_type_binary": 1.0, "is_type_integer": 0.0, "is_type_implicit_integer": 0.0, "is_type_continuous": 0.0, "has_lower_bound": 1.0, "has_upper_bound": 1.0, "normed_reduced_cost": 0.03427456199434469, "solution_value": 0.0, "solution_frac": 0.0, "is_solution_at_lower_bound": 1.0, "is_solution_at_upper_bound": 1.0, "scaled_age": 0.3, "incumbent_value": 0.0, "average_incumbent_value": 0.0, "is_basis_lower": 1.0, "is_basis_basic": 0.0, "is_basis_upper": 0.0, "is_basis_zero": 0.0}}