{"0": {"bias": -0.8111071056538127, "objective_cosine_similarity": -0.7692259383600496, "is_tight": 1.0, "dual_solution_value": -8.050443390055004e-06, "scaled_age": 0.0}, "1": {"bias": -0.7071067811865476, "objective_cosine_similarity": -0.6595233364227614, "is_tight": 0.0, "dual_solution_value": -0.0, "scaled_age": 0.06766917293233082}, "2": {"bias": -0.8703882797784892, "objective_cosine_similarity": -0.7762630742254286, "is_tight": 1.0, "dual_solution_value": -1.2006516910531199e-05, "scaled_age": 0.0}, "3": {"bias": -0.5773502691896258, "objective_cosine_similarity": -0.4667642534394795, "is_tight": 1.0, "dual_solution_value": -0.0014150681676409328, "scaled_age": 0.0}, "4": {"bias": -0.7071067811865476, "objective_cosine_similarity": -0.6482905788681159, "is_tight": 0.0, "dual_solution_value": -0.0, "scaled_age": 0.06015037593984962}, "5": {"bias": -1.1399527998065544, "objective_cosine_similarity": -0.8629138365302761, "is_tight": 0.0, "dual_solution_value": -0.0, "scaled_age": 0.09022556390977443}, "6": {"bias": -1.0187831575608464, "objective_cosine_similarity": -0.881741129809896, "is_tight": 1.0, "dual_solution_value": -1.931320327436927e-08, "scaled_age": 0.0}, "7": {"bias": -1.162772853011638, "objective_cosine_similarity": -0.8300753200921577, "is_tight": 1.0, "dual_solution_value": -6.597983303092322e-07, "scaled_age": 0.0}, "8": {"bias": -0.75, "objective_cosine_similarity": -0.5854948091100259, "is_tight": 0.0, "dual_solution_value": -0.0, "scaled_age": 0.03759398496240601}, "9": {"bias": -1.1468292773139113, "objective_cosine_similarity": -0.9372794381754356, "is_tight": 0.0, "dual_solution_value": -0.0, "scaled_age": 0.045112781954887216}, "10": {"bias": -1.1512943346800044, "objective_cosine_similarity": -0.9343018758160521, "is_tight": 0.0, "dual_solution_value": -0.0, "scaled_age": 0.09774436090225563}, "11": {"bias": -1.1149666743591518, "objective_cosine_similarity": -0.9278005080611115, "is_tight": 0.0, "dual_solution_value": -0.0, "scaled_age": 0.07518796992481203}, "12": {"bias": -1.041511287846591, "objective_cosine_similarity": -0.8096683139655072, "is_tight": 1.0, "dual_solution_value": -1.0677265692238277e-05, "scaled_age": 0.0}, "13": {"bias": -0.7302967433402214, "objective_cosine_similarity": -0.576742493848095, "is_tight": 1.0, "dual_solution_value": -5.2783938075245084e-06, "scaled_age": 0.0}, "14": {"bias": -0.9486832980505138, "objective_cosine_similarity": -0.7971125832979379, "is_tight": 1.0, "dual_solution_value": -0.0002908047917855757, "scaled_age": 0.0}, "15": {"bias": -0.6666666666666666, "objective_cosine_similarity": -0.5843601292474095, "is_tight": 1.0, "dual_solution_value": -0.003248825068645192, "scaled_age": 0.0}, "16": {"bias": -1.0776318121606494, "objective_cosine_similarity": -0.9182981045466471, "is_tight": 0.0, "dual_solution_value": -0.0, "scaled_age": 0.03759398496240601}, "17": {"bias": -1.187165331333234, "objective_cosine_similarity": -0.9590103046796593, "is_tight": 0.0, "dual_solution_value": 0.0, "scaled_age": 0.09022556390977443}, "18": {"bias": -1.2370269645892287, "objective_cosine_similarity": -0.9413315819755529, "is_tight": 0.0, "dual_solution_value": 0.0, "scaled_age": 0.08270676691729323}, "19": {"bias": -1.2342605771669792, "objective_cosine_similarity": -0.9263853815569362, "is_tight": 0.0, "dual_solution_value": 0.0, "scaled_age": 0.09774436090225563}, "20": {"bias": -1.1975553869699946, "objective_cosine_similarity": -0.9373554320509294, "is_tight": 0.0, "dual_solution_value": 0.0, "scaled_age": 0.08270676691729323}, "21": {"bias": -1.187681231973546, "objective_cosine_similarity": -0.9547849044262855, "is_tight": 0.0, "dual_solution_value": 0.0, "scaled_age": 0.022556390977443608}, "22": {"bias": -1.2092330781776874, "objective_cosine_similarity": -0.9056698493118244, "is_tight": 1.0, "dual_solution_value": -0.002344065471483753, "scaled_age": 0.0}, "23": {"bias": -1.2075794042110044, "objective_cosine_similarity": -0.9556605475273432, "is_tight": 0.0, "dual_solution_value": 0.0, "scaled_age": 0.08270676691729323}, "24": {"bias": -1.2078280039171962, "objective_cosine_similarity": -0.9285919724013789, "is_tight": 1.0, "dual_solution_value": -2.200006780827843e-06, "scaled_age": 0.0}, "25": {"bias": -0.5, "objective_cosine_similarity": -0.14637370227750648, "is_tight": 0.0, "dual_solution_value": 0.0, "scaled_age": 0.03759398496240601}, "26": {"bias": -0.5, "objective_cosine_similarity": -0.06297473237520627, "is_tight": 0.0, "dual_solution_value": 0.0, "scaled_age": 0.17293233082706766}, "27": {"bias": -0.5, "objective_cosine_similarity": -0.23658075135550466, "is_tight": 1.0, "dual_solution_value": -0.001343772972093844, "scaled_age": 0.0}, "28": {"bias": -0.4472135954999579, "objective_cosine_similarity": -0.38515019417645363, "is_tight": 1.0, "dual_solution_value": -0.022517954522737225, "scaled_age": 0.0}, "29": {"bias": -0.5, "objective_cosine_similarity": -0.21275247424056173, "is_tight": 1.0, "dual_solution_value": -0.005476061630962482, "scaled_age": 0.0}, "30": {"bias": -0.4082482904638631, "objective_cosine_similarity": -0.2028952279919567, "is_tight": 0.0, "dual_solution_value": 0.0, "scaled_age": 0.17293233082706766}, "31": {"bias": -0.5, "objective_cosine_similarity": -0.28764134517323947, "is_tight": 0.0, "dual_solution_value": 0.0, "scaled_age": 0.17293233082706766}, "32": {"bias": -0.3779644730092272, "objective_cosine_similarity": -0.42457998954488363, "is_tight": 0.0, "dual_solution_value": 0.0, "scaled_age": 0.17293233082706766}, "33": {"bias": -0.5, "objective_cosine_similarity": -0.14977774186535547, "is_tight": 0.0, "dual_solution_value": 0.0, "scaled_age": 0.17293233082706766}, "34": {"bias": -0.4472135954999579, "objective_cosine_similarity": -0.15223327833061406, "is_tight": 0.0, "dual_solution_value": 0.0, "scaled_age": 0.17293233082706766}, "35": {"bias": -0.4472135954999579, "objective_cosine_similarity": -0.3044665566612281, "is_tight": 1.0, "dual_solution_value": -0.012719840398585364, "scaled_age": 0.0}, "36": {"bias": -0.4082482904638631, "objective_cosine_similarity": -0.24041694823704457, "is_tight": 0.0, "dual_solution_value": 0.0, "scaled_age": 0.17293233082706766}, "37": {"bias": -0.31622776601683794, "objective_cosine_similarity": -0.3982871786903944, "is_tight": 0.0, "dual_solution_value": 0.0, "scaled_age": 0.17293233082706766}, "38": {"bias": -0.3779644730092272, "objective_cosine_similarity": -0.36539611221438467, "is_tight": 0.0, "dual_solution_value": 0.0, "scaled_age": 0.17293233082706766}, "39": {"bias": -0.5773502691896258, "objective_cosine_similarity": -0.2279774879957037, "is_tight": 0.0, "dual_solution_value": 0.0, "scaled_age": 0.09774436090225563}, "40": {"bias": -0.3333333333333333, "objective_cosine_similarity": -0.3290571601587355, "is_tight": 0.0, "dual_solution_value": 0.0, "scaled_age": 0.17293233082706766}, "41": {"bias": -0.5, "objective_cosine_similarity": -0.38465647342693565, "is_tight": 1.0, "dual_solution_value": -0.03140236150562344, "scaled_age": 0.0}, "42": {"bias": -0.4472135954999579, "objective_cosine_similarity": -0.19333626347987987, "is_tight": 0.0, "dual_solution_value": 0.0, "scaled_age": 0.17293233082706766}, "43": {"bias": -0.4082482904638631, "objective_cosine_similarity": -0.38216566916293215, "is_tight": 0.0, "dual_solution_value": 0.0, "scaled_age": 0.03007518796992481}, "44": {"bias": -0.5, "objective_cosine_similarity": -0.2246666127980332, "is_tight": 0.0, "dual_solution_value": 0.0, "scaled_age": 0.12030075187969924}, "45": {"bias": -0.4082482904638631, "objective_cosine_similarity": -0.2431963349218659, "is_tight": 0.0, "dual_solution_value": 0.0, "scaled_age": 0.17293233082706766}, "46": {"bias": -0.4472135954999579, "objective_cosine_similarity": -0.16136727503045092, "is_tight": 0.0, "dual_solution_value": 0.0, "scaled_age": 0.17293233082706766}, "47": {"bias": -0.4472135954999579, "objective_cosine_similarity": -0.22073825357939042, "is_tight": 0.0, "dual_solution_value": 0.0, "scaled_age": 0.13533834586466165}, "48": {"bias": -0.4082482904638631, "objective_cosine_similarity": -0.316850082069631, "is_tight": 0.0, "dual_solution_value": 0.0, "scaled_age": 0.07518796992481203}, "49": {"bias": -0.4472135954999579, "objective_cosine_similarity": -0.36079286964355534, "is_tight": 0.0, "dual_solution_value": 0.0, "scaled_age": 0.09774436090225563}, "50": {"bias": -0.4082482904638631, "objective_cosine_similarity": -0.22235093478570597, "is_tight": 0.0, "dual_solution_value": 0.0, "scaled_age": 0.17293233082706766}, "51": {"bias": -0.3779644730092272, "objective_cosine_similarity": -0.4914835030489259, "is_tight": 1.0, "dual_solution_value": -0.02810639947927674, "scaled_age": 0.0}, "52": {"bias": -0.3779644730092272, "objective_cosine_similarity": -0.37182914235900416, "is_tight": 0.0, "dual_solution_value": 0.0, "scaled_age": 0.015037593984962405}, "53": {"bias": -0.4472135954999579, "objective_cosine_similarity": -0.27858689934502373, "is_tight": 0.0, "dual_solution_value": 0.0, "scaled_age": 0.022556390977443608}, "54": {"bias": -0.3333333333333333, "objective_cosine_similarity": -0.30182484345594357, "is_tight": 0.0, "dual_solution_value": 0.0, "scaled_age": 0.17293233082706766}, "55": {"bias": -0.3333333333333333, "objective_cosine_similarity": -0.3585588365867601, "is_tight": 0.0, "dual_solution_value": 0.0, "scaled_age": 0.17293233082706766}, "56": {"bias": -0.35355339059327373, "objective_cosine_similarity": -0.37308801877929937, "is_tight": 0.0, "dual_solution_value": 0.0, "scaled_age": 0.17293233082706766}, "57": {"bias": -0.5, "objective_cosine_similarity": -0.3029595233185599, "is_tight": 1.0, "dual_solution_value": -0.009235646332537482, "scaled_age": 0.0}, "58": {"bias": -0.4082482904638631, "objective_cosine_similarity": -0.30712222867275635, "is_tight": 0.0, "dual_solution_value": 0.0, "scaled_age": 0.17293233082706766}, "59": {"bias": -0.31622776601683794, "objective_cosine_similarity": -0.30894167644363024, "is_tight": 0.0, "dual_solution_value": 0.0, "scaled_age": 0.17293233082706766}, "60": {"bias": -0.4472135954999579, "objective_cosine_similarity": -0.14005461606416494, "is_tight": 0.0, "dual_solution_value": 0.0, "scaled_age": 0.17293233082706766}, "61": {"bias": -0.3779644730092272, "objective_cosine_similarity": -0.2959193866524946, "is_tight": 0.0, "dual_solution_value": 0.0, "scaled_age": 0.17293233082706766}, "62": {"bias": -0.4082482904638631, "objective_cosine_similarity": -0.2918356019062391, "is_tight": 0.0, "dual_solution_value": 0.0, "scaled_age": 0.09022556390977443}, "63": {"bias": -0.4082482904638631, "objective_cosine_similarity": -0.2612623483732045, "is_tight": 0.0, "dual_solution_value": 0.0, "scaled_age": 0.06766917293233082}, "64": {"bias": -0.4472135954999579, "objective_cosine_similarity": -0.13700995049755266, "is_tight": 0.0, "dual_solution_value": 0.0, "scaled_age": 0.17293233082706766}, "65": {"bias": -0.5, "objective_cosine_similarity": -0.35231809734237024, "is_tight": 1.0, "dual_solution_value": -0.038966011409030374, "scaled_age": 0.0}, "66": {"bias": -0.4082482904638631, "objective_cosine_similarity": -0.30156345530311374, "is_tight": 0.0, "dual_solution_value": 0.0, "scaled_age": 0.022556390977443608}, "67": {"bias": -0.3779644730092272, "objective_cosine_similarity": -0.21614981285921347, "is_tight": 0.0, "dual_solution_value": 0.0, "scaled_age": 0.17293233082706766}, "68": {"bias": -0.35355339059327373, "objective_cosine_similarity": -0.35142484349534003, "is_tight": 0.0, "dual_solution_value": 0.0, "scaled_age": 0.17293233082706766}, "69": {"bias": -0.35355339059327373, "objective_cosine_similarity": -0.5090846191730439, "is_tight": 0.0, "dual_solution_value": 0.0, "scaled_age": 0.007518796992481203}, "70": {"bias": -0.4082482904638631, "objective_cosine_similarity": -0.1737116678013328, "is_tight": 0.0, "dual_solution_value": 0.0, "scaled_age": 0.17293233082706766}, "71": {"bias": -0.5, "objective_cosine_similarity": -0.12424744495648805, "is_tight": 0.0, "dual_solution_value": 0.0, "scaled_age": 0.17293233082706766}, "72": {"bias": -0.3333333333333333, "objective_cosine_similarity": -0.29274740455501297, "is_tight": 0.0, "dual_solution_value": 0.0, "scaled_age": 0.17293233082706766}, "73": {"bias": -0.3779644730092272, "objective_cosine_similarity": -0.2894863565078752, "is_tight": 0.0, "dual_solution_value": 0.0, "scaled_age": 0.14285714285714285}, "74": {"bias": -0.4082482904638631, "objective_cosine_similarity": -0.22096124144329532, "is_tight": 1.0, "dual_solution_value": -1.3692210090492705e-06, "scaled_age": 0.0}, "75": {"bias": -0.4082482904638631, "objective_cosine_similarity": -0.2862768285365964, "is_tight": 0.0, "dual_solution_value": 0.0, "scaled_age": 0.17293233082706766}, "76": {"bias": -0.2886751345948129, "objective_cosine_similarity": -0.32427832344216473, "is_tight": 0.0, "dual_solution_value": 0.0, "scaled_age": 0.17293233082706766}, "77": {"bias": -0.4472135954999579, "objective_cosine_similarity": -0.12178662266449126, "is_tight": 0.0, "dual_solution_value": 0.0, "scaled_age": 0.17293233082706766}, "78": {"bias": -0.5773502691896258, "objective_cosine_similarity": -0.1650871464796475, "is_tight": 1.0, "dual_solution_value": -0.0021676684002091633, "scaled_age": 0.0}, "79": {"bias": -0.5, "objective_cosine_similarity": -0.15998986062890244, "is_tight": 0.0, "dual_solution_value": 0.0, "scaled_age": 0.03007518796992481}, "80": {"bias": -0.3779644730092272, "objective_cosine_similarity": -0.3113586589995813, "is_tight": 0.0, "dual_solution_value": 0.0, "scaled_age": 0.17293233082706766}, "81": {"bias": -0.4472135954999579, "objective_cosine_similarity": -0.28163156491163605, "is_tight": 0.0, "dual_solution_value": 0.0, "scaled_age": 0.05263157894736842}, "82": {"bias": -0.5, "objective_cosine_similarity": -0.26040902847044756, "is_tight": 1.0, "dual_solution_value": -0.0024643600584661396, "scaled_age": 0.0}, "83": {"bias": -0.4472135954999579, "objective_cosine_similarity": -0.36840453356008607, "is_tight": 1.0, "dual_solution_value": -9.996870365119725e-05, "scaled_age": 0.0}, "84": {"bias": -0.3779644730092272, "objective_cosine_similarity": -0.2894863565078752, "is_tight": 0.0, "dual_solution_value": 0.0, "scaled_age": 0.09774436090225563}, "85": {"bias": -0.5773502691896258, "objective_cosine_similarity": -0.2849718599946296, "is_tight": 1.0, "dual_solution_value": -0.00011329677904511221, "scaled_age": 0.0}, "86": {"bias": -0.4082482904638631, "objective_cosine_similarity": -0.5280834701160517, "is_tight": 1.0, "dual_solution_value": -0.015416582003724274, "scaled_age": 0.0}, "87": {"bias": -0.4472135954999579, "objective_cosine_similarity": -0.3257792156275141, "is_tight": 1.0, "dual_solution_value": -0.019579313558785432, "scaled_age": 0.0}, "88": {"bias": -0.5, "objective_cosine_similarity": -0.26551508785222105, "is_tight": 0.0, "dual_solution_value": 0.0, "scaled_age": 0.17293233082706766}, "89": {"bias": -0.4082482904638631, "objective_cosine_similarity": -0.2626520417156152, "is_tight": 0.0, "dual_solution_value": 0.0, "scaled_age": 0.16541353383458646}, "90": {"bias": -0.4472135954999579, "objective_cosine_similarity": -0.2542295748121255, "is_tight": 1.0, "dual_solution_value": -0.01666526123319273, "scaled_age": 0.0}, "91": {"bias": -0.4082482904638631, "objective_cosine_similarity": -0.4975102165830171, "is_tight": 1.0, "dual_solution_value": -0.0225664903955478, "scaled_age": 0.0}, "92": {"bias": -0.5, "objective_cosine_similarity": -0.3148736618760314, "is_tight": 1.0, "dual_solution_value": -0.01276510204761554, "scaled_age": 0.0}, "93": {"bias": -0.4472135954999579, "objective_cosine_similarity": -0.3059888894445343, "is_tight": 0.0, "dual_solution_value": 0.0, "scaled_age": 0.15037593984962405}, "94": {"bias": -0.4472135954999579, "objective_cosine_similarity": -0.2801092321283299, "is_tight": 0.0, "dual_solution_value": 0.0, "scaled_age": 0.022556390977443608}, "95": {"bias": -0.5, "objective_cosine_similarity": -0.17530803877422288, "is_tight": 0.0, "dual_solution_value": 0.0, "scaled_age": 0.17293233082706766}, "96": {"bias": -0.5, "objective_cosine_similarity": -0.2570049888825986, "is_tight": 0.0, "dual_solution_value": 0.0, "scaled_age": 0.10526315789473684}, "97": {"bias": -0.4082482904638631, "objective_cosine_similarity": -0.2320787881825806, "is_tight": 0.0, "dual_solution_value": 0.0, "scaled_age": 0.17293233082706766}, "98": {"bias": -0.3779644730092272, "objective_cosine_similarity": -0.2380221153509196, "is_tight": 0.0, "dual_solution_value": 0.0, "scaled_age": 0.17293233082706766}, "99": {"bias": -0.5773502691896258, "objective_cosine_similarity": -0.28890250633938314, "is_tight": 0.0, "dual_solution_value": 0.0, "scaled_age": 0.17293233082706766}, "100": {"bias": -0.4082482904638631, "objective_cosine_similarity": -0.20984369470401001, "is_tight": 0.0, "dual_solution_value": 0.0, "scaled_age": 0.06766917293233082}, "101": {"bias": -0.4472135954999579, "objective_cosine_similarity": -0.21008192409624743, "is_tight": 0.0, "dual_solution_value": 0.0, "scaled_age": 0.17293233082706766}, "102": {"bias": -0.4082482904638631, "objective_cosine_similarity": -0.15286626766517286, "is_tight": 0.0, "dual_solution_value": 0.0, "scaled_age": 0.17293233082706766}, "103": {"bias": -0.4472135954999579, "objective_cosine_similarity": -0.24205091254567637, "is_tight": 1.0, "dual_solution_value": -0.01156194711603874, "scaled_age": 0.0}, "104": {"bias": -0.4472135954999579, "objective_cosine_similarity": -0.18115760121343075, "is_tight": 0.0, "dual_solution_value": 0.0, "scaled_age": 0.17293233082706766}, "105": {"bias": -0.4082482904638631, "objective_cosine_similarity": -0.35298210897230825, "is_tight": 0.0, "dual_solution_value": 0.0, "scaled_age": 0.17293233082706766}, "106": {"bias": -0.3779644730092272, "objective_cosine_similarity": -0.24574175152446295, "is_tight": 0.0, "dual_solution_value": 0.0, "scaled_age": 0.17293233082706766}, "107": {"bias": -0.4472135954999579, "objective_cosine_similarity": -0.41559684984257644, "is_tight": 1.0, "dual_solution_value": -0.027840069675714944, "scaled_age": 0.0}, "108": {"bias": -0.5773502691896258, "objective_cosine_similarity": -0.2869371831670064, "is_tight": 1.0, "dual_solution_value": -0.00018626826984248377, "scaled_age": 0.0}, "109": {"bias": -0.5, "objective_cosine_similarity": -0.14467168248358198, "is_tight": 0.0, "dual_solution_value": 0.0, "scaled_age": 0.17293233082706766}, "110": {"bias": -0.31622776601683794, "objective_cosine_similarity": -0.3014065136035417, "is_tight": 0.0, "dual_solution_value": 0.0, "scaled_age": 0.17293233082706766}, "111": {"bias": -0.4082482904638631, "objective_cosine_similarity": -0.3905038292173961, "is_tight": 0.0, "dual_solution_value": 0.0, "scaled_age": 0.045112781954887216}, "112": {"bias": -0.4082482904638631, "objective_cosine_similarity": -0.30295314864552436, "is_tight": 0.0, "dual_solution_value": 0.0, "scaled_age": 0.17293233082706766}, "113": {"bias": -0.5, "objective_cosine_similarity": -0.2263686325919577, "is_tight": 0.0, "dual_solution_value": 0.0, "scaled_age": 0.17293233082706766}, "114": {"bias": -0.4082482904638631, "objective_cosine_similarity": -0.20150553464954604, "is_tight": 0.0, "dual_solution_value": 0.0, "scaled_age": 0.17293233082706766}, "115": {"bias": -0.4082482904638631, "objective_cosine_similarity": -0.33352640217855894, "is_tight": 0.0, "dual_solution_value": 0.0, "scaled_age": 0.17293233082706766}, "116": {"bias": -0.4082482904638631, "objective_cosine_similarity": -0.19594676127990338, "is_tight": 0.0, "dual_solution_value": 0.0, "scaled_age": 0.17293233082706766}, "117": {"bias": -0.4472135954999579, "objective_cosine_similarity": -0.2694529026451869, "is_tight": 0.0, "dual_solution_value": 0.0, "scaled_age": 0.022556390977443608}, "118": {"bias": -0.5773502691896258, "objective_cosine_similarity": -0.14150326841112643, "is_tight": 0.0, "dual_solution_value": 0.0, "scaled_age": 0.17293233082706766}, "119": {"bias": -0.5, "objective_cosine_similarity": -0.15147976165927995, "is_tight": 0.0, "dual_solution_value": 0.0, "scaled_age": 0.17293233082706766}, "120": {"bias": -0.4472135954999579, "objective_cosine_similarity": -0.19942559461310444, "is_tight": 0.0, "dual_solution_value": 0.0, "scaled_age": 0.06766917293233082}, "121": {"bias": -0.4472135954999579, "objective_cosine_similarity": -0.2740199009951053, "is_tight": 0.0, "dual_solution_value": 0.0, "scaled_age": 0.03759398496240601}, "122": {"bias": -0.3779644730092272, "objective_cosine_similarity": -0.3460970217805263, "is_tight": 0.0, "dual_solution_value": 0.0, "scaled_age": 0.17293233082706766}, "123": {"bias": -0.31622776601683794, "objective_cosine_similarity": -0.3681465273300402, "is_tight": 0.0, "dual_solution_value": 0.0, "scaled_age": 0.17293233082706766}, "124": {"bias": -1.1851777314663616, "objective_cosine_similarity": -0.9579072007842955, "is_tight": 1.0, "dual_solution_value": -0.004196641360433345, "scaled_age": 0.0}, "125": {"bias": -0.8111071056538127, "objective_cosine_similarity": -0.7537641104533149, "is_tight": 0.0, "dual_solution_value": -0.0, "scaled_age": 0.07518796992481203}, "126": {"bias": -1.1896189941063413, "objective_cosine_similarity": -0.9622501456992061, "is_tight": 1.0, "dual_solution_value": -0.005817251012640288, "scaled_age": 0.0}, "127": {"bias": -1.0973452814254347, "objective_cosine_similarity": -0.9252822322660468, "is_tight": 0.0, "dual_solution_value": -0.0, "scaled_age": 0.03759398496240601}, "128": {"bias": -1.1026456085839622, "objective_cosine_similarity": -0.8976518371529689, "is_tight": 1.0, "dual_solution_value": -2.7462480600799662e-05, "scaled_age": 0.0}, "129": {"bias": -1.075663182437366, "objective_cosine_similarity": -0.930046414276939, "is_tight": 0.0, "dual_solution_value": -0.0, "scaled_age": 0.015037593984962405}, "130": {"bias": -1.099573555147472, "objective_cosine_similarity": -0.9265344593171414, "is_tight": 0.0, "dual_solution_value": -0.0, "scaled_age": 0.007518796992481203}, "131": {"bias": -1.1102722200054018, "objective_cosine_similarity": -0.9156971944225396, "is_tight": 0.0, "dual_solution_value": -0.0, "scaled_age": 0.05263157894736842}, "132": {"bias": -1.1967726699985217, "objective_cosine_similarity": -0.9531444100097708, "is_tight": 1.0, "dual_solution_value": -0.004474712207232397, "scaled_age": 0.0}, "133": {"bias": -1.1478497955636842, "objective_cosine_similarity": -0.9434493802728253, "is_tight": 0.0, "dual_solution_value": -0.0, "scaled_age": 0.03007518796992481}, "134": {"bias": -1.19995234114453, "objective_cosine_similarity": -0.9644291472528435, "is_tight": 1.0, "dual_solution_value": -0.01219619530355795, "scaled_age": 0.0}, "135": {"bias": -1.0029717747535973, "objective_cosine_similarity": -0.8608924726544224, "is_tight": 0.0, "dual_solution_value": -0.0, "scaled_age": 0.06015037593984962}, "136": {"bias": -1.1227217828476797, "objective_cosine_similarity": -0.951115987424193, "is_tight": 1.0, "dual_solution_value": -1.573334402712028e-05, "scaled_age": 0.0}, "137": {"bias": -1.116099408202509, "objective_cosine_similarity": -0.9438560666705074, "is_tight": 0.0, "dual_solution_value": -0.0, "scaled_age": 0.03759398496240601}, "138": {"bias": -1.1271011824066999, "objective_cosine_similarity": -0.9391017851052472, "is_tight": 0.0, "dual_solution_value": -0.0, "scaled_age": 0.03759398496240601}, "139": {"bias": -1.1218265027305772, "objective_cosine_similarity": -0.950360616357985, "is_tight": 0.0, "dual_solution_value": -0.0, "scaled_age": 0.007518796992481203}, "140": {"bias": -1.1331166909408523, "objective_cosine_similarity": -0.9459333698133691, "is_tight": 1.0, "dual_solution_value": -8.43397573520639e-06, "scaled_age": 0.0}, "141": {"bias": -1.1432071578139043, "objective_cosine_similarity": -0.9587251927665582, "is_tight": 0.0, "dual_solution_value": -0.0, "scaled_age": 0.022556390977443608}, "142": {"bias": -1.156995711660435, "objective_cosine_similarity": -0.9551442617939908, "is_tight": 1.0, "dual_solution_value": -1.5878118983827242e-06, "scaled_age": 0.0}, "143": {"bias": -1.148936440824707, "objective_cosine_similarity": -0.9339780331035046, "is_tight": 0.0, "dual_solution_value": -0.0, "scaled_age": 0.007518796992481203}, "144": {"bias": -1.2183556275795688, "objective_cosine_similarity": -0.9595558457102976, "is_tight": 1.0, "dual_solution_value": -0.0006765777827229643, "scaled_age": 0.0}}