{"0": {"bias": -0.75, "objective_cosine_similarity": -0.7564495978060447, "is_tight": 1.0, "dual_solution_value": -9.69078681111429e-05, "scaled_age": 0.0}, "1": {"bias": -0.8703882797784892, "objective_cosine_similarity": -0.7780464337776382, "is_tight": 0.0, "dual_solution_value": -0.0, "scaled_age": 0.036036036036036036}, "2": {"bias": -0.8320502943378437, "objective_cosine_similarity": -0.6545802749265135, "is_tight": 0.0, "dual_solution_value": -0.0, "scaled_age": 0.05405405405405406}, "3": {"bias": -0.7276068751089989, "objective_cosine_similarity": -0.7778957382924562, "is_tight": 0.0, "dual_solution_value": -0.0, "scaled_age": 0.0990990990990991}, "4": {"bias": -0.5547001962252291, "objective_cosine_similarity": -0.7049326037670145, "is_tight": 0.0, "dual_solution_value": -0.0, "scaled_age": 0.07207207207207207}, "5": {"bias": -0.9998150637993409, "objective_cosine_similarity": -0.8993100415317903, "is_tight": 0.0, "dual_solution_value": 0.0, "scaled_age": 0.04504504504504504}, "6": {"bias": -0.9582127586922133, "objective_cosine_similarity": -0.924267014580364, "is_tight": 1.0, "dual_solution_value": -0.008763451654647557, "scaled_age": 0.0}, "7": {"bias": -1.033765691415298, "objective_cosine_similarity": -0.937950000410719, "is_tight": 0.0, "dual_solution_value": 0.0, "scaled_age": 0.04504504504504504}, "8": {"bias": -0.9037192626388313, "objective_cosine_similarity": -0.8424810548987156, "is_tight": 1.0, "dual_solution_value": -0.0019304502923239407, "scaled_age": 0.0}, "9": {"bias": -0.5, "objective_cosine_similarity": -0.1253545047792874, "is_tight": 0.0, "dual_solution_value": 0.0, "scaled_age": 0.23423423423423423}, "10": {"bias": -0.3779644730092272, "objective_cosine_similarity": -0.32348795755071486, "is_tight": 0.0, "dual_solution_value": 0.0, "scaled_age": 0.23423423423423423}, "11": {"bias": -0.3779644730092272, "objective_cosine_similarity": -0.47052793825558525, "is_tight": 0.0, "dual_solution_value": 0.0, "scaled_age": 0.23423423423423423}, "12": {"bias": -0.5, "objective_cosine_similarity": -0.5187082956384306, "is_tight": 0.0, "dual_solution_value": 0.0, "scaled_age": 0.17117117117117117}, "13": {"bias": -0.5, "objective_cosine_similarity": -0.1945156108644115, "is_tight": 0.0, "dual_solution_value": 0.0, "scaled_age": 0.16216216216216217}, "14": {"bias": -0.4472135954999579, "objective_cosine_similarity": -0.3324952094016354, "is_tight": 0.0, "dual_solution_value": 0.0, "scaled_age": 0.14414414414414414}, "15": {"bias": -0.4472135954999579, "objective_cosine_similarity": -0.274501858924606, "is_tight": 0.0, "dual_solution_value": 0.0, "scaled_age": 0.23423423423423423}, "16": {"bias": -0.4082482904638631, "objective_cosine_similarity": -0.2258792266067343, "is_tight": 0.0, "dual_solution_value": 0.0, "scaled_age": 0.23423423423423423}, "17": {"bias": -0.35355339059327373, "objective_cosine_similarity": -0.6021340350068267, "is_tight": 0.0, "dual_solution_value": 0.0, "scaled_age": 0.23423423423423423}, "18": {"bias": -0.3779644730092272, "objective_cosine_similarity": -0.3986417254665375, "is_tight": 0.0, "dual_solution_value": 0.0, "scaled_age": 0.23423423423423423}, "19": {"bias": -0.4082482904638631, "objective_cosine_similarity": -0.41999418697189655, "is_tight": 0.0, "dual_solution_value": 0.0, "scaled_age": 0.23423423423423423}, "20": {"bias": -0.4082482904638631, "objective_cosine_similarity": -0.35646565448875256, "is_tight": 0.0, "dual_solution_value": 0.0, "scaled_age": 0.0990990990990991}, "21": {"bias": -0.31622776601683794, "objective_cosine_similarity": -0.5084928931868414, "is_tight": 0.0, "dual_solution_value": 0.0, "scaled_age": 0.23423423423423423}, "22": {"bias": -0.5773502691896258, "objective_cosine_similarity": -0.3394065573334386, "is_tight": 0.0, "dual_solution_value": 0.0, "scaled_age": 0.14414414414414414}, "23": {"bias": -0.3779644730092272, "objective_cosine_similarity": -0.3594310639452387, "is_tight": 0.0, "dual_solution_value": 0.0, "scaled_age": 0.23423423423423423}, "24": {"bias": -0.3333333333333333, "objective_cosine_similarity": -0.5705791252022737, "is_tight": 0.0, "dual_solution_value": 0.0, "scaled_age": 0.23423423423423423}, "25": {"bias": -0.4082482904638631, "objective_cosine_similarity": -0.29646648492133876, "is_tight": 0.0, "dual_solution_value": 0.0, "scaled_age": 0.23423423423423423}, "26": {"bias": -0.35355339059327373, "objective_cosine_similarity": -0.5012689428483227, "is_tight": 0.0, "dual_solution_value": 0.0, "scaled_age": 0.23423423423423423}, "27": {"bias": -0.35355339059327373, "objective_cosine_similarity": -0.46459072751795766, "is_tight": 0.0, "dual_solution_value": 0.0, "scaled_age": 0.23423423423423423}, "28": {"bias": -0.35355339059327373, "objective_cosine_similarity": -0.5226645684577024, "is_tight": 0.0, "dual_solution_value": 0.0, "scaled_age": 0.06306306306306306}, "29": {"bias": -0.4082482904638631, "objective_cosine_similarity": -0.41646482405616636, "is_tight": 0.0, "dual_solution_value": 0.0, "scaled_age": 0.09009009009009009}, "30": {"bias": -0.4082482904638631, "objective_cosine_similarity": -0.4376410015505477, "is_tight": 0.0, "dual_solution_value": 0.0, "scaled_age": 0.18018018018018017}, "31": {"bias": -0.35355339059327373, "objective_cosine_similarity": -0.3331604559174828, "is_tight": 0.0, "dual_solution_value": 0.0, "scaled_age": 0.23423423423423423}, "32": {"bias": -0.35355339059327373, "objective_cosine_similarity": -0.476816799294746, "is_tight": 0.0, "dual_solution_value": 0.0, "scaled_age": 0.23423423423423423}, "33": {"bias": -0.31622776601683794, "objective_cosine_similarity": -0.5495003845728771, "is_tight": 0.0, "dual_solution_value": 0.0, "scaled_age": 0.23423423423423423}, "34": {"bias": -0.4472135954999579, "objective_cosine_similarity": -0.4948765907373178, "is_tight": 1.0, "dual_solution_value": -0.03633361657290589, "scaled_age": 0.0}, "35": {"bias": -0.3779644730092272, "objective_cosine_similarity": -0.38230394983266297, "is_tight": 0.0, "dual_solution_value": 0.0, "scaled_age": 0.23423423423423423}, "36": {"bias": -0.3779644730092272, "objective_cosine_similarity": -0.3594310639452387, "is_tight": 0.0, "dual_solution_value": 0.0, "scaled_age": 0.23423423423423423}, "37": {"bias": -0.4082482904638631, "objective_cosine_similarity": -0.26117285576403654, "is_tight": 0.0, "dual_solution_value": 0.0, "scaled_age": 0.23423423423423423}, "38": {"bias": -0.3779644730092272, "objective_cosine_similarity": -0.29734751653651564, "is_tight": 0.0, "dual_solution_value": 0.0, "scaled_age": 0.23423423423423423}, "39": {"bias": -0.5, "objective_cosine_similarity": -0.3285152539043394, "is_tight": 1.0, "dual_solution_value": -0.0013038306902410732, "scaled_age": 0.0}, "40": {"bias": -0.3779644730092272, "objective_cosine_similarity": -0.38557150495943787, "is_tight": 0.0, "dual_solution_value": 0.0, "scaled_age": 0.23423423423423423}, "41": {"bias": -0.4472135954999579, "objective_cosine_similarity": -0.3131640925759589, "is_tight": 0.0, "dual_solution_value": 0.0, "scaled_age": 0.036036036036036036}, "42": {"bias": -0.4472135954999579, "objective_cosine_similarity": -0.3904885598786648, "is_tight": 0.0, "dual_solution_value": 0.0, "scaled_age": 0.23423423423423423}, "43": {"bias": -0.5773502691896258, "objective_cosine_similarity": -0.10481673094120897, "is_tight": 0.0, "dual_solution_value": 0.0, "scaled_age": 0.17117117117117117}, "44": {"bias": -0.5773502691896258, "objective_cosine_similarity": -0.2944851012157776, "is_tight": 0.0, "dual_solution_value": 0.0, "scaled_age": 0.02702702702702703}, "45": {"bias": -0.3779644730092272, "objective_cosine_similarity": -0.5554843715517326, "is_tight": 0.0, "dual_solution_value": 0.0, "scaled_age": 0.12612612612612611}, "46": {"bias": -0.4082482904638631, "objective_cosine_similarity": -0.5294044373595335, "is_tight": 0.0, "dual_solution_value": 0.0, "scaled_age": 0.22522522522522523}, "47": {"bias": -0.4082482904638631, "objective_cosine_similarity": -0.43058227571908725, "is_tight": 0.0, "dual_solution_value": 0.0, "scaled_age": 0.22522522522522523}, "48": {"bias": -0.3333333333333333, "objective_cosine_similarity": -0.5215900083919774, "is_tight": 0.0, "dual_solution_value": 0.0, "scaled_age": 0.23423423423423423}, "49": {"bias": -0.3779644730092272, "objective_cosine_similarity": -0.3398257331845893, "is_tight": 1.0, "dual_solution_value": -0.0025754999932543327, "scaled_age": 0.0}, "50": {"bias": -0.3333333333333333, "objective_cosine_similarity": -0.43225691303202557, "is_tight": 0.0, "dual_solution_value": 0.0, "scaled_age": 0.23423423423423423}, "51": {"bias": -0.30151134457776363, "objective_cosine_similarity": -0.3388589439334306, "is_tight": 0.0, "dual_solution_value": 0.0, "scaled_age": 0.23423423423423423}, "52": {"bias": -0.31622776601683794, "objective_cosine_similarity": -0.5795725449226365, "is_tight": 0.0, "dual_solution_value": 0.0, "scaled_age": 0.23423423423423423}, "53": {"bias": -0.5773502691896258, "objective_cosine_similarity": -0.3344152844314763, "is_tight": 1.0, "dual_solution_value": -0.02248151953140286, "scaled_age": 0.0}, "54": {"bias": -0.30151134457776363, "objective_cosine_similarity": -0.46918930698475003, "is_tight": 0.0, "dual_solution_value": 0.0, "scaled_age": 0.23423423423423423}, "55": {"bias": -0.3779644730092272, "objective_cosine_similarity": -0.6339056945943301, "is_tight": 0.0, "dual_solution_value": 0.0, "scaled_age": 0.23423423423423423}, "56": {"bias": -0.5, "objective_cosine_similarity": -0.3458055304256204, "is_tight": 0.0, "dual_solution_value": 0.0, "scaled_age": 0.23423423423423423}, "57": {"bias": -0.35355339059327373, "objective_cosine_similarity": -0.5196080505135052, "is_tight": 0.0, "dual_solution_value": 0.0, "scaled_age": 0.23423423423423423}, "58": {"bias": -0.4082482904638631, "objective_cosine_similarity": -0.44469972738200814, "is_tight": 0.0, "dual_solution_value": 0.0, "scaled_age": 0.23423423423423423}, "59": {"bias": -0.3779644730092272, "objective_cosine_similarity": -0.4182470562271869, "is_tight": 0.0, "dual_solution_value": 0.0, "scaled_age": 0.23423423423423423}, "60": {"bias": -0.3779644730092272, "objective_cosine_similarity": -0.4934008241430095, "is_tight": 0.0, "dual_solution_value": 0.0, "scaled_age": 0.1981981981981982}, "61": {"bias": -0.4082482904638631, "objective_cosine_similarity": -0.28234903325841787, "is_tight": 0.0, "dual_solution_value": 0.0, "scaled_age": 0.23423423423423423}, "62": {"bias": -0.4472135954999579, "objective_cosine_similarity": -0.26290318882920005, "is_tight": 0.0, "dual_solution_value": 0.0, "scaled_age": 0.23423423423423423}, "63": {"bias": -0.5, "objective_cosine_similarity": -0.2723218552101761, "is_tight": 0.0, "dual_solution_value": 0.0, "scaled_age": 0.17117117117117117}, "64": {"bias": -0.3779644730092272, "objective_cosine_similarity": -0.5685545920588322, "is_tight": 0.0, "dual_solution_value": 0.0, "scaled_age": 0.018018018018018018}, "65": {"bias": -0.3779644730092272, "objective_cosine_similarity": -0.3986417254665375, "is_tight": 0.0, "dual_solution_value": 0.0, "scaled_age": 0.036036036036036036}, "66": {"bias": -0.5, "objective_cosine_similarity": -0.203160749125052, "is_tight": 0.0, "dual_solution_value": 0.0, "scaled_age": 0.23423423423423423}, "67": {"bias": -0.3779644730092272, "objective_cosine_similarity": -0.43785238698783624, "is_tight": 0.0, "dual_solution_value": 0.0, "scaled_age": 0.23423423423423423}, "68": {"bias": -0.5773502691896258, "objective_cosine_similarity": -0.2994763741177399, "is_tight": 1.0, "dual_solution_value": -0.029634228164576424, "scaled_age": 0.0}, "69": {"bias": -0.4472135954999579, "objective_cosine_similarity": -0.2551707420989295, "is_tight": 0.0, "dual_solution_value": 0.0, "scaled_age": 0.23423423423423423}, "70": {"bias": -0.4082482904638631, "objective_cosine_similarity": -0.41646482405616636, "is_tight": 0.0, "dual_solution_value": 0.0, "scaled_age": 0.23423423423423423}, "71": {"bias": -0.5773502691896258, "objective_cosine_similarity": -0.2745200096079283, "is_tight": 0.0, "dual_solution_value": 0.0, "scaled_age": 0.17117117117117117}, "72": {"bias": -0.4472135954999579, "objective_cosine_similarity": -0.36729121968785305, "is_tight": 0.0, "dual_solution_value": 0.0, "scaled_age": 0.23423423423423423}, "73": {"bias": -0.35355339059327373, "objective_cosine_similarity": -0.3301039379732857, "is_tight": 0.0, "dual_solution_value": 0.0, "scaled_age": 0.23423423423423423}, "74": {"bias": -0.35355339059327373, "objective_cosine_similarity": -0.5654558196764616, "is_tight": 0.0, "dual_solution_value": 0.0, "scaled_age": 0.08108108108108109}, "75": {"bias": -0.30151134457776363, "objective_cosine_similarity": -0.5682403829037528, "is_tight": 0.0, "dual_solution_value": 0.0, "scaled_age": 0.23423423423423423}, "76": {"bias": -0.5, "objective_cosine_similarity": -0.389031221728823, "is_tight": 0.0, "dual_solution_value": 0.0, "scaled_age": 0.23423423423423423}, "77": {"bias": -0.3779644730092272, "objective_cosine_similarity": -0.43785238698783624, "is_tight": 0.0, "dual_solution_value": 0.0, "scaled_age": 0.23423423423423423}, "78": {"bias": -0.4082482904638631, "objective_cosine_similarity": -0.4129354611404361, "is_tight": 0.0, "dual_solution_value": 0.0, "scaled_age": 0.23423423423423423}, "79": {"bias": -0.31622776601683794, "objective_cosine_similarity": -0.48115456559615105, "is_tight": 0.0, "dual_solution_value": 0.0, "scaled_age": 0.23423423423423423}, "80": {"bias": -0.3779644730092272, "objective_cosine_similarity": -0.38230394983266297, "is_tight": 0.0, "dual_solution_value": 0.0, "scaled_age": 0.23423423423423423}, "81": {"bias": -0.3779644730092272, "objective_cosine_similarity": -0.38557150495943787, "is_tight": 0.0, "dual_solution_value": 0.0, "scaled_age": 0.23423423423423423}, "82": {"bias": -0.3779644730092272, "objective_cosine_similarity": -0.4051768357200873, "is_tight": 0.0, "dual_solution_value": 0.0, "scaled_age": 0.23423423423423423}, "83": {"bias": -0.35355339059327373, "objective_cosine_similarity": -0.5379471581786878, "is_tight": 0.0, "dual_solution_value": 0.0, "scaled_age": 0.23423423423423423}, "84": {"bias": -0.4082482904638631, "objective_cosine_similarity": -0.4129354611404361, "is_tight": 0.0, "dual_solution_value": 0.0, "scaled_age": 0.21621621621621623}, "85": {"bias": -0.5773502691896258, "objective_cosine_similarity": -0.39431055925502423, "is_tight": 1.0, "dual_solution_value": -0.08769923893925057, "scaled_age": 0.0}, "86": {"bias": -0.5773502691896258, "objective_cosine_similarity": -0.11479927674513364, "is_tight": 0.0, "dual_solution_value": 0.0, "scaled_age": 0.23423423423423423}, "87": {"bias": -0.3779644730092272, "objective_cosine_similarity": -0.4051768357200873, "is_tight": 0.0, "dual_solution_value": 0.0, "scaled_age": 0.23423423423423423}, "88": {"bias": -0.4472135954999579, "objective_cosine_similarity": -0.35182632622731186, "is_tight": 0.0, "dual_solution_value": 0.0, "scaled_age": 0.23423423423423423}, "89": {"bias": -0.2886751345948129, "objective_cosine_similarity": -0.4916403808432897, "is_tight": 0.0, "dual_solution_value": 0.0, "scaled_age": 0.23423423423423423}, "90": {"bias": -0.31622776601683794, "objective_cosine_similarity": -0.4975575621505653, "is_tight": 0.0, "dual_solution_value": 0.0, "scaled_age": 0.23423423423423423}, "91": {"bias": -0.5, "objective_cosine_similarity": -0.2118058873856925, "is_tight": 0.0, "dual_solution_value": 0.0, "scaled_age": 0.23423423423423423}, "92": {"bias": -0.4472135954999579, "objective_cosine_similarity": -0.340227656131906, "is_tight": 0.0, "dual_solution_value": 0.0, "scaled_age": 0.23423423423423423}, "93": {"bias": -0.4082482904638631, "objective_cosine_similarity": -0.3776418319831339, "is_tight": 0.0, "dual_solution_value": 0.0, "scaled_age": 0.009009009009009009}, "94": {"bias": -0.4472135954999579, "objective_cosine_similarity": -0.45234813372082955, "is_tight": 0.0, "dual_solution_value": 0.0, "scaled_age": 0.23423423423423423}, "95": {"bias": -0.35355339059327373, "objective_cosine_similarity": -0.36983867124784786, "is_tight": 0.0, "dual_solution_value": 0.0, "scaled_age": 0.23423423423423423}, "96": {"bias": -0.4082482904638631, "objective_cosine_similarity": -0.5152869856966126, "is_tight": 0.0, "dual_solution_value": 0.0, "scaled_age": 0.04504504504504504}, "97": {"bias": -0.4472135954999579, "objective_cosine_similarity": -0.603130844961106, "is_tight": 1.0, "dual_solution_value": -0.045718943018841544, "scaled_age": 0.0}, "98": {"bias": -0.30151134457776363, "objective_cosine_similarity": -0.4014175181980639, "is_tight": 0.0, "dual_solution_value": 0.0, "scaled_age": 0.23423423423423423}, "99": {"bias": -0.3333333333333333, "objective_cosine_similarity": -0.4697191788281344, "is_tight": 0.0, "dual_solution_value": 0.0, "scaled_age": 0.23423423423423423}, "100": {"bias": -0.35355339059327373, "objective_cosine_similarity": -0.4554211736853664, "is_tight": 0.0, "dual_solution_value": 0.0, "scaled_age": 0.23423423423423423}, "101": {"bias": -0.4472135954999579, "objective_cosine_similarity": -0.25130451873379417, "is_tight": 0.0, "dual_solution_value": 0.0, "scaled_age": 0.23423423423423423}, "102": {"bias": -0.4472135954999579, "objective_cosine_similarity": -0.274501858924606, "is_tight": 0.0, "dual_solution_value": 0.0, "scaled_age": 0.23423423423423423}, "103": {"bias": -0.5, "objective_cosine_similarity": -0.1729027652128102, "is_tight": 1.0, "dual_solution_value": -4.182201981708429e-05, "scaled_age": 0.0}, "104": {"bias": -0.35355339059327373, "objective_cosine_similarity": -0.6418687682813888, "is_tight": 0.0, "dual_solution_value": 0.0, "scaled_age": 0.23423423423423423}, "105": {"bias": -0.9974390800539134, "objective_cosine_similarity": -0.9358576457480123, "is_tight": 0.0, "dual_solution_value": -0.0, "scaled_age": 0.07207207207207207}, "106": {"bias": -1.014809471743564, "objective_cosine_similarity": -0.9523152618534497, "is_tight": 1.0, "dual_solution_value": -0.0031927817106812187, "scaled_age": 0.0}, "107": {"bias": -1.0131497677112498, "objective_cosine_similarity": -0.9499606885395107, "is_tight": 0.0, "dual_solution_value": -0.0, "scaled_age": 0.05405405405405406}, "108": {"bias": -1.0213243599737853, "objective_cosine_similarity": -0.9407420575176476, "is_tight": 0.0, "dual_solution_value": -0.0, "scaled_age": 0.09009009009009009}, "109": {"bias": -1.0, "objective_cosine_similarity": -0.9509652086704561, "is_tight": 0.0, "dual_solution_value": -0.0, "scaled_age": 0.036036036036036036}, "110": {"bias": -1.0484407447281037, "objective_cosine_similarity": -0.9620424716267355, "is_tight": 1.0, "dual_solution_value": -0.028080833781372373, "scaled_age": 0.0}, "111": {"bias": -0.5, "objective_cosine_similarity": -0.4538697586836268, "is_tight": 0.0, "dual_solution_value": 0.0, "scaled_age": 0.09009009009009009}, "112": {"bias": -0.9701425001453319, "objective_cosine_similarity": -0.7443476741073367, "is_tight": 1.0, "dual_solution_value": -0.00017143165326333158, "scaled_age": 0.0}, "113": {"bias": -0.9045340337332909, "objective_cosine_similarity": -0.7871953928299695, "is_tight": 1.0, "dual_solution_value": -0.00034396717260052305, "scaled_age": 0.0}, "114": {"bias": -1.113007111240642, "objective_cosine_similarity": -0.889511085657885, "is_tight": 0.0, "dual_solution_value": -0.0, "scaled_age": 0.04504504504504504}, "115": {"bias": -0.8846517369293828, "objective_cosine_similarity": -0.8654914894409212, "is_tight": 0.0, "dual_solution_value": -0.0, "scaled_age": 0.06306306306306306}, "116": {"bias": -0.75, "objective_cosine_similarity": -0.7413206058499238, "is_tight": 1.0, "dual_solution_value": -0.0004045257275989158, "scaled_age": 0.0}, "117": {"bias": -0.9805224792651179, "objective_cosine_similarity": -0.9404485858123992, "is_tight": 0.0, "dual_solution_value": -0.0, "scaled_age": 0.06306306306306306}, "118": {"bias": -0.8571428571428571, "objective_cosine_similarity": -0.8780990433307718, "is_tight": 1.0, "dual_solution_value": -3.988760456374445e-05, "scaled_age": 0.0}, "119": {"bias": -1.0178267156159653, "objective_cosine_similarity": -0.882858352414656, "is_tight": 1.0, "dual_solution_value": -8.053362400908103e-05, "scaled_age": 0.0}, "120": {"bias": -1.0327955589886446, "objective_cosine_similarity": -0.9084911959474901, "is_tight": 1.0, "dual_solution_value": -5.49497970975101e-05, "scaled_age": 0.0}, "121": {"bias": -0.9924336870116702, "objective_cosine_similarity": -0.9155793785333771, "is_tight": 0.0, "dual_solution_value": -0.0, "scaled_age": 0.009009009009009009}, "122": {"bias": -0.9787492353524585, "objective_cosine_similarity": -0.9395312793122338, "is_tight": 1.0, "dual_solution_value": -2.755016642680026e-05, "scaled_age": 0.0}, "123": {"bias": -1.0069930921904569, "objective_cosine_similarity": -0.954030739481872, "is_tight": 1.0, "dual_solution_value": -4.9603447656126475e-05, "scaled_age": 0.0}, "124": {"bias": -1.0114434748483472, "objective_cosine_similarity": -0.897578650298313, "is_tight": 1.0, "dual_solution_value": -3.137741720040859e-05, "scaled_age": 0.0}, "125": {"bias": -1.0931406001004116, "objective_cosine_similarity": -0.87025765441021, "is_tight": 0.0, "dual_solution_value": -0.0, "scaled_age": 0.02702702702702703}, "126": {"bias": -1.1039385934586434, "objective_cosine_similarity": -0.8888867667515776, "is_tight": 1.0, "dual_solution_value": -0.014040158951309147, "scaled_age": 0.0}, "127": {"bias": -1.0184592012014893, "objective_cosine_similarity": -0.9458226269608043, "is_tight": 1.0, "dual_solution_value": -0.009632593674578787, "scaled_age": 0.0}, "128": {"bias": -0.5773502691896258, "objective_cosine_similarity": -0.3743454676471749, "is_tight": 1.0, "dual_solution_value": -0.00017033059599794168, "scaled_age": 0.0}, "129": {"bias": -0.8340576562282991, "objective_cosine_similarity": -0.7895545412206163, "is_tight": 1.0, "dual_solution_value": -5.6591004461822114e-05, "scaled_age": 0.0}, "130": {"bias": -0.9885305998117834, "objective_cosine_similarity": -0.9421797388899312, "is_tight": 1.0, "dual_solution_value": -0.0003165408802934765, "scaled_age": 0.0}}