{"0": {"bias": -1.059625885652035, "objective_cosine_similarity": -0.8831070555738164, "is_tight": 0.0, "dual_solution_value": -0.0, "scaled_age": 0.08256880733944955}, "1": {"bias": -1.0, "objective_cosine_similarity": -0.8956805710371615, "is_tight": 0.0, "dual_solution_value": -0.0, "scaled_age": 0.06422018348623854}, "2": {"bias": -0.8320502943378437, "objective_cosine_similarity": -0.5778686417155238, "is_tight": 1.0, "dual_solution_value": -8.560453322423856e-05, "scaled_age": 0.0}, "3": {"bias": -0.9128709291752769, "objective_cosine_similarity": -0.7957787028508148, "is_tight": 0.0, "dual_solution_value": -0.0, "scaled_age": 0.009174311926605505}, "4": {"bias": -0.917662935482247, "objective_cosine_similarity": -0.6164496465542826, "is_tight": 0.0, "dual_solution_value": -0.0, "scaled_age": 0.045871559633027525}, "5": {"bias": -1.0241139045584426, "objective_cosine_similarity": -0.9331369465280857, "is_tight": 1.0, "dual_solution_value": -3.526346200056595e-05, "scaled_age": 0.0}, "6": {"bias": -1.0836567383657543, "objective_cosine_similarity": -0.9342772808608941, "is_tight": 0.0, "dual_solution_value": -0.0, "scaled_age": 0.009174311926605505}, "7": {"bias": -0.9831433705656988, "objective_cosine_similarity": -0.9130113123481226, "is_tight": 1.0, "dual_solution_value": -0.008903140098627927, "scaled_age": 0.0}, "8": {"bias": -1.1015222080834248, "objective_cosine_similarity": -0.9369396056343685, "is_tight": 0.0, "dual_solution_value": 0.0, "scaled_age": 0.06422018348623854}, "9": {"bias": -0.4082482904638631, "objective_cosine_similarity": -0.2698453932941779, "is_tight": 1.0, "dual_solution_value": -0.0010961312119246276, "scaled_age": 0.0}, "10": {"bias": -0.3779644730092272, "objective_cosine_similarity": -0.29146633709990893, "is_tight": 0.0, "dual_solution_value": 0.0, "scaled_age": 0.2018348623853211}, "11": {"bias": -0.4082482904638631, "objective_cosine_similarity": -0.2854886044996375, "is_tight": 0.0, "dual_solution_value": 0.0, "scaled_age": 0.2018348623853211}, "12": {"bias": -0.4082482904638631, "objective_cosine_similarity": -0.33828444231806354, "is_tight": 0.0, "dual_solution_value": 0.0, "scaled_age": 0.2018348623853211}, "13": {"bias": -0.31622776601683794, "objective_cosine_similarity": -0.42410127535965153, "is_tight": 0.0, "dual_solution_value": 0.0, "scaled_age": 0.2018348623853211}, "14": {"bias": -0.4472135954999579, "objective_cosine_similarity": -0.3919923889439367, "is_tight": 1.0, "dual_solution_value": -0.02163255297480675, "scaled_age": 0.0}, "15": {"bias": -0.4082482904638631, "objective_cosine_similarity": -0.3089534213078268, "is_tight": 0.0, "dual_solution_value": 0.0, "scaled_age": 0.2018348623853211}, "16": {"bias": -0.4472135954999579, "objective_cosine_similarity": -0.2013512817526232, "is_tight": 0.0, "dual_solution_value": 0.0, "scaled_age": 0.05504587155963303}, "17": {"bias": -0.4082482904638631, "objective_cosine_similarity": -0.3187304283112391, "is_tight": 0.0, "dual_solution_value": 0.0, "scaled_age": 0.2018348623853211}, "18": {"bias": -0.4082482904638631, "objective_cosine_similarity": -0.3637046605269354, "is_tight": 0.0, "dual_solution_value": 0.0, "scaled_age": 0.07339449541284404}, "19": {"bias": -0.31622776601683794, "objective_cosine_similarity": -0.46499675548361796, "is_tight": 0.0, "dual_solution_value": 0.0, "scaled_age": 0.2018348623853211}, "20": {"bias": -0.31622776601683794, "objective_cosine_similarity": -0.3786618529996889, "is_tight": 0.0, "dual_solution_value": 0.0, "scaled_age": 0.2018348623853211}, "21": {"bias": -0.3333333333333333, "objective_cosine_similarity": -0.4566214675875725, "is_tight": 0.0, "dual_solution_value": 0.0, "scaled_age": 0.2018348623853211}, "22": {"bias": -0.3779644730092272, "objective_cosine_similarity": -0.38922523277317034, "is_tight": 0.0, "dual_solution_value": 0.0, "scaled_age": 0.2018348623853211}, "23": {"bias": -0.4082482904638631, "objective_cosine_similarity": -0.4380099137528684, "is_tight": 0.0, "dual_solution_value": 0.0, "scaled_age": 0.045871559633027525}, "24": {"bias": -0.3333333333333333, "objective_cosine_similarity": -0.2746115119757429, "is_tight": 0.0, "dual_solution_value": 0.0, "scaled_age": 0.2018348623853211}, "25": {"bias": -0.4082482904638631, "objective_cosine_similarity": -0.32264123111260395, "is_tight": 0.0, "dual_solution_value": 0.0, "scaled_age": 0.2018348623853211}, "26": {"bias": -0.35355339059327373, "objective_cosine_similarity": -0.35900658496837484, "is_tight": 0.0, "dual_solution_value": 0.0, "scaled_age": 0.2018348623853211}, "27": {"bias": -0.4472135954999579, "objective_cosine_similarity": -0.4069866333297703, "is_tight": 1.0, "dual_solution_value": -0.01336435580545506, "scaled_age": 0.0}, "28": {"bias": -0.3779644730092272, "objective_cosine_similarity": -0.3837941830135447, "is_tight": 0.0, "dual_solution_value": 0.0, "scaled_age": 0.045871559633027525}, "29": {"bias": -0.4472135954999579, "objective_cosine_similarity": -0.32987337648834014, "is_tight": 0.0, "dual_solution_value": 0.0, "scaled_age": 0.2018348623853211}, "30": {"bias": -0.4472135954999579, "objective_cosine_similarity": -0.28274860841857724, "is_tight": 0.0, "dual_solution_value": 0.0, "scaled_age": 0.08256880733944955}, "31": {"bias": -0.31622776601683794, "objective_cosine_similarity": -0.4983189985475906, "is_tight": 0.0, "dual_solution_value": 0.0, "scaled_age": 0.2018348623853211}, "32": {"bias": -0.5, "objective_cosine_similarity": -0.16285101291584755, "is_tight": 0.0, "dual_solution_value": 0.0, "scaled_age": 0.2018348623853211}, "33": {"bias": -0.3333333333333333, "objective_cosine_similarity": -0.3608267541076622, "is_tight": 0.0, "dual_solution_value": 0.0, "scaled_age": 0.2018348623853211}, "34": {"bias": -0.35355339059327373, "objective_cosine_similarity": -0.5181887500015222, "is_tight": 0.0, "dual_solution_value": 0.0, "scaled_age": 0.12844036697247707}, "35": {"bias": -0.4472135954999579, "objective_cosine_similarity": -0.3448676208741738, "is_tight": 0.0, "dual_solution_value": 0.0, "scaled_age": 0.027522935779816515}, "36": {"bias": -0.4082482904638631, "objective_cosine_similarity": -0.453653124958328, "is_tight": 1.0, "dual_solution_value": -0.015141031520488747, "scaled_age": 0.0}, "37": {"bias": -0.3779644730092272, "objective_cosine_similarity": -0.266121438221656, "is_tight": 0.0, "dual_solution_value": 0.0, "scaled_age": 0.2018348623853211}, "38": {"bias": -0.31622776601683794, "objective_cosine_similarity": -0.3105027194597449, "is_tight": 0.0, "dual_solution_value": 0.0, "scaled_age": 0.2018348623853211}, "39": {"bias": -0.3333333333333333, "objective_cosine_similarity": -0.38637201103563823, "is_tight": 0.0, "dual_solution_value": 0.0, "scaled_age": 0.2018348623853211}, "40": {"bias": -0.4082482904638631, "objective_cosine_similarity": -0.44974232215696314, "is_tight": 0.0, "dual_solution_value": 0.0, "scaled_age": 0.11009174311926606}, "41": {"bias": -0.5, "objective_cosine_similarity": -0.2107483696558027, "is_tight": 0.0, "dual_solution_value": 0.0, "scaled_age": 0.2018348623853211}, "42": {"bias": -0.5, "objective_cosine_similarity": -0.2562508585587601, "is_tight": 0.0, "dual_solution_value": 0.0, "scaled_age": 0.027522935779816515}, "43": {"bias": -0.5, "objective_cosine_similarity": -0.21314323749280045, "is_tight": 1.0, "dual_solution_value": -0.0010667103220203349, "scaled_age": 0.0}, "44": {"bias": -0.5773502691896258, "objective_cosine_similarity": -0.16315595566297944, "is_tight": 0.0, "dual_solution_value": 0.0, "scaled_age": 0.1926605504587156}, "45": {"bias": -0.35355339059327373, "objective_cosine_similarity": -0.462305649511162, "is_tight": 0.0, "dual_solution_value": 0.0, "scaled_age": 0.2018348623853211}, "46": {"bias": -0.3333333333333333, "objective_cosine_similarity": -0.5540127596254814, "is_tight": 1.0, "dual_solution_value": -0.0051499009650813185, "scaled_age": 0.0}, "47": {"bias": -0.3779644730092272, "objective_cosine_similarity": -0.4326736308501754, "is_tight": 0.0, "dual_solution_value": 0.0, "scaled_age": 0.13761467889908258}, "48": {"bias": -0.4472135954999579, "objective_cosine_similarity": -0.21206145631393294, "is_tight": 0.0, "dual_solution_value": 0.0, "scaled_age": 0.07339449541284404}, "49": {"bias": -0.4082482904638631, "objective_cosine_similarity": -0.2463805764859885, "is_tight": 0.0, "dual_solution_value": 0.0, "scaled_age": 0.2018348623853211}, "50": {"bias": -0.30151134457776363, "objective_cosine_similarity": -0.41158549832296365, "is_tight": 0.0, "dual_solution_value": 0.0, "scaled_age": 0.2018348623853211}, "51": {"bias": -0.31622776601683794, "objective_cosine_similarity": -0.40744015382766524, "is_tight": 0.0, "dual_solution_value": 0.0, "scaled_age": 0.2018348623853211}, "52": {"bias": -0.5773502691896258, "objective_cosine_similarity": -0.26547409734993266, "is_tight": 0.0, "dual_solution_value": 0.0, "scaled_age": 0.009174311926605505}, "53": {"bias": -0.3779644730092272, "objective_cosine_similarity": -0.33129403533716356, "is_tight": 0.0, "dual_solution_value": 0.0, "scaled_age": 0.2018348623853211}, "54": {"bias": -0.5773502691896258, "objective_cosine_similarity": -0.1908095074702641, "is_tight": 1.0, "dual_solution_value": -0.012411760923827867, "scaled_age": 0.0}, "55": {"bias": -0.4472135954999579, "objective_cosine_similarity": -0.3277313415760782, "is_tight": 0.0, "dual_solution_value": 0.0, "scaled_age": 0.2018348623853211}, "56": {"bias": -0.3779644730092272, "objective_cosine_similarity": -0.300518086699285, "is_tight": 0.0, "dual_solution_value": 0.0, "scaled_age": 0.03669724770642202}, "57": {"bias": -0.4472135954999579, "objective_cosine_similarity": -0.3448676208741738, "is_tight": 0.0, "dual_solution_value": 0.0, "scaled_age": 0.009174311926605505}, "58": {"bias": -0.5, "objective_cosine_similarity": -0.1772202199378341, "is_tight": 0.0, "dual_solution_value": 0.0, "scaled_age": 0.2018348623853211}, "59": {"bias": -0.4472135954999579, "objective_cosine_similarity": -0.20777738648940905, "is_tight": 0.0, "dual_solution_value": 0.0, "scaled_age": 0.2018348623853211}, "60": {"bias": -0.5773502691896258, "objective_cosine_similarity": -0.25717803180774723, "is_tight": 0.0, "dual_solution_value": 0.0, "scaled_age": 0.08256880733944955}, "61": {"bias": -0.35355339059327373, "objective_cosine_similarity": -0.399648839870455, "is_tight": 0.0, "dual_solution_value": 0.0, "scaled_age": 0.2018348623853211}, "62": {"bias": -0.3779644730092272, "objective_cosine_similarity": -0.3530182343756661, "is_tight": 0.0, "dual_solution_value": 0.0, "scaled_age": 0.2018348623853211}, "63": {"bias": -0.35355339059327373, "objective_cosine_similarity": -0.4809333496746154, "is_tight": 0.0, "dual_solution_value": 0.0, "scaled_age": 0.2018348623853211}, "64": {"bias": -0.4082482904638631, "objective_cosine_similarity": -0.2952656115030497, "is_tight": 0.0, "dual_solution_value": 0.0, "scaled_age": 0.2018348623853211}, "65": {"bias": -0.5, "objective_cosine_similarity": -0.3041482152987153, "is_tight": 0.0, "dual_solution_value": 0.0, "scaled_age": 0.2018348623853211}, "66": {"bias": -0.35355339059327373, "objective_cosine_similarity": -0.31328404820353467, "is_tight": 0.0, "dual_solution_value": 0.0, "scaled_age": 0.2018348623853211}, "67": {"bias": -0.4082482904638631, "objective_cosine_similarity": -0.4419207165542333, "is_tight": 1.0, "dual_solution_value": -0.008731305219326338, "scaled_age": 0.0}, "68": {"bias": -0.4082482904638631, "objective_cosine_similarity": -0.4692963361637876, "is_tight": 1.0, "dual_solution_value": -0.006921468733615089, "scaled_age": 0.0}, "69": {"bias": -0.35355339059327373, "objective_cosine_similarity": -0.3149774754911214, "is_tight": 0.0, "dual_solution_value": 0.0, "scaled_age": 0.2018348623853211}, "70": {"bias": -0.25, "objective_cosine_similarity": -0.563991375612972, "is_tight": 0.0, "dual_solution_value": 0.0, "scaled_age": 0.2018348623853211}, "71": {"bias": -0.5, "objective_cosine_similarity": -0.21553810532979822, "is_tight": 0.0, "dual_solution_value": 0.0, "scaled_age": 0.01834862385321101}, "72": {"bias": -0.5773502691896258, "objective_cosine_similarity": -0.08296065542185395, "is_tight": 1.0, "dual_solution_value": -0.0002335054369140224, "scaled_age": 0.0}, "73": {"bias": -0.35355339059327373, "objective_cosine_similarity": -0.39626198529528167, "is_tight": 0.0, "dual_solution_value": 0.0, "scaled_age": 0.2018348623853211}, "74": {"bias": -0.5, "objective_cosine_similarity": -0.35204557203867043, "is_tight": 1.0, "dual_solution_value": -0.018274029559709856, "scaled_age": 0.0}, "75": {"bias": -0.5773502691896258, "objective_cosine_similarity": -0.23505519036191955, "is_tight": 1.0, "dual_solution_value": -0.011596280208132505, "scaled_age": 0.0}, "76": {"bias": -0.3779644730092272, "objective_cosine_similarity": -0.31862158589803713, "is_tight": 0.0, "dual_solution_value": 0.0, "scaled_age": 0.2018348623853211}, "77": {"bias": -0.35355339059327373, "objective_cosine_similarity": -0.3861014215697616, "is_tight": 0.0, "dual_solution_value": 0.0, "scaled_age": 0.2018348623853211}, "78": {"bias": -0.5, "objective_cosine_similarity": -0.4047326644526211, "is_tight": 1.0, "dual_solution_value": -0.030692529903550307, "scaled_age": 0.0}, "79": {"bias": -0.3333333333333333, "objective_cosine_similarity": -0.4262864749856009, "is_tight": 0.0, "dual_solution_value": 0.0, "scaled_age": 0.2018348623853211}, "80": {"bias": -0.4472135954999579, "objective_cosine_similarity": -0.3512937256109596, "is_tight": 1.0, "dual_solution_value": -0.0004328268350585722, "scaled_age": 0.0}, "81": {"bias": -0.30151134457776363, "objective_cosine_similarity": -0.4491336490471638, "is_tight": 0.0, "dual_solution_value": 0.0, "scaled_age": 0.2018348623853211}, "82": {"bias": -0.5, "objective_cosine_similarity": -0.3280968936686928, "is_tight": 0.0, "dual_solution_value": 0.0, "scaled_age": 0.009174311926605505}, "83": {"bias": -0.3779644730092272, "objective_cosine_similarity": -0.3168112359781619, "is_tight": 0.0, "dual_solution_value": 0.0, "scaled_age": 0.2018348623853211}, "84": {"bias": -0.4082482904638631, "objective_cosine_similarity": -0.24051437228394115, "is_tight": 0.0, "dual_solution_value": 0.0, "scaled_age": 0.2018348623853211}, "85": {"bias": -0.4082482904638631, "objective_cosine_similarity": -0.26397918909213053, "is_tight": 0.0, "dual_solution_value": 0.0, "scaled_age": 0.2018348623853211}, "86": {"bias": -0.5, "objective_cosine_similarity": -0.23230218018878251, "is_tight": 0.0, "dual_solution_value": 0.0, "scaled_age": 0.2018348623853211}, "87": {"bias": -0.5, "objective_cosine_similarity": -0.2610405942327556, "is_tight": 0.0, "dual_solution_value": 0.0, "scaled_age": 0.2018348623853211}, "88": {"bias": -0.3779644730092272, "objective_cosine_similarity": -0.4761220289271804, "is_tight": 0.0, "dual_solution_value": 0.0, "scaled_age": 0.07339449541284404}, "89": {"bias": -0.35355339059327373, "objective_cosine_similarity": -0.394568558007695, "is_tight": 0.0, "dual_solution_value": 0.0, "scaled_age": 0.07339449541284404}, "90": {"bias": -0.5773502691896258, "objective_cosine_similarity": -0.23505519036191955, "is_tight": 0.0, "dual_solution_value": 0.0, "scaled_age": 0.2018348623853211}, "91": {"bias": -0.3779644730092272, "objective_cosine_similarity": -0.5268118266836863, "is_tight": 1.0, "dual_solution_value": -0.02982212239956611, "scaled_age": 0.0}, "92": {"bias": -0.3333333333333333, "objective_cosine_similarity": -0.41032068940561583, "is_tight": 0.0, "dual_solution_value": 0.0, "scaled_age": 0.2018348623853211}, "93": {"bias": -0.3333333333333333, "objective_cosine_similarity": -0.29856019034572046, "is_tight": 0.0, "dual_solution_value": 0.0, "scaled_age": 0.2018348623853211}, "94": {"bias": -0.4082482904638631, "objective_cosine_similarity": -0.34610604792079336, "is_tight": 0.0, "dual_solution_value": 0.0, "scaled_age": 0.2018348623853211}, "95": {"bias": -0.30151134457776363, "objective_cosine_similarity": -0.3899231036743866, "is_tight": 0.0, "dual_solution_value": 0.0, "scaled_age": 0.2018348623853211}, "96": {"bias": -0.35355339059327373, "objective_cosine_similarity": -0.48940048611254877, "is_tight": 1.0, "dual_solution_value": -8.414294963605119e-05, "scaled_age": 0.0}, "97": {"bias": -0.7071067811865475, "objective_cosine_similarity": -0.2269192565366143, "is_tight": 1.0, "dual_solution_value": -0.045130808129258244, "scaled_age": 0.0}, "98": {"bias": -0.5, "objective_cosine_similarity": -0.26583032990675115, "is_tight": 0.0, "dual_solution_value": 0.0, "scaled_age": 0.2018348623853211}, "99": {"bias": -0.30151134457776363, "objective_cosine_similarity": -0.49101427870107944, "is_tight": 0.0, "dual_solution_value": 0.0, "scaled_age": 0.2018348623853211}, "100": {"bias": -0.4082482904638631, "objective_cosine_similarity": -0.2600683862907656, "is_tight": 0.0, "dual_solution_value": 0.0, "scaled_age": 0.2018348623853211}, "101": {"bias": -0.4472135954999579, "objective_cosine_similarity": -0.3984184936807225, "is_tight": 1.0, "dual_solution_value": -0.014153930010843323, "scaled_age": 0.0}, "102": {"bias": -0.35355339059327373, "objective_cosine_similarity": -0.5249624591518689, "is_tight": 0.0, "dual_solution_value": 0.0, "scaled_age": 0.2018348623853211}, "103": {"bias": -0.4472135954999579, "objective_cosine_similarity": -0.21634552613845684, "is_tight": 0.0, "dual_solution_value": 0.0, "scaled_age": 0.2018348623853211}, "104": {"bias": -0.35355339059327373, "objective_cosine_similarity": -0.33868545751733475, "is_tight": 0.0, "dual_solution_value": 0.0, "scaled_age": 0.2018348623853211}, "105": {"bias": -1.0540925533894598, "objective_cosine_similarity": -0.9087884471992533, "is_tight": 1.0, "dual_solution_value": -5.459082064201887e-05, "scaled_age": 0.0}, "106": {"bias": -1.1216145220320681, "objective_cosine_similarity": -0.9754291064717832, "is_tight": 0.0, "dual_solution_value": -0.0, "scaled_age": 0.10091743119266056}, "107": {"bias": -1.167174199861644, "objective_cosine_similarity": -0.9519287679593129, "is_tight": 0.0, "dual_solution_value": -0.0, "scaled_age": 0.01834862385321101}, "108": {"bias": -1.1014854253144228, "objective_cosine_similarity": -0.9298639863475758, "is_tight": 0.0, "dual_solution_value": -0.0, "scaled_age": 0.06422018348623854}, "109": {"bias": -1.0954451150103321, "objective_cosine_similarity": -0.9339468732359013, "is_tight": 0.0, "dual_solution_value": -0.0, "scaled_age": 0.11926605504587157}, "110": {"bias": -0.7844645405527362, "objective_cosine_similarity": -0.7824739257816655, "is_tight": 1.0, "dual_solution_value": -0.0005401410331178566, "scaled_age": 0.0}, "111": {"bias": -1.0943058062101276, "objective_cosine_similarity": -0.9336307088159661, "is_tight": 0.0, "dual_solution_value": -0.0, "scaled_age": 0.08256880733944955}, "112": {"bias": -1.1319491644162951, "objective_cosine_similarity": -0.9469519797809713, "is_tight": 0.0, "dual_solution_value": -0.0, "scaled_age": 0.01834862385321101}, "113": {"bias": -0.9863939238321437, "objective_cosine_similarity": -0.8819190175770305, "is_tight": 1.0, "dual_solution_value": -0.0010045236033135007, "scaled_age": 0.0}, "114": {"bias": -1.0918117878702585, "objective_cosine_similarity": -0.9648408809506098, "is_tight": 0.0, "dual_solution_value": -0.0, "scaled_age": 0.027522935779816515}, "115": {"bias": -1.1569848146739605, "objective_cosine_similarity": -0.9518852052315158, "is_tight": 1.0, "dual_solution_value": -0.00012083685379092006, "scaled_age": 0.0}, "116": {"bias": -0.9778024140774094, "objective_cosine_similarity": -0.9246399535526922, "is_tight": 0.0, "dual_solution_value": -0.0, "scaled_age": 0.027522935779816515}, "117": {"bias": -1.10377696422087, "objective_cosine_similarity": -0.9691761579728928, "is_tight": 1.0, "dual_solution_value": -0.00013157394173620606, "scaled_age": 0.0}, "118": {"bias": -1.0552897060221726, "objective_cosine_similarity": -0.9444804066779586, "is_tight": 1.0, "dual_solution_value": -9.43581577545332e-05, "scaled_age": 0.0}, "119": {"bias": -1.0180556207612443, "objective_cosine_similarity": -0.9499480876015841, "is_tight": 1.0, "dual_solution_value": -3.498962413747883e-05, "scaled_age": 0.0}, "120": {"bias": -1.1364329371449082, "objective_cosine_similarity": -0.9564179510032361, "is_tight": 0.0, "dual_solution_value": -0.0, "scaled_age": 0.027522935779816515}, "121": {"bias": -1.1208395991555509, "objective_cosine_similarity": -0.9735283983756806, "is_tight": 1.0, "dual_solution_value": -3.657540144173515e-05, "scaled_age": 0.0}, "122": {"bias": -0.7559289460184544, "objective_cosine_similarity": -0.3675010337346678, "is_tight": 1.0, "dual_solution_value": -0.0005113058353454055, "scaled_age": 0.0}, "123": {"bias": -1.0844353369380768, "objective_cosine_similarity": -0.9411320736712977, "is_tight": 1.0, "dual_solution_value": -4.7504336972651305e-05, "scaled_age": 0.0}}