{"0": {"bias": -0.7977240352174656, "objective_cosine_similarity": -0.8553840699556907, "is_tight": 0.0, "dual_solution_value": -0.0, "scaled_age": 0.02197802197802198}, "1": {"bias": -0.7372097807744856, "objective_cosine_similarity": -0.6875910248908306, "is_tight": 0.0, "dual_solution_value": -0.0, "scaled_age": 0.054945054945054944}, "2": {"bias": -0.8682431421244593, "objective_cosine_similarity": -0.8235772289559702, "is_tight": 1.0, "dual_solution_value": -2.3121624261116207e-06, "scaled_age": 0.0}, "3": {"bias": -0.9747403576571586, "objective_cosine_similarity": -0.9379957392750365, "is_tight": 1.0, "dual_solution_value": -4.9591374132567774e-05, "scaled_age": 0.0}, "4": {"bias": -0.7276068751089989, "objective_cosine_similarity": -0.7630149283086916, "is_tight": 1.0, "dual_solution_value": -0.0006117388625284684, "scaled_age": 0.0}, "5": {"bias": -0.6030226891555273, "objective_cosine_similarity": -0.5244934696933166, "is_tight": 0.0, "dual_solution_value": -0.0, "scaled_age": 0.03296703296703297}, "6": {"bias": -0.9066580887766055, "objective_cosine_similarity": -0.9084120513212203, "is_tight": 1.0, "dual_solution_value": -0.007346108843465155, "scaled_age": 0.0}, "7": {"bias": -0.9638217410754046, "objective_cosine_similarity": -0.9184547621685472, "is_tight": 0.0, "dual_solution_value": 0.0, "scaled_age": 0.06593406593406594}, "8": {"bias": -0.4472135954999579, "objective_cosine_similarity": -0.3310423554409471, "is_tight": 0.0, "dual_solution_value": 0.0, "scaled_age": 0.37362637362637363}, "9": {"bias": -0.3779644730092272, "objective_cosine_similarity": -0.39169459727477296, "is_tight": 0.0, "dual_solution_value": 0.0, "scaled_age": 0.2967032967032967}, "10": {"bias": -0.35355339059327373, "objective_cosine_similarity": -0.33237419084478564, "is_tight": 0.0, "dual_solution_value": 0.0, "scaled_age": 0.37362637362637363}, "11": {"bias": -0.4082482904638631, "objective_cosine_similarity": -0.40192459366830713, "is_tight": 0.0, "dual_solution_value": 0.0, "scaled_age": 0.37362637362637363}, "12": {"bias": -0.4082482904638631, "objective_cosine_similarity": -0.5560460543982595, "is_tight": 1.0, "dual_solution_value": -0.027472584154684856, "scaled_age": 0.0}, "13": {"bias": -0.3779644730092272, "objective_cosine_similarity": -0.332940407683557, "is_tight": 0.0, "dual_solution_value": 0.0, "scaled_age": 0.37362637362637363}, "14": {"bias": -0.3779644730092272, "objective_cosine_similarity": -0.5092029764572048, "is_tight": 1.0, "dual_solution_value": -0.00015720793826957431, "scaled_age": 0.0}, "15": {"bias": -0.4082482904638631, "objective_cosine_similarity": -0.4170345407986946, "is_tight": 0.0, "dual_solution_value": 0.0, "scaled_age": 0.08791208791208792}, "16": {"bias": -0.4472135954999579, "objective_cosine_similarity": -0.4171133678555934, "is_tight": 0.0, "dual_solution_value": 0.0, "scaled_age": 0.18681318681318682}, "17": {"bias": -0.4472135954999579, "objective_cosine_similarity": -0.36745701453945134, "is_tight": 1.0, "dual_solution_value": -0.0005477728242570019, "scaled_age": 0.0}, "18": {"bias": -0.4472135954999579, "objective_cosine_similarity": -0.2913172727880335, "is_tight": 0.0, "dual_solution_value": 0.0, "scaled_age": 0.07692307692307693}, "19": {"bias": -0.31622776601683794, "objective_cosine_similarity": -0.2481272320557968, "is_tight": 0.0, "dual_solution_value": 0.0, "scaled_age": 0.37362637362637363}, "20": {"bias": -0.35355339059327373, "objective_cosine_similarity": -0.4187391380721709, "is_tight": 0.0, "dual_solution_value": 0.0, "scaled_age": 0.37362637362637363}, "21": {"bias": -0.3333333333333333, "objective_cosine_similarity": -0.3972584894727148, "is_tight": 0.0, "dual_solution_value": 0.0, "scaled_age": 0.37362637362637363}, "22": {"bias": -0.4082482904638631, "objective_cosine_similarity": -0.5500020755461045, "is_tight": 1.0, "dual_solution_value": -0.03916773082011642, "scaled_age": 0.0}, "23": {"bias": -0.3333333333333333, "objective_cosine_similarity": -0.429335261914611, "is_tight": 0.0, "dual_solution_value": 0.0, "scaled_age": 0.04395604395604396}, "24": {"bias": -0.30151134457776363, "objective_cosine_similarity": -0.504406485747615, "is_tight": 0.0, "dual_solution_value": 0.0, "scaled_age": 0.37362637362637363}, "25": {"bias": -0.4472135954999579, "objective_cosine_similarity": -0.24828176658071036, "is_tight": 0.0, "dual_solution_value": 0.0, "scaled_age": 0.37362637362637363}, "26": {"bias": -0.35355339059327373, "objective_cosine_similarity": -0.3899508223297091, "is_tight": 0.0, "dual_solution_value": 0.0, "scaled_age": 0.37362637362637363}, "27": {"bias": -0.3333333333333333, "objective_cosine_similarity": -0.5206306911723156, "is_tight": 0.0, "dual_solution_value": 0.0, "scaled_age": 0.3626373626373626}, "28": {"bias": -0.3333333333333333, "objective_cosine_similarity": -0.3651817170308186, "is_tight": 0.0, "dual_solution_value": 0.0, "scaled_age": 0.37362637362637363}, "29": {"bias": -0.4472135954999579, "objective_cosine_similarity": -0.3144902376688998, "is_tight": 0.0, "dual_solution_value": 0.0, "scaled_age": 0.14285714285714285}, "30": {"bias": -0.3779644730092272, "objective_cosine_similarity": -0.307760040715893, "is_tight": 0.0, "dual_solution_value": 0.0, "scaled_age": 0.37362637362637363}, "31": {"bias": -0.35355339059327373, "objective_cosine_similarity": -0.35592826736134525, "is_tight": 0.0, "dual_solution_value": 0.0, "scaled_age": 0.2087912087912088}, "32": {"bias": -0.30151134457776363, "objective_cosine_similarity": -0.4954789373273033, "is_tight": 0.0, "dual_solution_value": 0.0, "scaled_age": 0.37362637362637363}, "33": {"bias": -0.5773502691896258, "objective_cosine_similarity": -0.23505561374387854, "is_tight": 0.0, "dual_solution_value": 0.0, "scaled_age": 0.17582417582417584}, "34": {"bias": -0.35355339059327373, "objective_cosine_similarity": -0.4370589753628284, "is_tight": 0.0, "dual_solution_value": 0.0, "scaled_age": 0.37362637362637363}, "35": {"bias": -0.5, "objective_cosine_similarity": -0.28498978592607804, "is_tight": 1.0, "dual_solution_value": -0.0016420318111120022, "scaled_age": 0.0}, "36": {"bias": -0.3779644730092272, "objective_cosine_similarity": -0.4168749642424369, "is_tight": 0.0, "dual_solution_value": 0.0, "scaled_age": 0.37362637362637363}, "37": {"bias": -0.5773502691896258, "objective_cosine_similarity": -0.363267766695085, "is_tight": 1.0, "dual_solution_value": -0.07766550929254601, "scaled_age": 0.0}, "38": {"bias": -0.4082482904638631, "objective_cosine_similarity": -0.5983539063633445, "is_tight": 1.0, "dual_solution_value": -0.02834282212554654, "scaled_age": 0.0}, "39": {"bias": -0.35355339059327373, "objective_cosine_similarity": -0.37424810465200276, "is_tight": 0.0, "dual_solution_value": 0.0, "scaled_age": 0.37362637362637363}, "40": {"bias": -0.3333333333333333, "objective_cosine_similarity": -0.2911583960110581, "is_tight": 0.0, "dual_solution_value": 0.0, "scaled_age": 0.37362637362637363}, "41": {"bias": -0.4472135954999579, "objective_cosine_similarity": -0.3840091323114987, "is_tight": 0.0, "dual_solution_value": 0.0, "scaled_age": 0.16483516483516483}, "42": {"bias": -0.4082482904638631, "objective_cosine_similarity": -0.39285862539007466, "is_tight": 0.0, "dual_solution_value": 0.0, "scaled_age": 0.27472527472527475}, "43": {"bias": -0.3779644730092272, "objective_cosine_similarity": -0.39169459727477296, "is_tight": 0.0, "dual_solution_value": 0.0, "scaled_age": 0.37362637362637363}, "44": {"bias": -0.4472135954999579, "objective_cosine_similarity": -0.37738828520267975, "is_tight": 0.0, "dual_solution_value": 0.0, "scaled_age": 0.37362637362637363}, "45": {"bias": -0.35355339059327373, "objective_cosine_similarity": -0.45537881265348584, "is_tight": 0.0, "dual_solution_value": 0.0, "scaled_age": 0.37362637362637363}, "46": {"bias": -0.3779644730092272, "objective_cosine_similarity": -0.4560444239699142, "is_tight": 1.0, "dual_solution_value": -0.0005222926079082961, "scaled_age": 0.0}, "47": {"bias": -0.4472135954999579, "objective_cosine_similarity": -0.30786939056008084, "is_tight": 0.0, "dual_solution_value": 0.0, "scaled_age": 0.37362637362637363}, "48": {"bias": -0.3333333333333333, "objective_cosine_similarity": -0.3947910454387228, "is_tight": 0.0, "dual_solution_value": 0.0, "scaled_age": 0.37362637362637363}, "49": {"bias": -0.30151134457776363, "objective_cosine_similarity": -0.4128991144394194, "is_tight": 0.0, "dual_solution_value": 0.0, "scaled_age": 0.37362637362637363}, "50": {"bias": -0.31622776601683794, "objective_cosine_similarity": -0.3675092021958499, "is_tight": 0.0, "dual_solution_value": 0.0, "scaled_age": 0.37362637362637363}, "51": {"bias": -0.5, "objective_cosine_similarity": -0.25167929146718576, "is_tight": 0.0, "dual_solution_value": 0.0, "scaled_age": 0.37362637362637363}, "52": {"bias": -0.3779644730092272, "objective_cosine_similarity": -0.29656876650804237, "is_tight": 0.0, "dual_solution_value": 0.0, "scaled_age": 0.37362637362637363}, "53": {"bias": -0.5, "objective_cosine_similarity": -0.29979445013003014, "is_tight": 0.0, "dual_solution_value": 0.0, "scaled_age": 0.37362637362637363}, "54": {"bias": -0.4082482904638631, "objective_cosine_similarity": -0.35961674170322216, "is_tight": 0.0, "dual_solution_value": 0.0, "scaled_age": 0.37362637362637363}, "55": {"bias": -0.3779644730092272, "objective_cosine_similarity": -0.349727318995333, "is_tight": 0.0, "dual_solution_value": 0.0, "scaled_age": 0.37362637362637363}, "56": {"bias": -0.4082482904638631, "objective_cosine_similarity": -0.5318701389896395, "is_tight": 0.0, "dual_solution_value": 0.0, "scaled_age": 0.15384615384615385}, "57": {"bias": -0.4082482904638631, "objective_cosine_similarity": -0.3414848051467572, "is_tight": 0.0, "dual_solution_value": 0.0, "scaled_age": 0.21978021978021978}, "58": {"bias": -0.4472135954999579, "objective_cosine_similarity": -0.4402863327364597, "is_tight": 0.0, "dual_solution_value": 0.0, "scaled_age": 0.02197802197802198}, "59": {"bias": -0.35355339059327373, "objective_cosine_similarity": -0.32452283200593246, "is_tight": 0.0, "dual_solution_value": 0.0, "scaled_age": 0.27472527472527475}, "60": {"bias": -0.5773502691896258, "objective_cosine_similarity": -0.23505561374387854, "is_tight": 1.0, "dual_solution_value": -0.0035259182550804774, "scaled_age": 0.0}, "61": {"bias": -0.3779644730092272, "objective_cosine_similarity": -0.41407714569047427, "is_tight": 0.0, "dual_solution_value": 0.0, "scaled_age": 0.37362637362637363}, "62": {"bias": -0.4082482904638631, "objective_cosine_similarity": -0.32939684744244724, "is_tight": 0.0, "dual_solution_value": 0.0, "scaled_age": 0.37362637362637363}, "63": {"bias": -0.3779644730092272, "objective_cosine_similarity": -0.5203942506650555, "is_tight": 0.0, "dual_solution_value": 0.0, "scaled_age": 0.37362637362637363}, "64": {"bias": -0.3779644730092272, "objective_cosine_similarity": -0.4504487868659889, "is_tight": 0.0, "dual_solution_value": 0.0, "scaled_age": 0.37362637362637363}, "65": {"bias": -0.3779644730092272, "objective_cosine_similarity": -0.38889677872281025, "is_tight": 0.0, "dual_solution_value": 0.0, "scaled_age": 0.37362637362637363}, "66": {"bias": -0.3333333333333333, "objective_cosine_similarity": -0.5181632471383236, "is_tight": 0.0, "dual_solution_value": 0.0, "scaled_age": 0.37362637362637363}, "67": {"bias": -0.4472135954999579, "objective_cosine_similarity": -0.2515921901351198, "is_tight": 0.0, "dual_solution_value": 0.0, "scaled_age": 0.2087912087912088}, "68": {"bias": -0.4082482904638631, "objective_cosine_similarity": -0.3324188368685247, "is_tight": 0.0, "dual_solution_value": 0.0, "scaled_age": 0.37362637362637363}, "69": {"bias": -0.3779644730092272, "objective_cosine_similarity": -0.4560444239699142, "is_tight": 1.0, "dual_solution_value": -0.006919027826576759, "scaled_age": 0.0}, "70": {"bias": -0.35355339059327373, "objective_cosine_similarity": -0.20675244942313437, "is_tight": 0.0, "dual_solution_value": 0.0, "scaled_age": 0.37362637362637363}, "71": {"bias": -0.5, "objective_cosine_similarity": -0.3257026124869463, "is_tight": 0.0, "dual_solution_value": 0.0, "scaled_age": 0.37362637362637363}, "72": {"bias": -0.4472135954999579, "objective_cosine_similarity": -0.26483388435275773, "is_tight": 0.0, "dual_solution_value": 0.0, "scaled_age": 0.37362637362637363}, "73": {"bias": -0.35355339059327373, "objective_cosine_similarity": -0.4684644107182412, "is_tight": 0.0, "dual_solution_value": 0.0, "scaled_age": 0.12087912087912088}, "74": {"bias": -0.3779644730092272, "objective_cosine_similarity": -0.4896182465934662, "is_tight": 0.0, "dual_solution_value": 0.0, "scaled_age": 0.26373626373626374}, "75": {"bias": -0.31622776601683794, "objective_cosine_similarity": -0.48220952644805787, "is_tight": 0.0, "dual_solution_value": 0.0, "scaled_age": 0.37362637362637363}, "76": {"bias": -0.35355339059327373, "objective_cosine_similarity": -0.23292364555264505, "is_tight": 0.0, "dual_solution_value": 0.0, "scaled_age": 0.37362637362637363}, "77": {"bias": -0.5, "objective_cosine_similarity": -0.29979445013003014, "is_tight": 0.0, "dual_solution_value": 0.0, "scaled_age": 0.31868131868131866}, "78": {"bias": -0.4082482904638631, "objective_cosine_similarity": -0.29011098490343973, "is_tight": 0.0, "dual_solution_value": 0.0, "scaled_age": 0.04395604395604396}, "79": {"bias": -0.2886751345948129, "objective_cosine_similarity": -0.3931839357170332, "is_tight": 0.0, "dual_solution_value": 0.0, "scaled_age": 0.37362637362637363}, "80": {"bias": -0.4472135954999579, "objective_cosine_similarity": -0.14565863639401674, "is_tight": 0.0, "dual_solution_value": 0.0, "scaled_age": 0.3516483516483517}, "81": {"bias": -0.3779644730092272, "objective_cosine_similarity": -0.40568369003458626, "is_tight": 0.0, "dual_solution_value": 0.0, "scaled_age": 0.37362637362637363}, "82": {"bias": -0.3333333333333333, "objective_cosine_similarity": -0.5181632471383236, "is_tight": 0.0, "dual_solution_value": 0.0, "scaled_age": 0.37362637362637363}, "83": {"bias": -0.4472135954999579, "objective_cosine_similarity": -0.31780066122330924, "is_tight": 0.0, "dual_solution_value": 0.0, "scaled_age": 0.37362637362637363}, "84": {"bias": -0.3333333333333333, "objective_cosine_similarity": -0.5132283590703396, "is_tight": 0.0, "dual_solution_value": 0.0, "scaled_age": 0.3076923076923077}, "85": {"bias": -0.4472135954999579, "objective_cosine_similarity": -0.4866322624981923, "is_tight": 0.0, "dual_solution_value": 0.0, "scaled_age": 0.01098901098901099}, "86": {"bias": -0.5773502691896258, "objective_cosine_similarity": -0.11111719922437895, "is_tight": 0.0, "dual_solution_value": 0.0, "scaled_age": 0.37362637362637363}, "87": {"bias": -0.4472135954999579, "objective_cosine_similarity": -0.24166091947189142, "is_tight": 0.0, "dual_solution_value": 0.0, "scaled_age": 0.10989010989010989}, "88": {"bias": -0.5, "objective_cosine_similarity": -0.24057579331422171, "is_tight": 0.0, "dual_solution_value": 0.0, "scaled_age": 0.25274725274725274}, "89": {"bias": -0.3779644730092272, "objective_cosine_similarity": -0.45324660541795153, "is_tight": 0.0, "dual_solution_value": 0.0, "scaled_age": 0.37362637362637363}, "90": {"bias": -0.7071067811865475, "objective_cosine_similarity": -0.18319837290657476, "is_tight": 0.0, "dual_solution_value": 0.0, "scaled_age": 0.37362637362637363}, "91": {"bias": -0.30151134457776363, "objective_cosine_similarity": -0.4062034531241856, "is_tight": 0.0, "dual_solution_value": 0.0, "scaled_age": 0.37362637362637363}, "92": {"bias": -0.4082482904638631, "objective_cosine_similarity": -0.3717046994075322, "is_tight": 1.0, "dual_solution_value": -9.297081001788313e-06, "scaled_age": 0.0}, "93": {"bias": -0.5, "objective_cosine_similarity": -0.16285130624347316, "is_tight": 0.0, "dual_solution_value": 0.0, "scaled_age": 0.10989010989010989}, "94": {"bias": -0.2886751345948129, "objective_cosine_similarity": -0.5577228653377482, "is_tight": 0.0, "dual_solution_value": 0.0, "scaled_age": 0.37362637362637363}, "95": {"bias": -0.30151134457776363, "objective_cosine_similarity": -0.49101516311714744, "is_tight": 0.0, "dual_solution_value": 0.0, "scaled_age": 0.37362637362637363}, "96": {"bias": -0.35355339059327373, "objective_cosine_similarity": -0.4684644107182412, "is_tight": 0.0, "dual_solution_value": 0.0, "scaled_age": 0.37362637362637363}, "97": {"bias": -0.31622776601683794, "objective_cosine_similarity": -0.38857660869115346, "is_tight": 0.0, "dual_solution_value": 0.0, "scaled_age": 0.37362637362637363}, "98": {"bias": -0.35355339059327373, "objective_cosine_similarity": -0.3925679419426602, "is_tight": 0.0, "dual_solution_value": 0.0, "scaled_age": 0.37362637362637363}, "99": {"bias": -0.30151134457776363, "objective_cosine_similarity": -0.4218266628597312, "is_tight": 0.0, "dual_solution_value": 0.0, "scaled_age": 0.37362637362637363}, "100": {"bias": -0.30151134457776363, "objective_cosine_similarity": -0.5378847923237843, "is_tight": 0.0, "dual_solution_value": 0.0, "scaled_age": 0.37362637362637363}, "101": {"bias": -0.3779644730092272, "objective_cosine_similarity": -0.4224706013463622, "is_tight": 0.0, "dual_solution_value": 0.0, "scaled_age": 0.37362637362637363}, "102": {"bias": -0.6255432421712244, "objective_cosine_similarity": -0.765572498686108, "is_tight": 0.0, "dual_solution_value": -0.0, "scaled_age": 0.04395604395604396}, "103": {"bias": -0.9087389347953037, "objective_cosine_similarity": -0.9308192050014168, "is_tight": 0.0, "dual_solution_value": -0.0, "scaled_age": 0.03296703296703297}, "104": {"bias": -0.9910568441525718, "objective_cosine_similarity": -0.8483869023509142, "is_tight": 1.0, "dual_solution_value": -0.00866185313597181, "scaled_age": 0.0}, "105": {"bias": -0.9467531164008038, "objective_cosine_similarity": -0.9324217940659827, "is_tight": 1.0, "dual_solution_value": -3.134041922398808e-05, "scaled_age": 0.0}, "106": {"bias": -0.9473309334313418, "objective_cosine_similarity": -0.9316551581646281, "is_tight": 1.0, "dual_solution_value": -8.358548070541247e-06, "scaled_age": 0.0}, "107": {"bias": -0.9288092200038602, "objective_cosine_similarity": -0.9245329378331621, "is_tight": 1.0, "dual_solution_value": -1.8609289107583293e-05, "scaled_age": 0.0}, "108": {"bias": -0.9420632198440952, "objective_cosine_similarity": -0.9414177499362874, "is_tight": 0.0, "dual_solution_value": -0.0, "scaled_age": 0.12087912087912088}, "109": {"bias": -0.924783790529501, "objective_cosine_similarity": -0.9354393236498948, "is_tight": 0.0, "dual_solution_value": -0.0, "scaled_age": 0.10989010989010989}, "110": {"bias": -0.9492718721727215, "objective_cosine_similarity": -0.938720026992501, "is_tight": 0.0, "dual_solution_value": -0.0, "scaled_age": 0.02197802197802198}, "111": {"bias": -0.9170672438028018, "objective_cosine_similarity": -0.9417069687380573, "is_tight": 1.0, "dual_solution_value": -5.392713929897526e-05, "scaled_age": 0.0}, "112": {"bias": -0.982740091198131, "objective_cosine_similarity": -0.8487627152592051, "is_tight": 1.0, "dual_solution_value": -0.0016193375902644695, "scaled_age": 0.0}, "113": {"bias": -0.9504587714666693, "objective_cosine_similarity": -0.8913482171340221, "is_tight": 1.0, "dual_solution_value": -0.0017955980136222089, "scaled_age": 0.0}, "114": {"bias": -0.9987922367186046, "objective_cosine_similarity": -0.8465307671324099, "is_tight": 0.0, "dual_solution_value": -0.0, "scaled_age": 0.03296703296703297}, "115": {"bias": -0.8980677640936834, "objective_cosine_similarity": -0.865141642002451, "is_tight": 1.0, "dual_solution_value": -6.691262686862315e-08, "scaled_age": 0.0}, "116": {"bias": -0.9891711040172434, "objective_cosine_similarity": -0.8506831126951755, "is_tight": 1.0, "dual_solution_value": -0.007349669668745598, "scaled_age": 0.0}, "117": {"bias": -0.885686650451322, "objective_cosine_similarity": -0.8859738278731523, "is_tight": 0.0, "dual_solution_value": -0.0, "scaled_age": 0.01098901098901099}, "118": {"bias": -0.9939538308530911, "objective_cosine_similarity": -0.8502988055257623, "is_tight": 1.0, "dual_solution_value": -0.0002739358079731166, "scaled_age": 0.0}, "119": {"bias": -0.9349014023169374, "objective_cosine_similarity": -0.9411812901072208, "is_tight": 1.0, "dual_solution_value": -1.1666581769783454e-06, "scaled_age": 0.0}, "120": {"bias": -0.95784671375644, "objective_cosine_similarity": -0.879504889990852, "is_tight": 0.0, "dual_solution_value": -0.0, "scaled_age": 0.054945054945054944}, "121": {"bias": -0.9850590612876763, "objective_cosine_similarity": -0.8503448984099624, "is_tight": 1.0, "dual_solution_value": -7.193472110776285e-06, "scaled_age": 0.0}, "122": {"bias": -1.0077877752468312, "objective_cosine_similarity": -0.8520347501429715, "is_tight": 1.0, "dual_solution_value": -0.003464213995042354, "scaled_age": 0.0}, "123": {"bias": -0.9594769675378884, "objective_cosine_similarity": -0.8925166539165056, "is_tight": 0.0, "dual_solution_value": -0.0, "scaled_age": 0.02197802197802198}, "124": {"bias": -0.9874129281588918, "objective_cosine_similarity": -0.8500148010229864, "is_tight": 1.0, "dual_solution_value": -0.0017713742959960994, "scaled_age": 0.0}, "125": {"bias": -0.9803917532810928, "objective_cosine_similarity": -0.8525669408481996, "is_tight": 1.0, "dual_solution_value": -9.64578591099975e-05, "scaled_age": 0.0}}