{"0": {"bias": -0.9045340337332909, "objective_cosine_similarity": -0.5686808538731086, "is_tight": 1.0, "dual_solution_value": -0.00010617279124762864, "scaled_age": 0.0}, "1": {"bias": -1.0, "objective_cosine_similarity": -0.5186053489682475, "is_tight": 1.0, "dual_solution_value": -0.0005189556024250497, "scaled_age": 0.0}, "2": {"bias": -0.9701425001453319, "objective_cosine_similarity": -0.6756297875392197, "is_tight": 1.0, "dual_solution_value": -8.985769889588573e-06, "scaled_age": 0.0}, "3": {"bias": -1.2262786789699316, "objective_cosine_similarity": -0.8795892762874297, "is_tight": 0.0, "dual_solution_value": -0.0, "scaled_age": 0.12}, "4": {"bias": -1.1759401317224893, "objective_cosine_similarity": -0.796738616590611, "is_tight": 0.0, "dual_solution_value": -0.0, "scaled_age": 0.04}, "5": {"bias": -1.2347898130260637, "objective_cosine_similarity": -0.9344671241220828, "is_tight": 1.0, "dual_solution_value": -0.00028326771200805687, "scaled_age": 0.0}, "6": {"bias": -1.158648244043315, "objective_cosine_similarity": -0.9290160095885733, "is_tight": 0.0, "dual_solution_value": -0.0, "scaled_age": 0.01}, "7": {"bias": -0.8944271909999159, "objective_cosine_similarity": -0.39064860263361184, "is_tight": 1.0, "dual_solution_value": -0.006763603472691239, "scaled_age": 0.0}, "8": {"bias": -1.0041580220928046, "objective_cosine_similarity": -0.8037556483175794, "is_tight": 0.0, "dual_solution_value": -0.0, "scaled_age": 0.1}, "9": {"bias": -1.041511287846591, "objective_cosine_similarity": -0.8073710767617818, "is_tight": 0.0, "dual_solution_value": -0.0, "scaled_age": 0.04}, "10": {"bias": -1.266671553526223, "objective_cosine_similarity": -0.9527840709522862, "is_tight": 0.0, "dual_solution_value": -0.0, "scaled_age": 0.09}, "11": {"bias": -1.1288650420603168, "objective_cosine_similarity": -0.9174002428254008, "is_tight": 1.0, "dual_solution_value": -2.7989067690467265e-05, "scaled_age": 0.0}, "12": {"bias": -1.0834726777719228, "objective_cosine_similarity": -0.8695242410307882, "is_tight": 0.0, "dual_solution_value": -0.0, "scaled_age": 0.02}, "13": {"bias": -0.9615239476408232, "objective_cosine_similarity": -0.8357287079456918, "is_tight": 0.0, "dual_solution_value": -0.0, "scaled_age": 0.01}, "14": {"bias": -1.0, "objective_cosine_similarity": -0.7612489130804863, "is_tight": 1.0, "dual_solution_value": -5.085046642773616e-06, "scaled_age": 0.0}, "15": {"bias": -0.6324555320336759, "objective_cosine_similarity": -0.5771975916068451, "is_tight": 1.0, "dual_solution_value": -0.0023968813681232914, "scaled_age": 0.0}, "16": {"bias": -1.294664090983531, "objective_cosine_similarity": -0.876647598742004, "is_tight": 0.0, "dual_solution_value": 0.0, "scaled_age": 0.15}, "17": {"bias": -0.7071067811865475, "objective_cosine_similarity": -0.07989756984127087, "is_tight": 0.0, "dual_solution_value": 0.0, "scaled_age": 0.06}, "18": {"bias": -0.4082482904638631, "objective_cosine_similarity": -0.3033861181108749, "is_tight": 0.0, "dual_solution_value": 0.0, "scaled_age": 0.23}, "19": {"bias": -0.5773502691896258, "objective_cosine_similarity": -0.25843528991471854, "is_tight": 1.0, "dual_solution_value": -0.002509080484608918, "scaled_age": 0.0}, "20": {"bias": -0.5773502691896258, "objective_cosine_similarity": -0.25843528991471854, "is_tight": 0.0, "dual_solution_value": 0.0, "scaled_age": 0.23}, "21": {"bias": -0.4082482904638631, "objective_cosine_similarity": -0.18451553382181865, "is_tight": 0.0, "dual_solution_value": 0.0, "scaled_age": 0.23}, "22": {"bias": -0.5773502691896258, "objective_cosine_similarity": -0.3111259800915058, "is_tight": 1.0, "dual_solution_value": -0.002503243326692003, "scaled_age": 0.0}, "23": {"bias": -0.4472135954999579, "objective_cosine_similarity": -0.32651226488779495, "is_tight": 0.0, "dual_solution_value": 0.0, "scaled_age": 0.23}, "24": {"bias": -0.5, "objective_cosine_similarity": -0.13472150126828777, "is_tight": 0.0, "dual_solution_value": 0.0, "scaled_age": 0.23}, "25": {"bias": -0.4472135954999579, "objective_cosine_similarity": -0.47810724501427115, "is_tight": 0.0, "dual_solution_value": 0.0, "scaled_age": 0.23}, "26": {"bias": -0.7071067811865475, "objective_cosine_similarity": -0.1198463547619063, "is_tight": 1.0, "dual_solution_value": -0.0030729834554334952, "scaled_age": 0.0}, "27": {"bias": -0.5, "objective_cosine_similarity": -0.36505180988826363, "is_tight": 1.0, "dual_solution_value": -2.6590226829362962e-05, "scaled_age": 0.0}, "28": {"bias": -0.4472135954999579, "objective_cosine_similarity": -0.2604324017557412, "is_tight": 0.0, "dual_solution_value": 0.0, "scaled_age": 0.23}, "29": {"bias": -0.4082482904638631, "objective_cosine_similarity": -0.2749991129075182, "is_tight": 0.0, "dual_solution_value": 0.0, "scaled_age": 0.23}, "30": {"bias": -0.4082482904638631, "objective_cosine_similarity": -0.2377411685781125, "is_tight": 0.0, "dual_solution_value": 0.0, "scaled_age": 0.23}, "31": {"bias": -0.3779644730092272, "objective_cosine_similarity": -0.4319982110793072, "is_tight": 0.0, "dual_solution_value": 0.0, "scaled_age": 0.02}, "32": {"bias": -0.7071067811865475, "objective_cosine_similarity": -0.1167733713064728, "is_tight": 0.0, "dual_solution_value": 0.0, "scaled_age": 0.23}, "33": {"bias": -0.5773502691896258, "objective_cosine_similarity": -0.19069011683027776, "is_tight": 0.0, "dual_solution_value": 0.0, "scaled_age": 0.01}, "34": {"bias": -0.7071067811865475, "objective_cosine_similarity": -0.16286812313797525, "is_tight": 1.0, "dual_solution_value": -0.04484650778224755, "scaled_age": 0.0}, "35": {"bias": -0.4082482904638631, "objective_cosine_similarity": -0.6422559927259457, "is_tight": 1.0, "dual_solution_value": -0.041861971082324194, "scaled_age": 0.0}, "36": {"bias": -0.5773502691896258, "objective_cosine_similarity": -0.3111259800915058, "is_tight": 1.0, "dual_solution_value": -0.03763620726913377, "scaled_age": 0.0}, "37": {"bias": -0.5, "objective_cosine_similarity": -0.29551813181430864, "is_tight": 0.0, "dual_solution_value": 0.0, "scaled_age": 0.23}, "38": {"bias": -0.3779644730092272, "objective_cosine_similarity": -0.33180090736889756, "is_tight": 0.0, "dual_solution_value": 0.0, "scaled_age": 0.23}, "39": {"bias": -0.4082482904638631, "objective_cosine_similarity": -0.38499875807052547, "is_tight": 0.0, "dual_solution_value": 0.0, "scaled_age": 0.22}, "40": {"bias": -0.4472135954999579, "objective_cosine_similarity": -0.4528414149931918, "is_tight": 1.0, "dual_solution_value": -4.464105578130326e-05, "scaled_age": 0.0}, "41": {"bias": -0.5, "objective_cosine_similarity": -0.24336787325884243, "is_tight": 0.0, "dual_solution_value": 0.0, "scaled_age": 0.01}, "42": {"bias": -0.3779644730092272, "objective_cosine_similarity": -0.33180090736889756, "is_tight": 0.0, "dual_solution_value": 0.0, "scaled_age": 0.23}, "43": {"bias": -0.4472135954999579, "objective_cosine_similarity": -0.2856982317768206, "is_tight": 0.0, "dual_solution_value": 0.0, "scaled_age": 0.23}, "44": {"bias": -0.5773502691896258, "objective_cosine_similarity": -0.2684716118531542, "is_tight": 0.0, "dual_solution_value": 0.0, "scaled_age": 0.06}, "45": {"bias": -0.7071067811865475, "objective_cosine_similarity": -0.08911652020757135, "is_tight": 0.0, "dual_solution_value": 0.0, "scaled_age": 0.23}, "46": {"bias": -0.7071067811865475, "objective_cosine_similarity": -0.1198463547619063, "is_tight": 0.0, "dual_solution_value": 0.0, "scaled_age": 0.14}, "47": {"bias": -0.4082482904638631, "objective_cosine_similarity": -0.2643539859562594, "is_tight": 0.0, "dual_solution_value": 0.0, "scaled_age": 0.03}, "48": {"bias": -0.5, "objective_cosine_similarity": -0.31072862389298633, "is_tight": 1.0, "dual_solution_value": -0.008967330526429463, "scaled_age": 0.0}, "49": {"bias": -0.5, "objective_cosine_similarity": -0.2824805671754421, "is_tight": 0.0, "dual_solution_value": 0.0, "scaled_age": 0.23}, "50": {"bias": -0.5, "objective_cosine_similarity": -0.33897668061053055, "is_tight": 0.0, "dual_solution_value": 0.0, "scaled_age": 0.13}, "51": {"bias": -0.5773502691896258, "objective_cosine_similarity": -0.10036321938435672, "is_tight": 0.0, "dual_solution_value": 0.0, "scaled_age": 0.23}, "52": {"bias": -0.4082482904638631, "objective_cosine_similarity": -0.3087086815865043, "is_tight": 0.0, "dual_solution_value": 0.0, "scaled_age": 0.02}, "53": {"bias": -0.5773502691896258, "objective_cosine_similarity": -0.21578092167636695, "is_tight": 0.0, "dual_solution_value": 0.0, "scaled_age": 0.14}, "54": {"bias": -0.5, "objective_cosine_similarity": -0.3172474062124196, "is_tight": 0.0, "dual_solution_value": 0.0, "scaled_age": 0.01}, "55": {"bias": -0.7071067811865475, "objective_cosine_similarity": -0.15979513968254175, "is_tight": 0.0, "dual_solution_value": 0.0, "scaled_age": 0.06}, "56": {"bias": -0.5, "objective_cosine_similarity": -0.24554080069865353, "is_tight": 0.0, "dual_solution_value": 0.0, "scaled_age": 0.23}, "57": {"bias": -0.4472135954999579, "objective_cosine_similarity": -0.47810724501427115, "is_tight": 0.0, "dual_solution_value": 0.0, "scaled_age": 0.23}, "58": {"bias": -0.5, "objective_cosine_similarity": -0.3085556964531752, "is_tight": 0.0, "dual_solution_value": 0.0, "scaled_age": 0.03}, "59": {"bias": -0.35355339059327373, "objective_cosine_similarity": -0.3718309981074529, "is_tight": 0.0, "dual_solution_value": 0.0, "scaled_age": 0.23}, "60": {"bias": -0.3779644730092272, "objective_cosine_similarity": -0.3416563798650034, "is_tight": 0.0, "dual_solution_value": 0.0, "scaled_age": 0.23}, "61": {"bias": -0.4472135954999579, "objective_cosine_similarity": -0.4217450088134018, "is_tight": 0.0, "dual_solution_value": 0.0, "scaled_age": 0.23}, "62": {"bias": -0.4082482904638631, "objective_cosine_similarity": -0.3743536311192667, "is_tight": 0.0, "dual_solution_value": 0.0, "scaled_age": 0.23}, "63": {"bias": -0.4472135954999579, "objective_cosine_similarity": -0.36538277261253244, "is_tight": 0.0, "dual_solution_value": 0.0, "scaled_age": 0.17}, "64": {"bias": -0.4472135954999579, "objective_cosine_similarity": -0.23905362250713558, "is_tight": 0.0, "dual_solution_value": 0.0, "scaled_age": 0.23}, "65": {"bias": -0.5, "objective_cosine_similarity": -0.24336787325884243, "is_tight": 0.0, "dual_solution_value": 0.0, "scaled_age": 0.23}, "66": {"bias": -0.5, "objective_cosine_similarity": -0.2585783653375201, "is_tight": 0.0, "dual_solution_value": 0.0, "scaled_age": 0.23}, "67": {"bias": -0.5773502691896258, "objective_cosine_similarity": -0.24338080700706505, "is_tight": 0.0, "dual_solution_value": 0.0, "scaled_age": 0.23}, "68": {"bias": -0.5773502691896258, "objective_cosine_similarity": -0.14803574859192617, "is_tight": 0.0, "dual_solution_value": 0.0, "scaled_age": 0.23}, "69": {"bias": -0.5, "objective_cosine_similarity": -0.22815738118016476, "is_tight": 1.0, "dual_solution_value": -0.0004945554457924639, "scaled_age": 0.0}, "70": {"bias": -0.4472135954999579, "objective_cosine_similarity": -0.4159144326546912, "is_tight": 1.0, "dual_solution_value": -7.265981243485447e-05, "scaled_age": 0.0}, "71": {"bias": -0.7071067811865475, "objective_cosine_similarity": -0.14750320586080776, "is_tight": 0.0, "dual_solution_value": 0.0, "scaled_age": 0.23}, "72": {"bias": -0.4082482904638631, "objective_cosine_similarity": -0.1437092138419934, "is_tight": 0.0, "dual_solution_value": 0.0, "scaled_age": 0.23}, "73": {"bias": -0.5773502691896258, "objective_cosine_similarity": -0.02509080484608918, "is_tight": 0.0, "dual_solution_value": 0.0, "scaled_age": 0.23}, "74": {"bias": -0.5773502691896258, "objective_cosine_similarity": -0.22581724361480263, "is_tight": 0.0, "dual_solution_value": 0.0, "scaled_age": 0.05}, "75": {"bias": -0.4472135954999579, "objective_cosine_similarity": -0.25848887636950435, "is_tight": 0.0, "dual_solution_value": 0.0, "scaled_age": 0.23}, "76": {"bias": -0.4082482904638631, "objective_cosine_similarity": -0.29096680333440633, "is_tight": 0.0, "dual_solution_value": 0.0, "scaled_age": 0.23}, "77": {"bias": -0.5, "objective_cosine_similarity": -0.36287888244845257, "is_tight": 1.0, "dual_solution_value": -0.0066894653905755505, "scaled_age": 0.0}, "78": {"bias": -0.4082482904638631, "objective_cosine_similarity": -0.25548304683021045, "is_tight": 0.0, "dual_solution_value": 0.0, "scaled_age": 0.23}, "79": {"bias": -0.5, "objective_cosine_similarity": -0.2216385988607315, "is_tight": 0.0, "dual_solution_value": 0.0, "scaled_age": 0.19}, "80": {"bias": -0.5773502691896258, "objective_cosine_similarity": -0.21829000216097585, "is_tight": 0.0, "dual_solution_value": 0.0, "scaled_age": 0.02}, "81": {"bias": -0.4472135954999579, "objective_cosine_similarity": -0.2759806048456362, "is_tight": 0.0, "dual_solution_value": 0.0, "scaled_age": 0.23}, "82": {"bias": -0.4472135954999579, "objective_cosine_similarity": -0.23322304634842497, "is_tight": 0.0, "dual_solution_value": 0.0, "scaled_age": 0.23}, "83": {"bias": -0.5, "objective_cosine_similarity": -0.38460815684656346, "is_tight": 1.0, "dual_solution_value": -0.01898703647650359, "scaled_age": 0.0}, "84": {"bias": -0.35355339059327373, "objective_cosine_similarity": -0.291933428266182, "is_tight": 0.0, "dual_solution_value": 0.0, "scaled_age": 0.23}, "85": {"bias": -0.5773502691896258, "objective_cosine_similarity": -0.40145287753742687, "is_tight": 1.0, "dual_solution_value": -0.0709558461488091, "scaled_age": 0.0}, "86": {"bias": -0.5773502691896258, "objective_cosine_similarity": -0.10538138035357456, "is_tight": 0.0, "dual_solution_value": 0.0, "scaled_age": 0.23}, "87": {"bias": -0.7071067811865475, "objective_cosine_similarity": -0.2458386764346796, "is_tight": 1.0, "dual_solution_value": -0.02346979911970004, "scaled_age": 0.0}, "88": {"bias": -0.5, "objective_cosine_similarity": -0.23684909093940915, "is_tight": 0.0, "dual_solution_value": 0.0, "scaled_age": 0.16}, "89": {"bias": -0.5, "objective_cosine_similarity": -0.1521049207867765, "is_tight": 0.0, "dual_solution_value": 0.0, "scaled_age": 0.23}, "90": {"bias": -0.5, "objective_cosine_similarity": -0.17383419518488744, "is_tight": 0.0, "dual_solution_value": 0.0, "scaled_age": 0.23}, "91": {"bias": -0.5, "objective_cosine_similarity": -0.38460815684656346, "is_tight": 0.0, "dual_solution_value": 0.0, "scaled_age": 0.23}, "92": {"bias": -0.5, "objective_cosine_similarity": -0.38895401172618566, "is_tight": 0.0, "dual_solution_value": 0.0, "scaled_age": 0.13}, "93": {"bias": -0.5, "objective_cosine_similarity": -0.29769105925411976, "is_tight": 0.0, "dual_solution_value": 0.0, "scaled_age": 0.16}, "94": {"bias": -0.5, "objective_cosine_similarity": -0.26292422021714223, "is_tight": 0.0, "dual_solution_value": 0.0, "scaled_age": 0.06}, "95": {"bias": -0.4082482904638631, "objective_cosine_similarity": -0.15967690426888154, "is_tight": 0.0, "dual_solution_value": 0.0, "scaled_age": 0.23}, "96": {"bias": -0.5, "objective_cosine_similarity": -0.20642810678205384, "is_tight": 0.0, "dual_solution_value": 0.0, "scaled_age": 0.16}, "97": {"bias": -0.4082482904638631, "objective_cosine_similarity": -0.5641917284167147, "is_tight": 1.0, "dual_solution_value": -0.006089337821912195, "scaled_age": 0.0}, "98": {"bias": -0.4082482904638631, "objective_cosine_similarity": -0.46306302237975644, "is_tight": 0.0, "dual_solution_value": 0.0, "scaled_age": 0.23}, "99": {"bias": -0.5773502691896258, "objective_cosine_similarity": -0.14552666810731724, "is_tight": 0.0, "dual_solution_value": 0.0, "scaled_age": 0.02}, "100": {"bias": -0.4082482904638631, "objective_cosine_similarity": -0.7203202570351767, "is_tight": 1.0, "dual_solution_value": -0.001412149155620648, "scaled_age": 0.0}, "101": {"bias": -1.3213698687955944, "objective_cosine_similarity": -0.9520282203669171, "is_tight": 0.0, "dual_solution_value": -0.0, "scaled_age": 0.07}, "102": {"bias": -1.3299325126303876, "objective_cosine_similarity": -0.9672081256969126, "is_tight": 0.0, "dual_solution_value": -0.0, "scaled_age": 0.02}, "103": {"bias": -1.232929415063464, "objective_cosine_similarity": -0.9476905328752866, "is_tight": 0.0, "dual_solution_value": -0.0, "scaled_age": 0.04}, "104": {"bias": -1.2957268965315063, "objective_cosine_similarity": -0.959372474341715, "is_tight": 1.0, "dual_solution_value": -0.001198835747194812, "scaled_age": 0.0}, "105": {"bias": -1.210455065337605, "objective_cosine_similarity": -0.9213699284534831, "is_tight": 0.0, "dual_solution_value": -0.0, "scaled_age": 0.07}, "106": {"bias": -1.2026755886059097, "objective_cosine_similarity": -0.8670437542211998, "is_tight": 1.0, "dual_solution_value": -8.684627756675403e-05, "scaled_age": 0.0}, "107": {"bias": -1.3444586778226781, "objective_cosine_similarity": -0.9606862108332772, "is_tight": 1.0, "dual_solution_value": -0.008021692656749985, "scaled_age": 0.0}, "108": {"bias": -1.3019739338522365, "objective_cosine_similarity": -0.9656743328091675, "is_tight": 1.0, "dual_solution_value": -0.00764022090341814, "scaled_age": 0.0}, "109": {"bias": -1.3262658983944238, "objective_cosine_similarity": -0.9559301247105884, "is_tight": 1.0, "dual_solution_value": -2.460084546901696e-05, "scaled_age": 0.0}, "110": {"bias": -1.3262297883497063, "objective_cosine_similarity": -0.9607536605843092, "is_tight": 1.0, "dual_solution_value": -0.0020753662662736177, "scaled_age": 0.0}, "111": {"bias": -1.1989812986603614, "objective_cosine_similarity": -0.9115942473514356, "is_tight": 0.0, "dual_solution_value": -0.0, "scaled_age": 0.05}, "112": {"bias": -1.360672102833218, "objective_cosine_similarity": -0.9365984028799278, "is_tight": 0.0, "dual_solution_value": -0.0, "scaled_age": 0.04}, "113": {"bias": -1.2205563953947067, "objective_cosine_similarity": -0.935954492588358, "is_tight": 0.0, "dual_solution_value": -0.0, "scaled_age": 0.07}, "114": {"bias": -1.2678571678133894, "objective_cosine_similarity": -0.9478292433568927, "is_tight": 0.0, "dual_solution_value": -0.0, "scaled_age": 0.05}, "115": {"bias": -1.2727922061357855, "objective_cosine_similarity": -0.937259953907216, "is_tight": 1.0, "dual_solution_value": -4.4044975963375844e-05, "scaled_age": 0.0}, "116": {"bias": -1.2532601727095147, "objective_cosine_similarity": -0.9377920445327407, "is_tight": 1.0, "dual_solution_value": -8.64259271715468e-06, "scaled_age": 0.0}, "117": {"bias": -1.1949621839621345, "objective_cosine_similarity": -0.9560388930013279, "is_tight": 1.0, "dual_solution_value": -1.555754900579416e-05, "scaled_age": 0.0}, "118": {"bias": -1.2031227297852822, "objective_cosine_similarity": -0.9449336467427555, "is_tight": 1.0, "dual_solution_value": -2.4271358909631544e-06, "scaled_age": 0.0}, "119": {"bias": -1.3127501222378855, "objective_cosine_similarity": -0.9598429610101827, "is_tight": 1.0, "dual_solution_value": -1.3764057614818314e-05, "scaled_age": 0.0}, "120": {"bias": -1.2929710154643124, "objective_cosine_similarity": -0.9511821988458435, "is_tight": 1.0, "dual_solution_value": -0.0020913675175714087, "scaled_age": 0.0}}