{"0": {"bias": -0.8528028654224417, "objective_cosine_similarity": -0.8653686252106149, "is_tight": 0.0, "dual_solution_value": -0.0, "scaled_age": 0.1}, "1": {"bias": -0.6565321642986127, "objective_cosine_similarity": -0.9305431120384536, "is_tight": 0.0, "dual_solution_value": -0.0, "scaled_age": 0.18333333333333332}, "2": {"bias": -0.8232319499226776, "objective_cosine_similarity": -0.9532192656798845, "is_tight": 1.0, "dual_solution_value": -0.0009020144422296205, "scaled_age": 0.0}, "3": {"bias": -0.6324555320336759, "objective_cosine_similarity": -0.7026225830606465, "is_tight": 0.0, "dual_solution_value": -0.0, "scaled_age": 0.05}, "4": {"bias": -0.7378647873726218, "objective_cosine_similarity": -0.9574954808375477, "is_tight": 1.0, "dual_solution_value": -0.0001060762334468517, "scaled_age": 0.0}, "5": {"bias": -0.7745966692414834, "objective_cosine_similarity": -0.716173770716081, "is_tight": 1.0, "dual_solution_value": -8.218029894672316e-06, "scaled_age": 0.0}, "6": {"bias": -0.8742075249179598, "objective_cosine_similarity": -0.9179613701736358, "is_tight": 0.0, "dual_solution_value": -0.0, "scaled_age": 0.15}, "7": {"bias": -0.9016696346674322, "objective_cosine_similarity": -0.9336146280447641, "is_tight": 0.0, "dual_solution_value": -0.0, "scaled_age": 0.11666666666666667}, "8": {"bias": -0.845626276130704, "objective_cosine_similarity": -0.9444961437029481, "is_tight": 0.0, "dual_solution_value": -0.0, "scaled_age": 0.03333333333333333}, "9": {"bias": -0.5773502691896258, "objective_cosine_similarity": -0.565944467874799, "is_tight": 0.0, "dual_solution_value": -0.0, "scaled_age": 0.05}, "10": {"bias": -0.6964572001056112, "objective_cosine_similarity": -0.8911953217529053, "is_tight": 0.0, "dual_solution_value": -0.0, "scaled_age": 0.15}, "11": {"bias": -0.8760296393210847, "objective_cosine_similarity": -0.9314910812516947, "is_tight": 0.0, "dual_solution_value": 0.0, "scaled_age": 0.18333333333333332}, "12": {"bias": -0.4082482904638631, "objective_cosine_similarity": -0.16303758818896696, "is_tight": 0.0, "dual_solution_value": 0.0, "scaled_age": 0.2}, "13": {"bias": -0.35355339059327373, "objective_cosine_similarity": -0.5647787725735646, "is_tight": 0.0, "dual_solution_value": 0.0, "scaled_age": 0.2}, "14": {"bias": -0.5, "objective_cosine_similarity": -0.31222604905727713, "is_tight": 0.0, "dual_solution_value": 0.0, "scaled_age": 0.08333333333333333}, "15": {"bias": -0.5773502691896258, "objective_cosine_similarity": -0.21380124341936851, "is_tight": 0.0, "dual_solution_value": 0.0, "scaled_age": 0.16666666666666666}, "16": {"bias": -0.35355339059327373, "objective_cosine_similarity": -0.356837497216934, "is_tight": 0.0, "dual_solution_value": 0.0, "scaled_age": 0.2}, "17": {"bias": -0.30151134457776363, "objective_cosine_similarity": -0.4444269362856482, "is_tight": 0.0, "dual_solution_value": 0.0, "scaled_age": 0.2}, "18": {"bias": -0.4082482904638631, "objective_cosine_similarity": -0.3646113335862352, "is_tight": 1.0, "dual_solution_value": -6.973845890315685e-05, "scaled_age": 0.0}, "19": {"bias": -0.4472135954999579, "objective_cosine_similarity": -0.39941170425444406, "is_tight": 0.0, "dual_solution_value": 0.0, "scaled_age": 0.2}, "20": {"bias": -0.35355339059327373, "objective_cosine_similarity": -0.31832985363237276, "is_tight": 0.0, "dual_solution_value": 0.0, "scaled_age": 0.2}, "21": {"bias": -0.4472135954999579, "objective_cosine_similarity": -0.4481204486757177, "is_tight": 0.0, "dual_solution_value": 0.0, "scaled_age": 0.2}, "22": {"bias": -0.4082482904638631, "objective_cosine_similarity": -0.5572921196277416, "is_tight": 1.0, "dual_solution_value": -0.00010917206461460253, "scaled_age": 0.0}, "23": {"bias": -0.4472135954999579, "objective_cosine_similarity": -0.4221424516510384, "is_tight": 1.0, "dual_solution_value": -0.001084325881244201, "scaled_age": 0.0}, "24": {"bias": -0.3333333333333333, "objective_cosine_similarity": -0.3146464060267134, "is_tight": 0.0, "dual_solution_value": 0.0, "scaled_age": 0.2}, "25": {"bias": -0.5773502691896258, "objective_cosine_similarity": -0.17607161222771525, "is_tight": 0.0, "dual_solution_value": 0.0, "scaled_age": 0.016666666666666666}, "26": {"bias": -0.35355339059327373, "objective_cosine_similarity": -0.7701528716912244, "is_tight": 1.0, "dual_solution_value": -0.020866749065801347, "scaled_age": 0.0}, "27": {"bias": -0.3779644730092272, "objective_cosine_similarity": -0.5269299531535787, "is_tight": 0.0, "dual_solution_value": 0.0, "scaled_age": 0.11666666666666667}, "28": {"bias": -0.4082482904638631, "objective_cosine_similarity": -0.37053997315674314, "is_tight": 0.0, "dual_solution_value": 0.0, "scaled_age": 0.2}, "29": {"bias": -0.3779644730092272, "objective_cosine_similarity": -0.26346497657678936, "is_tight": 0.0, "dual_solution_value": 0.0, "scaled_age": 0.2}, "30": {"bias": -0.5773502691896258, "objective_cosine_similarity": -0.1676872497406812, "is_tight": 0.0, "dual_solution_value": 0.0, "scaled_age": 0.18333333333333332}, "31": {"bias": -0.3779644730092272, "objective_cosine_similarity": -0.22778742766534912, "is_tight": 0.0, "dual_solution_value": 0.0, "scaled_age": 0.2}, "32": {"bias": -0.3779644730092272, "objective_cosine_similarity": -0.4391082942946489, "is_tight": 0.0, "dual_solution_value": 0.0, "scaled_age": 0.2}, "33": {"bias": -0.4082482904638631, "objective_cosine_similarity": -0.5217202822046944, "is_tight": 0.0, "dual_solution_value": 0.0, "scaled_age": 0.08333333333333333}, "34": {"bias": -0.4082482904638631, "objective_cosine_similarity": -0.20157374539726827, "is_tight": 0.0, "dual_solution_value": 0.0, "scaled_age": 0.2}, "35": {"bias": -0.35355339059327373, "objective_cosine_similarity": -0.3850764358456122, "is_tight": 0.0, "dual_solution_value": 0.0, "scaled_age": 0.2}, "36": {"bias": -0.4082482904638631, "objective_cosine_similarity": -0.28753901916963265, "is_tight": 0.0, "dual_solution_value": 0.0, "scaled_age": 0.2}, "37": {"bias": -0.35355339059327373, "objective_cosine_similarity": -0.39277796456252445, "is_tight": 0.0, "dual_solution_value": 0.0, "scaled_age": 0.2}, "38": {"bias": -0.35355339059327373, "objective_cosine_similarity": -0.22847868526839657, "is_tight": 0.0, "dual_solution_value": 0.0, "scaled_age": 0.2}, "39": {"bias": -0.35355339059327373, "objective_cosine_similarity": -0.49546501412135435, "is_tight": 0.0, "dual_solution_value": 0.0, "scaled_age": 0.2}, "40": {"bias": -0.31622776601683794, "objective_cosine_similarity": -0.43626892412262364, "is_tight": 0.0, "dual_solution_value": 0.0, "scaled_age": 0.2}, "41": {"bias": -0.35355339059327373, "objective_cosine_similarity": -0.44155431310296867, "is_tight": 0.0, "dual_solution_value": 0.0, "scaled_age": 0.2}, "42": {"bias": -0.4082482904638631, "objective_cosine_similarity": -0.38832589186826677, "is_tight": 0.0, "dual_solution_value": 0.0, "scaled_age": 0.2}, "43": {"bias": -0.31622776601683794, "objective_cosine_similarity": -0.2893151812602662, "is_tight": 0.0, "dual_solution_value": 0.0, "scaled_age": 0.2}, "44": {"bias": -0.3779644730092272, "objective_cosine_similarity": -0.3732420501504516, "is_tight": 0.0, "dual_solution_value": 0.0, "scaled_age": 0.2}, "45": {"bias": -0.30151134457776363, "objective_cosine_similarity": -0.394073145474959, "is_tight": 0.0, "dual_solution_value": 0.0, "scaled_age": 0.2}, "46": {"bias": -0.4082482904638631, "objective_cosine_similarity": -0.2786460598138708, "is_tight": 0.0, "dual_solution_value": 0.0, "scaled_age": 0.2}, "47": {"bias": -0.3333333333333333, "objective_cosine_similarity": -0.3436906896599485, "is_tight": 1.0, "dual_solution_value": -1.5594100394234294e-05, "scaled_age": 0.0}, "48": {"bias": -0.4472135954999579, "objective_cosine_similarity": -0.3149832139242364, "is_tight": 1.0, "dual_solution_value": -6.086472205144407e-05, "scaled_age": 0.0}, "49": {"bias": -0.5773502691896258, "objective_cosine_similarity": -0.2976448682897091, "is_tight": 0.0, "dual_solution_value": 0.0, "scaled_age": 0.08333333333333333}, "50": {"bias": -0.31622776601683794, "objective_cosine_similarity": -0.5510765357338404, "is_tight": 0.0, "dual_solution_value": 0.0, "scaled_age": 0.2}, "51": {"bias": -0.4082482904638631, "objective_cosine_similarity": -0.3082892576664103, "is_tight": 0.0, "dual_solution_value": 0.0, "scaled_age": 0.2}, "52": {"bias": -0.3779644730092272, "objective_cosine_similarity": -0.5022301115995047, "is_tight": 0.0, "dual_solution_value": 0.0, "scaled_age": 0.1}, "53": {"bias": -0.4082482904638631, "objective_cosine_similarity": -0.6136141955475666, "is_tight": 0.0, "dual_solution_value": 0.0, "scaled_age": 0.2}, "54": {"bias": -0.3779644730092272, "objective_cosine_similarity": -0.2771871107734971, "is_tight": 0.0, "dual_solution_value": 0.0, "scaled_age": 0.2}, "55": {"bias": -0.4472135954999579, "objective_cosine_similarity": -0.38966995537018934, "is_tight": 1.0, "dual_solution_value": -0.0035282076045232732, "scaled_age": 0.0}, "56": {"bias": -0.3779644730092272, "objective_cosine_similarity": -0.4967412579208216, "is_tight": 0.0, "dual_solution_value": 0.0, "scaled_age": 0.15}, "57": {"bias": -0.35355339059327373, "objective_cosine_similarity": -0.33373291106619724, "is_tight": 0.0, "dual_solution_value": 0.0, "scaled_age": 0.2}, "58": {"bias": -0.4472135954999579, "objective_cosine_similarity": -0.5065709419812461, "is_tight": 0.0, "dual_solution_value": 0.0, "scaled_age": 0.2}, "59": {"bias": -0.4472135954999579, "objective_cosine_similarity": -0.3052414650399816, "is_tight": 1.0, "dual_solution_value": -1.4502033184095653e-06, "scaled_age": 0.0}, "60": {"bias": -0.4082482904638631, "objective_cosine_similarity": -0.2252883036792998, "is_tight": 0.0, "dual_solution_value": 0.0, "scaled_age": 0.2}, "61": {"bias": -0.35355339059327373, "objective_cosine_similarity": -0.43898713686399793, "is_tight": 0.0, "dual_solution_value": 0.0, "scaled_age": 0.2}, "62": {"bias": -0.3779644730092272, "objective_cosine_similarity": -0.24425398870139844, "is_tight": 0.0, "dual_solution_value": 0.0, "scaled_age": 0.2}, "63": {"bias": -0.4472135954999579, "objective_cosine_similarity": -0.5422906878901801, "is_tight": 1.0, "dual_solution_value": -5.122191704472317e-05, "scaled_age": 0.0}, "64": {"bias": -0.4082482904638631, "objective_cosine_similarity": -0.1897164662562525, "is_tight": 0.0, "dual_solution_value": 0.0, "scaled_age": 0.2}, "65": {"bias": -0.3779644730092272, "objective_cosine_similarity": -0.24699841554074, "is_tight": 0.0, "dual_solution_value": 0.0, "scaled_age": 0.2}, "66": {"bias": -0.3333333333333333, "objective_cosine_similarity": -0.23719498300475317, "is_tight": 0.0, "dual_solution_value": 0.0, "scaled_age": 0.2}, "67": {"bias": -0.5, "objective_cosine_similarity": -0.21057105634095435, "is_tight": 0.0, "dual_solution_value": 0.0, "scaled_age": 0.2}, "68": {"bias": -0.3333333333333333, "objective_cosine_similarity": -0.45744746722345253, "is_tight": 0.0, "dual_solution_value": 0.0, "scaled_age": 0.2}, "69": {"bias": -0.35355339059327373, "objective_cosine_similarity": -0.3748077308897292, "is_tight": 0.0, "dual_solution_value": 0.0, "scaled_age": 0.2}, "70": {"bias": -0.4082482904638631, "objective_cosine_similarity": -0.4001831710092826, "is_tight": 0.0, "dual_solution_value": 0.0, "scaled_age": 0.2}, "71": {"bias": -0.4472135954999579, "objective_cosine_similarity": -0.2045767265693494, "is_tight": 0.0, "dual_solution_value": 0.0, "scaled_age": 0.2}, "72": {"bias": -0.4082482904638631, "objective_cosine_similarity": -0.38832589186826677, "is_tight": 0.0, "dual_solution_value": 0.0, "scaled_age": 0.2}, "73": {"bias": -0.3333333333333333, "objective_cosine_similarity": -0.4308235405596537, "is_tight": 0.0, "dual_solution_value": 0.0, "scaled_age": 0.2}, "74": {"bias": -0.3779644730092272, "objective_cosine_similarity": -0.345797781757036, "is_tight": 0.0, "dual_solution_value": 0.0, "scaled_age": 0.2}, "75": {"bias": -0.4472135954999579, "objective_cosine_similarity": -0.2954997161557269, "is_tight": 0.0, "dual_solution_value": 0.0, "scaled_age": 0.13333333333333333}, "76": {"bias": -0.3333333333333333, "objective_cosine_similarity": -0.5348988902454128, "is_tight": 0.0, "dual_solution_value": 0.0, "scaled_age": 0.2}, "77": {"bias": -0.4472135954999579, "objective_cosine_similarity": -0.3312194620646609, "is_tight": 1.0, "dual_solution_value": -0.0008830779421565296, "scaled_age": 0.0}, "78": {"bias": -0.35355339059327373, "objective_cosine_similarity": -0.4235840794301734, "is_tight": 0.0, "dual_solution_value": 0.0, "scaled_age": 0.15}, "79": {"bias": -0.35355339059327373, "objective_cosine_similarity": -0.3414344397831095, "is_tight": 0.0, "dual_solution_value": 0.0, "scaled_age": 0.2}, "80": {"bias": -0.4472135954999579, "objective_cosine_similarity": -0.3409612109489156, "is_tight": 0.0, "dual_solution_value": 0.0, "scaled_age": 0.2}, "81": {"bias": -0.31622776601683794, "objective_cosine_similarity": -0.6222572549327947, "is_tight": 0.0, "dual_solution_value": 0.0, "scaled_age": 0.016666666666666666}, "82": {"bias": -0.35355339059327373, "objective_cosine_similarity": -0.40047949327943666, "is_tight": 0.0, "dual_solution_value": 0.0, "scaled_age": 0.2}, "83": {"bias": -0.35355339059327373, "objective_cosine_similarity": -0.569913125051506, "is_tight": 0.0, "dual_solution_value": 0.0, "scaled_age": 0.2}, "84": {"bias": -0.3779644730092272, "objective_cosine_similarity": -0.42264173325859955, "is_tight": 0.0, "dual_solution_value": 0.0, "scaled_age": 0.2}, "85": {"bias": -0.4472135954999579, "objective_cosine_similarity": -0.38966995537018934, "is_tight": 0.0, "dual_solution_value": 0.0, "scaled_age": 0.11666666666666667}, "86": {"bias": -0.31622776601683794, "objective_cosine_similarity": -0.3398305303692016, "is_tight": 0.0, "dual_solution_value": 0.0, "scaled_age": 0.2}, "87": {"bias": -0.35355339059327373, "objective_cosine_similarity": -0.27468785756987, "is_tight": 0.0, "dual_solution_value": 0.0, "scaled_age": 0.2}, "88": {"bias": -0.4082482904638631, "objective_cosine_similarity": -0.483184124996393, "is_tight": 0.0, "dual_solution_value": 0.0, "scaled_age": 0.2}, "89": {"bias": -0.3779644730092272, "objective_cosine_similarity": -0.691595563514072, "is_tight": 1.0, "dual_solution_value": -0.007109626430410516, "scaled_age": 0.0}, "90": {"bias": -0.5, "objective_cosine_similarity": -0.14522141816617543, "is_tight": 0.0, "dual_solution_value": 0.0, "scaled_age": 0.2}, "91": {"bias": -0.5, "objective_cosine_similarity": -0.13432981180371226, "is_tight": 0.0, "dual_solution_value": 0.0, "scaled_age": 0.2}, "92": {"bias": -0.4082482904638631, "objective_cosine_similarity": -0.4001831710092826, "is_tight": 1.0, "dual_solution_value": -0.00027763277092252405, "scaled_age": 0.0}, "93": {"bias": -0.5773502691896258, "objective_cosine_similarity": -0.15091852476661308, "is_tight": 0.0, "dual_solution_value": 0.0, "scaled_age": 0.016666666666666666}, "94": {"bias": -0.4082482904638631, "objective_cosine_similarity": -0.42686204907656805, "is_tight": 0.0, "dual_solution_value": 0.0, "scaled_age": 0.2}, "95": {"bias": -0.4082482904638631, "objective_cosine_similarity": -0.43871932821758386, "is_tight": 0.0, "dual_solution_value": 0.0, "scaled_age": 0.2}, "96": {"bias": -0.4082482904638631, "objective_cosine_similarity": -0.38832589186826677, "is_tight": 0.0, "dual_solution_value": 0.0, "scaled_age": 0.1}, "97": {"bias": -0.4472135954999579, "objective_cosine_similarity": -0.3214777131804062, "is_tight": 0.0, "dual_solution_value": 0.0, "scaled_age": 0.2}, "98": {"bias": -0.5, "objective_cosine_similarity": -0.33763979723635784, "is_tight": 1.0, "dual_solution_value": -0.0044808436739593544, "scaled_age": 0.0}, "99": {"bias": -0.4082482904638631, "objective_cosine_similarity": -0.4090761303650444, "is_tight": 0.0, "dual_solution_value": 0.0, "scaled_age": 0.2}, "100": {"bias": -0.4472135954999579, "objective_cosine_similarity": -0.2630272198748778, "is_tight": 0.0, "dual_solution_value": 0.0, "scaled_age": 0.2}, "101": {"bias": -0.3779644730092272, "objective_cosine_similarity": -0.3814753306684762, "is_tight": 0.0, "dual_solution_value": 0.0, "scaled_age": 0.2}, "102": {"bias": -0.35355339059327373, "objective_cosine_similarity": -0.22591150902942583, "is_tight": 0.0, "dual_solution_value": 0.0, "scaled_age": 0.2}, "103": {"bias": -0.5, "objective_cosine_similarity": -0.34127033269051227, "is_tight": 0.0, "dual_solution_value": 0.0, "scaled_age": 0.2}, "104": {"bias": -0.4082482904638631, "objective_cosine_similarity": -0.3290394961631879, "is_tight": 0.0, "dual_solution_value": 0.0, "scaled_age": 0.2}, "105": {"bias": -0.5, "objective_cosine_similarity": -0.13796034725786666, "is_tight": 0.0, "dual_solution_value": 0.0, "scaled_age": 0.2}, "106": {"bias": -0.3333333333333333, "objective_cosine_similarity": -0.4041996138958549, "is_tight": 0.0, "dual_solution_value": 0.0, "scaled_age": 0.2}, "107": {"bias": -0.4472135954999579, "objective_cosine_similarity": -0.5195599404935858, "is_tight": 1.0, "dual_solution_value": -0.02776783686580296, "scaled_age": 0.0}, "108": {"bias": -0.4472135954999579, "objective_cosine_similarity": -0.4221424516510384, "is_tight": 0.0, "dual_solution_value": 0.0, "scaled_age": 0.2}, "109": {"bias": -0.9251349711289599, "objective_cosine_similarity": -0.8510195696298268, "is_tight": 1.0, "dual_solution_value": -0.0016052866059607957, "scaled_age": 0.0}, "110": {"bias": -0.7745966692414834, "objective_cosine_similarity": -0.8324113984239265, "is_tight": 1.0, "dual_solution_value": -0.001473049182248041, "scaled_age": 0.0}, "111": {"bias": -0.9232697413159136, "objective_cosine_similarity": -0.8636547527377708, "is_tight": 0.0, "dual_solution_value": -0.0, "scaled_age": 0.016666666666666666}, "112": {"bias": -0.7745966692414834, "objective_cosine_similarity": -0.6936761653532721, "is_tight": 0.0, "dual_solution_value": -0.0, "scaled_age": 0.1}, "113": {"bias": -0.8890008890013334, "objective_cosine_similarity": -0.9410611445266108, "is_tight": 0.0, "dual_solution_value": -0.0, "scaled_age": 0.08333333333333333}, "114": {"bias": -0.8111071056538127, "objective_cosine_similarity": -0.8634016101493038, "is_tight": 1.0, "dual_solution_value": -0.00010880574789557689, "scaled_age": 0.0}, "115": {"bias": -0.9687442287716218, "objective_cosine_similarity": -0.8646131756345554, "is_tight": 1.0, "dual_solution_value": -0.018701654046622534, "scaled_age": 0.0}, "116": {"bias": -0.773957299203321, "objective_cosine_similarity": -0.9466739191907009, "is_tight": 0.0, "dual_solution_value": -0.0, "scaled_age": 0.016666666666666666}, "117": {"bias": -0.8251369970070348, "objective_cosine_similarity": -0.962614771256818, "is_tight": 0.0, "dual_solution_value": -0.0, "scaled_age": 0.016666666666666666}, "118": {"bias": -1.0045611570812691, "objective_cosine_similarity": -0.8435929204607528, "is_tight": 1.0, "dual_solution_value": -0.005852615342512953, "scaled_age": 0.0}, "119": {"bias": -0.9508341147970916, "objective_cosine_similarity": -0.8662549075638504, "is_tight": 1.0, "dual_solution_value": -0.036639622944174444, "scaled_age": 0.0}}