{"0": {"bias": -0.7071067811865476, "objective_cosine_similarity": -0.6310550775237452, "is_tight": 1.0, "dual_solution_value": -0.001949071977537386, "scaled_age": 0.0}, "1": {"bias": -0.7807200583588266, "objective_cosine_similarity": -0.8180186818601388, "is_tight": 0.0, "dual_solution_value": -0.0, "scaled_age": 0.0875}, "2": {"bias": -0.6123724356957946, "objective_cosine_similarity": -0.6731468950298406, "is_tight": 0.0, "dual_solution_value": -0.0, "scaled_age": 0.0375}, "3": {"bias": -0.8366600265340756, "objective_cosine_similarity": -0.8103894841049484, "is_tight": 0.0, "dual_solution_value": -0.0, "scaled_age": 0.0375}, "4": {"bias": -0.5547001962252291, "objective_cosine_similarity": -0.48637330196322537, "is_tight": 0.0, "dual_solution_value": -0.0, "scaled_age": 0.0125}, "5": {"bias": -0.6324555320336759, "objective_cosine_similarity": -0.5432157266966969, "is_tight": 1.0, "dual_solution_value": -0.0005255956875863423, "scaled_age": 0.0}, "6": {"bias": -1.0026062161594098, "objective_cosine_similarity": -0.876450668056875, "is_tight": 0.0, "dual_solution_value": 0.0, "scaled_age": 0.175}, "7": {"bias": -1.0361085845688565, "objective_cosine_similarity": -0.9465952046342812, "is_tight": 1.0, "dual_solution_value": -0.0038489925912351644, "scaled_age": 0.0}, "8": {"bias": -0.9896432375498748, "objective_cosine_similarity": -0.9099213110239586, "is_tight": 1.0, "dual_solution_value": -0.0005725849915789917, "scaled_age": 0.0}, "9": {"bias": -1.0159634695343644, "objective_cosine_similarity": -0.9148487578410827, "is_tight": 1.0, "dual_solution_value": -0.011231067467520043, "scaled_age": 0.0}, "10": {"bias": -1.0543566734574323, "objective_cosine_similarity": -0.9228723187549699, "is_tight": 0.0, "dual_solution_value": 0.0, "scaled_age": 0.125}, "11": {"bias": -0.9603064655691037, "objective_cosine_similarity": -0.8125331088270985, "is_tight": 1.0, "dual_solution_value": -0.0006775768592428136, "scaled_age": 0.0}, "12": {"bias": -0.3779644730092272, "objective_cosine_similarity": -0.2772151140264503, "is_tight": 0.0, "dual_solution_value": 0.0, "scaled_age": 0.2625}, "13": {"bias": -0.4472135954999579, "objective_cosine_similarity": -0.2330564302887448, "is_tight": 0.0, "dual_solution_value": 0.0, "scaled_age": 0.2625}, "14": {"bias": -0.31622776601683794, "objective_cosine_similarity": -0.291226408855051, "is_tight": 0.0, "dual_solution_value": 0.0, "scaled_age": 0.2625}, "15": {"bias": -0.3779644730092272, "objective_cosine_similarity": -0.36579889106497765, "is_tight": 1.0, "dual_solution_value": -0.012038307471309073, "scaled_age": 0.0}, "16": {"bias": -0.4082482904638631, "objective_cosine_similarity": -0.31180884602552816, "is_tight": 0.0, "dual_solution_value": 0.0, "scaled_age": 0.2625}, "17": {"bias": -0.5773502691896258, "objective_cosine_similarity": -0.2547086203131876, "is_tight": 1.0, "dual_solution_value": -0.03613859845780808, "scaled_age": 0.0}, "18": {"bias": -0.3779644730092272, "objective_cosine_similarity": -0.3084799765106364, "is_tight": 1.0, "dual_solution_value": -0.004948184528106729, "scaled_age": 0.0}, "19": {"bias": -0.4082482904638631, "objective_cosine_similarity": -0.2555256608223642, "is_tight": 0.0, "dual_solution_value": 0.0, "scaled_age": 0.175}, "20": {"bias": -0.31622776601683794, "objective_cosine_similarity": -0.3208722109540682, "is_tight": 0.0, "dual_solution_value": 0.0, "scaled_age": 0.15}, "21": {"bias": -0.31622776601683794, "objective_cosine_similarity": -0.3644689787467405, "is_tight": 0.0, "dual_solution_value": 0.0, "scaled_age": 0.2625}, "22": {"bias": -0.4472135954999579, "objective_cosine_similarity": -0.2651171032385192, "is_tight": 0.0, "dual_solution_value": 0.0, "scaled_age": 0.0625}, "23": {"bias": -0.3779644730092272, "objective_cosine_similarity": -0.23552863071420213, "is_tight": 0.0, "dual_solution_value": 0.0, "scaled_age": 0.2625}, "24": {"bias": -0.3779644730092272, "objective_cosine_similarity": -0.26679349319838824, "is_tight": 0.0, "dual_solution_value": 0.0, "scaled_age": 0.2625}, "25": {"bias": -0.31622776601683794, "objective_cosine_similarity": -0.3121528573955337, "is_tight": 0.0, "dual_solution_value": 0.0, "scaled_age": 0.2625}, "26": {"bias": -0.3779644730092272, "objective_cosine_similarity": -0.24178160321103936, "is_tight": 0.0, "dual_solution_value": 0.0, "scaled_age": 0.2625}, "27": {"bias": -0.4082482904638631, "objective_cosine_similarity": -0.28366725342394616, "is_tight": 1.0, "dual_solution_value": -0.0037001052738297427, "scaled_age": 0.0}, "28": {"bias": -0.3333333333333333, "objective_cosine_similarity": -0.2968694827024004, "is_tight": 0.0, "dual_solution_value": 0.0, "scaled_age": 0.2625}, "29": {"bias": -0.35355339059327373, "objective_cosine_similarity": -0.3879916388070812, "is_tight": 1.0, "dual_solution_value": -0.011441706621389535, "scaled_age": 0.0}, "30": {"bias": -0.35355339059327373, "objective_cosine_similarity": -0.34704779752593196, "is_tight": 0.0, "dual_solution_value": 0.0, "scaled_age": 0.05}, "31": {"bias": -0.3333333333333333, "objective_cosine_similarity": -0.32352339910602146, "is_tight": 0.0, "dual_solution_value": 0.0, "scaled_age": 0.2625}, "32": {"bias": -0.31622776601683794, "objective_cosine_similarity": -0.275531572449689, "is_tight": 0.0, "dual_solution_value": 0.0, "scaled_age": 0.2625}, "33": {"bias": -0.3779644730092272, "objective_cosine_similarity": -0.22093836155491528, "is_tight": 0.0, "dual_solution_value": 0.0, "scaled_age": 0.2625}, "34": {"bias": -0.3779644730092272, "objective_cosine_similarity": -0.2980583556825744, "is_tight": 0.0, "dual_solution_value": 0.0, "scaled_age": 0.05}, "35": {"bias": -0.3779644730092272, "objective_cosine_similarity": -0.2230226857205277, "is_tight": 0.0, "dual_solution_value": 0.0, "scaled_age": 0.2625}, "36": {"bias": -0.3779644730092272, "objective_cosine_similarity": -0.250118899873489, "is_tight": 0.0, "dual_solution_value": 0.0, "scaled_age": 0.2625}, "37": {"bias": -0.7071067811865475, "objective_cosine_similarity": -0.12088181711577405, "is_tight": 0.0, "dual_solution_value": 0.0, "scaled_age": 0.075}, "38": {"bias": -0.5773502691896258, "objective_cosine_similarity": -0.2196861850201243, "is_tight": 0.0, "dual_solution_value": 0.0, "scaled_age": 0.0625}, "39": {"bias": -0.5, "objective_cosine_similarity": -0.27297286799570564, "is_tight": 1.0, "dual_solution_value": -0.03822008003181969, "scaled_age": 0.0}, "40": {"bias": -0.3779644730092272, "objective_cosine_similarity": -0.3241124077527295, "is_tight": 0.0, "dual_solution_value": 0.0, "scaled_age": 0.2}, "41": {"bias": -0.4082482904638631, "objective_cosine_similarity": -0.2971752178727055, "is_tight": 0.0, "dual_solution_value": 0.0, "scaled_age": 0.2625}, "42": {"bias": -0.3779644730092272, "objective_cosine_similarity": -0.2563718723703262, "is_tight": 0.0, "dual_solution_value": 0.0, "scaled_age": 0.2625}, "43": {"bias": -0.3779644730092272, "objective_cosine_similarity": -0.38351564647268316, "is_tight": 1.0, "dual_solution_value": -0.006935963542263188, "scaled_age": 0.0}, "44": {"bias": -0.35355339059327373, "objective_cosine_similarity": -0.34607294416209505, "is_tight": 1.0, "dual_solution_value": -0.008123157344599162, "scaled_age": 0.0}, "45": {"bias": -0.3333333333333333, "objective_cosine_similarity": -0.41175705340766366, "is_tight": 1.0, "dual_solution_value": -0.007316777993195098, "scaled_age": 0.0}, "46": {"bias": -0.3779644730092272, "objective_cosine_similarity": -0.26783565528119446, "is_tight": 0.0, "dual_solution_value": 0.0, "scaled_age": 0.2625}, "47": {"bias": -0.4472135954999579, "objective_cosine_similarity": -0.21579299100809704, "is_tight": 0.0, "dual_solution_value": 0.0, "scaled_age": 0.0625}, "48": {"bias": -0.5, "objective_cosine_similarity": -0.2826234239349477, "is_tight": 0.0, "dual_solution_value": 0.0, "scaled_age": 0.2625}, "49": {"bias": -0.2886751345948129, "objective_cosine_similarity": -0.24436108261296435, "is_tight": 0.0, "dual_solution_value": 0.0, "scaled_age": 0.2625}, "50": {"bias": -0.31622776601683794, "objective_cosine_similarity": -0.40370606976014556, "is_tight": 0.0, "dual_solution_value": 0.0, "scaled_age": 0.025}, "51": {"bias": -0.4082482904638631, "objective_cosine_similarity": -0.23976636896547832, "is_tight": 0.0, "dual_solution_value": 0.0, "scaled_age": 0.2625}, "52": {"bias": -0.4472135954999579, "objective_cosine_similarity": -0.406923925900983, "is_tight": 0.0, "dual_solution_value": 0.0, "scaled_age": 0.125}, "53": {"bias": -0.4472135954999579, "objective_cosine_similarity": -0.24168814992906867, "is_tight": 1.0, "dual_solution_value": -3.639639072307586e-05, "scaled_age": 0.0}, "54": {"bias": -0.3779644730092272, "objective_cosine_similarity": -0.25532971028752, "is_tight": 1.0, "dual_solution_value": -0.0003380441221905044, "scaled_age": 0.0}, "55": {"bias": -0.5, "objective_cosine_similarity": -0.26056501035953716, "is_tight": 1.0, "dual_solution_value": -0.016458343595651168, "scaled_age": 0.0}, "56": {"bias": -0.3779644730092272, "objective_cosine_similarity": -0.2522032240391014, "is_tight": 0.0, "dual_solution_value": 0.0, "scaled_age": 0.2625}, "57": {"bias": -0.2886751345948129, "objective_cosine_similarity": -0.3661436417002072, "is_tight": 0.0, "dual_solution_value": 0.0, "scaled_age": 0.2625}, "58": {"bias": -0.4472135954999579, "objective_cosine_similarity": -0.3366370659726314, "is_tight": 1.0, "dual_solution_value": -0.002636270668790421, "scaled_age": 0.0}, "59": {"bias": -0.35355339059327373, "objective_cosine_similarity": -0.2914811557872294, "is_tight": 0.0, "dual_solution_value": 0.0, "scaled_age": 0.2625}, "60": {"bias": -0.30151134457776363, "objective_cosine_similarity": -0.39822035844041903, "is_tight": 0.0, "dual_solution_value": 0.0, "scaled_age": 0.2625}, "61": {"bias": -0.31622776601683794, "objective_cosine_similarity": -0.26681221889115453, "is_tight": 0.0, "dual_solution_value": 0.0, "scaled_age": 0.2625}, "62": {"bias": -0.35355339059327373, "objective_cosine_similarity": -0.4152875329945141, "is_tight": 1.0, "dual_solution_value": -0.0058380535609021894, "scaled_age": 0.0}, "63": {"bias": -0.4472135954999579, "objective_cosine_similarity": -0.29594467338253305, "is_tight": 0.0, "dual_solution_value": 0.0, "scaled_age": 0.2625}, "64": {"bias": -0.3333333333333333, "objective_cosine_similarity": -0.37866943304454787, "is_tight": 0.0, "dual_solution_value": 0.0, "scaled_age": 0.2625}, "65": {"bias": -0.35355339059327373, "objective_cosine_similarity": -0.2271408337739948, "is_tight": 0.0, "dual_solution_value": 0.0, "scaled_age": 0.025}, "66": {"bias": -0.4472135954999579, "objective_cosine_similarity": -0.22319160784266037, "is_tight": 1.0, "dual_solution_value": -0.0003507351589956104, "scaled_age": 0.0}, "67": {"bias": -0.3333333333333333, "objective_cosine_similarity": -0.3722357290850531, "is_tight": 0.0, "dual_solution_value": 0.0, "scaled_age": 0.2625}, "68": {"bias": -0.3333333333333333, "objective_cosine_similarity": -0.29503128157111613, "is_tight": 0.0, "dual_solution_value": 0.0, "scaled_age": 0.2625}, "69": {"bias": -0.35355339059327373, "objective_cosine_similarity": -0.31682734324698847, "is_tight": 0.0, "dual_solution_value": 0.0, "scaled_age": 0.2625}, "70": {"bias": -0.4472135954999579, "objective_cosine_similarity": -0.26141779482123756, "is_tight": 0.0, "dual_solution_value": 0.0, "scaled_age": 0.2625}, "71": {"bias": -0.31622776601683794, "objective_cosine_similarity": -0.4063218758277059, "is_tight": 0.0, "dual_solution_value": 0.0, "scaled_age": 0.2625}, "72": {"bias": -0.4082482904638631, "objective_cosine_similarity": -0.2048707941395167, "is_tight": 0.0, "dual_solution_value": 0.0, "scaled_age": 0.2625}, "73": {"bias": -0.35355339059327373, "objective_cosine_similarity": -0.3275507302491942, "is_tight": 0.0, "dual_solution_value": 0.0, "scaled_age": 0.2125}, "74": {"bias": -0.3779644730092272, "objective_cosine_similarity": -0.3053534902622178, "is_tight": 0.0, "dual_solution_value": 0.0, "scaled_age": 0.2625}, "75": {"bias": -0.4082482904638631, "objective_cosine_similarity": -0.2622796430467439, "is_tight": 0.0, "dual_solution_value": 0.0, "scaled_age": 0.0375}, "76": {"bias": -0.3333333333333333, "objective_cosine_similarity": -0.3014649855306109, "is_tight": 1.0, "dual_solution_value": -1.1517920008587062e-06, "scaled_age": 0.0}, "77": {"bias": -0.3779644730092272, "objective_cosine_similarity": -0.26783565528119446, "is_tight": 0.0, "dual_solution_value": 0.0, "scaled_age": 0.0875}, "78": {"bias": -0.3779644730092272, "objective_cosine_similarity": -0.23761295487981454, "is_tight": 0.0, "dual_solution_value": 0.0, "scaled_age": 0.0125}, "79": {"bias": -0.4472135954999579, "objective_cosine_similarity": -0.27868123410188533, "is_tight": 1.0, "dual_solution_value": -0.007917857863759458, "scaled_age": 0.0}, "80": {"bias": -0.31622776601683794, "objective_cosine_similarity": -0.36882865552600774, "is_tight": 0.0, "dual_solution_value": 0.0, "scaled_age": 0.2625}, "81": {"bias": -0.31622776601683794, "objective_cosine_similarity": -0.2816351199406631, "is_tight": 0.0, "dual_solution_value": 0.0, "scaled_age": 0.2625}, "82": {"bias": -0.4472135954999579, "objective_cosine_similarity": -0.3588329164763214, "is_tight": 1.0, "dual_solution_value": -0.0337219142348004, "scaled_age": 0.0}, "83": {"bias": -0.4082482904638631, "objective_cosine_similarity": -0.2161274311801495, "is_tight": 0.0, "dual_solution_value": 0.0, "scaled_age": 0.2625}, "84": {"bias": -0.3779644730092272, "objective_cosine_similarity": -0.31577511109027984, "is_tight": 1.0, "dual_solution_value": -0.002084324165612408, "scaled_age": 0.0}, "85": {"bias": -0.4082482904638631, "objective_cosine_similarity": -0.2150017674760862, "is_tight": 0.0, "dual_solution_value": 0.0, "scaled_age": 0.2625}, "86": {"bias": -0.4082482904638631, "objective_cosine_similarity": -0.21725309488421277, "is_tight": 0.0, "dual_solution_value": 0.0, "scaled_age": 0.2625}, "87": {"bias": -0.3779644730092272, "objective_cosine_similarity": -0.19801079573317878, "is_tight": 0.0, "dual_solution_value": 0.0, "scaled_age": 0.2625}, "88": {"bias": -0.31622776601683794, "objective_cosine_similarity": -0.39498671620161113, "is_tight": 0.0, "dual_solution_value": 0.0, "scaled_age": 0.2625}, "89": {"bias": -0.3333333333333333, "objective_cosine_similarity": -0.3042222872275372, "is_tight": 0.0, "dual_solution_value": 0.0, "scaled_age": 0.2625}, "90": {"bias": -0.3333333333333333, "objective_cosine_similarity": -0.4310581652861479, "is_tight": 0.0, "dual_solution_value": 0.0, "scaled_age": 0.1}, "91": {"bias": -0.3779644730092272, "objective_cosine_similarity": -0.24490808945945797, "is_tight": 0.0, "dual_solution_value": 0.0, "scaled_age": 0.2625}, "92": {"bias": -0.4472135954999579, "objective_cosine_similarity": -0.36253222489360304, "is_tight": 0.0, "dual_solution_value": 0.0, "scaled_age": 0.2625}, "93": {"bias": -0.35355339059327373, "objective_cosine_similarity": -0.28173262214886047, "is_tight": 0.0, "dual_solution_value": 0.0, "scaled_age": 0.1375}, "94": {"bias": -0.31622776601683794, "objective_cosine_similarity": -0.24414189963896493, "is_tight": 0.0, "dual_solution_value": 0.0, "scaled_age": 0.2625}, "95": {"bias": -0.4082482904638631, "objective_cosine_similarity": -0.22175574970046588, "is_tight": 0.0, "dual_solution_value": 0.0, "scaled_age": 0.2625}, "96": {"bias": -0.4082482904638631, "objective_cosine_similarity": -0.4356318534724888, "is_tight": 1.0, "dual_solution_value": -0.015756129613848053, "scaled_age": 0.0}, "97": {"bias": -0.5773502691896258, "objective_cosine_similarity": -0.02547086203131876, "is_tight": 0.0, "dual_solution_value": 0.0, "scaled_age": 0.2625}, "98": {"bias": -0.35355339059327373, "objective_cosine_similarity": -0.35289691770895326, "is_tight": 1.0, "dual_solution_value": -0.00044077901435726194, "scaled_age": 0.0}, "99": {"bias": -0.4472135954999579, "objective_cosine_similarity": -0.29347846777101194, "is_tight": 0.0, "dual_solution_value": 0.0, "scaled_age": 0.125}, "100": {"bias": -0.5, "objective_cosine_similarity": -0.18749651539098972, "is_tight": 0.0, "dual_solution_value": 0.0, "scaled_age": 0.2}, "101": {"bias": -0.3779644730092272, "objective_cosine_similarity": -0.28034160027486893, "is_tight": 0.0, "dual_solution_value": 0.0, "scaled_age": 0.2625}, "102": {"bias": -0.3779644730092272, "objective_cosine_similarity": -0.2991005177653806, "is_tight": 0.0, "dual_solution_value": 0.0, "scaled_age": 0.2625}, "103": {"bias": -0.31622776601683794, "objective_cosine_similarity": -0.3452864009179647, "is_tight": 0.0, "dual_solution_value": 0.0, "scaled_age": 0.2625}, "104": {"bias": -0.3779644730092272, "objective_cosine_similarity": -0.16361944700057404, "is_tight": 0.0, "dual_solution_value": 0.0, "scaled_age": 0.2625}, "105": {"bias": -0.5, "objective_cosine_similarity": -0.26194366120800033, "is_tight": 0.0, "dual_solution_value": 0.0, "scaled_age": 0.1875}, "106": {"bias": -0.3779644730092272, "objective_cosine_similarity": -0.26783565528119446, "is_tight": 1.0, "dual_solution_value": -0.0011877022170792468, "scaled_age": 0.0}, "107": {"bias": -0.3779644730092272, "objective_cosine_similarity": -0.1500713399240934, "is_tight": 0.0, "dual_solution_value": 0.0, "scaled_age": 0.2625}, "108": {"bias": -0.5, "objective_cosine_similarity": -0.31708969514652674, "is_tight": 1.0, "dual_solution_value": -0.013787200917985064, "scaled_age": 0.0}, "109": {"bias": -1.01195503507176, "objective_cosine_similarity": -0.9438831833198633, "is_tight": 1.0, "dual_solution_value": -0.0018897178886706002, "scaled_age": 0.0}, "110": {"bias": -0.928279121632914, "objective_cosine_similarity": -0.8489159564377362, "is_tight": 0.0, "dual_solution_value": -0.0, "scaled_age": 0.0375}, "111": {"bias": -0.6882472016116852, "objective_cosine_similarity": -0.6237124348106562, "is_tight": 1.0, "dual_solution_value": -8.738200514850997e-05, "scaled_age": 0.0}, "112": {"bias": -0.8307471607356973, "objective_cosine_similarity": -0.792227480872586, "is_tight": 0.0, "dual_solution_value": -0.0, "scaled_age": 0.1}, "113": {"bias": -0.8571428571428571, "objective_cosine_similarity": -0.7558945652002296, "is_tight": 1.0, "dual_solution_value": -0.0003294872306341785, "scaled_age": 0.0}, "114": {"bias": -1.0434694554181791, "objective_cosine_similarity": -0.9509146848571244, "is_tight": 1.0, "dual_solution_value": -0.007770683590547647, "scaled_age": 0.0}, "115": {"bias": -0.6708203932499369, "objective_cosine_similarity": -0.6621762066934178, "is_tight": 1.0, "dual_solution_value": -0.0008121381273824001, "scaled_age": 0.0}, "116": {"bias": -0.8111071056538127, "objective_cosine_similarity": -0.7125383858203094, "is_tight": 1.0, "dual_solution_value": -0.0002429312335970471, "scaled_age": 0.0}, "117": {"bias": -0.9722718241315028, "objective_cosine_similarity": -0.868838060519626, "is_tight": 1.0, "dual_solution_value": -5.861207395761812e-05, "scaled_age": 0.0}, "118": {"bias": -0.6396021490668313, "objective_cosine_similarity": -0.6478202840865411, "is_tight": 1.0, "dual_solution_value": -0.0002976144012715996, "scaled_age": 0.0}, "119": {"bias": -0.9827076298239908, "objective_cosine_similarity": -0.9068894444579589, "is_tight": 0.0, "dual_solution_value": -0.0, "scaled_age": 0.0875}, "120": {"bias": -0.8864052604279183, "objective_cosine_similarity": -0.8692061166218125, "is_tight": 1.0, "dual_solution_value": -0.00018729727045316643, "scaled_age": 0.0}, "121": {"bias": -0.8280786712108251, "objective_cosine_similarity": -0.8843837622732106, "is_tight": 0.0, "dual_solution_value": -0.0, "scaled_age": 0.025}, "122": {"bias": -0.9622504486493763, "objective_cosine_similarity": -0.9213288375391082, "is_tight": 1.0, "dual_solution_value": -2.404445514833455e-05, "scaled_age": 0.0}, "123": {"bias": -0.9443625259797923, "objective_cosine_similarity": -0.9144669793221716, "is_tight": 1.0, "dual_solution_value": -2.4025443553363964e-05, "scaled_age": 0.0}, "124": {"bias": -0.9969277961190803, "objective_cosine_similarity": -0.9237598293448106, "is_tight": 0.0, "dual_solution_value": -0.0, "scaled_age": 0.0375}, "125": {"bias": -0.9762956279494204, "objective_cosine_similarity": -0.935040059811537, "is_tight": 1.0, "dual_solution_value": -0.00013612784815197004, "scaled_age": 0.0}, "126": {"bias": -0.6761234037828132, "objective_cosine_similarity": -0.692112542436049, "is_tight": 1.0, "dual_solution_value": -0.0002540349186837708, "scaled_age": 0.0}, "127": {"bias": -0.6396021490668313, "objective_cosine_similarity": -0.6595774580264058, "is_tight": 1.0, "dual_solution_value": -0.00021133048230969104, "scaled_age": 0.0}}