{"0": {"bias": -0.8432740427115678, "objective_cosine_similarity": -0.9252249663417665, "is_tight": 0.0, "dual_solution_value": -0.0, "scaled_age": 0.08196721311475409}, "1": {"bias": -0.819288030372914, "objective_cosine_similarity": -0.8941163289763965, "is_tight": 0.0, "dual_solution_value": -0.0, "scaled_age": 0.01639344262295082}, "2": {"bias": -0.5773502691896258, "objective_cosine_similarity": -0.5672760277973997, "is_tight": 1.0, "dual_solution_value": -0.00010228855852319722, "scaled_age": 0.0}, "3": {"bias": -0.8219949365267865, "objective_cosine_similarity": -0.8507266325805376, "is_tight": 0.0, "dual_solution_value": -0.0, "scaled_age": 0.07377049180327869}, "4": {"bias": -0.7811334658849433, "objective_cosine_similarity": -0.9327298161018639, "is_tight": 1.0, "dual_solution_value": -0.0005630663871150378, "scaled_age": 0.0}, "5": {"bias": -0.8686423410447942, "objective_cosine_similarity": -0.9622181283990539, "is_tight": 1.0, "dual_solution_value": -5.244812321971595e-08, "scaled_age": 0.0}, "6": {"bias": -0.7978489767640099, "objective_cosine_similarity": -0.9226955058517574, "is_tight": 1.0, "dual_solution_value": -2.0707088108956245e-09, "scaled_age": 0.0}, "7": {"bias": -0.8571946154145231, "objective_cosine_similarity": -0.9518361763040718, "is_tight": 0.0, "dual_solution_value": -0.0, "scaled_age": 0.09016393442622951}, "8": {"bias": -0.7906776051466688, "objective_cosine_similarity": -0.8781109419022483, "is_tight": 1.0, "dual_solution_value": -1.1328238492052334e-07, "scaled_age": 0.0}, "9": {"bias": -0.872330404164172, "objective_cosine_similarity": -0.967686671389973, "is_tight": 0.0, "dual_solution_value": -0.0, "scaled_age": 0.06557377049180328}, "10": {"bias": -0.8573214099741123, "objective_cosine_similarity": -0.9667105898048644, "is_tight": 0.0, "dual_solution_value": -0.0, "scaled_age": 0.05737704918032787}, "11": {"bias": -0.8401680504168059, "objective_cosine_similarity": -0.9470409797599637, "is_tight": 0.0, "dual_solution_value": -0.0, "scaled_age": 0.01639344262295082}, "12": {"bias": -0.8548504142651103, "objective_cosine_similarity": -0.9581879178817561, "is_tight": 0.0, "dual_solution_value": -0.0, "scaled_age": 0.07377049180327869}, "13": {"bias": -0.887570862793035, "objective_cosine_similarity": -0.9254262541132449, "is_tight": 0.0, "dual_solution_value": 0.0, "scaled_age": 0.08196721311475409}, "14": {"bias": -0.9205657823120025, "objective_cosine_similarity": -0.9643351263213168, "is_tight": 1.0, "dual_solution_value": -0.005728619737358546, "scaled_age": 0.0}, "15": {"bias": -0.9205789970175514, "objective_cosine_similarity": -0.9520381945990768, "is_tight": 1.0, "dual_solution_value": -3.342244521363558e-05, "scaled_age": 0.0}, "16": {"bias": -0.9260981336759129, "objective_cosine_similarity": -0.9455317793966066, "is_tight": 0.0, "dual_solution_value": 0.0, "scaled_age": 0.05737704918032787}, "17": {"bias": -0.8807755613702127, "objective_cosine_similarity": -0.929345316584727, "is_tight": 0.0, "dual_solution_value": 0.0, "scaled_age": 0.03278688524590164}, "18": {"bias": -0.4082482904638631, "objective_cosine_similarity": -0.3442987232015942, "is_tight": 0.0, "dual_solution_value": 0.0, "scaled_age": 0.1885245901639344}, "19": {"bias": -0.3333333333333333, "objective_cosine_similarity": -0.3875617447018195, "is_tight": 0.0, "dual_solution_value": 0.0, "scaled_age": 0.1885245901639344}, "20": {"bias": -0.2773500981126146, "objective_cosine_similarity": -0.45191339356967747, "is_tight": 0.0, "dual_solution_value": 0.0, "scaled_age": 0.1885245901639344}, "21": {"bias": -0.3779644730092272, "objective_cosine_similarity": -0.3899378005973186, "is_tight": 0.0, "dual_solution_value": 0.0, "scaled_age": 0.1885245901639344}, "22": {"bias": -0.3779644730092272, "objective_cosine_similarity": -0.34351663385954256, "is_tight": 0.0, "dual_solution_value": 0.0, "scaled_age": 0.1885245901639344}, "23": {"bias": -0.4082482904638631, "objective_cosine_similarity": -0.19053424487855214, "is_tight": 0.0, "dual_solution_value": 0.0, "scaled_age": 0.1885245901639344}, "24": {"bias": -0.4082482904638631, "objective_cosine_similarity": -0.3309278989995906, "is_tight": 0.0, "dual_solution_value": 0.0, "scaled_age": 0.1885245901639344}, "25": {"bias": -0.3779644730092272, "objective_cosine_similarity": -0.4363589673350946, "is_tight": 0.0, "dual_solution_value": 0.0, "scaled_age": 0.09016393442622951}, "26": {"bias": -0.31622776601683794, "objective_cosine_similarity": -0.5592777781618141, "is_tight": 0.0, "dual_solution_value": 0.0, "scaled_age": 0.1885245901639344}, "27": {"bias": -0.4472135954999579, "objective_cosine_similarity": -0.3478663463239872, "is_tight": 1.0, "dual_solution_value": -0.0017285480238389743, "scaled_age": 0.0}, "28": {"bias": -0.35355339059327373, "objective_cosine_similarity": -0.4400199902818965, "is_tight": 0.0, "dual_solution_value": 0.0, "scaled_age": 0.1885245901639344}, "29": {"bias": -0.4082482904638631, "objective_cosine_similarity": -0.30752895664608415, "is_tight": 0.0, "dual_solution_value": 0.0, "scaled_age": 0.1885245901639344}, "30": {"bias": -0.4082482904638631, "objective_cosine_similarity": -0.3877539018581061, "is_tight": 1.0, "dual_solution_value": -0.00010473740692793911, "scaled_age": 0.0}, "31": {"bias": -0.3333333333333333, "objective_cosine_similarity": -0.4093962091920629, "is_tight": 0.0, "dual_solution_value": 0.0, "scaled_age": 0.1885245901639344}, "32": {"bias": -0.2773500981126146, "objective_cosine_similarity": -0.5472920997502124, "is_tight": 0.0, "dual_solution_value": 0.0, "scaled_age": 0.1885245901639344}, "33": {"bias": -0.3779644730092272, "objective_cosine_similarity": -0.3342324005119873, "is_tight": 0.0, "dual_solution_value": 0.0, "scaled_age": 0.1885245901639344}, "34": {"bias": -0.4082482904638631, "objective_cosine_similarity": -0.3309278989995906, "is_tight": 0.0, "dual_solution_value": 0.0, "scaled_age": 0.1885245901639344}, "35": {"bias": -0.31622776601683794, "objective_cosine_similarity": -0.5515100312429, "is_tight": 0.0, "dual_solution_value": 0.0, "scaled_age": 0.1885245901639344}, "36": {"bias": -0.4472135954999579, "objective_cosine_similarity": -0.4027926115330378, "is_tight": 0.0, "dual_solution_value": 0.0, "scaled_age": 0.14754098360655737}, "37": {"bias": -0.3333333333333333, "objective_cosine_similarity": -0.44214790592742786, "is_tight": 0.0, "dual_solution_value": 0.0, "scaled_age": 0.1885245901639344}, "38": {"bias": -0.35355339059327373, "objective_cosine_similarity": -0.43133538521054327, "is_tight": 0.0, "dual_solution_value": 0.0, "scaled_age": 0.1885245901639344}, "39": {"bias": -0.3779644730092272, "objective_cosine_similarity": -0.2661480226299158, "is_tight": 0.0, "dual_solution_value": 0.0, "scaled_age": 0.1885245901639344}, "40": {"bias": -0.4082482904638631, "objective_cosine_similarity": -0.3810684897571043, "is_tight": 0.0, "dual_solution_value": 0.0, "scaled_age": 0.02459016393442623}, "41": {"bias": -0.3779644730092272, "objective_cosine_similarity": -0.38684305614813347, "is_tight": 0.0, "dual_solution_value": 0.0, "scaled_age": 0.1885245901639344}, "42": {"bias": -0.31622776601683794, "objective_cosine_similarity": -0.4531185702699883, "is_tight": 0.0, "dual_solution_value": 0.0, "scaled_age": 0.1885245901639344}, "43": {"bias": -0.4082482904638631, "objective_cosine_similarity": -0.5080913196761391, "is_tight": 1.0, "dual_solution_value": -0.0241267445375251, "scaled_age": 0.0}, "44": {"bias": -0.3779644730092272, "objective_cosine_similarity": -0.5137275785647213, "is_tight": 0.0, "dual_solution_value": 0.0, "scaled_age": 0.1885245901639344}, "45": {"bias": -0.3333333333333333, "objective_cosine_similarity": -0.45306513817254956, "is_tight": 0.0, "dual_solution_value": 0.0, "scaled_age": 0.1885245901639344}, "46": {"bias": -0.3779644730092272, "objective_cosine_similarity": -0.36517984500383804, "is_tight": 0.0, "dual_solution_value": 0.0, "scaled_age": 0.1885245901639344}, "47": {"bias": -0.35355339059327373, "objective_cosine_similarity": -0.40238670163936585, "is_tight": 0.0, "dual_solution_value": 0.0, "scaled_age": 0.1885245901639344}, "48": {"bias": -0.35355339059327373, "objective_cosine_similarity": -0.41975591178207233, "is_tight": 0.0, "dual_solution_value": 0.0, "scaled_age": 0.04918032786885246}, "49": {"bias": -0.35355339059327373, "objective_cosine_similarity": -0.41396617506783684, "is_tight": 0.0, "dual_solution_value": 0.0, "scaled_age": 0.1885245901639344}, "50": {"bias": -0.2773500981126146, "objective_cosine_similarity": -0.5722722370832096, "is_tight": 0.0, "dual_solution_value": 0.0, "scaled_age": 0.1885245901639344}, "51": {"bias": -0.3333333333333333, "objective_cosine_similarity": -0.4612530623563908, "is_tight": 0.0, "dual_solution_value": 0.0, "scaled_age": 0.1885245901639344}, "52": {"bias": -0.35355339059327373, "objective_cosine_similarity": -0.41686104342495456, "is_tight": 0.0, "dual_solution_value": 0.0, "scaled_age": 0.06557377049180328}, "53": {"bias": -0.3779644730092272, "objective_cosine_similarity": -0.41160101174161406, "is_tight": 0.0, "dual_solution_value": 0.0, "scaled_age": 0.10655737704918032}, "54": {"bias": -0.35355339059327373, "objective_cosine_similarity": -0.4631789371388384, "is_tight": 0.0, "dual_solution_value": 0.0, "scaled_age": 0.1885245901639344}, "55": {"bias": -0.2773500981126146, "objective_cosine_similarity": -0.45645523672113153, "is_tight": 0.0, "dual_solution_value": 0.0, "scaled_age": 0.1885245901639344}, "56": {"bias": -0.35355339059327373, "objective_cosine_similarity": -0.42554564849630777, "is_tight": 0.0, "dual_solution_value": 0.0, "scaled_age": 0.13934426229508196}, "57": {"bias": -0.35355339059327373, "objective_cosine_similarity": -0.45159946371036747, "is_tight": 0.0, "dual_solution_value": 0.0, "scaled_age": 0.1885245901639344}, "58": {"bias": -0.3333333333333333, "objective_cosine_similarity": -0.37937382051797824, "is_tight": 0.0, "dual_solution_value": 0.0, "scaled_age": 0.1885245901639344}, "59": {"bias": -0.35355339059327373, "objective_cosine_similarity": -0.4979173574242513, "is_tight": 0.0, "dual_solution_value": 0.0, "scaled_age": 0.09016393442622951}, "60": {"bias": -0.35355339059327373, "objective_cosine_similarity": -0.5094968308527222, "is_tight": 1.0, "dual_solution_value": -5.9325863433466684e-06, "scaled_age": 0.0}, "61": {"bias": -0.3779644730092272, "objective_cosine_similarity": -0.4177905006399842, "is_tight": 0.0, "dual_solution_value": 0.0, "scaled_age": 0.1885245901639344}, "62": {"bias": -0.2886751345948129, "objective_cosine_similarity": -0.5672760277973997, "is_tight": 0.0, "dual_solution_value": 0.0, "scaled_age": 0.1885245901639344}, "63": {"bias": -0.5773502691896258, "objective_cosine_similarity": -0.3261837159835048, "is_tight": 0.0, "dual_solution_value": 0.0, "scaled_age": 0.040983606557377046}, "64": {"bias": -0.4472135954999579, "objective_cosine_similarity": -0.37716035443548085, "is_tight": 0.0, "dual_solution_value": 0.0, "scaled_age": 0.11475409836065574}, "65": {"bias": -0.35355339059327373, "objective_cosine_similarity": -0.44291485863901425, "is_tight": 0.0, "dual_solution_value": 0.0, "scaled_age": 0.1885245901639344}, "66": {"bias": -0.3779644730092272, "objective_cosine_similarity": -0.3001902115709516, "is_tight": 0.0, "dual_solution_value": 0.0, "scaled_age": 0.1885245901639344}, "67": {"bias": -0.30151134457776363, "objective_cosine_similarity": -0.41721909306505933, "is_tight": 0.0, "dual_solution_value": 0.0, "scaled_age": 0.1885245901639344}, "68": {"bias": -0.3333333333333333, "objective_cosine_similarity": -0.5376736880722426, "is_tight": 0.0, "dual_solution_value": 0.0, "scaled_age": 0.00819672131147541}, "69": {"bias": -0.35355339059327373, "objective_cosine_similarity": -0.3386995977827756, "is_tight": 0.0, "dual_solution_value": 0.0, "scaled_age": 0.1885245901639344}, "70": {"bias": -0.35355339059327373, "objective_cosine_similarity": -0.4747584105673094, "is_tight": 0.0, "dual_solution_value": 0.0, "scaled_age": 0.1885245901639344}, "71": {"bias": -0.35355339059327373, "objective_cosine_similarity": -0.43133538521054327, "is_tight": 0.0, "dual_solution_value": 0.0, "scaled_age": 0.1885245901639344}, "72": {"bias": -0.31622776601683794, "objective_cosine_similarity": -0.47642181102673054, "is_tight": 0.0, "dual_solution_value": 0.0, "scaled_age": 0.1885245901639344}, "73": {"bias": -0.4082482904638631, "objective_cosine_similarity": -0.42118096236311525, "is_tight": 1.0, "dual_solution_value": -0.015211389662766167, "scaled_age": 0.0}, "74": {"bias": -0.3779644730092272, "objective_cosine_similarity": -0.4239799895383543, "is_tight": 0.0, "dual_solution_value": 0.0, "scaled_age": 0.1885245901639344}, "75": {"bias": -0.4082482904638631, "objective_cosine_similarity": -0.3810684897571043, "is_tight": 0.0, "dual_solution_value": 0.0, "scaled_age": 0.1885245901639344}, "76": {"bias": -0.35355339059327373, "objective_cosine_similarity": -0.5037070941384868, "is_tight": 1.0, "dual_solution_value": -1.0857373891687387e-05, "scaled_age": 0.0}, "77": {"bias": -0.30151134457776363, "objective_cosine_similarity": -0.5060941661440069, "is_tight": 0.0, "dual_solution_value": 0.0, "scaled_age": 0.1885245901639344}, "78": {"bias": -0.31622776601683794, "objective_cosine_similarity": -0.5100820476753583, "is_tight": 0.0, "dual_solution_value": 0.0, "scaled_age": 0.1885245901639344}, "79": {"bias": -0.4082482904638631, "objective_cosine_similarity": -0.42452366841361616, "is_tight": 0.0, "dual_solution_value": 0.0, "scaled_age": 0.00819672131147541}, "80": {"bias": -0.5, "objective_cosine_similarity": -0.39302036082438035, "is_tight": 1.0, "dual_solution_value": -0.011386518193437428, "scaled_age": 0.0}, "81": {"bias": -0.31622776601683794, "objective_cosine_similarity": -0.48936805589158733, "is_tight": 0.0, "dual_solution_value": 0.0, "scaled_age": 0.1557377049180328}, "82": {"bias": -0.7071067811865475, "objective_cosine_similarity": -0.09263578742776768, "is_tight": 1.0, "dual_solution_value": -0.01157947342847096, "scaled_age": 0.0}, "83": {"bias": -0.3333333333333333, "objective_cosine_similarity": -0.39574966888566077, "is_tight": 0.0, "dual_solution_value": 0.0, "scaled_age": 0.1885245901639344}, "84": {"bias": -0.3779644730092272, "objective_cosine_similarity": -0.3775588228005783, "is_tight": 0.0, "dual_solution_value": 0.0, "scaled_age": 0.040983606557377046}, "85": {"bias": -0.4082482904638631, "objective_cosine_similarity": -0.31087166269658506, "is_tight": 0.0, "dual_solution_value": 0.0, "scaled_age": 0.04918032786885246}, "86": {"bias": -0.30151134457776363, "objective_cosine_similarity": -0.5431254465935684, "is_tight": 0.0, "dual_solution_value": 0.0, "scaled_age": 0.1885245901639344}, "87": {"bias": -0.2773500981126146, "objective_cosine_similarity": -0.6131488254462961, "is_tight": 0.0, "dual_solution_value": 0.0, "scaled_age": 0.1885245901639344}, "88": {"bias": -0.4082482904638631, "objective_cosine_similarity": -0.3810684897571043, "is_tight": 0.0, "dual_solution_value": 0.0, "scaled_age": 0.10655737704918032}, "89": {"bias": -0.4082482904638631, "objective_cosine_similarity": -0.3409560171510933, "is_tight": 0.0, "dual_solution_value": 0.0, "scaled_age": 0.1885245901639344}, "90": {"bias": -0.3779644730092272, "objective_cosine_similarity": -0.39922203394487377, "is_tight": 1.0, "dual_solution_value": -0.012139385319007724, "scaled_age": 0.0}, "91": {"bias": -0.35355339059327373, "objective_cosine_similarity": -0.42844051685342555, "is_tight": 0.0, "dual_solution_value": 0.0, "scaled_age": 0.1885245901639344}, "92": {"bias": -0.35355339059327373, "objective_cosine_similarity": -0.45159946371036747, "is_tight": 0.0, "dual_solution_value": 0.0, "scaled_age": 0.1885245901639344}, "93": {"bias": -0.3779644730092272, "objective_cosine_similarity": -0.38684305614813347, "is_tight": 0.0, "dual_solution_value": 0.0, "scaled_age": 0.1557377049180328}, "94": {"bias": -0.3333333333333333, "objective_cosine_similarity": -0.4203134414371845, "is_tight": 0.0, "dual_solution_value": 0.0, "scaled_age": 0.1885245901639344}, "95": {"bias": -0.30151134457776363, "objective_cosine_similarity": -0.5036254141140362, "is_tight": 0.0, "dual_solution_value": 0.0, "scaled_age": 0.1885245901639344}, "96": {"bias": -0.3333333333333333, "objective_cosine_similarity": -0.4148548253146237, "is_tight": 0.0, "dual_solution_value": 0.0, "scaled_age": 0.1885245901639344}, "97": {"bias": -0.3779644730092272, "objective_cosine_similarity": -0.5075380896663512, "is_tight": 0.0, "dual_solution_value": 0.0, "scaled_age": 0.13934426229508196}, "98": {"bias": -0.3779644730092272, "objective_cosine_similarity": -0.39922203394487377, "is_tight": 0.0, "dual_solution_value": 0.0, "scaled_age": 0.04918032786885246}, "99": {"bias": -0.35355339059327373, "objective_cosine_similarity": -0.4979173574242513, "is_tight": 0.0, "dual_solution_value": 0.0, "scaled_age": 0.02459016393442623}, "100": {"bias": -0.31622776601683794, "objective_cosine_similarity": -0.37544110108084744, "is_tight": 0.0, "dual_solution_value": 0.0, "scaled_age": 0.1885245901639344}, "101": {"bias": -0.5, "objective_cosine_similarity": -0.4134901712839835, "is_tight": 1.0, "dual_solution_value": -0.028408150544153927, "scaled_age": 0.0}, "102": {"bias": -0.31622776601683794, "objective_cosine_similarity": -0.3961550928646183, "is_tight": 0.0, "dual_solution_value": 0.0, "scaled_age": 0.1885245901639344}, "103": {"bias": -0.4472135954999579, "objective_cosine_similarity": -0.27829307705918976, "is_tight": 0.0, "dual_solution_value": 0.0, "scaled_age": 0.1885245901639344}, "104": {"bias": -0.35355339059327373, "objective_cosine_similarity": -0.40238670163936585, "is_tight": 0.0, "dual_solution_value": 0.0, "scaled_age": 0.1885245901639344}, "105": {"bias": -0.4472135954999579, "objective_cosine_similarity": -0.3918073584912277, "is_tight": 0.0, "dual_solution_value": 0.0, "scaled_age": 0.13934426229508196}, "106": {"bias": -0.31622776601683794, "objective_cosine_similarity": -0.39874434183758967, "is_tight": 0.0, "dual_solution_value": 0.0, "scaled_age": 0.1885245901639344}, "107": {"bias": -0.4082482904638631, "objective_cosine_similarity": -0.44123719866612077, "is_tight": 0.0, "dual_solution_value": 0.0, "scaled_age": 0.1557377049180328}, "108": {"bias": -0.31622776601683794, "objective_cosine_similarity": -0.5256175415131864, "is_tight": 0.0, "dual_solution_value": 0.0, "scaled_age": 0.1885245901639344}, "109": {"bias": -0.4082482904638631, "objective_cosine_similarity": -0.37772578370660337, "is_tight": 0.0, "dual_solution_value": 0.0, "scaled_age": 0.1885245901639344}, "110": {"bias": -0.9008702790536544, "objective_cosine_similarity": -0.9839965163261135, "is_tight": 1.0, "dual_solution_value": -0.0016308197310112111, "scaled_age": 0.0}, "111": {"bias": -0.8512055557875505, "objective_cosine_similarity": -0.966874509447851, "is_tight": 0.0, "dual_solution_value": -0.0, "scaled_age": 0.03278688524590164}, "112": {"bias": -0.8649974800942457, "objective_cosine_similarity": -0.9688417768950429, "is_tight": 0.0, "dual_solution_value": -0.0, "scaled_age": 0.08196721311475409}, "113": {"bias": -0.792593923901217, "objective_cosine_similarity": -0.9002139553870852, "is_tight": 0.0, "dual_solution_value": -0.0, "scaled_age": 0.01639344262295082}, "114": {"bias": -0.8840700791165568, "objective_cosine_similarity": -0.9764838321952555, "is_tight": 0.0, "dual_solution_value": -0.0, "scaled_age": 0.07377049180327869}, "115": {"bias": -0.9025192059542658, "objective_cosine_similarity": -0.9834571278078507, "is_tight": 1.0, "dual_solution_value": -0.0028632494154697966, "scaled_age": 0.0}, "116": {"bias": -0.8692913816996171, "objective_cosine_similarity": -0.9715649480386499, "is_tight": 0.0, "dual_solution_value": -0.0, "scaled_age": 0.06557377049180328}, "117": {"bias": -0.9027662892312285, "objective_cosine_similarity": -0.9857700542369312, "is_tight": 0.0, "dual_solution_value": -0.0, "scaled_age": 0.06557377049180328}, "118": {"bias": -0.904122432537679, "objective_cosine_similarity": -0.982522670913237, "is_tight": 1.0, "dual_solution_value": -0.015843660681935417, "scaled_age": 0.0}, "119": {"bias": -0.8564603641155027, "objective_cosine_similarity": -0.9635795382789016, "is_tight": 1.0, "dual_solution_value": -1.2398229841787872e-05, "scaled_age": 0.0}, "120": {"bias": -0.8795932074125605, "objective_cosine_similarity": -0.9777630072859502, "is_tight": 0.0, "dual_solution_value": -0.0, "scaled_age": 0.08196721311475409}, "121": {"bias": -0.8695819912499182, "objective_cosine_similarity": -0.9754497839903616, "is_tight": 1.0, "dual_solution_value": -8.053653845294316e-06, "scaled_age": 0.0}, "122": {"bias": -0.5163977794943222, "objective_cosine_similarity": -0.699771381022177, "is_tight": 0.0, "dual_solution_value": -0.0, "scaled_age": 0.02459016393442623}, "123": {"bias": -0.8726989031317882, "objective_cosine_similarity": -0.9793222500339146, "is_tight": 1.0, "dual_solution_value": -2.024914792960103e-05, "scaled_age": 0.0}, "124": {"bias": -0.8982396487320797, "objective_cosine_similarity": -0.9842882773473718, "is_tight": 1.0, "dual_solution_value": -0.012203225988082324, "scaled_age": 0.0}, "125": {"bias": -0.8356290217967335, "objective_cosine_similarity": -0.9464859455533238, "is_tight": 1.0, "dual_solution_value": -2.8657166213028452e-05, "scaled_age": 0.0}, "126": {"bias": -0.8705667322676821, "objective_cosine_similarity": -0.9754047138102626, "is_tight": 1.0, "dual_solution_value": -3.6748776109014464e-06, "scaled_age": 0.0}, "127": {"bias": -0.908882875505398, "objective_cosine_similarity": -0.9809449334147357, "is_tight": 1.0, "dual_solution_value": -0.0029962727449589508, "scaled_age": 0.0}, "128": {"bias": -0.8677218312746247, "objective_cosine_similarity": -0.9746953153045905, "is_tight": 1.0, "dual_solution_value": -1.641498066903122e-05, "scaled_age": 0.0}, "129": {"bias": -0.8979256889292084, "objective_cosine_similarity": -0.9826723079078672, "is_tight": 1.0, "dual_solution_value": -0.0011682976079010624, "scaled_age": 0.0}, "130": {"bias": -0.9046034378764998, "objective_cosine_similarity": -0.9832934772200861, "is_tight": 1.0, "dual_solution_value": -0.00031985110376329994, "scaled_age": 0.0}}