{"0": {"bias": -0.7333587976225691, "objective_cosine_similarity": -0.8249754395236062, "is_tight": 0.0, "dual_solution_value": -0.0, "scaled_age": 0.06756756756756757}, "1": {"bias": -0.8292884288627292, "objective_cosine_similarity": -0.9393637560463735, "is_tight": 0.0, "dual_solution_value": -0.0, "scaled_age": 0.013513513513513514}, "2": {"bias": -0.6405126152203485, "objective_cosine_similarity": -0.8031405646348541, "is_tight": 0.0, "dual_solution_value": -0.0, "scaled_age": 0.14864864864864866}, "3": {"bias": -0.8429272304235246, "objective_cosine_similarity": -0.930665300759778, "is_tight": 0.0, "dual_solution_value": -0.0, "scaled_age": 0.0945945945945946}, "4": {"bias": -0.7811334658849433, "objective_cosine_similarity": -0.8965911011601118, "is_tight": 0.0, "dual_solution_value": -0.0, "scaled_age": 0.17567567567567569}, "5": {"bias": -0.7833494518006403, "objective_cosine_similarity": -0.9184659455003584, "is_tight": 0.0, "dual_solution_value": -0.0, "scaled_age": 0.013513513513513514}, "6": {"bias": -0.7442084075352507, "objective_cosine_similarity": -0.8667892556381916, "is_tight": 0.0, "dual_solution_value": -0.0, "scaled_age": 0.04054054054054054}, "7": {"bias": -0.6761234037828132, "objective_cosine_similarity": -0.7733007574852947, "is_tight": 1.0, "dual_solution_value": -0.00011745335677401468, "scaled_age": 0.0}, "8": {"bias": -0.6575959492214292, "objective_cosine_similarity": -0.8130612459852156, "is_tight": 1.0, "dual_solution_value": -0.001816591802667397, "scaled_age": 0.0}, "9": {"bias": -0.8569927188276943, "objective_cosine_similarity": -0.8842450137171004, "is_tight": 0.0, "dual_solution_value": -0.0, "scaled_age": 0.08108108108108109}, "10": {"bias": -0.8732578787952137, "objective_cosine_similarity": -0.9359339612595554, "is_tight": 0.0, "dual_solution_value": 0.0, "scaled_age": 0.20270270270270271}, "11": {"bias": -0.8783568692348294, "objective_cosine_similarity": -0.9691609569676144, "is_tight": 0.0, "dual_solution_value": 0.0, "scaled_age": 0.0945945945945946}, "12": {"bias": -0.8563533389191378, "objective_cosine_similarity": -0.86731224715168, "is_tight": 1.0, "dual_solution_value": -0.004479155160901934, "scaled_age": 0.0}, "13": {"bias": -0.8810043836792457, "objective_cosine_similarity": -0.9082124066234326, "is_tight": 1.0, "dual_solution_value": -0.0003093091282612274, "scaled_age": 0.0}, "14": {"bias": -0.8946685128805095, "objective_cosine_similarity": -0.9642314174397785, "is_tight": 0.0, "dual_solution_value": 0.0, "scaled_age": 0.013513513513513514}, "15": {"bias": -0.8545151539249616, "objective_cosine_similarity": -0.9653393627683888, "is_tight": 0.0, "dual_solution_value": 0.0, "scaled_age": 0.06756756756756757}, "16": {"bias": -0.874037010547822, "objective_cosine_similarity": -0.9516599075413797, "is_tight": 1.0, "dual_solution_value": -0.01752274321477166, "scaled_age": 0.0}, "17": {"bias": -0.8447370925185597, "objective_cosine_similarity": -0.9568526475016709, "is_tight": 0.0, "dual_solution_value": 0.0, "scaled_age": 0.04054054054054054}, "18": {"bias": -0.4082482904638631, "objective_cosine_similarity": -0.2641622876840111, "is_tight": 0.0, "dual_solution_value": 0.0, "scaled_age": 0.28378378378378377}, "19": {"bias": -0.3333333333333333, "objective_cosine_similarity": -0.2914697360865425, "is_tight": 0.0, "dual_solution_value": 0.0, "scaled_age": 0.28378378378378377}, "20": {"bias": -0.3333333333333333, "objective_cosine_similarity": -0.4593563040723909, "is_tight": 0.0, "dual_solution_value": 0.0, "scaled_age": 0.28378378378378377}, "21": {"bias": -0.31622776601683794, "objective_cosine_similarity": -0.42361710482514076, "is_tight": 0.0, "dual_solution_value": 0.0, "scaled_age": 0.28378378378378377}, "22": {"bias": -0.3779644730092272, "objective_cosine_similarity": -0.20094133428131353, "is_tight": 0.0, "dual_solution_value": 0.0, "scaled_age": 0.28378378378378377}, "23": {"bias": -0.3779644730092272, "objective_cosine_similarity": -0.2657184749377896, "is_tight": 0.0, "dual_solution_value": 0.0, "scaled_age": 0.28378378378378377}, "24": {"bias": -0.2886751345948129, "objective_cosine_similarity": -0.35338827423940844, "is_tight": 0.0, "dual_solution_value": 0.0, "scaled_age": 0.28378378378378377}, "25": {"bias": -0.4472135954999579, "objective_cosine_similarity": -0.11887849653307407, "is_tight": 0.0, "dual_solution_value": 0.0, "scaled_age": 0.20270270270270271}, "26": {"bias": -0.3779644730092272, "objective_cosine_similarity": -0.442864124896316, "is_tight": 1.0, "dual_solution_value": -0.006769030764617298, "scaled_age": 0.0}, "27": {"bias": -0.35355339059327373, "objective_cosine_similarity": -0.2708156981432461, "is_tight": 0.0, "dual_solution_value": 0.0, "scaled_age": 0.28378378378378377}, "28": {"bias": -0.3779644730092272, "objective_cosine_similarity": -0.32388570328238037, "is_tight": 0.0, "dual_solution_value": 0.0, "scaled_age": 0.28378378378378377}, "29": {"bias": -0.4082482904638631, "objective_cosine_similarity": -0.19990659608519762, "is_tight": 0.0, "dual_solution_value": 0.0, "scaled_age": 0.28378378378378377}, "30": {"bias": -0.3779644730092272, "objective_cosine_similarity": -0.37940896670221697, "is_tight": 0.0, "dual_solution_value": 0.0, "scaled_age": 0.02702702702702703}, "31": {"bias": -0.35355339059327373, "objective_cosine_similarity": -0.34748498254909654, "is_tight": 0.0, "dual_solution_value": 0.0, "scaled_age": 0.28378378378378377}, "32": {"bias": -0.4082482904638631, "objective_cosine_similarity": -0.30842731967430487, "is_tight": 1.0, "dual_solution_value": -0.007831767191842526, "scaled_age": 0.0}, "33": {"bias": -0.3779644730092272, "objective_cosine_similarity": -0.35296931745467575, "is_tight": 0.0, "dual_solution_value": 0.0, "scaled_age": 0.28378378378378377}, "34": {"bias": -0.35355339059327373, "objective_cosine_similarity": -0.3351189689352497, "is_tight": 0.0, "dual_solution_value": 0.0, "scaled_age": 0.28378378378378377}, "35": {"bias": -0.2773500981126146, "objective_cosine_similarity": -0.3307938423126841, "is_tight": 0.0, "dual_solution_value": 0.0, "scaled_age": 0.28378378378378377}, "36": {"bias": -0.3779644730092272, "objective_cosine_similarity": -0.2762943346368061, "is_tight": 1.0, "dual_solution_value": -0.004006961821800095, "scaled_age": 0.0}, "37": {"bias": -0.35355339059327373, "objective_cosine_similarity": -0.2250614477720127, "is_tight": 0.0, "dual_solution_value": 0.0, "scaled_age": 0.28378378378378377}, "38": {"bias": -0.3333333333333333, "objective_cosine_similarity": -0.5328066775661996, "is_tight": 1.0, "dual_solution_value": -0.001143494961926019, "scaled_age": 0.0}, "39": {"bias": -0.4082482904638631, "objective_cosine_similarity": -0.3426970218603388, "is_tight": 0.0, "dual_solution_value": 0.0, "scaled_age": 0.05405405405405406}, "40": {"bias": -0.3779644730092272, "objective_cosine_similarity": -0.35693526484180693, "is_tight": 0.0, "dual_solution_value": 0.0, "scaled_age": 0.2702702702702703}, "41": {"bias": -0.31622776601683794, "objective_cosine_similarity": -0.19577082912284574, "is_tight": 0.0, "dual_solution_value": 0.0, "scaled_age": 0.28378378378378377}, "42": {"bias": -0.4472135954999579, "objective_cosine_similarity": -0.1658042188487612, "is_tight": 0.0, "dual_solution_value": 0.0, "scaled_age": 0.28378378378378377}, "43": {"bias": -0.3333333333333333, "objective_cosine_similarity": -0.27981094664308076, "is_tight": 0.0, "dual_solution_value": 0.0, "scaled_age": 0.28378378378378377}, "44": {"bias": -0.30151134457776363, "objective_cosine_similarity": -0.30160907473100745, "is_tight": 0.0, "dual_solution_value": 0.0, "scaled_age": 0.28378378378378377}, "45": {"bias": -0.3779644730092272, "objective_cosine_similarity": -0.33181759805664274, "is_tight": 0.0, "dual_solution_value": 0.0, "scaled_age": 0.08108108108108109}, "46": {"bias": -0.35355339059327373, "objective_cosine_similarity": -0.6034614643557263, "is_tight": 1.0, "dual_solution_value": -0.016755893092419913, "scaled_age": 0.0}, "47": {"bias": -0.3779644730092272, "objective_cosine_similarity": -0.2472107204645107, "is_tight": 0.0, "dual_solution_value": 0.0, "scaled_age": 0.28378378378378377}, "48": {"bias": -0.4082482904638631, "objective_cosine_similarity": -0.19133917053868915, "is_tight": 0.0, "dual_solution_value": 0.0, "scaled_age": 0.13513513513513514}, "49": {"bias": -0.3779644730092272, "objective_cosine_similarity": -0.24588873800213365, "is_tight": 0.0, "dual_solution_value": 0.0, "scaled_age": 0.28378378378378377}, "50": {"bias": -0.4082482904638631, "objective_cosine_similarity": -0.2870087558080337, "is_tight": 0.0, "dual_solution_value": 0.0, "scaled_age": 0.06756756756756757}, "51": {"bias": -0.2886751345948129, "objective_cosine_similarity": -0.507869434121207, "is_tight": 0.0, "dual_solution_value": 0.0, "scaled_age": 0.28378378378378377}, "52": {"bias": -0.31622776601683794, "objective_cosine_similarity": -0.3074818672098933, "is_tight": 0.0, "dual_solution_value": 0.0, "scaled_age": 0.28378378378378377}, "53": {"bias": -0.4082482904638631, "objective_cosine_similarity": -0.4712084050579658, "is_tight": 1.0, "dual_solution_value": -0.023160187042474082, "scaled_age": 0.0}, "54": {"bias": -0.35355339059327373, "objective_cosine_similarity": -0.3647974016084821, "is_tight": 1.0, "dual_solution_value": -8.344620060677765e-06, "scaled_age": 0.0}, "55": {"bias": -0.31622776601683794, "objective_cosine_similarity": -0.4357836535276905, "is_tight": 0.0, "dual_solution_value": 0.0, "scaled_age": 0.28378378378378377}, "56": {"bias": -0.2886751345948129, "objective_cosine_similarity": -0.3503592318887849, "is_tight": 0.0, "dual_solution_value": 0.0, "scaled_age": 0.28378378378378377}, "57": {"bias": -0.35355339059327373, "objective_cosine_similarity": -0.3672706043312515, "is_tight": 0.0, "dual_solution_value": 0.0, "scaled_age": 0.12162162162162163}, "58": {"bias": -0.3779644730092272, "objective_cosine_similarity": -0.30537794880910146, "is_tight": 0.0, "dual_solution_value": 0.0, "scaled_age": 0.28378378378378377}, "59": {"bias": -0.4082482904638631, "objective_cosine_similarity": -0.2241809684669716, "is_tight": 0.0, "dual_solution_value": 0.0, "scaled_age": 0.04054054054054054}, "60": {"bias": -0.2886751345948129, "objective_cosine_similarity": -0.48666613766684247, "is_tight": 0.0, "dual_solution_value": 0.0, "scaled_age": 0.28378378378378377}, "61": {"bias": -0.4472135954999579, "objective_cosine_similarity": -0.31596653025896004, "is_tight": 1.0, "dual_solution_value": -0.007393161667798859, "scaled_age": 0.0}, "62": {"bias": -0.3333333333333333, "objective_cosine_similarity": -0.27281567297700376, "is_tight": 0.0, "dual_solution_value": 0.0, "scaled_age": 0.28378378378378377}, "63": {"bias": -0.5, "objective_cosine_similarity": -0.2710668545604845, "is_tight": 1.0, "dual_solution_value": -0.02273463941475031, "scaled_age": 0.0}, "64": {"bias": -0.3779644730092272, "objective_cosine_similarity": -0.4415421424339389, "is_tight": 1.0, "dual_solution_value": -0.017958372816470045, "scaled_age": 0.0}, "65": {"bias": -0.30151134457776363, "objective_cosine_similarity": -0.41972171938091246, "is_tight": 0.0, "dual_solution_value": 0.0, "scaled_age": 0.28378378378378377}, "66": {"bias": -0.35355339059327373, "objective_cosine_similarity": -0.3375921716580191, "is_tight": 0.0, "dual_solution_value": 0.0, "scaled_age": 0.28378378378378377}, "67": {"bias": -0.4082482904638631, "objective_cosine_similarity": -0.25702276639525407, "is_tight": 0.0, "dual_solution_value": 0.0, "scaled_age": 0.28378378378378377}, "68": {"bias": -0.31622776601683794, "objective_cosine_similarity": -0.3992840074200413, "is_tight": 0.0, "dual_solution_value": 0.0, "scaled_age": 0.28378378378378377}, "69": {"bias": -0.5773502691896258, "objective_cosine_similarity": -0.12721977872618703, "is_tight": 0.0, "dual_solution_value": 0.0, "scaled_age": 0.08108108108108109}, "70": {"bias": -0.4472135954999579, "objective_cosine_similarity": -0.15954745587333627, "is_tight": 0.0, "dual_solution_value": 0.0, "scaled_age": 0.28378378378378377}, "71": {"bias": -0.3779644730092272, "objective_cosine_similarity": -0.3146318260457409, "is_tight": 0.0, "dual_solution_value": 0.0, "scaled_age": 0.28378378378378377}, "72": {"bias": -0.4082482904638631, "objective_cosine_similarity": -0.37696672404637266, "is_tight": 1.0, "dual_solution_value": -0.0002893705369852864, "scaled_age": 0.0}, "73": {"bias": -0.35355339059327373, "objective_cosine_similarity": -0.32027975259863345, "is_tight": 0.0, "dual_solution_value": 0.0, "scaled_age": 0.28378378378378377}, "74": {"bias": -0.4082482904638631, "objective_cosine_similarity": -0.2613064791685083, "is_tight": 0.0, "dual_solution_value": 0.0, "scaled_age": 0.28378378378378377}, "75": {"bias": -0.31622776601683794, "objective_cosine_similarity": -0.414768705768741, "is_tight": 0.0, "dual_solution_value": 0.0, "scaled_age": 0.013513513513513514}, "76": {"bias": -0.3779644730092272, "objective_cosine_similarity": -0.3450374226804134, "is_tight": 0.0, "dual_solution_value": 0.0, "scaled_age": 0.24324324324324326}, "77": {"bias": -0.3779644730092272, "objective_cosine_similarity": -0.315953808508118, "is_tight": 0.0, "dual_solution_value": 0.0, "scaled_age": 0.28378378378378377}, "78": {"bias": -0.3333333333333333, "objective_cosine_similarity": -0.4092235094655056, "is_tight": 0.0, "dual_solution_value": 0.0, "scaled_age": 0.05405405405405406}, "79": {"bias": -0.35355339059327373, "objective_cosine_similarity": -0.21887844096508927, "is_tight": 0.0, "dual_solution_value": 0.0, "scaled_age": 0.28378378378378377}, "80": {"bias": -0.3779644730092272, "objective_cosine_similarity": -0.3014120014219703, "is_tight": 0.0, "dual_solution_value": 0.0, "scaled_age": 0.28378378378378377}, "81": {"bias": -0.31622776601683794, "objective_cosine_similarity": -0.3893295584815915, "is_tight": 0.0, "dual_solution_value": 0.0, "scaled_age": 0.28378378378378377}, "82": {"bias": -0.5, "objective_cosine_similarity": -0.34276840963777394, "is_tight": 0.0, "dual_solution_value": 0.0, "scaled_age": 0.02702702702702703}, "83": {"bias": -0.30151134457776363, "objective_cosine_similarity": -0.48826923636523234, "is_tight": 0.0, "dual_solution_value": 0.0, "scaled_age": 0.28378378378378377}, "84": {"bias": -0.35355339059327373, "objective_cosine_similarity": -0.37345361113817493, "is_tight": 1.0, "dual_solution_value": -0.01041099798927589, "scaled_age": 0.0}, "85": {"bias": -0.3779644730092272, "objective_cosine_similarity": -0.3080219137338556, "is_tight": 1.0, "dual_solution_value": -3.376232186051192e-05, "scaled_age": 0.0}, "86": {"bias": -0.3779644730092272, "objective_cosine_similarity": -0.3913068088636105, "is_tight": 0.0, "dual_solution_value": 0.0, "scaled_age": 0.02702702702702703}, "87": {"bias": -0.3333333333333333, "objective_cosine_similarity": -0.5806077142843926, "is_tight": 1.0, "dual_solution_value": -0.016816786366965777, "scaled_age": 0.0}, "88": {"bias": -0.2886751345948129, "objective_cosine_similarity": -0.3634850820748201, "is_tight": 0.0, "dual_solution_value": 0.0, "scaled_age": 0.28378378378378377}, "89": {"bias": -0.30151134457776363, "objective_cosine_similarity": -0.4408132630683955, "is_tight": 1.0, "dual_solution_value": -0.0037378737974053953, "scaled_age": 0.0}, "90": {"bias": -0.4472135954999579, "objective_cosine_similarity": -0.19708803372588596, "is_tight": 0.0, "dual_solution_value": 0.0, "scaled_age": 0.21621621621621623}, "91": {"bias": -0.3779644730092272, "objective_cosine_similarity": -0.19168745704467408, "is_tight": 0.0, "dual_solution_value": 0.0, "scaled_age": 0.28378378378378377}, "92": {"bias": -0.4472135954999579, "objective_cosine_similarity": -0.059439248266537036, "is_tight": 0.0, "dual_solution_value": 0.0, "scaled_age": 0.28378378378378377}, "93": {"bias": -0.2886751345948129, "objective_cosine_similarity": -0.3998335902823021, "is_tight": 0.0, "dual_solution_value": 0.0, "scaled_age": 0.28378378378378377}, "94": {"bias": -0.4082482904638631, "objective_cosine_similarity": -0.41409223474790935, "is_tight": 0.0, "dual_solution_value": 0.0, "scaled_age": 0.28378378378378377}, "95": {"bias": -0.3333333333333333, "objective_cosine_similarity": -0.2809768255874269, "is_tight": 0.0, "dual_solution_value": 0.0, "scaled_age": 0.28378378378378377}, "96": {"bias": -0.4472135954999579, "objective_cosine_similarity": -0.29563205058882897, "is_tight": 1.0, "dual_solution_value": -0.006610190673643342, "scaled_age": 0.0}, "97": {"bias": -0.3779644730092272, "objective_cosine_similarity": -0.35825724730418396, "is_tight": 1.0, "dual_solution_value": -1.965270467482296e-05, "scaled_age": 0.0}, "98": {"bias": -0.35355339059327373, "objective_cosine_similarity": -0.3709804084154056, "is_tight": 1.0, "dual_solution_value": -0.003027384308575786, "scaled_age": 0.0}, "99": {"bias": -0.31622776601683794, "objective_cosine_similarity": -0.4302534041174406, "is_tight": 0.0, "dual_solution_value": 0.0, "scaled_age": 0.24324324324324326}, "100": {"bias": -0.35355339059327373, "objective_cosine_similarity": -0.22877125185616676, "is_tight": 0.0, "dual_solution_value": 0.0, "scaled_age": 0.28378378378378377}, "101": {"bias": -0.35355339059327373, "objective_cosine_similarity": -0.39571243564309927, "is_tight": 0.0, "dual_solution_value": 0.0, "scaled_age": 0.28378378378378377}, "102": {"bias": -0.3779644730092272, "objective_cosine_similarity": -0.337105527906151, "is_tight": 0.0, "dual_solution_value": 0.0, "scaled_age": 0.10810810810810811}, "103": {"bias": -0.4472135954999579, "objective_cosine_similarity": -0.23306442083457946, "is_tight": 0.0, "dual_solution_value": 0.0, "scaled_age": 0.28378378378378377}, "104": {"bias": -0.30151134457776363, "objective_cosine_similarity": -0.2573168329872931, "is_tight": 0.0, "dual_solution_value": 0.0, "scaled_age": 0.28378378378378377}, "105": {"bias": -0.3779644730092272, "objective_cosine_similarity": -0.22870296599123183, "is_tight": 0.0, "dual_solution_value": 0.0, "scaled_age": 0.28378378378378377}, "106": {"bias": -0.2672612419124244, "objective_cosine_similarity": -0.5047826924285159, "is_tight": 0.0, "dual_solution_value": 0.0, "scaled_age": 0.28378378378378377}, "107": {"bias": -0.3779644730092272, "objective_cosine_similarity": -0.4137805107240206, "is_tight": 0.0, "dual_solution_value": 0.0, "scaled_age": 0.10810810810810811}, "108": {"bias": -0.3333333333333333, "objective_cosine_similarity": -0.31945083075085057, "is_tight": 0.0, "dual_solution_value": 0.0, "scaled_age": 0.28378378378378377}, "109": {"bias": -0.3333333333333333, "objective_cosine_similarity": -0.42321405679765967, "is_tight": 0.0, "dual_solution_value": 0.0, "scaled_age": 0.1891891891891892}, "110": {"bias": -0.3779644730092272, "objective_cosine_similarity": -0.3080219137338556, "is_tight": 0.0, "dual_solution_value": 0.0, "scaled_age": 0.013513513513513514}, "111": {"bias": -0.4082482904638631, "objective_cosine_similarity": -0.5668779903273103, "is_tight": 1.0, "dual_solution_value": -0.025412359772651515, "scaled_age": 0.0}, "112": {"bias": -0.3333333333333333, "objective_cosine_similarity": -0.3136214360291197, "is_tight": 0.0, "dual_solution_value": 0.0, "scaled_age": 0.02702702702702703}, "113": {"bias": -0.35355339059327373, "objective_cosine_similarity": -0.43775688193017853, "is_tight": 1.0, "dual_solution_value": -0.00013039614265254244, "scaled_age": 0.0}, "114": {"bias": -0.35355339059327373, "objective_cosine_similarity": -0.3437751784649425, "is_tight": 0.0, "dual_solution_value": 0.0, "scaled_age": 0.28378378378378377}, "115": {"bias": -0.35355339059327373, "objective_cosine_similarity": -0.3326457662124803, "is_tight": 0.0, "dual_solution_value": 0.0, "scaled_age": 0.28378378378378377}, "116": {"bias": -0.31622776601683794, "objective_cosine_similarity": -0.3461936130816425, "is_tight": 0.0, "dual_solution_value": 0.0, "scaled_age": 0.28378378378378377}, "117": {"bias": -0.3779644730092272, "objective_cosine_similarity": -0.30405596634672444, "is_tight": 0.0, "dual_solution_value": 0.0, "scaled_age": 0.28378378378378377}, "118": {"bias": -0.7878385971583353, "objective_cosine_similarity": -0.7871754381983991, "is_tight": 1.0, "dual_solution_value": -1.4116532170533638e-05, "scaled_age": 0.0}, "119": {"bias": -0.6405126152203485, "objective_cosine_similarity": -0.8216228788837733, "is_tight": 1.0, "dual_solution_value": -2.225728063577072e-05, "scaled_age": 0.0}, "120": {"bias": -0.8033793168194132, "objective_cosine_similarity": -0.9574052836302638, "is_tight": 0.0, "dual_solution_value": -0.0, "scaled_age": 0.04054054054054054}, "121": {"bias": -0.861444505080699, "objective_cosine_similarity": -0.9547826752596851, "is_tight": 0.0, "dual_solution_value": -0.0, "scaled_age": 0.05405405405405406}, "122": {"bias": -0.8186312161546413, "objective_cosine_similarity": -0.9370066437088842, "is_tight": 1.0, "dual_solution_value": -5.386567342597002e-07, "scaled_age": 0.0}, "123": {"bias": -0.7559289460184544, "objective_cosine_similarity": -0.9128288902713617, "is_tight": 0.0, "dual_solution_value": -0.0, "scaled_age": 0.013513513513513514}, "124": {"bias": -0.7961173386514129, "objective_cosine_similarity": -0.9506383122677662, "is_tight": 0.0, "dual_solution_value": -0.0, "scaled_age": 0.13513513513513514}, "125": {"bias": -0.7947194142390263, "objective_cosine_similarity": -0.946004110990615, "is_tight": 1.0, "dual_solution_value": -5.589621700304574e-05, "scaled_age": 0.0}, "126": {"bias": -0.831028119143167, "objective_cosine_similarity": -0.9705834118764516, "is_tight": 0.0, "dual_solution_value": -0.0, "scaled_age": 0.04054054054054054}, "127": {"bias": -0.6928203230275508, "objective_cosine_similarity": -0.8117833499670981, "is_tight": 0.0, "dual_solution_value": -0.0, "scaled_age": 0.05405405405405406}, "128": {"bias": -0.823875566891427, "objective_cosine_similarity": -0.9702512945371125, "is_tight": 1.0, "dual_solution_value": -3.2810792969631845e-05, "scaled_age": 0.0}, "129": {"bias": -0.7938566201357354, "objective_cosine_similarity": -0.8509084803293184, "is_tight": 1.0, "dual_solution_value": -9.56065364779691e-06, "scaled_age": 0.0}, "130": {"bias": -0.8109177200173469, "objective_cosine_similarity": -0.8853606072445163, "is_tight": 0.0, "dual_solution_value": -0.0, "scaled_age": 0.04054054054054054}, "131": {"bias": -0.8282141119751605, "objective_cosine_similarity": -0.9308047400549111, "is_tight": 1.0, "dual_solution_value": -1.878756102395014e-05, "scaled_age": 0.0}, "132": {"bias": -0.889646348475664, "objective_cosine_similarity": -0.9628270815572049, "is_tight": 1.0, "dual_solution_value": -0.0027997939579400195, "scaled_age": 0.0}, "133": {"bias": -0.8160261132534428, "objective_cosine_similarity": -0.9000686936311797, "is_tight": 0.0, "dual_solution_value": -0.0, "scaled_age": 0.02702702702702703}, "134": {"bias": -0.8348120728111189, "objective_cosine_similarity": -0.9039301121864161, "is_tight": 1.0, "dual_solution_value": -1.0369898042376618e-05, "scaled_age": 0.0}, "135": {"bias": -0.8111071056538127, "objective_cosine_similarity": -0.9635728146822755, "is_tight": 1.0, "dual_solution_value": -1.0450896326965916e-05, "scaled_age": 0.0}, "136": {"bias": -0.8480955459415358, "objective_cosine_similarity": -0.9440345923307393, "is_tight": 1.0, "dual_solution_value": -7.78916097810799e-06, "scaled_age": 0.0}, "137": {"bias": -0.8366600265340755, "objective_cosine_similarity": -0.9696195124984993, "is_tight": 1.0, "dual_solution_value": -3.7835569079325106e-06, "scaled_age": 0.0}}