{"0": {"bias": -0.3713906763541037, "objective_cosine_similarity": -0.7798970236957923, "is_tight": 0.0, "dual_solution_value": -0.0, "scaled_age": 0.056818181818181816}, "1": {"bias": -0.5, "objective_cosine_similarity": -0.7345539188956447, "is_tight": 1.0, "dual_solution_value": -0.00027737309789533895, "scaled_age": 0.0}, "2": {"bias": -0.6527533657682196, "objective_cosine_similarity": -0.8778143991384191, "is_tight": 1.0, "dual_solution_value": -0.0004075436196063388, "scaled_age": 0.0}, "3": {"bias": -0.5388159060803247, "objective_cosine_similarity": -0.808450685045829, "is_tight": 0.0, "dual_solution_value": -0.0, "scaled_age": 0.045454545454545456}, "4": {"bias": -0.42640143271122083, "objective_cosine_similarity": -0.7251785939590424, "is_tight": 1.0, "dual_solution_value": -0.0010535911096480194, "scaled_age": 0.0}, "5": {"bias": -0.5671053902700333, "objective_cosine_similarity": -0.9146414068049551, "is_tight": 0.0, "dual_solution_value": 0.0, "scaled_age": 0.045454545454545456}, "6": {"bias": -0.6009632576883044, "objective_cosine_similarity": -0.8854569980839102, "is_tight": 1.0, "dual_solution_value": -0.000476161438037501, "scaled_age": 0.0}, "7": {"bias": -0.6050312011041836, "objective_cosine_similarity": -0.9252420152374883, "is_tight": 1.0, "dual_solution_value": -0.00476357391406073, "scaled_age": 0.0}, "8": {"bias": -0.35355339059327373, "objective_cosine_similarity": -0.38886411387045844, "is_tight": 1.0, "dual_solution_value": -2.93188340294617e-05, "scaled_age": 0.0}, "9": {"bias": -0.3333333333333333, "objective_cosine_similarity": -0.3327020414180984, "is_tight": 0.0, "dual_solution_value": 0.0, "scaled_age": 0.26136363636363635}, "10": {"bias": -0.3333333333333333, "objective_cosine_similarity": -0.33922561085766895, "is_tight": 0.0, "dual_solution_value": 0.0, "scaled_age": 0.13636363636363635}, "11": {"bias": -0.2581988897471611, "objective_cosine_similarity": -0.4638778076381419, "is_tight": 0.0, "dual_solution_value": 0.0, "scaled_age": 0.26136363636363635}, "12": {"bias": -0.2672612419124244, "objective_cosine_similarity": -0.45191449241550974, "is_tight": 0.0, "dual_solution_value": 0.0, "scaled_age": 0.26136363636363635}, "13": {"bias": -0.35355339059327373, "objective_cosine_similarity": -0.31828735299005495, "is_tight": 1.0, "dual_solution_value": -1.4658266363107993e-05, "scaled_age": 0.0}, "14": {"bias": -0.2773500981126146, "objective_cosine_similarity": -0.5058838097009737, "is_tight": 1.0, "dual_solution_value": -0.003655219523918685, "scaled_age": 0.0}, "15": {"bias": -0.2773500981126146, "objective_cosine_similarity": -0.4212079788926562, "is_tight": 0.0, "dual_solution_value": 0.0, "scaled_age": 0.26136363636363635}, "16": {"bias": -0.30151134457776363, "objective_cosine_similarity": -0.5157290966495218, "is_tight": 0.0, "dual_solution_value": 0.0, "scaled_age": 0.10227272727272728}, "17": {"bias": -0.30151134457776363, "objective_cosine_similarity": -0.48268466940424354, "is_tight": 0.0, "dual_solution_value": 0.0, "scaled_age": 0.26136363636363635}, "18": {"bias": -0.30151134457776363, "objective_cosine_similarity": -0.40007360129104785, "is_tight": 0.0, "dual_solution_value": 0.0, "scaled_age": 0.26136363636363635}, "19": {"bias": -0.2773500981126146, "objective_cosine_similarity": -0.4060097528501377, "is_tight": 0.0, "dual_solution_value": 0.0, "scaled_age": 0.26136363636363635}, "20": {"bias": -0.31622776601683794, "objective_cosine_similarity": -0.40103432884036827, "is_tight": 0.0, "dual_solution_value": 0.0, "scaled_age": 0.03409090909090909}, "21": {"bias": -0.30151134457776363, "objective_cosine_similarity": -0.46852277201341, "is_tight": 0.0, "dual_solution_value": 0.0, "scaled_age": 0.056818181818181816}, "22": {"bias": -0.2581988897471611, "objective_cosine_similarity": -0.4800478401484039, "is_tight": 0.0, "dual_solution_value": 0.0, "scaled_age": 0.26136363636363635}, "23": {"bias": -0.31622776601683794, "objective_cosine_similarity": -0.47901322611488434, "is_tight": 1.0, "dual_solution_value": -3.1333924308941663e-06, "scaled_age": 0.0}, "24": {"bias": -0.23570226039551587, "objective_cosine_similarity": -0.5157177690476543, "is_tight": 0.0, "dual_solution_value": 0.0, "scaled_age": 0.26136363636363635}, "25": {"bias": -0.31622776601683794, "objective_cosine_similarity": -0.5334746781796257, "is_tight": 1.0, "dual_solution_value": -0.00016918694517184532, "scaled_age": 0.0}, "26": {"bias": -0.3779644730092272, "objective_cosine_similarity": -0.2085963152619962, "is_tight": 0.0, "dual_solution_value": 0.0, "scaled_age": 0.26136363636363635}, "27": {"bias": -0.31622776601683794, "objective_cosine_similarity": -0.41960073295334827, "is_tight": 1.0, "dual_solution_value": -0.00021967139403142774, "scaled_age": 0.0}, "28": {"bias": -0.30151134457776363, "objective_cosine_similarity": -0.38945217824792266, "is_tight": 0.0, "dual_solution_value": 0.0, "scaled_age": 0.03409090909090909}, "29": {"bias": -0.2886751345948129, "objective_cosine_similarity": -0.5175012401946243, "is_tight": 0.0, "dual_solution_value": 0.0, "scaled_age": 0.011363636363636364}, "30": {"bias": -0.3333333333333333, "objective_cosine_similarity": -0.38358588304674873, "is_tight": 0.0, "dual_solution_value": 0.0, "scaled_age": 0.26136363636363635}, "31": {"bias": -0.3779644730092272, "objective_cosine_similarity": -0.15829649456052194, "is_tight": 0.0, "dual_solution_value": 0.0, "scaled_age": 0.26136363636363635}, "32": {"bias": -0.2773500981126146, "objective_cosine_similarity": -0.31590598416949217, "is_tight": 0.0, "dual_solution_value": 0.0, "scaled_age": 0.26136363636363635}, "33": {"bias": -0.2886751345948129, "objective_cosine_similarity": -0.42597809509470164, "is_tight": 0.0, "dual_solution_value": 0.0, "scaled_age": 0.11363636363636363}, "34": {"bias": -0.31622776601683794, "objective_cosine_similarity": -0.3515239178724216, "is_tight": 0.0, "dual_solution_value": 0.0, "scaled_age": 0.26136363636363635}, "35": {"bias": -0.31622776601683794, "objective_cosine_similarity": -0.4109364110339576, "is_tight": 0.0, "dual_solution_value": 0.0, "scaled_age": 0.26136363636363635}, "36": {"bias": -0.31622776601683794, "objective_cosine_similarity": -0.34162183567883225, "is_tight": 0.0, "dual_solution_value": 0.0, "scaled_age": 0.26136363636363635}, "37": {"bias": -0.31622776601683794, "objective_cosine_similarity": -0.41217417130815626, "is_tight": 0.0, "dual_solution_value": 0.0, "scaled_age": 0.26136363636363635}, "38": {"bias": -0.2886751345948129, "objective_cosine_similarity": -0.4429268256687614, "is_tight": 0.0, "dual_solution_value": 0.0, "scaled_age": 0.26136363636363635}, "39": {"bias": -0.4082482904638631, "objective_cosine_similarity": -0.25886654614270255, "is_tight": 0.0, "dual_solution_value": 0.0, "scaled_age": 0.26136363636363635}, "40": {"bias": -0.2581988897471611, "objective_cosine_similarity": -0.44770777512787985, "is_tight": 0.0, "dual_solution_value": 0.0, "scaled_age": 0.26136363636363635}, "41": {"bias": -0.2672612419124244, "objective_cosine_similarity": -0.5261874761226885, "is_tight": 0.0, "dual_solution_value": 0.0, "scaled_age": 0.26136363636363635}, "42": {"bias": -0.30151134457776363, "objective_cosine_similarity": -0.37883075520479753, "is_tight": 0.0, "dual_solution_value": 0.0, "scaled_age": 0.26136363636363635}, "43": {"bias": -0.2581988897471611, "objective_cosine_similarity": -0.47398407795705566, "is_tight": 0.0, "dual_solution_value": 0.0, "scaled_age": 0.26136363636363635}, "44": {"bias": -0.2581988897471611, "objective_cosine_similarity": -0.4214314722987041, "is_tight": 0.0, "dual_solution_value": 0.0, "scaled_age": 0.26136363636363635}, "45": {"bias": -0.2672612419124244, "objective_cosine_similarity": -0.48643573836391674, "is_tight": 0.0, "dual_solution_value": 0.0, "scaled_age": 0.26136363636363635}, "46": {"bias": -0.2773500981126146, "objective_cosine_similarity": -0.5145685102966986, "is_tight": 0.0, "dual_solution_value": 0.0, "scaled_age": 0.1590909090909091}, "47": {"bias": -0.31622776601683794, "objective_cosine_similarity": -0.3354330343078389, "is_tight": 0.0, "dual_solution_value": 0.0, "scaled_age": 0.26136363636363635}, "48": {"bias": -0.30151134457776363, "objective_cosine_similarity": -0.3741101227411863, "is_tight": 1.0, "dual_solution_value": -6.216312781050729e-05, "scaled_age": 0.0}, "49": {"bias": -0.30151134457776363, "objective_cosine_similarity": -0.44137913534764567, "is_tight": 0.0, "dual_solution_value": 0.0, "scaled_age": 0.18181818181818182}, "50": {"bias": -0.3333333333333333, "objective_cosine_similarity": -0.39402359415006166, "is_tight": 0.0, "dual_solution_value": 0.0, "scaled_age": 0.056818181818181816}, "51": {"bias": -0.35355339059327373, "objective_cosine_similarity": -0.3265905013289259, "is_tight": 0.0, "dual_solution_value": 0.0, "scaled_age": 0.056818181818181816}, "52": {"bias": -0.35355339059327373, "objective_cosine_similarity": -0.39024797192693694, "is_tight": 1.0, "dual_solution_value": -0.0007157350686474562, "scaled_age": 0.0}, "53": {"bias": -0.2672612419124244, "objective_cosine_similarity": -0.4268081317257592, "is_tight": 0.0, "dual_solution_value": 0.0, "scaled_age": 0.26136363636363635}, "54": {"bias": -0.2581988897471611, "objective_cosine_similarity": -0.4032401857246593, "is_tight": 0.0, "dual_solution_value": 0.0, "scaled_age": 0.26136363636363635}, "55": {"bias": -0.30151134457776363, "objective_cosine_similarity": -0.33988553738000526, "is_tight": 0.0, "dual_solution_value": 0.0, "scaled_age": 0.26136363636363635}, "56": {"bias": -0.3333333333333333, "objective_cosine_similarity": -0.35618689140055243, "is_tight": 0.0, "dual_solution_value": 0.0, "scaled_age": 0.03409090909090909}, "57": {"bias": -0.30151134457776363, "objective_cosine_similarity": -0.5770973186764672, "is_tight": 1.0, "dual_solution_value": -0.004802543365683663, "scaled_age": 0.0}, "58": {"bias": -0.31622776601683794, "objective_cosine_similarity": -0.46044682200190434, "is_tight": 0.0, "dual_solution_value": 0.0, "scaled_age": 0.26136363636363635}, "59": {"bias": -0.5, "objective_cosine_similarity": -0.19179294152337437, "is_tight": 1.0, "dual_solution_value": -0.007140742482642053, "scaled_age": 0.0}, "60": {"bias": -0.2886751345948129, "objective_cosine_similarity": -0.35366351131204676, "is_tight": 0.0, "dual_solution_value": 0.0, "scaled_age": 0.26136363636363635}, "61": {"bias": -0.3333333333333333, "objective_cosine_similarity": -0.4723064274249083, "is_tight": 1.0, "dual_solution_value": -4.668883259694093e-05, "scaled_age": 0.0}, "62": {"bias": -0.2672612419124244, "objective_cosine_similarity": -0.48957403345013556, "is_tight": 0.0, "dual_solution_value": 0.0, "scaled_age": 0.06818181818181818}, "63": {"bias": -0.2886751345948129, "objective_cosine_similarity": -0.40676953377743397, "is_tight": 0.0, "dual_solution_value": 0.0, "scaled_age": 0.26136363636363635}, "64": {"bias": -0.3779644730092272, "objective_cosine_similarity": -0.23818444508639283, "is_tight": 0.0, "dual_solution_value": 0.0, "scaled_age": 0.26136363636363635}, "65": {"bias": -0.31622776601683794, "objective_cosine_similarity": -0.4109364110339576, "is_tight": 0.0, "dual_solution_value": 0.0, "scaled_age": 0.26136363636363635}, "66": {"bias": -0.2672612419124244, "objective_cosine_similarity": -0.48434354163977084, "is_tight": 0.0, "dual_solution_value": 0.0, "scaled_age": 0.26136363636363635}, "67": {"bias": -0.31622776601683794, "objective_cosine_similarity": -0.3762791233563949, "is_tight": 0.0, "dual_solution_value": 0.0, "scaled_age": 0.125}, "68": {"bias": -0.2672612419124244, "objective_cosine_similarity": -0.39542518086357104, "is_tight": 0.0, "dual_solution_value": 0.0, "scaled_age": 0.26136363636363635}, "69": {"bias": -0.25, "objective_cosine_similarity": -0.5039457392068255, "is_tight": 0.0, "dual_solution_value": 0.0, "scaled_age": 0.26136363636363635}, "70": {"bias": -0.25, "objective_cosine_similarity": -0.4706755350650157, "is_tight": 0.0, "dual_solution_value": 0.0, "scaled_age": 0.26136363636363635}, "71": {"bias": -0.2672612419124244, "objective_cosine_similarity": -0.47388255801904144, "is_tight": 0.0, "dual_solution_value": 0.0, "scaled_age": 0.26136363636363635}, "72": {"bias": -0.30151134457776363, "objective_cosine_similarity": -0.4508204002748681, "is_tight": 0.0, "dual_solution_value": 0.0, "scaled_age": 0.03409090909090909}, "73": {"bias": -0.3779644730092272, "objective_cosine_similarity": -0.236705038595173, "is_tight": 0.0, "dual_solution_value": 0.0, "scaled_age": 0.26136363636363635}, "74": {"bias": -0.2672612419124244, "objective_cosine_similarity": -0.31906000043224647, "is_tight": 0.0, "dual_solution_value": 0.0, "scaled_age": 0.26136363636363635}, "75": {"bias": -0.30151134457776363, "objective_cosine_similarity": -0.3823712295525059, "is_tight": 0.0, "dual_solution_value": 0.0, "scaled_age": 0.26136363636363635}, "76": {"bias": -0.35355339059327373, "objective_cosine_similarity": -0.33766136578075395, "is_tight": 1.0, "dual_solution_value": -2.1074338289619362e-05, "scaled_age": 0.0}, "77": {"bias": -0.35355339059327373, "objective_cosine_similarity": -0.3999349783222864, "is_tight": 1.0, "dual_solution_value": -0.000537237755673981, "scaled_age": 0.0}, "78": {"bias": -0.4082482904638631, "objective_cosine_similarity": -0.2828356707855454, "is_tight": 1.0, "dual_solution_value": -0.0002173555347465186, "scaled_age": 0.0}, "79": {"bias": -0.2886751345948129, "objective_cosine_similarity": -0.3276754577651551, "is_tight": 0.0, "dual_solution_value": 0.0, "scaled_age": 0.26136363636363635}, "80": {"bias": -0.30151134457776363, "objective_cosine_similarity": -0.36702917404576957, "is_tight": 0.0, "dual_solution_value": 0.0, "scaled_age": 0.26136363636363635}, "81": {"bias": -0.25, "objective_cosine_similarity": -0.6076704932959974, "is_tight": 0.0, "dual_solution_value": 0.0, "scaled_age": 0.045454545454545456}, "82": {"bias": -0.2886751345948129, "objective_cosine_similarity": -0.3819113956021463, "is_tight": 0.0, "dual_solution_value": 0.0, "scaled_age": 0.26136363636363635}, "83": {"bias": -0.2672612419124244, "objective_cosine_similarity": -0.4749286563811144, "is_tight": 0.0, "dual_solution_value": 0.0, "scaled_age": 0.26136363636363635}, "84": {"bias": -0.24253562503633297, "objective_cosine_similarity": -0.4063084442157017, "is_tight": 0.0, "dual_solution_value": 0.0, "scaled_age": 0.26136363636363635}, "85": {"bias": -0.35355339059327373, "objective_cosine_similarity": -0.32105506910301196, "is_tight": 0.0, "dual_solution_value": 0.0, "scaled_age": 0.06818181818181818}, "86": {"bias": -0.4082482904638631, "objective_cosine_similarity": -0.2940212622855387, "is_tight": 1.0, "dual_solution_value": -0.0010284372759612568, "scaled_age": 0.0}, "87": {"bias": -0.35355339059327373, "objective_cosine_similarity": -0.3431967980066679, "is_tight": 1.0, "dual_solution_value": -0.0005075382511265309, "scaled_age": 0.0}, "88": {"bias": -0.2773500981126146, "objective_cosine_similarity": -0.504798222126508, "is_tight": 0.0, "dual_solution_value": 0.0, "scaled_age": 0.26136363636363635}, "89": {"bias": -0.35355339059327373, "objective_cosine_similarity": -0.4732794553156469, "is_tight": 1.0, "dual_solution_value": -0.017990154734220498, "scaled_age": 0.0}, "90": {"bias": -0.2886751345948129, "objective_cosine_similarity": -0.6180637082673788, "is_tight": 1.0, "dual_solution_value": -0.002649276204381105, "scaled_age": 0.0}, "91": {"bias": -0.3779644730092272, "objective_cosine_similarity": -0.3742898422786173, "is_tight": 0.0, "dual_solution_value": 0.0, "scaled_age": 0.011363636363636364}, "92": {"bias": -0.3333333333333333, "objective_cosine_similarity": -0.3457491802972395, "is_tight": 0.0, "dual_solution_value": 0.0, "scaled_age": 0.26136363636363635}, "93": {"bias": -0.30151134457776363, "objective_cosine_similarity": -0.40361407563875623, "is_tight": 0.0, "dual_solution_value": 0.0, "scaled_age": 0.26136363636363635}, "94": {"bias": -0.3333333333333333, "objective_cosine_similarity": -0.4409932941149696, "is_tight": 0.0, "dual_solution_value": 0.0, "scaled_age": 0.011363636363636364}, "95": {"bias": -0.2581988897471611, "objective_cosine_similarity": -0.39616579650141964, "is_tight": 0.0, "dual_solution_value": 0.0, "scaled_age": 0.26136363636363635}, "96": {"bias": -0.2886751345948129, "objective_cosine_similarity": -0.3423643575960069, "is_tight": 0.0, "dual_solution_value": 0.0, "scaled_age": 0.26136363636363635}, "97": {"bias": -0.35355339059327373, "objective_cosine_similarity": -0.3086003465947054, "is_tight": 0.0, "dual_solution_value": 0.0, "scaled_age": 0.26136363636363635}, "98": {"bias": -0.30151134457776363, "objective_cosine_similarity": -0.45672119085438206, "is_tight": 0.0, "dual_solution_value": 0.0, "scaled_age": 0.23863636363636365}, "99": {"bias": -0.4082482904638631, "objective_cosine_similarity": -0.2269077132855788, "is_tight": 0.0, "dual_solution_value": 0.0, "scaled_age": 0.26136363636363635}, "100": {"bias": -0.31622776601683794, "objective_cosine_similarity": -0.4889153083084737, "is_tight": 0.0, "dual_solution_value": 0.0, "scaled_age": 0.14772727272727273}, "101": {"bias": -0.2773500981126146, "objective_cosine_similarity": -0.41035210314800014, "is_tight": 0.0, "dual_solution_value": 0.0, "scaled_age": 0.26136363636363635}, "102": {"bias": -0.3333333333333333, "objective_cosine_similarity": -0.39663302192588984, "is_tight": 0.0, "dual_solution_value": 0.0, "scaled_age": 0.26136363636363635}, "103": {"bias": -0.2773500981126146, "objective_cosine_similarity": -0.41035210314800014, "is_tight": 0.0, "dual_solution_value": 0.0, "scaled_age": 0.26136363636363635}, "104": {"bias": -0.25, "objective_cosine_similarity": -0.33759471849777634, "is_tight": 0.0, "dual_solution_value": 0.0, "scaled_age": 0.26136363636363635}, "105": {"bias": -0.3333333333333333, "objective_cosine_similarity": -0.26877106091030695, "is_tight": 0.0, "dual_solution_value": 0.0, "scaled_age": 0.26136363636363635}, "106": {"bias": -0.3779644730092272, "objective_cosine_similarity": -0.3180723956122637, "is_tight": 1.0, "dual_solution_value": -0.003489721066935488, "scaled_age": 0.0}, "107": {"bias": -0.31622776601683794, "objective_cosine_similarity": -0.27354502059790553, "is_tight": 0.0, "dual_solution_value": 0.0, "scaled_age": 0.26136363636363635}, "108": {"bias": -0.6704295799357443, "objective_cosine_similarity": -0.9512274878610456, "is_tight": 1.0, "dual_solution_value": -0.00010476754262959014, "scaled_age": 0.0}, "109": {"bias": -0.6600197837456598, "objective_cosine_similarity": -0.946982501964565, "is_tight": 1.0, "dual_solution_value": -0.0023008618893065563, "scaled_age": 0.0}, "110": {"bias": -0.5322001448887939, "objective_cosine_similarity": -0.9359101088511215, "is_tight": 0.0, "dual_solution_value": -0.0, "scaled_age": 0.011363636363636364}, "111": {"bias": -0.5947367404095808, "objective_cosine_similarity": -0.9197727763268242, "is_tight": 0.0, "dual_solution_value": -0.0, "scaled_age": 0.09090909090909091}, "112": {"bias": -0.562039011517252, "objective_cosine_similarity": -0.9232812384802802, "is_tight": 0.0, "dual_solution_value": -0.0, "scaled_age": 0.011363636363636364}, "113": {"bias": -0.6357585946356091, "objective_cosine_similarity": -0.907776298151682, "is_tight": 1.0, "dual_solution_value": -0.017723832283960635, "scaled_age": 0.0}, "114": {"bias": -0.50709255283711, "objective_cosine_similarity": -0.7158627732282383, "is_tight": 0.0, "dual_solution_value": -0.0, "scaled_age": 0.11363636363636363}, "115": {"bias": -0.552344770738994, "objective_cosine_similarity": -0.8536121676137332, "is_tight": 1.0, "dual_solution_value": -0.00011572808450931281, "scaled_age": 0.0}, "116": {"bias": -0.5773502691896257, "objective_cosine_similarity": -0.8555719193785359, "is_tight": 0.0, "dual_solution_value": -0.0, "scaled_age": 0.03409090909090909}, "117": {"bias": -0.6396021490668313, "objective_cosine_similarity": -0.8503532649531235, "is_tight": 0.0, "dual_solution_value": -0.0, "scaled_age": 0.03409090909090909}, "118": {"bias": -0.6139406135149205, "objective_cosine_similarity": -0.8839793037339102, "is_tight": 1.0, "dual_solution_value": -0.0001972138724227798, "scaled_age": 0.0}, "119": {"bias": -0.5773502691896257, "objective_cosine_similarity": -0.8161755367552772, "is_tight": 0.0, "dual_solution_value": -0.0, "scaled_age": 0.022727272727272728}, "120": {"bias": -0.6109598099719177, "objective_cosine_similarity": -0.90606854139485, "is_tight": 1.0, "dual_solution_value": -1.0721959892505172e-06, "scaled_age": 0.0}, "121": {"bias": -0.6621221919717306, "objective_cosine_similarity": -0.8943514236809521, "is_tight": 0.0, "dual_solution_value": -0.0, "scaled_age": 0.022727272727272728}, "122": {"bias": -0.663723311599972, "objective_cosine_similarity": -0.9027727058278439, "is_tight": 0.0, "dual_solution_value": -0.0, "scaled_age": 0.045454545454545456}, "123": {"bias": -0.6839447562444442, "objective_cosine_similarity": -0.9287474448084285, "is_tight": 0.0, "dual_solution_value": -0.0, "scaled_age": 0.011363636363636364}, "124": {"bias": -0.6837634587578276, "objective_cosine_similarity": -0.9264621343960722, "is_tight": 1.0, "dual_solution_value": -7.3210706676863225e-06, "scaled_age": 0.0}, "125": {"bias": -0.6684239227769608, "objective_cosine_similarity": -0.9175271127186623, "is_tight": 1.0, "dual_solution_value": -6.095418813793748e-05, "scaled_age": 0.0}, "126": {"bias": -0.6255432421712244, "objective_cosine_similarity": -0.9075643105733976, "is_tight": 0.0, "dual_solution_value": -0.0, "scaled_age": 0.011363636363636364}, "127": {"bias": -0.6752299380689493, "objective_cosine_similarity": -0.910532550973344, "is_tight": 1.0, "dual_solution_value": -0.010246594756221267, "scaled_age": 0.0}}