{"0": {"bias": -0.8737040566610379, "objective_cosine_similarity": -0.9214690332281367, "is_tight": 1.0, "dual_solution_value": -2.579450130424266e-05, "scaled_age": 0.0}, "1": {"bias": -0.8873565094161139, "objective_cosine_similarity": -0.94179941579912, "is_tight": 1.0, "dual_solution_value": -7.516496539147028e-05, "scaled_age": 0.0}, "2": {"bias": -0.8907453227757912, "objective_cosine_similarity": -0.9625971961000331, "is_tight": 0.0, "dual_solution_value": -0.0, "scaled_age": 0.075}, "3": {"bias": -0.7427813527082074, "objective_cosine_similarity": -0.7840784514769581, "is_tight": 0.0, "dual_solution_value": -0.0, "scaled_age": 0.1625}, "4": {"bias": -0.5773502691896258, "objective_cosine_similarity": -0.6389306020043328, "is_tight": 1.0, "dual_solution_value": -2.1154435514454235e-06, "scaled_age": 0.0}, "5": {"bias": -0.7624928516630234, "objective_cosine_similarity": -0.8857284072363684, "is_tight": 1.0, "dual_solution_value": -0.0007494364536273277, "scaled_age": 0.0}, "6": {"bias": -0.6546536707079772, "objective_cosine_similarity": -0.7901199381514599, "is_tight": 1.0, "dual_solution_value": -0.0005187399548087829, "scaled_age": 0.0}, "7": {"bias": -0.5773502691896258, "objective_cosine_similarity": -0.49956654452016624, "is_tight": 1.0, "dual_solution_value": -0.00028972552425148083, "scaled_age": 0.0}, "8": {"bias": -0.7559289460184544, "objective_cosine_similarity": -0.8049751153145532, "is_tight": 0.0, "dual_solution_value": -0.0, "scaled_age": 0.075}, "9": {"bias": -0.9327590486267078, "objective_cosine_similarity": -0.9725970825054183, "is_tight": 0.0, "dual_solution_value": -0.0, "scaled_age": 0.1125}, "10": {"bias": -0.9247408553143983, "objective_cosine_similarity": -0.9017473246338553, "is_tight": 1.0, "dual_solution_value": -2.822994828431022e-09, "scaled_age": 0.0}, "11": {"bias": -0.9338931904982752, "objective_cosine_similarity": -0.9462516578309614, "is_tight": 1.0, "dual_solution_value": -1.7470315987657216e-08, "scaled_age": 0.0}, "12": {"bias": -0.9031555468165311, "objective_cosine_similarity": -0.9312024893678907, "is_tight": 1.0, "dual_solution_value": -1.1841476727601893e-09, "scaled_age": 0.0}, "13": {"bias": -0.9116507086652313, "objective_cosine_similarity": -0.958696142365951, "is_tight": 0.0, "dual_solution_value": 0.0, "scaled_age": 0.075}, "14": {"bias": -0.9057723433363172, "objective_cosine_similarity": -0.9558749233360129, "is_tight": 0.0, "dual_solution_value": 0.0, "scaled_age": 0.1375}, "15": {"bias": -0.902428403438656, "objective_cosine_similarity": -0.9746712389061861, "is_tight": 1.0, "dual_solution_value": -0.010071464162247499, "scaled_age": 0.0}, "16": {"bias": -0.9472535331383316, "objective_cosine_similarity": -0.9674165389318887, "is_tight": 1.0, "dual_solution_value": -7.336551135535345e-05, "scaled_age": 0.0}, "17": {"bias": -0.9427123296523, "objective_cosine_similarity": -0.9660537619882812, "is_tight": 0.0, "dual_solution_value": 0.0, "scaled_age": 0.025}, "18": {"bias": -0.9129793452826351, "objective_cosine_similarity": -0.9007068065342969, "is_tight": 1.0, "dual_solution_value": -0.0010110618312029775, "scaled_age": 0.0}, "19": {"bias": -0.9463475281322422, "objective_cosine_similarity": -0.9569065170241472, "is_tight": 0.0, "dual_solution_value": 0.0, "scaled_age": 0.0125}, "20": {"bias": -0.882597584527101, "objective_cosine_similarity": -0.9116369722394573, "is_tight": 0.0, "dual_solution_value": 0.0, "scaled_age": 0.125}, "21": {"bias": -0.5, "objective_cosine_similarity": -0.2822355038719382, "is_tight": 0.0, "dual_solution_value": 0.0, "scaled_age": 0.0125}, "22": {"bias": -0.3779644730092272, "objective_cosine_similarity": -0.3523082021690547, "is_tight": 0.0, "dual_solution_value": 0.0, "scaled_age": 0.2625}, "23": {"bias": -0.35355339059327373, "objective_cosine_similarity": -0.46085061958215, "is_tight": 0.0, "dual_solution_value": 0.0, "scaled_age": 0.2625}, "24": {"bias": -0.5, "objective_cosine_similarity": -0.23395837820963297, "is_tight": 0.0, "dual_solution_value": 0.0, "scaled_age": 0.0125}, "25": {"bias": -0.4082482904638631, "objective_cosine_similarity": -0.2622820265757784, "is_tight": 0.0, "dual_solution_value": 0.0, "scaled_age": 0.2625}, "26": {"bias": -0.35355339059327373, "objective_cosine_similarity": -0.3715690180676594, "is_tight": 0.0, "dual_solution_value": 0.0, "scaled_age": 0.2625}, "27": {"bias": -0.30151134457776363, "objective_cosine_similarity": -0.33702972479293714, "is_tight": 0.0, "dual_solution_value": 0.0, "scaled_age": 0.2625}, "28": {"bias": -0.3333333333333333, "objective_cosine_similarity": -0.42211538079092514, "is_tight": 1.0, "dual_solution_value": -0.0001237755804685154, "scaled_age": 0.0}, "29": {"bias": -0.4472135954999579, "objective_cosine_similarity": -0.2590822433741136, "is_tight": 0.0, "dual_solution_value": 0.0, "scaled_age": 0.1625}, "30": {"bias": -0.4472135954999579, "objective_cosine_similarity": -0.2574214597627411, "is_tight": 0.0, "dual_solution_value": 0.0, "scaled_age": 0.0375}, "31": {"bias": -0.3333333333333333, "objective_cosine_similarity": -0.3651731300097446, "is_tight": 0.0, "dual_solution_value": 0.0, "scaled_age": 0.2625}, "32": {"bias": -0.35355339059327373, "objective_cosine_similarity": -0.39914127735889915, "is_tight": 0.0, "dual_solution_value": 0.0, "scaled_age": 0.0125}, "33": {"bias": -0.4472135954999579, "objective_cosine_similarity": -0.320531236994897, "is_tight": 1.0, "dual_solution_value": -0.0002563567702290702, "scaled_age": 0.0}, "34": {"bias": -0.4082482904638631, "objective_cosine_similarity": -0.4169222965799946, "is_tight": 0.0, "dual_solution_value": 0.0, "scaled_age": 0.2625}, "35": {"bias": -0.3779644730092272, "objective_cosine_similarity": -0.40704931724711496, "is_tight": 1.0, "dual_solution_value": -0.0002996342358263964, "scaled_age": 0.0}, "36": {"bias": -0.3779644730092272, "objective_cosine_similarity": -0.2231753153182458, "is_tight": 0.0, "dual_solution_value": 0.0, "scaled_age": 0.2625}, "37": {"bias": -0.3779644730092272, "objective_cosine_similarity": -0.3803805688757523, "is_tight": 0.0, "dual_solution_value": 0.0, "scaled_age": 0.2}, "38": {"bias": -0.3779644730092272, "objective_cosine_similarity": -0.4281035922771382, "is_tight": 0.0, "dual_solution_value": 0.0, "scaled_age": 0.2625}, "39": {"bias": -0.4082482904638631, "objective_cosine_similarity": -0.41237405334457644, "is_tight": 0.0, "dual_solution_value": 0.0, "scaled_age": 0.0125}, "40": {"bias": -0.35355339059327373, "objective_cosine_similarity": -0.417522783553059, "is_tight": 0.0, "dual_solution_value": 0.0, "scaled_age": 0.2625}, "41": {"bias": -0.5, "objective_cosine_similarity": -0.33793987963613653, "is_tight": 1.0, "dual_solution_value": -0.0011452743642156767, "scaled_age": 0.0}, "42": {"bias": -0.4082482904638631, "objective_cosine_similarity": -0.3380860804994138, "is_tight": 1.0, "dual_solution_value": -0.0006127786650868569, "scaled_age": 0.0}, "43": {"bias": -0.4472135954999579, "objective_cosine_similarity": -0.5115213523027372, "is_tight": 1.0, "dual_solution_value": -0.014563126190456658, "scaled_age": 0.0}, "44": {"bias": -0.4472135954999579, "objective_cosine_similarity": -0.47332332924116916, "is_tight": 1.0, "dual_solution_value": -0.020841494442284447, "scaled_age": 0.0}, "45": {"bias": -0.4472135954999579, "objective_cosine_similarity": -0.33713907310862223, "is_tight": 0.0, "dual_solution_value": 0.0, "scaled_age": 0.2625}, "46": {"bias": -0.4082482904638631, "objective_cosine_similarity": -0.3198931075577413, "is_tight": 1.0, "dual_solution_value": -0.0017370381857214436, "scaled_age": 0.0}, "47": {"bias": -0.4082482904638631, "objective_cosine_similarity": -0.20921918882923363, "is_tight": 0.0, "dual_solution_value": 0.0, "scaled_age": 0.2625}, "48": {"bias": -0.30151134457776363, "objective_cosine_similarity": -0.5139423378071699, "is_tight": 0.0, "dual_solution_value": 0.0, "scaled_age": 0.2625}, "49": {"bias": -0.5, "objective_cosine_similarity": -0.36950569256918225, "is_tight": 1.0, "dual_solution_value": -0.0030590640034745473, "scaled_age": 0.0}, "50": {"bias": -0.5, "objective_cosine_similarity": -0.2469560658879459, "is_tight": 0.0, "dual_solution_value": 0.0, "scaled_age": 0.2625}, "51": {"bias": -0.4082482904638631, "objective_cosine_similarity": -0.3032162156945415, "is_tight": 1.0, "dual_solution_value": -6.46333438651578e-05, "scaled_age": 0.0}, "52": {"bias": -0.4082482904638631, "objective_cosine_similarity": -0.5321444585439203, "is_tight": 1.0, "dual_solution_value": -0.01157355569245596, "scaled_age": 0.0}, "53": {"bias": -0.4472135954999579, "objective_cosine_similarity": -0.428482171734111, "is_tight": 1.0, "dual_solution_value": -0.0007716393152132517, "scaled_age": 0.0}, "54": {"bias": -0.4082482904638631, "objective_cosine_similarity": -0.4047936479522129, "is_tight": 0.0, "dual_solution_value": 0.0, "scaled_age": 0.2625}, "55": {"bias": -0.2886751345948129, "objective_cosine_similarity": -0.368778736727333, "is_tight": 0.0, "dual_solution_value": 0.0, "scaled_age": 0.2625}, "56": {"bias": -0.35355339059327373, "objective_cosine_similarity": -0.4555987606695329, "is_tight": 1.0, "dual_solution_value": -0.0019160760477192386, "scaled_age": 0.0}, "57": {"bias": -0.35355339059327373, "objective_cosine_similarity": -0.4017672068152077, "is_tight": 1.0, "dual_solution_value": -0.010598002728561826, "scaled_age": 0.0}, "58": {"bias": -0.2886751345948129, "objective_cosine_similarity": -0.4159481100296663, "is_tight": 0.0, "dual_solution_value": 0.0, "scaled_age": 0.2625}, "59": {"bias": -0.3779644730092272, "objective_cosine_similarity": -0.24703682701893875, "is_tight": 0.0, "dual_solution_value": 0.0, "scaled_age": 0.2625}, "60": {"bias": -0.4472135954999579, "objective_cosine_similarity": -0.18766854808509514, "is_tight": 0.0, "dual_solution_value": 0.0, "scaled_age": 0.2625}, "61": {"bias": -0.4082482904638631, "objective_cosine_similarity": -0.21376743206465176, "is_tight": 0.0, "dual_solution_value": 0.0, "scaled_age": 0.2625}, "62": {"bias": -0.35355339059327373, "objective_cosine_similarity": -0.49236177305785256, "is_tight": 0.0, "dual_solution_value": 0.0, "scaled_age": 0.0125}, "63": {"bias": -0.3779644730092272, "objective_cosine_similarity": -0.4281035922771382, "is_tight": 0.0, "dual_solution_value": 0.0, "scaled_age": 0.2625}, "64": {"bias": -0.4082482904638631, "objective_cosine_similarity": -0.21679959422159717, "is_tight": 0.0, "dual_solution_value": 0.0, "scaled_age": 0.2625}, "65": {"bias": -0.4082482904638631, "objective_cosine_similarity": -0.43663135060013974, "is_tight": 0.0, "dual_solution_value": 0.0, "scaled_age": 0.2625}, "66": {"bias": -0.3779644730092272, "objective_cosine_similarity": -0.19931380361755285, "is_tight": 0.0, "dual_solution_value": 0.0, "scaled_age": 0.2625}, "67": {"bias": -0.3779644730092272, "objective_cosine_similarity": -0.28633814040831534, "is_tight": 0.0, "dual_solution_value": 0.0, "scaled_age": 0.2625}, "68": {"bias": -0.5, "objective_cosine_similarity": -0.11883600163028978, "is_tight": 0.0, "dual_solution_value": 0.0, "scaled_age": 0.1125}, "69": {"bias": -0.3333333333333333, "objective_cosine_similarity": -0.4245911308248895, "is_tight": 0.0, "dual_solution_value": 0.0, "scaled_age": 0.2625}, "70": {"bias": -0.3779644730092272, "objective_cosine_similarity": -0.3635371488517337, "is_tight": 0.0, "dual_solution_value": 0.0, "scaled_age": 0.2625}, "71": {"bias": -0.3779644730092272, "objective_cosine_similarity": -0.2779164303963061, "is_tight": 0.0, "dual_solution_value": 0.0, "scaled_age": 0.2625}, "72": {"bias": -0.4082482904638631, "objective_cosine_similarity": -0.4487599992279214, "is_tight": 0.0, "dual_solution_value": 0.0, "scaled_age": 0.2625}, "73": {"bias": -0.35355339059327373, "objective_cosine_similarity": -0.3676301238831966, "is_tight": 0.0, "dual_solution_value": 0.0, "scaled_age": 0.2625}, "74": {"bias": -0.3333333333333333, "objective_cosine_similarity": -0.30823087922856407, "is_tight": 0.0, "dual_solution_value": 0.0, "scaled_age": 0.2625}, "75": {"bias": -0.4472135954999579, "objective_cosine_similarity": -0.460037060350189, "is_tight": 1.0, "dual_solution_value": -0.013839298725909327, "scaled_age": 0.0}, "76": {"bias": -0.5, "objective_cosine_similarity": -0.24324244083699936, "is_tight": 1.0, "dual_solution_value": -0.0004769528679544656, "scaled_age": 0.0}, "77": {"bias": -0.3779644730092272, "objective_cosine_similarity": -0.4266999739418033, "is_tight": 0.0, "dual_solution_value": 0.0, "scaled_age": 0.05}, "78": {"bias": -0.35355339059327373, "objective_cosine_similarity": -0.3282411820385684, "is_tight": 0.0, "dual_solution_value": 0.0, "scaled_age": 0.2625}, "79": {"bias": -0.3779644730092272, "objective_cosine_similarity": -0.1965065669468831, "is_tight": 0.0, "dual_solution_value": 0.0, "scaled_age": 0.2625}, "80": {"bias": -0.4472135954999579, "objective_cosine_similarity": -0.3221920206062695, "is_tight": 1.0, "dual_solution_value": -0.00012024535574288057, "scaled_age": 0.0}, "81": {"bias": -0.35355339059327373, "objective_cosine_similarity": -0.2980429932910201, "is_tight": 0.0, "dual_solution_value": 0.0, "scaled_age": 0.2625}, "82": {"bias": -0.4472135954999579, "objective_cosine_similarity": -0.44509000784783626, "is_tight": 1.0, "dual_solution_value": -1.6373328087094348e-05, "scaled_age": 0.0}, "83": {"bias": -0.4082482904638631, "objective_cosine_similarity": -0.20315486451534281, "is_tight": 0.0, "dual_solution_value": 0.0, "scaled_age": 0.0125}, "84": {"bias": -0.35355339059327373, "objective_cosine_similarity": -0.2376466157959235, "is_tight": 0.0, "dual_solution_value": 0.0, "scaled_age": 0.2625}, "85": {"bias": -0.4082482904638631, "objective_cosine_similarity": -0.47301729648348473, "is_tight": 1.0, "dual_solution_value": -0.008036637579011126, "scaled_age": 0.0}, "86": {"bias": -0.4472135954999579, "objective_cosine_similarity": -0.32385280421764207, "is_tight": 0.0, "dual_solution_value": 0.0, "scaled_age": 0.0375}, "87": {"bias": -0.4472135954999579, "objective_cosine_similarity": -0.142827390578037, "is_tight": 0.0, "dual_solution_value": 0.0, "scaled_age": 0.025}, "88": {"bias": -0.4472135954999579, "objective_cosine_similarity": -0.2574214597627411, "is_tight": 0.0, "dual_solution_value": 0.0, "scaled_age": 0.2625}, "89": {"bias": -0.2672612419124244, "objective_cosine_similarity": -0.4843439250391765, "is_tight": 0.0, "dual_solution_value": 0.0, "scaled_age": 0.2625}, "90": {"bias": -0.3779644730092272, "objective_cosine_similarity": -0.4730193790078543, "is_tight": 0.0, "dual_solution_value": 0.0, "scaled_age": 0.2625}, "91": {"bias": -0.3333333333333333, "objective_cosine_similarity": -0.2686188786851342, "is_tight": 0.0, "dual_solution_value": 0.0, "scaled_age": 0.2625}, "92": {"bias": -0.4472135954999579, "objective_cosine_similarity": -0.19597246614195776, "is_tight": 0.0, "dual_solution_value": 0.0, "scaled_age": 0.2625}, "93": {"bias": -0.31622776601683794, "objective_cosine_similarity": -0.238393324798054, "is_tight": 0.0, "dual_solution_value": 0.0, "scaled_age": 0.2625}, "94": {"bias": -0.3333333333333333, "objective_cosine_similarity": -0.3602216299418159, "is_tight": 0.0, "dual_solution_value": 0.0, "scaled_age": 0.2625}, "95": {"bias": -0.35355339059327373, "objective_cosine_similarity": -0.25077626307746625, "is_tight": 0.0, "dual_solution_value": 0.0, "scaled_age": 0.2625}, "96": {"bias": -0.35355339059327373, "objective_cosine_similarity": -0.34662268823272824, "is_tight": 0.0, "dual_solution_value": 0.0, "scaled_age": 0.2625}, "97": {"bias": -0.4472135954999579, "objective_cosine_similarity": -0.285654781156074, "is_tight": 0.0, "dual_solution_value": 0.0, "scaled_age": 0.0625}, "98": {"bias": -0.5, "objective_cosine_similarity": -0.26923781619362525, "is_tight": 0.0, "dual_solution_value": 0.0, "scaled_age": 0.2625}, "99": {"bias": -0.4082482904638631, "objective_cosine_similarity": -0.4078258101091583, "is_tight": 0.0, "dual_solution_value": 0.0, "scaled_age": 0.1875}, "100": {"bias": -0.35355339059327373, "objective_cosine_similarity": -0.39651534790259063, "is_tight": 0.0, "dual_solution_value": 0.0, "scaled_age": 0.2625}, "101": {"bias": -0.31622776601683794, "objective_cosine_similarity": -0.27362386540860384, "is_tight": 0.0, "dual_solution_value": 0.0, "scaled_age": 0.2625}, "102": {"bias": -0.3779644730092272, "objective_cosine_similarity": -0.30879603377367343, "is_tight": 0.0, "dual_solution_value": 0.0, "scaled_age": 0.2625}, "103": {"bias": -0.4082482904638631, "objective_cosine_similarity": -0.4669529721695939, "is_tight": 0.0, "dual_solution_value": 0.0, "scaled_age": 0.0125}, "104": {"bias": -0.35355339059327373, "objective_cosine_similarity": -0.40308017154336195, "is_tight": 0.0, "dual_solution_value": 0.0, "scaled_age": 0.1875}, "105": {"bias": -0.4472135954999579, "objective_cosine_similarity": -0.2939586992129366, "is_tight": 0.0, "dual_solution_value": 0.0, "scaled_age": 0.2625}, "106": {"bias": -0.4082482904638631, "objective_cosine_similarity": -0.3411182426563592, "is_tight": 1.0, "dual_solution_value": -4.39534292649493e-06, "scaled_age": 0.0}, "107": {"bias": -0.3779644730092272, "objective_cosine_similarity": -0.4589831956545055, "is_tight": 0.0, "dual_solution_value": 0.0, "scaled_age": 0.2625}, "108": {"bias": -0.35355339059327373, "objective_cosine_similarity": -0.35187454714534533, "is_tight": 0.0, "dual_solution_value": 0.0, "scaled_age": 0.2625}, "109": {"bias": -0.5, "objective_cosine_similarity": -0.20610619032753383, "is_tight": 0.0, "dual_solution_value": 0.0, "scaled_age": 0.2625}, "110": {"bias": -0.31622776601683794, "objective_cosine_similarity": -0.3123774600802087, "is_tight": 0.0, "dual_solution_value": 0.0, "scaled_age": 0.2625}, "111": {"bias": -0.5, "objective_cosine_similarity": -0.18753806507280105, "is_tight": 0.0, "dual_solution_value": 0.0, "scaled_age": 0.2625}, "112": {"bias": -0.4082482904638631, "objective_cosine_similarity": -0.2789589184389782, "is_tight": 0.0, "dual_solution_value": 0.0, "scaled_age": 0.2625}, "113": {"bias": -0.30151134457776363, "objective_cosine_similarity": -0.40309202965268226, "is_tight": 0.0, "dual_solution_value": 0.0, "scaled_age": 0.2625}, "114": {"bias": -0.35355339059327373, "objective_cosine_similarity": -0.6275971400577427, "is_tight": 1.0, "dual_solution_value": -0.007042042382161384, "scaled_age": 0.0}, "115": {"bias": -0.4082482904638631, "objective_cosine_similarity": -0.25924986441883296, "is_tight": 0.0, "dual_solution_value": 0.0, "scaled_age": 0.2625}, "116": {"bias": -0.3333333333333333, "objective_cosine_similarity": -0.33793987963613653, "is_tight": 0.0, "dual_solution_value": 0.0, "scaled_age": 0.2625}, "117": {"bias": -0.2886751345948129, "objective_cosine_similarity": -0.3548423309789164, "is_tight": 0.0, "dual_solution_value": 0.0, "scaled_age": 0.2625}, "118": {"bias": -0.4472135954999579, "objective_cosine_similarity": -0.30890575171528933, "is_tight": 1.0, "dual_solution_value": -0.004302361752523084, "scaled_age": 0.0}, "119": {"bias": -0.4472135954999579, "objective_cosine_similarity": -0.1992940333647028, "is_tight": 0.0, "dual_solution_value": 0.0, "scaled_age": 0.2625}, "120": {"bias": -0.9477976007900253, "objective_cosine_similarity": -0.9812208114149902, "is_tight": 0.0, "dual_solution_value": -0.0, "scaled_age": 0.1125}, "121": {"bias": -0.7330166661378313, "objective_cosine_similarity": -0.9341508170758787, "is_tight": 0.0, "dual_solution_value": -0.0, "scaled_age": 0.0625}, "122": {"bias": -0.8551861104941365, "objective_cosine_similarity": -0.9114662416247888, "is_tight": 0.0, "dual_solution_value": -0.0, "scaled_age": 0.1}, "123": {"bias": -0.7682212795973759, "objective_cosine_similarity": -0.8915268089321978, "is_tight": 0.0, "dual_solution_value": -0.0, "scaled_age": 0.05}, "124": {"bias": -0.8438159256945179, "objective_cosine_similarity": -0.9793594413799659, "is_tight": 1.0, "dual_solution_value": -6.386008170683847e-05, "scaled_age": 0.0}, "125": {"bias": -0.8642692439088937, "objective_cosine_similarity": -0.9773146481000541, "is_tight": 0.0, "dual_solution_value": -0.0, "scaled_age": 0.025}, "126": {"bias": -0.8741572761215377, "objective_cosine_similarity": -0.9201435342214498, "is_tight": 0.0, "dual_solution_value": -0.0, "scaled_age": 0.1}, "127": {"bias": -0.9062865088588875, "objective_cosine_similarity": -0.9691269049842479, "is_tight": 1.0, "dual_solution_value": -3.447907592604333e-05, "scaled_age": 0.0}, "128": {"bias": -0.8017837257372732, "objective_cosine_similarity": -0.916581177814917, "is_tight": 0.0, "dual_solution_value": -0.0, "scaled_age": 0.0125}, "129": {"bias": -0.8637789008984335, "objective_cosine_similarity": -0.9548405372053218, "is_tight": 0.0, "dual_solution_value": -0.0, "scaled_age": 0.0875}, "130": {"bias": -0.9294848174019298, "objective_cosine_similarity": -0.9857730689490545, "is_tight": 1.0, "dual_solution_value": -0.0052017958244464264, "scaled_age": 0.0}, "131": {"bias": -0.8520128672302585, "objective_cosine_similarity": -0.9618731235524272, "is_tight": 1.0, "dual_solution_value": -3.205794424952357e-05, "scaled_age": 0.0}, "132": {"bias": -0.9441746010034177, "objective_cosine_similarity": -0.9796178972251071, "is_tight": 0.0, "dual_solution_value": -0.0, "scaled_age": 0.0125}, "133": {"bias": -0.9436538746863921, "objective_cosine_similarity": -0.9860896592354347, "is_tight": 0.0, "dual_solution_value": -0.0, "scaled_age": 0.0125}, "134": {"bias": -0.9407507776799404, "objective_cosine_similarity": -0.9856642197516458, "is_tight": 0.0, "dual_solution_value": -0.0, "scaled_age": 0.0125}, "135": {"bias": -0.8681321585314122, "objective_cosine_similarity": -0.9746411132565783, "is_tight": 1.0, "dual_solution_value": -7.126241335206685e-05, "scaled_age": 0.0}, "136": {"bias": -0.9352195295828244, "objective_cosine_similarity": -0.9777806589930006, "is_tight": 1.0, "dual_solution_value": -4.016515166576423e-05, "scaled_age": 0.0}, "137": {"bias": -0.8888888888888888, "objective_cosine_similarity": -0.9795717634385692, "is_tight": 0.0, "dual_solution_value": -0.0, "scaled_age": 0.0125}, "138": {"bias": -0.9399279840856232, "objective_cosine_similarity": -0.9886186375133952, "is_tight": 1.0, "dual_solution_value": -0.03977386692805497, "scaled_age": 0.0}}