{"0": {"bias": -0.7808688094430304, "objective_cosine_similarity": -0.7861260633986562, "is_tight": 1.0, "dual_solution_value": -5.533252212293204e-06, "scaled_age": 0.0}, "1": {"bias": -0.8669214468630108, "objective_cosine_similarity": -0.9551809264980285, "is_tight": 1.0, "dual_solution_value": -0.0006156311744377353, "scaled_age": 0.0}, "2": {"bias": -0.875, "objective_cosine_similarity": -0.9094497048875454, "is_tight": 1.0, "dual_solution_value": -5.683329826719765e-06, "scaled_age": 0.0}, "3": {"bias": -0.6565321642986127, "objective_cosine_similarity": -0.9031945443324195, "is_tight": 0.0, "dual_solution_value": -0.0, "scaled_age": 0.09615384615384616}, "4": {"bias": -1.01418510567422, "objective_cosine_similarity": -0.888017124823752, "is_tight": 0.0, "dual_solution_value": -0.0, "scaled_age": 0.057692307692307696}, "5": {"bias": -0.7682212795973759, "objective_cosine_similarity": -0.87053684817041, "is_tight": 0.0, "dual_solution_value": -0.0, "scaled_age": 0.08653846153846154}, "6": {"bias": -0.8838834764831843, "objective_cosine_similarity": -0.8574374046321169, "is_tight": 0.0, "dual_solution_value": -0.0, "scaled_age": 0.028846153846153848}, "7": {"bias": -0.9230994941263581, "objective_cosine_similarity": -0.9791429627684983, "is_tight": 0.0, "dual_solution_value": -0.0, "scaled_age": 0.08653846153846154}, "8": {"bias": -0.6, "objective_cosine_similarity": -0.8075852291260016, "is_tight": 1.0, "dual_solution_value": -0.005542432425556549, "scaled_age": 0.0}, "9": {"bias": -0.9117179161840152, "objective_cosine_similarity": -0.9511119760195759, "is_tight": 1.0, "dual_solution_value": -1.5598837041982254e-07, "scaled_age": 0.0}, "10": {"bias": -0.9087389347953037, "objective_cosine_similarity": -0.9860527270987687, "is_tight": 1.0, "dual_solution_value": -2.5910968718382562e-06, "scaled_age": 0.0}, "11": {"bias": -0.9517337345336012, "objective_cosine_similarity": -0.9813972065405484, "is_tight": 0.0, "dual_solution_value": -0.0, "scaled_age": 0.07692307692307693}, "12": {"bias": -0.9361804234189631, "objective_cosine_similarity": -0.9874259188422606, "is_tight": 1.0, "dual_solution_value": -2.1773721211592424e-05, "scaled_age": 0.0}, "13": {"bias": -0.9420824063746315, "objective_cosine_similarity": -0.9829071217206514, "is_tight": 1.0, "dual_solution_value": -4.064639179873777e-06, "scaled_age": 0.0}, "14": {"bias": -0.9215455665108366, "objective_cosine_similarity": -0.977809632568039, "is_tight": 0.0, "dual_solution_value": -0.0, "scaled_age": 0.04807692307692308}, "15": {"bias": -1.12089707663561, "objective_cosine_similarity": -0.9058068383394082, "is_tight": 0.0, "dual_solution_value": -0.0, "scaled_age": 0.009615384615384616}, "16": {"bias": -0.9147201285387216, "objective_cosine_similarity": -0.9784733682448433, "is_tight": 0.0, "dual_solution_value": -0.0, "scaled_age": 0.009615384615384616}, "17": {"bias": -0.8725028717782316, "objective_cosine_similarity": -0.9577524311997688, "is_tight": 0.0, "dual_solution_value": -0.0, "scaled_age": 0.009615384615384616}, "18": {"bias": -0.3779644730092272, "objective_cosine_similarity": -0.41098681955766153, "is_tight": 0.0, "dual_solution_value": 0.0, "scaled_age": 0.028846153846153848}, "19": {"bias": -0.31622776601683794, "objective_cosine_similarity": -0.5235114716266782, "is_tight": 0.0, "dual_solution_value": 0.0, "scaled_age": 0.20192307692307693}, "20": {"bias": -0.35355339059327373, "objective_cosine_similarity": -0.4902727729256689, "is_tight": 0.0, "dual_solution_value": 0.0, "scaled_age": 0.20192307692307693}, "21": {"bias": -0.31622776601683794, "objective_cosine_similarity": -0.529306801570885, "is_tight": 0.0, "dual_solution_value": 0.0, "scaled_age": 0.20192307692307693}, "22": {"bias": -0.35355339059327373, "objective_cosine_similarity": -0.4557161017062385, "is_tight": 0.0, "dual_solution_value": 0.0, "scaled_age": 0.20192307692307693}, "23": {"bias": -0.3779644730092272, "objective_cosine_similarity": -0.3394104633425632, "is_tight": 0.0, "dual_solution_value": 0.0, "scaled_age": 0.20192307692307693}, "24": {"bias": -0.35355339059327373, "objective_cosine_similarity": -0.3822831753649489, "is_tight": 0.0, "dual_solution_value": 0.0, "scaled_age": 0.20192307692307693}, "25": {"bias": -0.35355339059327373, "objective_cosine_similarity": -0.28725232951151525, "is_tight": 0.0, "dual_solution_value": 0.0, "scaled_age": 0.20192307692307693}, "26": {"bias": -0.35355339059327373, "objective_cosine_similarity": -0.30669045707244486, "is_tight": 0.0, "dual_solution_value": 0.0, "scaled_age": 0.20192307692307693}, "27": {"bias": -0.3779644730092272, "objective_cosine_similarity": -0.41098681955766153, "is_tight": 0.0, "dual_solution_value": 0.0, "scaled_age": 0.20192307692307693}, "28": {"bias": -0.3333333333333333, "objective_cosine_similarity": -0.35838376279923423, "is_tight": 0.0, "dual_solution_value": 0.0, "scaled_age": 0.20192307692307693}, "29": {"bias": -0.2886751345948129, "objective_cosine_similarity": -0.5449099877976701, "is_tight": 0.0, "dual_solution_value": 0.0, "scaled_age": 0.20192307692307693}, "30": {"bias": -0.35355339059327373, "objective_cosine_similarity": -0.39092234316980645, "is_tight": 0.0, "dual_solution_value": 0.0, "scaled_age": 0.20192307692307693}, "31": {"bias": -0.3779644730092272, "objective_cosine_similarity": -0.45716511388998304, "is_tight": 0.0, "dual_solution_value": 0.0, "scaled_age": 0.20192307692307693}, "32": {"bias": -0.35355339059327373, "objective_cosine_similarity": -0.46435526951109607, "is_tight": 0.0, "dual_solution_value": 0.0, "scaled_age": 0.20192307692307693}, "33": {"bias": -0.4472135954999579, "objective_cosine_similarity": -0.31417364454509156, "is_tight": 1.0, "dual_solution_value": -2.206716670723187e-06, "scaled_age": 0.0}, "34": {"bias": -0.5, "objective_cosine_similarity": -0.3818008836639569, "is_tight": 1.0, "dual_solution_value": -0.028663346873547085, "scaled_age": 0.0}, "35": {"bias": -0.5, "objective_cosine_similarity": -0.25657019382217905, "is_tight": 0.0, "dual_solution_value": 0.0, "scaled_age": 0.20192307692307693}, "36": {"bias": -0.4082482904638631, "objective_cosine_similarity": -0.5062643245574519, "is_tight": 1.0, "dual_solution_value": -0.00559432805444506, "scaled_age": 0.0}, "37": {"bias": -0.5, "objective_cosine_similarity": -0.20769968071319256, "is_tight": 0.0, "dual_solution_value": 0.0, "scaled_age": 0.20192307692307693}, "38": {"bias": -0.35355339059327373, "objective_cosine_similarity": -0.42979859829166567, "is_tight": 0.0, "dual_solution_value": 0.0, "scaled_age": 0.20192307692307693}, "39": {"bias": -0.4472135954999579, "objective_cosine_similarity": -0.4234514339520799, "is_tight": 1.0, "dual_solution_value": -3.299265613073468e-05, "scaled_age": 0.0}, "40": {"bias": -0.5773502691896258, "objective_cosine_similarity": -0.2751001880143577, "is_tight": 0.0, "dual_solution_value": 0.0, "scaled_age": 0.20192307692307693}, "41": {"bias": -0.35355339059327373, "objective_cosine_similarity": -0.4405975580477377, "is_tight": 0.0, "dual_solution_value": 0.0, "scaled_age": 0.125}, "42": {"bias": -0.3333333333333333, "objective_cosine_similarity": -0.5233217445420637, "is_tight": 0.0, "dual_solution_value": 0.0, "scaled_age": 0.20192307692307693}, "43": {"bias": -0.3779644730092272, "objective_cosine_similarity": -0.3578817810754918, "is_tight": 0.0, "dual_solution_value": 0.0, "scaled_age": 0.20192307692307693}, "44": {"bias": -0.3333333333333333, "objective_cosine_similarity": -0.3889278334923508, "is_tight": 0.0, "dual_solution_value": 0.0, "scaled_age": 0.20192307692307693}, "45": {"bias": -0.35355339059327373, "objective_cosine_similarity": -0.5485871556084577, "is_tight": 0.0, "dual_solution_value": 0.0, "scaled_age": 0.19230769230769232}, "46": {"bias": -0.4082482904638631, "objective_cosine_similarity": -0.4763373694111986, "is_tight": 0.0, "dual_solution_value": 0.0, "scaled_age": 0.009615384615384616}, "47": {"bias": -0.5773502691896258, "objective_cosine_similarity": -0.33153099581217466, "is_tight": 1.0, "dual_solution_value": -1.6105207193592066e-05, "scaled_age": 0.0}, "48": {"bias": -0.4472135954999579, "objective_cosine_similarity": -0.3251014234857904, "is_tight": 0.0, "dual_solution_value": 0.0, "scaled_age": 0.20192307692307693}, "49": {"bias": -0.4472135954999579, "objective_cosine_similarity": -0.31417364454509156, "is_tight": 0.0, "dual_solution_value": 0.0, "scaled_age": 0.20192307692307693}, "50": {"bias": -0.3333333333333333, "objective_cosine_similarity": -0.511104116264817, "is_tight": 0.0, "dual_solution_value": 0.0, "scaled_age": 0.028846153846153848}, "51": {"bias": -0.30151134457776363, "objective_cosine_similarity": -0.56177241323715, "is_tight": 0.0, "dual_solution_value": 0.0, "scaled_age": 0.20192307692307693}, "52": {"bias": -0.35355339059327373, "objective_cosine_similarity": -0.44707693390138087, "is_tight": 0.0, "dual_solution_value": 0.0, "scaled_age": 0.20192307692307693}, "53": {"bias": -0.4082482904638631, "objective_cosine_similarity": -0.37658085225702087, "is_tight": 0.0, "dual_solution_value": 0.0, "scaled_age": 0.20192307692307693}, "54": {"bias": -0.3779644730092272, "objective_cosine_similarity": -0.5564484467044744, "is_tight": 0.0, "dual_solution_value": 0.0, "scaled_age": 0.20192307692307693}, "55": {"bias": -0.35355339059327373, "objective_cosine_similarity": -0.5593861153645298, "is_tight": 0.0, "dual_solution_value": 0.0, "scaled_age": 0.20192307692307693}, "56": {"bias": -0.4472135954999579, "objective_cosine_similarity": -0.300513920869218, "is_tight": 0.0, "dual_solution_value": 0.0, "scaled_age": 0.20192307692307693}, "57": {"bias": -0.35355339059327373, "objective_cosine_similarity": -0.44491714195016646, "is_tight": 0.0, "dual_solution_value": 0.0, "scaled_age": 0.20192307692307693}, "58": {"bias": -0.3779644730092272, "objective_cosine_similarity": -0.3763530988084204, "is_tight": 0.0, "dual_solution_value": 0.0, "scaled_age": 0.11538461538461539}, "59": {"bias": -0.35355339059327373, "objective_cosine_similarity": -0.37364400756009125, "is_tight": 0.0, "dual_solution_value": 0.0, "scaled_age": 0.20192307692307693}, "60": {"bias": -0.3779644730092272, "objective_cosine_similarity": -0.3463372074924114, "is_tight": 0.0, "dual_solution_value": 0.0, "scaled_age": 0.20192307692307693}, "61": {"bias": -0.31622776601683794, "objective_cosine_similarity": -0.45783106559233483, "is_tight": 0.0, "dual_solution_value": 0.0, "scaled_age": 0.20192307692307693}, "62": {"bias": -0.35355339059327373, "objective_cosine_similarity": -0.4513965178038097, "is_tight": 0.0, "dual_solution_value": 0.0, "scaled_age": 0.20192307692307693}, "63": {"bias": -0.2581988897471611, "objective_cosine_similarity": -0.6845434382667058, "is_tight": 0.0, "dual_solution_value": 0.0, "scaled_age": 0.20192307692307693}, "64": {"bias": -0.30151134457776363, "objective_cosine_similarity": -0.6280799767667808, "is_tight": 0.0, "dual_solution_value": 0.0, "scaled_age": 0.09615384615384616}, "65": {"bias": -0.4082482904638631, "objective_cosine_similarity": -0.5611304089922496, "is_tight": 0.0, "dual_solution_value": 0.0, "scaled_age": 0.009615384615384616}, "66": {"bias": -0.4472135954999579, "objective_cosine_similarity": -0.37974031818928455, "is_tight": 0.0, "dual_solution_value": 0.0, "scaled_age": 0.15384615384615385}, "67": {"bias": -0.4472135954999579, "objective_cosine_similarity": -0.366080594513411, "is_tight": 0.0, "dual_solution_value": 0.0, "scaled_age": 0.20192307692307693}, "68": {"bias": -0.4082482904638631, "objective_cosine_similarity": -0.3616173746838942, "is_tight": 0.0, "dual_solution_value": 0.0, "scaled_age": 0.038461538461538464}, "69": {"bias": -0.35355339059327373, "objective_cosine_similarity": -0.3498862960967329, "is_tight": 0.0, "dual_solution_value": 0.0, "scaled_age": 0.20192307692307693}, "70": {"bias": -0.31622776601683794, "objective_cosine_similarity": -0.4462404057039213, "is_tight": 0.0, "dual_solution_value": 0.0, "scaled_age": 0.20192307692307693}, "71": {"bias": -0.5, "objective_cosine_similarity": -0.2687878220994257, "is_tight": 1.0, "dual_solution_value": -7.585122078221637e-06, "scaled_age": 0.0}, "72": {"bias": -0.5, "objective_cosine_similarity": -0.25657019382217905, "is_tight": 0.0, "dual_solution_value": 0.0, "scaled_age": 0.20192307692307693}, "73": {"bias": -0.30151134457776363, "objective_cosine_similarity": -0.453101684119144, "is_tight": 0.0, "dual_solution_value": 0.0, "scaled_age": 0.20192307692307693}, "74": {"bias": -0.5, "objective_cosine_similarity": -0.3512568129708404, "is_tight": 1.0, "dual_solution_value": -1.8253168567074266e-05, "scaled_age": 0.0}, "75": {"bias": -0.3779644730092272, "objective_cosine_similarity": -0.24474495996130405, "is_tight": 0.0, "dual_solution_value": 0.0, "scaled_age": 0.20192307692307693}, "76": {"bias": -0.31622776601683794, "objective_cosine_similarity": -0.5177161416824715, "is_tight": 0.0, "dual_solution_value": 0.0, "scaled_age": 0.20192307692307693}, "77": {"bias": -0.2886751345948129, "objective_cosine_similarity": -0.41265028202153653, "is_tight": 0.0, "dual_solution_value": 0.0, "scaled_age": 0.20192307692307693}, "78": {"bias": -0.3333333333333333, "objective_cosine_similarity": -0.47648750281261826, "is_tight": 0.0, "dual_solution_value": 0.0, "scaled_age": 0.20192307692307693}, "79": {"bias": -0.3779644730092272, "objective_cosine_similarity": -0.39713333125796507, "is_tight": 0.0, "dual_solution_value": 0.0, "scaled_age": 0.20192307692307693}, "80": {"bias": -0.35355339059327373, "objective_cosine_similarity": -0.5097109004865985, "is_tight": 0.0, "dual_solution_value": 0.0, "scaled_age": 0.20192307692307693}, "81": {"bias": -0.3333333333333333, "objective_cosine_similarity": -0.5151766590238992, "is_tight": 0.0, "dual_solution_value": 0.0, "scaled_age": 0.20192307692307693}, "82": {"bias": -0.3333333333333333, "objective_cosine_similarity": -0.41947190418546737, "is_tight": 0.0, "dual_solution_value": 0.0, "scaled_age": 0.20192307692307693}, "83": {"bias": -0.4082482904638631, "objective_cosine_similarity": -0.3092452031779509, "is_tight": 0.0, "dual_solution_value": 0.0, "scaled_age": 0.20192307692307693}, "84": {"bias": -0.35355339059327373, "objective_cosine_similarity": -0.44707693390138087, "is_tight": 0.0, "dual_solution_value": 0.0, "scaled_age": 0.20192307692307693}, "85": {"bias": -0.4082482904638631, "objective_cosine_similarity": -0.2892938997471154, "is_tight": 0.0, "dual_solution_value": 0.0, "scaled_age": 0.20192307692307693}, "86": {"bias": -0.3333333333333333, "objective_cosine_similarity": -0.47037868867399496, "is_tight": 0.0, "dual_solution_value": 0.0, "scaled_age": 0.20192307692307693}, "87": {"bias": -0.30151134457776363, "objective_cosine_similarity": -0.41994790235432855, "is_tight": 0.0, "dual_solution_value": 0.0, "scaled_age": 0.20192307692307693}, "88": {"bias": -0.35355339059327373, "objective_cosine_similarity": -0.6177004980473185, "is_tight": 0.0, "dual_solution_value": 0.0, "scaled_age": 0.20192307692307693}, "89": {"bias": -0.4082482904638631, "objective_cosine_similarity": -0.4065078074032742, "is_tight": 0.0, "dual_solution_value": 0.0, "scaled_age": 0.04807692307692308}, "90": {"bias": -0.4082482904638631, "objective_cosine_similarity": -0.41897737204754637, "is_tight": 0.0, "dual_solution_value": 0.0, "scaled_age": 0.08653846153846154}, "91": {"bias": -0.5, "objective_cosine_similarity": -0.3084951140004772, "is_tight": 1.0, "dual_solution_value": -0.002758742751047405, "scaled_age": 0.0}, "92": {"bias": -0.3779644730092272, "objective_cosine_similarity": -0.45947402860659914, "is_tight": 0.0, "dual_solution_value": 0.0, "scaled_age": 0.20192307692307693}, "93": {"bias": -0.2773500981126146, "objective_cosine_similarity": -0.5506410652271432, "is_tight": 0.0, "dual_solution_value": 0.0, "scaled_age": 0.20192307692307693}, "94": {"bias": -0.4082482904638631, "objective_cosine_similarity": -0.39902606861671086, "is_tight": 0.0, "dual_solution_value": 0.0, "scaled_age": 0.20192307692307693}, "95": {"bias": -0.3333333333333333, "objective_cosine_similarity": -0.4846325883307827, "is_tight": 0.0, "dual_solution_value": 0.0, "scaled_age": 0.20192307692307693}, "96": {"bias": -0.4082482904638631, "objective_cosine_similarity": -0.4139895461898375, "is_tight": 0.0, "dual_solution_value": 0.0, "scaled_age": 0.125}, "97": {"bias": -0.4082482904638631, "objective_cosine_similarity": -0.3865565039724386, "is_tight": 0.0, "dual_solution_value": 0.0, "scaled_age": 0.20192307692307693}, "98": {"bias": -0.35355339059327373, "objective_cosine_similarity": -0.6565767531691777, "is_tight": 1.0, "dual_solution_value": -0.011635116316282477, "scaled_age": 0.0}, "99": {"bias": -0.3779644730092272, "objective_cosine_similarity": -0.25398061882776835, "is_tight": 0.0, "dual_solution_value": 0.0, "scaled_age": 0.20192307692307693}, "100": {"bias": -0.3779644730092272, "objective_cosine_similarity": -0.514887981805385, "is_tight": 0.0, "dual_solution_value": 0.0, "scaled_age": 0.028846153846153848}, "101": {"bias": -0.3779644730092272, "objective_cosine_similarity": -0.3070856573099381, "is_tight": 0.0, "dual_solution_value": 0.0, "scaled_age": 0.20192307692307693}, "102": {"bias": -0.4472135954999579, "objective_cosine_similarity": -0.3305653129561398, "is_tight": 0.0, "dual_solution_value": 0.0, "scaled_age": 0.20192307692307693}, "103": {"bias": -0.5, "objective_cosine_similarity": -0.3298759634856588, "is_tight": 1.0, "dual_solution_value": -2.93713817800634e-05, "scaled_age": 0.0}, "104": {"bias": -0.5, "objective_cosine_similarity": -0.34820240590152873, "is_tight": 0.0, "dual_solution_value": 0.0, "scaled_age": 0.019230769230769232}, "105": {"bias": -0.35355339059327373, "objective_cosine_similarity": -0.37580379951130566, "is_tight": 0.0, "dual_solution_value": 0.0, "scaled_age": 0.20192307692307693}, "106": {"bias": -0.3333333333333333, "objective_cosine_similarity": -0.5477570010965569, "is_tight": 0.0, "dual_solution_value": 0.0, "scaled_age": 0.009615384615384616}, "107": {"bias": -0.35355339059327373, "objective_cosine_similarity": -0.3844429673161633, "is_tight": 0.0, "dual_solution_value": 0.0, "scaled_age": 0.20192307692307693}, "108": {"bias": -0.4472135954999579, "objective_cosine_similarity": -0.3524208708375375, "is_tight": 0.0, "dual_solution_value": 0.0, "scaled_age": 0.07692307692307693}, "109": {"bias": -0.4472135954999579, "objective_cosine_similarity": -0.37154448398376044, "is_tight": 0.0, "dual_solution_value": 0.0, "scaled_age": 0.019230769230769232}, "110": {"bias": -0.31622776601683794, "objective_cosine_similarity": -0.49646659855371333, "is_tight": 0.0, "dual_solution_value": 0.0, "scaled_age": 0.20192307692307693}, "111": {"bias": -0.35355339059327373, "objective_cosine_similarity": -0.32396879268216006, "is_tight": 0.0, "dual_solution_value": 0.0, "scaled_age": 0.20192307692307693}, "112": {"bias": -0.4472135954999579, "objective_cosine_similarity": -0.38793615239480866, "is_tight": 0.0, "dual_solution_value": 0.0, "scaled_age": 0.038461538461538464}, "113": {"bias": -0.4082482904638631, "objective_cosine_similarity": -0.22195825066804542, "is_tight": 0.0, "dual_solution_value": 0.0, "scaled_age": 0.20192307692307693}, "114": {"bias": -0.4472135954999579, "objective_cosine_similarity": -0.25953474984159736, "is_tight": 0.0, "dual_solution_value": 0.0, "scaled_age": 0.20192307692307693}, "115": {"bias": -0.4472135954999579, "objective_cosine_similarity": -0.300513920869218, "is_tight": 0.0, "dual_solution_value": 0.0, "scaled_age": 0.20192307692307693}, "116": {"bias": -0.9377830623341356, "objective_cosine_similarity": -0.9907670116369528, "is_tight": 1.0, "dual_solution_value": -0.007209795488312404, "scaled_age": 0.0}, "117": {"bias": -0.4082482904638631, "objective_cosine_similarity": -0.6583930132175729, "is_tight": 0.0, "dual_solution_value": 0.0, "scaled_age": 0.019230769230769232}, "118": {"bias": -0.9328152465138774, "objective_cosine_similarity": -0.9848047586967789, "is_tight": 0.0, "dual_solution_value": -0.0, "scaled_age": 0.08653846153846154}, "119": {"bias": -0.9546933593759603, "objective_cosine_similarity": -0.9892553427455019, "is_tight": 0.0, "dual_solution_value": -0.0, "scaled_age": 0.0673076923076923}, "120": {"bias": -0.9295076509760963, "objective_cosine_similarity": -0.9899152676329568, "is_tight": 0.0, "dual_solution_value": -0.0, "scaled_age": 0.08653846153846154}, "121": {"bias": -0.9381984835936671, "objective_cosine_similarity": -0.9919015310335177, "is_tight": 1.0, "dual_solution_value": -0.023834441867807286, "scaled_age": 0.0}, "122": {"bias": -0.9198662110077999, "objective_cosine_similarity": -0.9837166133373723, "is_tight": 0.0, "dual_solution_value": -0.0, "scaled_age": 0.08653846153846154}, "123": {"bias": -0.93651792090627, "objective_cosine_similarity": -0.9893193337816273, "is_tight": 0.0, "dual_solution_value": -0.0, "scaled_age": 0.019230769230769232}, "124": {"bias": -0.5, "objective_cosine_similarity": -0.4001273260798269, "is_tight": 0.0, "dual_solution_value": 0.0, "scaled_age": 0.019230769230769232}, "125": {"bias": -0.923036025193519, "objective_cosine_similarity": -0.9920212855138943, "is_tight": 1.0, "dual_solution_value": -0.01017188339641385, "scaled_age": 0.0}, "126": {"bias": -0.9296696802013682, "objective_cosine_similarity": -0.9872736900838486, "is_tight": 1.0, "dual_solution_value": -7.190387591699538e-06, "scaled_age": 0.0}, "127": {"bias": -0.9451925268515909, "objective_cosine_similarity": -0.9892716179838823, "is_tight": 0.0, "dual_solution_value": -0.0, "scaled_age": 0.028846153846153848}, "128": {"bias": -0.9108817188646634, "objective_cosine_similarity": -0.9790265198862116, "is_tight": 1.0, "dual_solution_value": -1.9218698997013496e-06, "scaled_age": 0.0}, "129": {"bias": -0.9208362747588144, "objective_cosine_similarity": -0.9867899420857906, "is_tight": 1.0, "dual_solution_value": -1.462624545385919e-06, "scaled_age": 0.0}, "130": {"bias": -0.942266757545686, "objective_cosine_similarity": -0.9875638305061538, "is_tight": 1.0, "dual_solution_value": -5.406660672144721e-07, "scaled_age": 0.0}, "131": {"bias": -0.9221279341142733, "objective_cosine_similarity": -0.9862556584461112, "is_tight": 1.0, "dual_solution_value": -2.424582697667064e-06, "scaled_age": 0.0}, "132": {"bias": -0.9685569090392632, "objective_cosine_similarity": -0.9893329875954062, "is_tight": 1.0, "dual_solution_value": -1.980371052209781e-06, "scaled_age": 0.0}, "133": {"bias": -0.9330784398583266, "objective_cosine_similarity": -0.9836158619020019, "is_tight": 1.0, "dual_solution_value": -6.1197510557705224e-06, "scaled_age": 0.0}}