{"0": {"bias": -1.1026456085839622, "objective_cosine_similarity": -0.8962991608048696, "is_tight": 0.0, "dual_solution_value": -0.0, "scaled_age": 0.06}, "1": {"bias": -0.9113223768657671, "objective_cosine_similarity": -0.8114497231332775, "is_tight": 0.0, "dual_solution_value": -0.0, "scaled_age": 0.08}, "2": {"bias": -0.8017837257372732, "objective_cosine_similarity": -0.6637681909616014, "is_tight": 0.0, "dual_solution_value": -0.0, "scaled_age": 0.09}, "3": {"bias": -0.7071067811865475, "objective_cosine_similarity": -0.515029323318545, "is_tight": 1.0, "dual_solution_value": -0.00018158881215091217, "scaled_age": 0.0}, "4": {"bias": -1.0740501002036358, "objective_cosine_similarity": -0.9001837731422491, "is_tight": 0.0, "dual_solution_value": -0.0, "scaled_age": 0.05}, "5": {"bias": -1.099524999206747, "objective_cosine_similarity": -0.8664952031936862, "is_tight": 1.0, "dual_solution_value": -0.0012280797955371325, "scaled_age": 0.0}, "6": {"bias": -1.0, "objective_cosine_similarity": -0.8597053228212873, "is_tight": 0.0, "dual_solution_value": -0.0, "scaled_age": 0.06}, "7": {"bias": -0.8944271909999159, "objective_cosine_similarity": -0.7288946598444116, "is_tight": 0.0, "dual_solution_value": -0.0, "scaled_age": 0.1}, "8": {"bias": -0.8660254037844387, "objective_cosine_similarity": -0.5894169307211164, "is_tight": 1.0, "dual_solution_value": -0.0049661650024896515, "scaled_age": 0.0}, "9": {"bias": -0.8, "objective_cosine_similarity": -0.7259733837157538, "is_tight": 0.0, "dual_solution_value": -0.0, "scaled_age": 0.02}, "10": {"bias": -1.163745450141066, "objective_cosine_similarity": -0.9059398491169898, "is_tight": 0.0, "dual_solution_value": 0.0, "scaled_age": 0.07}, "11": {"bias": -0.3333333333333333, "objective_cosine_similarity": -0.6925403989393704, "is_tight": 0.0, "dual_solution_value": 0.0, "scaled_age": 0.28}, "12": {"bias": -0.4472135954999579, "objective_cosine_similarity": -0.33641291992819, "is_tight": 0.0, "dual_solution_value": 0.0, "scaled_age": 0.28}, "13": {"bias": -0.3779644730092272, "objective_cosine_similarity": -0.42422470156440684, "is_tight": 0.0, "dual_solution_value": 0.0, "scaled_age": 0.28}, "14": {"bias": -0.35355339059327373, "objective_cosine_similarity": -0.43059828670894745, "is_tight": 0.0, "dual_solution_value": 0.0, "scaled_age": 0.28}, "15": {"bias": -0.4082482904638631, "objective_cosine_similarity": -0.30710157480141487, "is_tight": 0.0, "dual_solution_value": 0.0, "scaled_age": 0.28}, "16": {"bias": -0.3779644730092272, "objective_cosine_similarity": -0.2888338393630004, "is_tight": 0.0, "dual_solution_value": 0.0, "scaled_age": 0.28}, "17": {"bias": -0.4472135954999579, "objective_cosine_similarity": -0.41117134657889887, "is_tight": 0.0, "dual_solution_value": 0.0, "scaled_age": 0.14}, "18": {"bias": -0.35355339059327373, "objective_cosine_similarity": -0.38838276840414865, "is_tight": 0.0, "dual_solution_value": 0.0, "scaled_age": 0.28}, "19": {"bias": -0.4472135954999579, "objective_cosine_similarity": -0.2616544932774811, "is_tight": 0.0, "dual_solution_value": 0.0, "scaled_age": 0.28}, "20": {"bias": -0.4472135954999579, "objective_cosine_similarity": -0.3310730323102822, "is_tight": 0.0, "dual_solution_value": 0.0, "scaled_age": 0.28}, "21": {"bias": -0.4082482904638631, "objective_cosine_similarity": -0.40459413823043544, "is_tight": 0.0, "dual_solution_value": 0.0, "scaled_age": 0.28}, "22": {"bias": -0.4082482904638631, "objective_cosine_similarity": -0.4484657917734947, "is_tight": 0.0, "dual_solution_value": 0.0, "scaled_age": 0.28}, "23": {"bias": -0.3779644730092272, "objective_cosine_similarity": -0.46484196022482877, "is_tight": 0.0, "dual_solution_value": 0.0, "scaled_age": 0.28}, "24": {"bias": -0.5773502691896258, "objective_cosine_similarity": -0.28953814140686424, "is_tight": 0.0, "dual_solution_value": 0.0, "scaled_age": 0.14}, "25": {"bias": -0.5, "objective_cosine_similarity": -0.44179301311649494, "is_tight": 0.0, "dual_solution_value": 0.0, "scaled_age": 0.2}, "26": {"bias": -0.4472135954999579, "objective_cosine_similarity": -0.43253089705053, "is_tight": 0.0, "dual_solution_value": 0.0, "scaled_age": 0.09}, "27": {"bias": -0.35355339059327373, "objective_cosine_similarity": -0.5065862196575852, "is_tight": 0.0, "dual_solution_value": 0.0, "scaled_age": 0.28}, "28": {"bias": -0.3779644730092272, "objective_cosine_similarity": -0.41971167282435995, "is_tight": 0.0, "dual_solution_value": 0.0, "scaled_age": 0.28}, "29": {"bias": -0.5773502691896258, "objective_cosine_similarity": -0.5446074564557685, "is_tight": 1.0, "dual_solution_value": -0.12406015133860593, "scaled_age": 0.0}, "30": {"bias": -0.4472135954999579, "objective_cosine_similarity": -0.3097134818386511, "is_tight": 0.0, "dual_solution_value": 0.0, "scaled_age": 0.28}, "31": {"bias": -0.5, "objective_cosine_similarity": -0.334329847763834, "is_tight": 0.0, "dual_solution_value": 0.0, "scaled_age": 0.28}, "32": {"bias": -0.5773502691896258, "objective_cosine_similarity": -0.22060048869094417, "is_tight": 0.0, "dual_solution_value": 0.0, "scaled_age": 0.18}, "33": {"bias": -0.3779644730092272, "objective_cosine_similarity": -0.6137719086463758, "is_tight": 0.0, "dual_solution_value": 0.0, "scaled_age": 0.28}, "34": {"bias": -0.4472135954999579, "objective_cosine_similarity": -0.19223595424467999, "is_tight": 0.0, "dual_solution_value": 0.0, "scaled_age": 0.28}, "35": {"bias": -0.4082482904638631, "objective_cosine_similarity": -0.21935826771529632, "is_tight": 0.0, "dual_solution_value": 0.0, "scaled_age": 0.28}, "36": {"bias": -0.3779644730092272, "objective_cosine_similarity": -0.2798077818829066, "is_tight": 0.0, "dual_solution_value": 0.0, "scaled_age": 0.28}, "37": {"bias": -0.4472135954999579, "objective_cosine_similarity": -0.37379213325354443, "is_tight": 0.0, "dual_solution_value": 0.0, "scaled_age": 0.08}, "38": {"bias": -0.35355339059327373, "objective_cosine_similarity": -0.4770353568442261, "is_tight": 0.0, "dual_solution_value": 0.0, "scaled_age": 0.28}, "39": {"bias": -0.4472135954999579, "objective_cosine_similarity": -0.40049157134308333, "is_tight": 0.0, "dual_solution_value": 0.0, "scaled_age": 0.28}, "40": {"bias": -0.4472135954999579, "objective_cosine_similarity": -0.38447190848935997, "is_tight": 0.0, "dual_solution_value": 0.0, "scaled_age": 0.28}, "41": {"bias": -0.4472135954999579, "objective_cosine_similarity": -0.41651123419680663, "is_tight": 1.0, "dual_solution_value": -0.03159841912495308, "scaled_age": 0.0}, "42": {"bias": -0.4082482904638631, "objective_cosine_similarity": -0.5508329833739664, "is_tight": 0.0, "dual_solution_value": 0.0, "scaled_age": 0.07}, "43": {"bias": -0.4472135954999579, "objective_cosine_similarity": -0.36845224563563667, "is_tight": 0.0, "dual_solution_value": 0.0, "scaled_age": 0.28}, "44": {"bias": -0.3333333333333333, "objective_cosine_similarity": -0.561196530175007, "is_tight": 0.0, "dual_solution_value": 0.0, "scaled_age": 0.28}, "45": {"bias": -0.3779644730092272, "objective_cosine_similarity": -0.2843208106229535, "is_tight": 0.0, "dual_solution_value": 0.0, "scaled_age": 0.28}, "46": {"bias": -0.4472135954999579, "objective_cosine_similarity": -0.3791320208714522, "is_tight": 0.0, "dual_solution_value": 0.0, "scaled_age": 0.28}, "47": {"bias": -0.4472135954999579, "objective_cosine_similarity": -0.45923033514006883, "is_tight": 0.0, "dual_solution_value": 0.0, "scaled_age": 0.04}, "48": {"bias": -0.4472135954999579, "objective_cosine_similarity": -0.43787078466843776, "is_tight": 0.0, "dual_solution_value": 0.0, "scaled_age": 0.28}, "49": {"bias": -0.5773502691896258, "objective_cosine_similarity": -0.22749425396253617, "is_tight": 1.0, "dual_solution_value": -0.00012547346780503887, "scaled_age": 0.0}, "50": {"bias": -0.3779644730092272, "objective_cosine_similarity": -0.528024362585485, "is_tight": 0.0, "dual_solution_value": 0.0, "scaled_age": 0.28}, "51": {"bias": -0.4472135954999579, "objective_cosine_similarity": -0.4218511218147144, "is_tight": 0.0, "dual_solution_value": 0.0, "scaled_age": 0.28}, "52": {"bias": -0.5, "objective_cosine_similarity": -0.3223894960579828, "is_tight": 0.0, "dual_solution_value": 0.0, "scaled_age": 0.28}, "53": {"bias": -0.3779644730092272, "objective_cosine_similarity": -0.36104229920375047, "is_tight": 0.0, "dual_solution_value": 0.0, "scaled_age": 0.28}, "54": {"bias": -0.5773502691896258, "objective_cosine_similarity": -0.2826443761352722, "is_tight": 0.0, "dual_solution_value": 0.0, "scaled_age": 0.08}, "55": {"bias": -0.5, "objective_cosine_similarity": -0.29850879264628033, "is_tight": 0.0, "dual_solution_value": 0.0, "scaled_age": 0.28}, "56": {"bias": -0.35355339059327373, "objective_cosine_similarity": -0.4348198385394273, "is_tight": 0.0, "dual_solution_value": 0.0, "scaled_age": 0.28}, "57": {"bias": -0.4082482904638631, "objective_cosine_similarity": -0.46308967628784775, "is_tight": 0.0, "dual_solution_value": 0.0, "scaled_age": 0.1}, "58": {"bias": -0.3779644730092272, "objective_cosine_similarity": -0.3339641267634692, "is_tight": 0.0, "dual_solution_value": 0.0, "scaled_age": 0.28}, "59": {"bias": -0.3779644730092272, "objective_cosine_similarity": -0.2933468681030473, "is_tight": 0.0, "dual_solution_value": 0.0, "scaled_age": 0.28}, "60": {"bias": -0.3779644730092272, "objective_cosine_similarity": -0.4603289314847819, "is_tight": 0.0, "dual_solution_value": 0.0, "scaled_age": 0.28}, "61": {"bias": -0.4082482904638631, "objective_cosine_similarity": -0.44359116360204365, "is_tight": 0.0, "dual_solution_value": 0.0, "scaled_age": 0.28}, "62": {"bias": -0.35355339059327373, "objective_cosine_similarity": -0.39260432023462855, "is_tight": 0.0, "dual_solution_value": 0.0, "scaled_age": 0.28}, "63": {"bias": -0.5, "objective_cosine_similarity": -0.48358424408697415, "is_tight": 1.0, "dual_solution_value": -0.0037074780130336416, "scaled_age": 0.0}, "64": {"bias": -0.4472135954999579, "objective_cosine_similarity": -0.4218511218147144, "is_tight": 0.0, "dual_solution_value": 0.0, "scaled_age": 0.28}, "65": {"bias": -0.5, "objective_cosine_similarity": -0.4537333648223461, "is_tight": 0.0, "dual_solution_value": 0.0, "scaled_age": 0.28}, "66": {"bias": -0.5, "objective_cosine_similarity": -0.3940316062930901, "is_tight": 0.0, "dual_solution_value": 0.0, "scaled_age": 0.28}, "67": {"bias": -0.3779644730092272, "objective_cosine_similarity": -0.2933468681030473, "is_tight": 0.0, "dual_solution_value": 0.0, "scaled_age": 0.28}, "68": {"bias": -0.5773502691896258, "objective_cosine_similarity": -0.2619630803204962, "is_tight": 0.0, "dual_solution_value": 0.0, "scaled_age": 0.15}, "69": {"bias": -0.4472135954999579, "objective_cosine_similarity": -0.20825561709840332, "is_tight": 0.0, "dual_solution_value": 0.0, "scaled_age": 0.28}, "70": {"bias": -0.4472135954999579, "objective_cosine_similarity": -0.29369381898492775, "is_tight": 0.0, "dual_solution_value": 0.0, "scaled_age": 0.28}, "71": {"bias": -0.4472135954999579, "objective_cosine_similarity": -0.4485505599042533, "is_tight": 0.0, "dual_solution_value": 0.0, "scaled_age": 0.05}, "72": {"bias": -0.4082482904638631, "objective_cosine_similarity": -0.21935826771529632, "is_tight": 0.0, "dual_solution_value": 0.0, "scaled_age": 0.28}, "73": {"bias": -0.5, "objective_cosine_similarity": -0.22686668241117305, "is_tight": 0.0, "dual_solution_value": 0.0, "scaled_age": 0.28}, "74": {"bias": -0.5773502691896258, "objective_cosine_similarity": -0.2688568455920882, "is_tight": 1.0, "dual_solution_value": -0.01596355162353279, "scaled_age": 0.0}, "75": {"bias": -0.5, "objective_cosine_similarity": -0.4119421338518669, "is_tight": 1.0, "dual_solution_value": -0.0014766957867712479, "scaled_age": 0.0}, "76": {"bias": -0.3779644730092272, "objective_cosine_similarity": -0.30237292558314105, "is_tight": 0.0, "dual_solution_value": 0.0, "scaled_age": 0.28}, "77": {"bias": -0.5, "objective_cosine_similarity": -0.38806143044016445, "is_tight": 0.0, "dual_solution_value": 0.0, "scaled_age": 0.28}, "78": {"bias": -0.3779644730092272, "objective_cosine_similarity": -0.455815902744735, "is_tight": 0.0, "dual_solution_value": 0.0, "scaled_age": 0.28}, "79": {"bias": -0.5, "objective_cosine_similarity": -0.22686668241117305, "is_tight": 0.0, "dual_solution_value": 0.0, "scaled_age": 0.28}, "80": {"bias": -0.5, "objective_cosine_similarity": -0.4895544199398998, "is_tight": 0.0, "dual_solution_value": 0.0, "scaled_age": 0.15}, "81": {"bias": -0.31622776601683794, "objective_cosine_similarity": -0.592811707027277, "is_tight": 0.0, "dual_solution_value": 0.0, "scaled_age": 0.28}, "82": {"bias": -0.4082482904638631, "objective_cosine_similarity": -0.44359116360204365, "is_tight": 1.0, "dual_solution_value": -0.0005639950970300608, "scaled_age": 0.0}, "83": {"bias": -0.4472135954999579, "objective_cosine_similarity": -0.43253089705053, "is_tight": 0.0, "dual_solution_value": 0.0, "scaled_age": 0.11}, "84": {"bias": -0.4082482904638631, "objective_cosine_similarity": -0.4679643044592988, "is_tight": 0.0, "dual_solution_value": 0.0, "scaled_age": 0.28}, "85": {"bias": -0.4472135954999579, "objective_cosine_similarity": -0.36311235801772884, "is_tight": 0.0, "dual_solution_value": 0.0, "scaled_age": 0.28}, "86": {"bias": -0.4472135954999579, "objective_cosine_similarity": -0.21359550471631109, "is_tight": 0.0, "dual_solution_value": 0.0, "scaled_age": 0.28}, "87": {"bias": -0.4082482904638631, "objective_cosine_similarity": -0.3509732283444741, "is_tight": 0.0, "dual_solution_value": 0.0, "scaled_age": 0.28}, "88": {"bias": -0.3779644730092272, "objective_cosine_similarity": -0.44227681652459433, "is_tight": 0.0, "dual_solution_value": 0.0, "scaled_age": 0.28}, "89": {"bias": -0.4082482904638631, "objective_cosine_similarity": -0.1316149606291778, "is_tight": 0.0, "dual_solution_value": 0.0, "scaled_age": 0.28}, "90": {"bias": -0.4472135954999579, "objective_cosine_similarity": -0.57670786273404, "is_tight": 0.0, "dual_solution_value": 0.0, "scaled_age": 0.13}, "91": {"bias": -0.5773502691896258, "objective_cosine_similarity": -0.44809474265348037, "is_tight": 1.0, "dual_solution_value": -0.04582296970588122, "scaled_age": 0.0}, "92": {"bias": -0.4472135954999579, "objective_cosine_similarity": -0.22427527995212665, "is_tight": 0.0, "dual_solution_value": 0.0, "scaled_age": 0.28}, "93": {"bias": -0.5, "objective_cosine_similarity": -0.1791052755877682, "is_tight": 0.0, "dual_solution_value": 0.0, "scaled_age": 0.28}, "94": {"bias": -0.4472135954999579, "objective_cosine_similarity": -0.4218511218147144, "is_tight": 0.0, "dual_solution_value": 0.0, "scaled_age": 0.24}, "95": {"bias": -0.5, "objective_cosine_similarity": -0.40000178214601567, "is_tight": 0.0, "dual_solution_value": 0.0, "scaled_age": 0.1}, "96": {"bias": -0.5, "objective_cosine_similarity": -0.21492633070532186, "is_tight": 0.0, "dual_solution_value": 0.0, "scaled_age": 0.28}, "97": {"bias": -0.4472135954999579, "objective_cosine_similarity": -0.29369381898492775, "is_tight": 0.0, "dual_solution_value": 0.0, "scaled_age": 0.05}, "98": {"bias": -0.3779644730092272, "objective_cosine_similarity": -0.46484196022482877, "is_tight": 0.0, "dual_solution_value": 0.0, "scaled_age": 0.28}, "99": {"bias": -0.3779644730092272, "objective_cosine_similarity": -0.4061725866042193, "is_tight": 0.0, "dual_solution_value": 0.0, "scaled_age": 0.2}, "100": {"bias": -0.3333333333333333, "objective_cosine_similarity": -0.44179301311649494, "is_tight": 0.0, "dual_solution_value": 0.0, "scaled_age": 0.28}, "101": {"bias": -0.4082482904638631, "objective_cosine_similarity": -0.3217254593157679, "is_tight": 0.0, "dual_solution_value": 0.0, "scaled_age": 0.28}, "102": {"bias": -0.3779644730092272, "objective_cosine_similarity": -0.42873773030445367, "is_tight": 0.0, "dual_solution_value": 0.0, "scaled_age": 0.28}, "103": {"bias": -0.5, "objective_cosine_similarity": -0.3582105511755364, "is_tight": 0.0, "dual_solution_value": 0.0, "scaled_age": 0.18}, "104": {"bias": -0.3779644730092272, "objective_cosine_similarity": -0.342990184243563, "is_tight": 0.0, "dual_solution_value": 0.0, "scaled_age": 0.28}, "105": {"bias": -0.4082482904638631, "objective_cosine_similarity": -0.44359116360204365, "is_tight": 0.0, "dual_solution_value": 0.0, "scaled_age": 0.28}, "106": {"bias": -1.0277402395547233, "objective_cosine_similarity": -0.9477435570945639, "is_tight": 0.0, "dual_solution_value": -0.0, "scaled_age": 0.03}, "107": {"bias": -1.100429850337742, "objective_cosine_similarity": -0.9315980411685659, "is_tight": 0.0, "dual_solution_value": -0.0, "scaled_age": 0.07}, "108": {"bias": -0.8320502943378437, "objective_cosine_similarity": -0.6855131474432106, "is_tight": 0.0, "dual_solution_value": -0.0, "scaled_age": 0.09}, "109": {"bias": -1.1510558514552638, "objective_cosine_similarity": -0.9288977498393337, "is_tight": 1.0, "dual_solution_value": -0.003112745274862156, "scaled_age": 0.0}, "110": {"bias": -1.1437991566865822, "objective_cosine_similarity": -0.9386307908443066, "is_tight": 0.0, "dual_solution_value": -0.0, "scaled_age": 0.01}, "111": {"bias": -0.8660254037844387, "objective_cosine_similarity": -0.6618014660728325, "is_tight": 1.0, "dual_solution_value": -4.328550452468745e-05, "scaled_age": 0.0}, "112": {"bias": -0.9045340337332909, "objective_cosine_similarity": -0.5652237851173271, "is_tight": 1.0, "dual_solution_value": -0.004598070424383803, "scaled_age": 0.0}, "113": {"bias": -0.8017837257372732, "objective_cosine_similarity": -0.6254738722522784, "is_tight": 0.0, "dual_solution_value": -0.0, "scaled_age": 0.08}, "114": {"bias": -0.8660254037844387, "objective_cosine_similarity": -0.8272518325910406, "is_tight": 1.0, "dual_solution_value": -0.0018944008988979223, "scaled_age": 0.0}, "115": {"bias": -0.9965457582448796, "objective_cosine_similarity": -0.849794547138855, "is_tight": 0.0, "dual_solution_value": -0.0, "scaled_age": 0.1}, "116": {"bias": -0.917662935482247, "objective_cosine_similarity": -0.775223187443543, "is_tight": 1.0, "dual_solution_value": -0.00044628445998560275, "scaled_age": 0.0}, "117": {"bias": -1.1283296297199523, "objective_cosine_similarity": -0.9240654678671347, "is_tight": 1.0, "dual_solution_value": -0.0002269261795998769, "scaled_age": 0.0}, "118": {"bias": -1.1249667725023926, "objective_cosine_similarity": -0.9116578615564297, "is_tight": 1.0, "dual_solution_value": -0.00014573758893544452, "scaled_age": 0.0}, "119": {"bias": -1.11643311196046, "objective_cosine_similarity": -0.9207638628886631, "is_tight": 0.0, "dual_solution_value": -0.0, "scaled_age": 0.08}, "120": {"bias": -1.1106315942161316, "objective_cosine_similarity": -0.916996539445028, "is_tight": 1.0, "dual_solution_value": -1.2590098288210869e-06, "scaled_age": 0.0}, "121": {"bias": -1.1514622937122014, "objective_cosine_similarity": -0.9142935446582711, "is_tight": 0.0, "dual_solution_value": -0.0, "scaled_age": 0.01}, "122": {"bias": -1.0787197799411874, "objective_cosine_similarity": -0.9354313201258943, "is_tight": 1.0, "dual_solution_value": -1.2633089960848634e-06, "scaled_age": 0.0}, "123": {"bias": -1.1423167822961198, "objective_cosine_similarity": -0.9290499284969433, "is_tight": 1.0, "dual_solution_value": -0.0013009291437839953, "scaled_age": 0.0}, "124": {"bias": -0.7559289460184544, "objective_cosine_similarity": -0.6273109948665164, "is_tight": 1.0, "dual_solution_value": -0.0006455416068361288, "scaled_age": 0.0}, "125": {"bias": -1.1114049893746585, "objective_cosine_similarity": -0.9293947924858497, "is_tight": 1.0, "dual_solution_value": -0.018638739586104576, "scaled_age": 0.0}, "126": {"bias": -1.1447441975751838, "objective_cosine_similarity": -0.9217223502622612, "is_tight": 1.0, "dual_solution_value": -0.023555344893420475, "scaled_age": 0.0}, "127": {"bias": -1.1835566078639528, "objective_cosine_similarity": -0.9300053651896234, "is_tight": 1.0, "dual_solution_value": -0.006738201086201088, "scaled_age": 0.0}}