{"0": {"bias": -0.7427813527082074, "objective_cosine_similarity": -0.9139009467332372, "is_tight": 0.0, "dual_solution_value": -0.0, "scaled_age": 0.06060606060606061}, "1": {"bias": -0.8, "objective_cosine_similarity": -0.7998017266275468, "is_tight": 1.0, "dual_solution_value": -0.0003868789757941176, "scaled_age": 0.0}, "2": {"bias": -0.7071067811865475, "objective_cosine_similarity": -0.7262114814641406, "is_tight": 1.0, "dual_solution_value": -0.00951978420852238, "scaled_age": 0.0}, "3": {"bias": -0.8736209307562354, "objective_cosine_similarity": -0.9515511215080127, "is_tight": 0.0, "dual_solution_value": -0.0, "scaled_age": 0.050505050505050504}, "4": {"bias": -0.9438506626233008, "objective_cosine_similarity": -0.9420539013252697, "is_tight": 0.0, "dual_solution_value": -0.0, "scaled_age": 0.030303030303030304}, "5": {"bias": -0.6882472016116852, "objective_cosine_similarity": -0.8423725957538776, "is_tight": 1.0, "dual_solution_value": -0.0011352915948165138, "scaled_age": 0.0}, "6": {"bias": -0.8619342151577695, "objective_cosine_similarity": -0.9658643639727615, "is_tight": 0.0, "dual_solution_value": -0.0, "scaled_age": 0.030303030303030304}, "7": {"bias": -0.9576790637176493, "objective_cosine_similarity": -0.9758378859160698, "is_tight": 1.0, "dual_solution_value": -0.024213152646024954, "scaled_age": 0.0}, "8": {"bias": -0.9607465650301598, "objective_cosine_similarity": -0.9501557082367929, "is_tight": 0.0, "dual_solution_value": 0.0, "scaled_age": 0.08080808080808081}, "9": {"bias": -0.955978387142957, "objective_cosine_similarity": -0.9429265294996407, "is_tight": 1.0, "dual_solution_value": -0.0025264321796121714, "scaled_age": 0.0}, "10": {"bias": -0.9104906464806349, "objective_cosine_similarity": -0.9217666425277031, "is_tight": 0.0, "dual_solution_value": 0.0, "scaled_age": 0.04040404040404041}, "11": {"bias": -0.31622776601683794, "objective_cosine_similarity": -0.3765051845237146, "is_tight": 0.0, "dual_solution_value": 0.0, "scaled_age": 0.2727272727272727}, "12": {"bias": -0.35355339059327373, "objective_cosine_similarity": -0.5783985250599349, "is_tight": 0.0, "dual_solution_value": 0.0, "scaled_age": 0.2727272727272727}, "13": {"bias": -0.31622776601683794, "objective_cosine_similarity": -0.4512314043528488, "is_tight": 0.0, "dual_solution_value": 0.0, "scaled_age": 0.2727272727272727}, "14": {"bias": -0.3779644730092272, "objective_cosine_similarity": -0.3675652304372913, "is_tight": 0.0, "dual_solution_value": 0.0, "scaled_age": 0.2727272727272727}, "15": {"bias": -0.4082482904638631, "objective_cosine_similarity": -0.3302281158739889, "is_tight": 0.0, "dual_solution_value": 0.0, "scaled_age": 0.2727272727272727}, "16": {"bias": -0.35355339059327373, "objective_cosine_similarity": -0.5366252982500508, "is_tight": 0.0, "dual_solution_value": 0.0, "scaled_age": 0.2727272727272727}, "17": {"bias": -0.2886751345948129, "objective_cosine_similarity": -0.45651840418757417, "is_tight": 0.0, "dual_solution_value": 0.0, "scaled_age": 0.2727272727272727}, "18": {"bias": -0.3333333333333333, "objective_cosine_similarity": -0.5301715990902298, "is_tight": 0.0, "dual_solution_value": 0.0, "scaled_age": 0.2727272727272727}, "19": {"bias": -0.3779644730092272, "objective_cosine_similarity": -0.45688014624448353, "is_tight": 0.0, "dual_solution_value": 0.0, "scaled_age": 0.2727272727272727}, "20": {"bias": -0.4472135954999579, "objective_cosine_similarity": -0.34548849428903716, "is_tight": 0.0, "dual_solution_value": 0.0, "scaled_age": 0.2727272727272727}, "21": {"bias": -0.35355339059327373, "objective_cosine_similarity": -0.3213325139221861, "is_tight": 0.0, "dual_solution_value": 0.0, "scaled_age": 0.2727272727272727}, "22": {"bias": -0.30151134457776363, "objective_cosine_similarity": -0.5425859114799493, "is_tight": 0.0, "dual_solution_value": 0.0, "scaled_age": 0.15151515151515152}, "23": {"bias": -0.4082482904638631, "objective_cosine_similarity": -0.23746740916781228, "is_tight": 0.0, "dual_solution_value": 0.0, "scaled_age": 0.2727272727272727}, "24": {"bias": -0.35355339059327373, "objective_cosine_similarity": -0.27955928711230194, "is_tight": 0.0, "dual_solution_value": 0.0, "scaled_age": 0.2727272727272727}, "25": {"bias": -0.3333333333333333, "objective_cosine_similarity": -0.4453441432357931, "is_tight": 0.0, "dual_solution_value": 0.0, "scaled_age": 0.2727272727272727}, "26": {"bias": -0.3779644730092272, "objective_cosine_similarity": -0.4053523102018726, "is_tight": 0.0, "dual_solution_value": 0.0, "scaled_age": 0.2727272727272727}, "27": {"bias": -0.4472135954999579, "objective_cosine_similarity": -0.35361763533113216, "is_tight": 1.0, "dual_solution_value": -0.0013552537039291347, "scaled_age": 0.0}, "28": {"bias": -0.35355339059327373, "objective_cosine_similarity": -0.3438257898967391, "is_tight": 0.0, "dual_solution_value": 0.0, "scaled_age": 0.2727272727272727}, "29": {"bias": -0.5, "objective_cosine_similarity": -0.2272163996100985, "is_tight": 0.0, "dual_solution_value": 0.0, "scaled_age": 0.2727272727272727}, "30": {"bias": -0.4082482904638631, "objective_cosine_similarity": -0.4044366812389303, "is_tight": 0.0, "dual_solution_value": 0.0, "scaled_age": 0.2222222222222222}, "31": {"bias": -0.3779644730092272, "objective_cosine_similarity": -0.3435189069507395, "is_tight": 0.0, "dual_solution_value": 0.0, "scaled_age": 0.2727272727272727}, "32": {"bias": -0.35355339059327373, "objective_cosine_similarity": -0.42737224351650754, "is_tight": 0.0, "dual_solution_value": 0.0, "scaled_age": 0.2727272727272727}, "33": {"bias": -0.3333333333333333, "objective_cosine_similarity": -0.40293041530857465, "is_tight": 0.0, "dual_solution_value": 0.0, "scaled_age": 0.2727272727272727}, "34": {"bias": -0.3779644730092272, "objective_cosine_similarity": -0.3366485288117247, "is_tight": 0.0, "dual_solution_value": 0.0, "scaled_age": 0.2727272727272727}, "35": {"bias": -0.35355339059327373, "objective_cosine_similarity": -0.3791723664281796, "is_tight": 0.0, "dual_solution_value": 0.0, "scaled_age": 0.2727272727272727}, "36": {"bias": -0.35355339059327373, "objective_cosine_similarity": -0.3631057407320703, "is_tight": 0.0, "dual_solution_value": 0.0, "scaled_age": 0.2727272727272727}, "37": {"bias": -0.5773502691896258, "objective_cosine_similarity": -0.34632430662505626, "is_tight": 0.0, "dual_solution_value": 0.0, "scaled_age": 0.2727272727272727}, "38": {"bias": -0.35355339059327373, "objective_cosine_similarity": -0.5430519485284945, "is_tight": 0.0, "dual_solution_value": 0.0, "scaled_age": 0.2727272727272727}, "39": {"bias": -0.3779644730092272, "objective_cosine_similarity": -0.3469540960202469, "is_tight": 0.0, "dual_solution_value": 0.0, "scaled_age": 0.2727272727272727}, "40": {"bias": -0.35355339059327373, "objective_cosine_similarity": -0.4434388692126168, "is_tight": 0.0, "dual_solution_value": 0.0, "scaled_age": 0.2727272727272727}, "41": {"bias": -0.3333333333333333, "objective_cosine_similarity": -0.39384175932417076, "is_tight": 0.0, "dual_solution_value": 0.0, "scaled_age": 0.2727272727272727}, "42": {"bias": -0.4082482904638631, "objective_cosine_similarity": -0.2708612635820359, "is_tight": 0.0, "dual_solution_value": 0.0, "scaled_age": 0.09090909090909091}, "43": {"bias": -0.35355339059327373, "objective_cosine_similarity": -0.3952389921242889, "is_tight": 0.0, "dual_solution_value": 0.0, "scaled_age": 0.2727272727272727}, "44": {"bias": -0.35355339059327373, "objective_cosine_similarity": -0.40809229268117636, "is_tight": 0.0, "dual_solution_value": 0.0, "scaled_age": 0.2727272727272727}, "45": {"bias": -0.5, "objective_cosine_similarity": -0.2635710235477143, "is_tight": 0.0, "dual_solution_value": 0.0, "scaled_age": 0.2222222222222222}, "46": {"bias": -0.5, "objective_cosine_similarity": -0.2681153515399163, "is_tight": 0.0, "dual_solution_value": 0.0, "scaled_age": 0.2727272727272727}, "47": {"bias": -0.35355339059327373, "objective_cosine_similarity": -0.4787854457440573, "is_tight": 0.0, "dual_solution_value": 0.0, "scaled_age": 0.2727272727272727}, "48": {"bias": -0.5773502691896258, "objective_cosine_similarity": -0.2518722230000409, "is_tight": 1.0, "dual_solution_value": -0.017695101456834745, "scaled_age": 0.0}, "49": {"bias": -0.4472135954999579, "objective_cosine_similarity": -0.3332947827258947, "is_tight": 0.0, "dual_solution_value": 0.0, "scaled_age": 0.04040404040404041}, "50": {"bias": -0.4472135954999579, "objective_cosine_similarity": -0.4227153341889396, "is_tight": 1.0, "dual_solution_value": -0.008654547084771098, "scaled_age": 0.0}, "51": {"bias": -0.3779644730092272, "objective_cosine_similarity": -0.36069485229827647, "is_tight": 0.0, "dual_solution_value": 0.0, "scaled_age": 0.2727272727272727}, "52": {"bias": -0.3779644730092272, "objective_cosine_similarity": -0.30916701625566556, "is_tight": 0.0, "dual_solution_value": 0.0, "scaled_age": 0.2727272727272727}, "53": {"bias": -0.5, "objective_cosine_similarity": -0.42716683126698524, "is_tight": 0.0, "dual_solution_value": 0.0, "scaled_age": 0.2727272727272727}, "54": {"bias": -0.4082482904638631, "objective_cosine_similarity": -0.28570297665502414, "is_tight": 0.0, "dual_solution_value": 0.0, "scaled_age": 0.2727272727272727}, "55": {"bias": -0.3333333333333333, "objective_cosine_similarity": -0.42413727927218386, "is_tight": 0.0, "dual_solution_value": 0.0, "scaled_age": 0.2727272727272727}, "56": {"bias": -0.3779644730092272, "objective_cosine_similarity": -0.4500097681054687, "is_tight": 0.0, "dual_solution_value": 0.0, "scaled_age": 0.24242424242424243}, "57": {"bias": -0.4472135954999579, "objective_cosine_similarity": -0.25606794282599227, "is_tight": 0.0, "dual_solution_value": 0.0, "scaled_age": 0.2727272727272727}, "58": {"bias": -0.35355339059327373, "objective_cosine_similarity": -0.4595054949087261, "is_tight": 0.0, "dual_solution_value": 0.0, "scaled_age": 0.2727272727272727}, "59": {"bias": -0.35355339059327373, "objective_cosine_similarity": -0.28919926252996747, "is_tight": 0.0, "dual_solution_value": 0.0, "scaled_age": 0.2727272727272727}, "60": {"bias": -0.31622776601683794, "objective_cosine_similarity": -0.3851274406578455, "is_tight": 0.0, "dual_solution_value": 0.0, "scaled_age": 0.2727272727272727}, "61": {"bias": -0.3779644730092272, "objective_cosine_similarity": -0.30916701625566556, "is_tight": 0.0, "dual_solution_value": 0.0, "scaled_age": 0.2727272727272727}, "62": {"bias": -0.5, "objective_cosine_similarity": -0.1408741677582611, "is_tight": 0.0, "dual_solution_value": 0.0, "scaled_age": 0.2727272727272727}, "63": {"bias": -0.30151134457776363, "objective_cosine_similarity": -0.4685969235508653, "is_tight": 0.0, "dual_solution_value": 0.0, "scaled_age": 0.2727272727272727}, "64": {"bias": -0.4082482904638631, "objective_cosine_similarity": -0.40814710950717736, "is_tight": 0.0, "dual_solution_value": 0.0, "scaled_age": 0.2727272727272727}, "65": {"bias": -0.3333333333333333, "objective_cosine_similarity": -0.35142803139695233, "is_tight": 0.0, "dual_solution_value": 0.0, "scaled_age": 0.2727272727272727}, "66": {"bias": -0.4472135954999579, "objective_cosine_similarity": -0.36581134689427464, "is_tight": 0.0, "dual_solution_value": 0.0, "scaled_age": 0.13131313131313133}, "67": {"bias": -0.4472135954999579, "objective_cosine_similarity": -0.6625249949307418, "is_tight": 1.0, "dual_solution_value": -0.015342215850175018, "scaled_age": 0.0}, "68": {"bias": -0.4082482904638631, "objective_cosine_similarity": -0.2671508353137888, "is_tight": 0.0, "dual_solution_value": 0.0, "scaled_age": 0.2727272727272727}, "69": {"bias": -0.35355339059327373, "objective_cosine_similarity": -0.33418581447907353, "is_tight": 0.0, "dual_solution_value": 0.0, "scaled_age": 0.2727272727272727}, "70": {"bias": -0.4082482904638631, "objective_cosine_similarity": -0.2634404070455417, "is_tight": 0.0, "dual_solution_value": 0.0, "scaled_age": 0.2727272727272727}, "71": {"bias": -0.35355339059327373, "objective_cosine_similarity": -0.3116925385045205, "is_tight": 0.0, "dual_solution_value": 0.0, "scaled_age": 0.2727272727272727}, "72": {"bias": -0.3779644730092272, "objective_cosine_similarity": -0.3881763648543356, "is_tight": 0.0, "dual_solution_value": 0.0, "scaled_age": 0.09090909090909091}, "73": {"bias": -0.3779644730092272, "objective_cosine_similarity": -0.3160373943946803, "is_tight": 0.0, "dual_solution_value": 0.0, "scaled_age": 0.2727272727272727}, "74": {"bias": -0.3779644730092272, "objective_cosine_similarity": -0.5015376041480797, "is_tight": 0.0, "dual_solution_value": 0.0, "scaled_age": 0.2222222222222222}, "75": {"bias": -0.4472135954999579, "objective_cosine_similarity": -0.24793880178389727, "is_tight": 0.0, "dual_solution_value": 0.0, "scaled_age": 0.2727272727272727}, "76": {"bias": -0.3779644730092272, "objective_cosine_similarity": -0.3126022053251729, "is_tight": 0.0, "dual_solution_value": 0.0, "scaled_age": 0.2727272727272727}, "77": {"bias": -0.35355339059327373, "objective_cosine_similarity": -0.42415891837728564, "is_tight": 0.0, "dual_solution_value": 0.0, "scaled_age": 0.2727272727272727}, "78": {"bias": -0.4472135954999579, "objective_cosine_similarity": -0.45929646887836706, "is_tight": 0.0, "dual_solution_value": 0.0, "scaled_age": 0.010101010101010102}, "79": {"bias": -0.5773502691896258, "objective_cosine_similarity": -0.17840949129169564, "is_tight": 1.0, "dual_solution_value": -0.005247337979167519, "scaled_age": 0.0}, "80": {"bias": -0.4082482904638631, "objective_cosine_similarity": -0.3228072593374948, "is_tight": 0.0, "dual_solution_value": 0.0, "scaled_age": 0.2727272727272727}, "81": {"bias": -0.3333333333333333, "objective_cosine_similarity": -0.5907626389862561, "is_tight": 0.0, "dual_solution_value": 0.0, "scaled_age": 0.2727272727272727}, "82": {"bias": -0.31622776601683794, "objective_cosine_similarity": -0.6150542709013354, "is_tight": 0.0, "dual_solution_value": 0.0, "scaled_age": 0.2727272727272727}, "83": {"bias": -0.4082482904638631, "objective_cosine_similarity": -0.5417225271640718, "is_tight": 0.0, "dual_solution_value": 0.0, "scaled_age": 0.010101010101010102}, "84": {"bias": -0.3779644730092272, "objective_cosine_similarity": -0.36069485229827647, "is_tight": 0.0, "dual_solution_value": 0.0, "scaled_age": 0.2727272727272727}, "85": {"bias": -0.4082482904638631, "objective_cosine_similarity": -0.3376489724104831, "is_tight": 0.0, "dual_solution_value": 0.0, "scaled_age": 0.0707070707070707}, "86": {"bias": -0.4472135954999579, "objective_cosine_similarity": -0.2926490775154197, "is_tight": 0.0, "dual_solution_value": 0.0, "scaled_age": 0.1717171717171717}, "87": {"bias": -0.4082482904638631, "objective_cosine_similarity": -0.19665269821709455, "is_tight": 0.0, "dual_solution_value": 0.0, "scaled_age": 0.2727272727272727}, "88": {"bias": -0.35355339059327373, "objective_cosine_similarity": -0.3727457161497359, "is_tight": 0.0, "dual_solution_value": 0.0, "scaled_age": 0.2727272727272727}, "89": {"bias": -0.4082482904638631, "objective_cosine_similarity": -0.3228072593374948, "is_tight": 0.0, "dual_solution_value": 0.0, "scaled_age": 0.24242424242424243}, "90": {"bias": -0.3779644730092272, "objective_cosine_similarity": -0.3366485288117247, "is_tight": 1.0, "dual_solution_value": -4.0950847916092204e-05, "scaled_age": 0.0}, "91": {"bias": -0.5, "objective_cosine_similarity": -0.40898951929817734, "is_tight": 1.0, "dual_solution_value": -0.000640381063232844, "scaled_age": 0.0}, "92": {"bias": -0.35355339059327373, "objective_cosine_similarity": -0.6169584267305973, "is_tight": 0.0, "dual_solution_value": 0.0, "scaled_age": 0.2727272727272727}, "93": {"bias": -0.4082482904638631, "objective_cosine_similarity": -0.45267224872614215, "is_tight": 1.0, "dual_solution_value": -0.001298612337361202, "scaled_age": 0.0}, "94": {"bias": -0.4082482904638631, "objective_cosine_similarity": -0.3042551179962595, "is_tight": 0.0, "dual_solution_value": 0.0, "scaled_age": 0.2727272727272727}, "95": {"bias": -0.4472135954999579, "objective_cosine_similarity": -0.3170365006417047, "is_tight": 0.0, "dual_solution_value": 0.0, "scaled_age": 0.2727272727272727}, "96": {"bias": -0.4472135954999579, "objective_cosine_similarity": -0.19509938501027982, "is_tight": 0.0, "dual_solution_value": 0.0, "scaled_age": 0.2727272727272727}, "97": {"bias": -0.35355339059327373, "objective_cosine_similarity": -0.3534657653144047, "is_tight": 0.0, "dual_solution_value": 0.0, "scaled_age": 0.2727272727272727}, "98": {"bias": -0.5, "objective_cosine_similarity": -0.3680905673683596, "is_tight": 0.0, "dual_solution_value": 0.0, "scaled_age": 0.06060606060606061}, "99": {"bias": -0.3779644730092272, "objective_cosine_similarity": -0.3984819320628578, "is_tight": 0.0, "dual_solution_value": 0.0, "scaled_age": 0.2727272727272727}, "100": {"bias": -0.4472135954999579, "objective_cosine_similarity": -0.548717020341412, "is_tight": 0.0, "dual_solution_value": 0.0, "scaled_age": 0.1919191919191919}, "101": {"bias": -0.4472135954999579, "objective_cosine_similarity": -0.5283941677361744, "is_tight": 0.0, "dual_solution_value": 0.0, "scaled_age": 0.2727272727272727}, "102": {"bias": -0.4472135954999579, "objective_cosine_similarity": -0.32923021220484716, "is_tight": 1.0, "dual_solution_value": -0.0094081803709531, "scaled_age": 0.0}, "103": {"bias": -0.4082482904638631, "objective_cosine_similarity": -0.3376489724104831, "is_tight": 1.0, "dual_solution_value": -3.064089711054512e-05, "scaled_age": 0.0}, "104": {"bias": -0.35355339059327373, "objective_cosine_similarity": -0.6041051261737099, "is_tight": 1.0, "dual_solution_value": -0.01069188041087596, "scaled_age": 0.0}, "105": {"bias": -0.5, "objective_cosine_similarity": -0.29538131949312807, "is_tight": 0.0, "dual_solution_value": 0.0, "scaled_age": 0.2727272727272727}, "106": {"bias": -0.5773502691896258, "objective_cosine_similarity": -0.3568189825833913, "is_tight": 1.0, "dual_solution_value": -0.02094115680334934, "scaled_age": 0.0}, "107": {"bias": -0.30151134457776363, "objective_cosine_similarity": -0.4576355920058158, "is_tight": 0.0, "dual_solution_value": 0.0, "scaled_age": 0.2727272727272727}, "108": {"bias": -0.898596765899797, "objective_cosine_similarity": -0.9843699653947069, "is_tight": 0.0, "dual_solution_value": -0.0, "scaled_age": 0.050505050505050504}, "109": {"bias": -0.9419089096812815, "objective_cosine_similarity": -0.9850239858265681, "is_tight": 0.0, "dual_solution_value": -0.0, "scaled_age": 0.050505050505050504}, "110": {"bias": -0.8978946243254923, "objective_cosine_similarity": -0.9824932296911517, "is_tight": 0.0, "dual_solution_value": -0.0, "scaled_age": 0.050505050505050504}, "111": {"bias": -0.0, "objective_cosine_similarity": -0.34955306481008463, "is_tight": 0.0, "dual_solution_value": 0.0, "scaled_age": 0.10101010101010101}, "112": {"bias": -0.8438159256945179, "objective_cosine_similarity": -0.9627342976033466, "is_tight": 0.0, "dual_solution_value": -0.0, "scaled_age": 0.06060606060606061}, "113": {"bias": -0.8795989942670849, "objective_cosine_similarity": -0.9737145903681657, "is_tight": 0.0, "dual_solution_value": -0.0, "scaled_age": 0.10101010101010101}, "114": {"bias": -0.9002716809003954, "objective_cosine_similarity": -0.9843032610744816, "is_tight": 0.0, "dual_solution_value": -0.0, "scaled_age": 0.050505050505050504}, "115": {"bias": -0.8571428571428571, "objective_cosine_similarity": -0.9361315663936058, "is_tight": 1.0, "dual_solution_value": -0.0008078126538460417, "scaled_age": 0.0}, "116": {"bias": -0.9197090092274488, "objective_cosine_similarity": -0.9846806335356569, "is_tight": 0.0, "dual_solution_value": -0.0, "scaled_age": 0.06060606060606061}, "117": {"bias": -0.7878385971583353, "objective_cosine_similarity": -0.9069832375689513, "is_tight": 0.0, "dual_solution_value": -0.0, "scaled_age": 0.010101010101010102}, "118": {"bias": -0.7969722925954422, "objective_cosine_similarity": -0.9578340545962241, "is_tight": 0.0, "dual_solution_value": -0.0, "scaled_age": 0.0707070707070707}, "119": {"bias": -0.9105766291591555, "objective_cosine_similarity": -0.9866445668574296, "is_tight": 0.0, "dual_solution_value": -0.0, "scaled_age": 0.0707070707070707}, "120": {"bias": -0.908040890365185, "objective_cosine_similarity": -0.9860530596145259, "is_tight": 1.0, "dual_solution_value": -8.526472732696636e-05, "scaled_age": 0.0}, "121": {"bias": -0.9710541684552612, "objective_cosine_similarity": -0.961879392756781, "is_tight": 0.0, "dual_solution_value": 0.0, "scaled_age": 0.030303030303030304}, "122": {"bias": -0.8385254915624211, "objective_cosine_similarity": -0.9805776382027084, "is_tight": 0.0, "dual_solution_value": -0.0, "scaled_age": 0.06060606060606061}, "123": {"bias": -0.5773502691896258, "objective_cosine_similarity": -0.5483468188230057, "is_tight": 1.0, "dual_solution_value": -0.0009716746759371541, "scaled_age": 0.0}, "124": {"bias": -0.9301986137797906, "objective_cosine_similarity": -0.9908884400967226, "is_tight": 1.0, "dual_solution_value": -9.052118587375838e-06, "scaled_age": 0.0}, "125": {"bias": -0.9382727211597027, "objective_cosine_similarity": -0.9881723528430999, "is_tight": 1.0, "dual_solution_value": -1.91102152181205e-05, "scaled_age": 0.0}, "126": {"bias": -0.5, "objective_cosine_similarity": -0.4907874231578128, "is_tight": 1.0, "dual_solution_value": -0.0024659207851479687, "scaled_age": 0.0}, "127": {"bias": -0.9492718232785045, "objective_cosine_similarity": -0.9835880965802106, "is_tight": 1.0, "dual_solution_value": -0.01821020409358255, "scaled_age": 0.0}, "128": {"bias": -0.9251872646272994, "objective_cosine_similarity": -0.9869094532136459, "is_tight": 1.0, "dual_solution_value": -0.017758985959603443, "scaled_age": 0.0}, "129": {"bias": -0.9214095799400802, "objective_cosine_similarity": -0.9883178941396941, "is_tight": 1.0, "dual_solution_value": -0.019742549798292246, "scaled_age": 0.0}, "130": {"bias": -0.9105440918047224, "objective_cosine_similarity": -0.9874423227950945, "is_tight": 1.0, "dual_solution_value": -0.02096467159234073, "scaled_age": 0.0}, "131": {"bias": -0.0, "objective_cosine_similarity": -0.38206962897846464, "is_tight": 1.0, "dual_solution_value": -0.000199145420923456, "scaled_age": 0.0}}