{"0": {"bias": -0.8090398349558905, "objective_cosine_similarity": -0.8447779540954558, "is_tight": 1.0, "dual_solution_value": -2.36534685185182e-06, "scaled_age": 0.0}, "1": {"bias": -0.9607689228305227, "objective_cosine_similarity": -0.9594816571836101, "is_tight": 0.0, "dual_solution_value": -0.0, "scaled_age": 0.05555555555555555}, "2": {"bias": -0.8219949365267865, "objective_cosine_similarity": -0.8897188081109036, "is_tight": 0.0, "dual_solution_value": -0.0, "scaled_age": 0.009259259259259259}, "3": {"bias": -0.75, "objective_cosine_similarity": -0.6488470040398651, "is_tight": 0.0, "dual_solution_value": -0.0, "scaled_age": 0.06481481481481481}, "4": {"bias": -0.8903441752344553, "objective_cosine_similarity": -0.9079154012087481, "is_tight": 0.0, "dual_solution_value": -0.0, "scaled_age": 0.12962962962962962}, "5": {"bias": -0.7276068751089989, "objective_cosine_similarity": -0.6929688289253743, "is_tight": 0.0, "dual_solution_value": -0.0, "scaled_age": 0.07407407407407407}, "6": {"bias": -0.9333354255163124, "objective_cosine_similarity": -0.916900653978823, "is_tight": 0.0, "dual_solution_value": -0.0, "scaled_age": 0.07407407407407407}, "7": {"bias": -0.8958576615161159, "objective_cosine_similarity": -0.9371578028427617, "is_tight": 0.0, "dual_solution_value": -0.0, "scaled_age": 0.12962962962962962}, "8": {"bias": -0.9103664774626047, "objective_cosine_similarity": -0.929412263059024, "is_tight": 0.0, "dual_solution_value": -0.0, "scaled_age": 0.06481481481481481}, "9": {"bias": -0.9010608298590007, "objective_cosine_similarity": -0.8583482242345849, "is_tight": 0.0, "dual_solution_value": -0.0, "scaled_age": 0.037037037037037035}, "10": {"bias": -0.9428090415820634, "objective_cosine_similarity": -0.9419004702982331, "is_tight": 0.0, "dual_solution_value": -0.0, "scaled_age": 0.07407407407407407}, "11": {"bias": -0.9447578376368713, "objective_cosine_similarity": -0.8986296914828986, "is_tight": 0.0, "dual_solution_value": -0.0, "scaled_age": 0.08333333333333333}, "12": {"bias": -0.8879650946652241, "objective_cosine_similarity": -0.9019694591931351, "is_tight": 1.0, "dual_solution_value": -1.336106943075652e-07, "scaled_age": 0.0}, "13": {"bias": -0.8886617051320622, "objective_cosine_similarity": -0.9182490559465804, "is_tight": 0.0, "dual_solution_value": -0.0, "scaled_age": 0.10185185185185185}, "14": {"bias": -0.8677218312746247, "objective_cosine_similarity": -0.915517381523411, "is_tight": 0.0, "dual_solution_value": -0.0, "scaled_age": 0.10185185185185185}, "15": {"bias": -0.7977240352174656, "objective_cosine_similarity": -0.9171501277887952, "is_tight": 0.0, "dual_solution_value": -0.0, "scaled_age": 0.1388888888888889}, "16": {"bias": -0.8574929257125441, "objective_cosine_similarity": -0.8886625527337589, "is_tight": 1.0, "dual_solution_value": -0.000776671646506696, "scaled_age": 0.0}, "17": {"bias": -0.9750168689498874, "objective_cosine_similarity": -0.9506055182622348, "is_tight": 1.0, "dual_solution_value": -1.7338051240918845e-05, "scaled_age": 0.0}, "18": {"bias": -1.0169503597462533, "objective_cosine_similarity": -0.9610267081064731, "is_tight": 0.0, "dual_solution_value": -0.0, "scaled_age": 0.12037037037037036}, "19": {"bias": -0.9810524169886053, "objective_cosine_similarity": -0.8871436018008099, "is_tight": 0.0, "dual_solution_value": 0.0, "scaled_age": 0.1111111111111111}, "20": {"bias": -0.9692880248346544, "objective_cosine_similarity": -0.9673706784437938, "is_tight": 0.0, "dual_solution_value": 0.0, "scaled_age": 0.009259259259259259}, "21": {"bias": -0.9222928475194239, "objective_cosine_similarity": -0.9067469194979556, "is_tight": 1.0, "dual_solution_value": -0.0006012569694569481, "scaled_age": 0.0}, "22": {"bias": -0.989518597479049, "objective_cosine_similarity": -0.9692114198680274, "is_tight": 1.0, "dual_solution_value": -0.0038284979210718253, "scaled_age": 0.0}, "23": {"bias": -0.9735765518370245, "objective_cosine_similarity": -0.969390383743955, "is_tight": 0.0, "dual_solution_value": 0.0, "scaled_age": 0.12962962962962962}, "24": {"bias": -1.0119566148500356, "objective_cosine_similarity": -0.9381112551974957, "is_tight": 0.0, "dual_solution_value": 0.0, "scaled_age": 0.05555555555555555}, "25": {"bias": -0.4082482904638631, "objective_cosine_similarity": -0.2008562374868472, "is_tight": 0.0, "dual_solution_value": 0.0, "scaled_age": 0.2037037037037037}, "26": {"bias": -0.3779644730092272, "objective_cosine_similarity": -0.6022268795045346, "is_tight": 1.0, "dual_solution_value": -0.026796281363897282, "scaled_age": 0.0}, "27": {"bias": -0.7071067811865475, "objective_cosine_similarity": -0.10851714755695002, "is_tight": 0.0, "dual_solution_value": 0.0, "scaled_age": 0.05555555555555555}, "28": {"bias": -0.3333333333333333, "objective_cosine_similarity": -0.26480480628641445, "is_tight": 0.0, "dual_solution_value": 0.0, "scaled_age": 0.2037037037037037}, "29": {"bias": -0.3779644730092272, "objective_cosine_similarity": -0.44015448983617544, "is_tight": 0.0, "dual_solution_value": 0.0, "scaled_age": 0.2037037037037037}, "30": {"bias": -0.4082482904638631, "objective_cosine_similarity": -0.19164264861130373, "is_tight": 0.0, "dual_solution_value": 0.0, "scaled_age": 0.2037037037037037}, "31": {"bias": -0.3779644730092272, "objective_cosine_similarity": -0.32585080449112214, "is_tight": 0.0, "dual_solution_value": 0.0, "scaled_age": 0.2037037037037037}, "32": {"bias": -0.4472135954999579, "objective_cosine_similarity": -0.2664546964312889, "is_tight": 0.0, "dual_solution_value": 0.0, "scaled_age": 0.2037037037037037}, "33": {"bias": -0.4082482904638631, "objective_cosine_similarity": -0.3464309417204337, "is_tight": 0.0, "dual_solution_value": 0.0, "scaled_age": 0.2037037037037037}, "34": {"bias": -0.4472135954999579, "objective_cosine_similarity": -0.26241750406111786, "is_tight": 0.0, "dual_solution_value": 0.0, "scaled_age": 0.2037037037037037}, "35": {"bias": -0.4082482904638631, "objective_cosine_similarity": -0.42198237049988996, "is_tight": 0.0, "dual_solution_value": 0.0, "scaled_age": 0.2037037037037037}, "36": {"bias": -0.31622776601683794, "objective_cosine_similarity": -0.38110593460398845, "is_tight": 0.0, "dual_solution_value": 0.0, "scaled_age": 0.2037037037037037}, "37": {"bias": -0.35355339059327373, "objective_cosine_similarity": -0.18671332741416402, "is_tight": 0.0, "dual_solution_value": 0.0, "scaled_age": 0.2037037037037037}, "38": {"bias": -0.4472135954999579, "objective_cosine_similarity": -0.19580382995329562, "is_tight": 0.0, "dual_solution_value": 0.0, "scaled_age": 0.2037037037037037}, "39": {"bias": -0.35355339059327373, "objective_cosine_similarity": -0.48673132360102583, "is_tight": 1.0, "dual_solution_value": -0.0025331131737952334, "scaled_age": 0.0}, "40": {"bias": -0.4472135954999579, "objective_cosine_similarity": -0.3330683705391111, "is_tight": 0.0, "dual_solution_value": 0.0, "scaled_age": 0.2037037037037037}, "41": {"bias": -0.3779644730092272, "objective_cosine_similarity": -0.20984109399166503, "is_tight": 0.0, "dual_solution_value": 0.0, "scaled_age": 0.2037037037037037}, "42": {"bias": -0.31622776601683794, "objective_cosine_similarity": -0.3882427498587448, "is_tight": 0.0, "dual_solution_value": 0.0, "scaled_age": 0.2037037037037037}, "43": {"bias": -0.3333333333333333, "objective_cosine_similarity": -0.40773921877055863, "is_tight": 0.0, "dual_solution_value": 0.0, "scaled_age": 0.2037037037037037}, "44": {"bias": -0.35355339059327373, "objective_cosine_similarity": -0.3574682507758354, "is_tight": 0.0, "dual_solution_value": 0.0, "scaled_age": 0.2037037037037037}, "45": {"bias": -0.30151134457776363, "objective_cosine_similarity": -0.43141711470205446, "is_tight": 0.0, "dual_solution_value": 0.0, "scaled_age": 0.2037037037037037}, "46": {"bias": -0.3779644730092272, "objective_cosine_similarity": -0.29855440202066164, "is_tight": 0.0, "dual_solution_value": 0.0, "scaled_age": 0.2037037037037037}, "47": {"bias": -0.4472135954999579, "objective_cosine_similarity": -0.23819434984009158, "is_tight": 0.0, "dual_solution_value": 0.0, "scaled_age": 0.2037037037037037}, "48": {"bias": -0.4472135954999579, "objective_cosine_similarity": -0.2603989078760323, "is_tight": 0.0, "dual_solution_value": 0.0, "scaled_age": 0.09259259259259259}, "49": {"bias": -0.5, "objective_cosine_similarity": -0.23922706931556764, "is_tight": 0.0, "dual_solution_value": 0.0, "scaled_age": 0.2037037037037037}, "50": {"bias": -0.4472135954999579, "objective_cosine_similarity": -0.21397119561906533, "is_tight": 0.0, "dual_solution_value": 0.0, "scaled_age": 0.2037037037037037}, "51": {"bias": -0.31622776601683794, "objective_cosine_similarity": -0.45818353935535694, "is_tight": 0.0, "dual_solution_value": 0.0, "scaled_age": 0.2037037037037037}, "52": {"bias": -0.4472135954999579, "objective_cosine_similarity": -0.23415715746992055, "is_tight": 1.0, "dual_solution_value": -2.638626281261591e-05, "scaled_age": 0.0}, "53": {"bias": -0.5, "objective_cosine_similarity": -0.16926443583648654, "is_tight": 0.0, "dual_solution_value": 0.0, "scaled_age": 0.07407407407407407}, "54": {"bias": -0.4082482904638631, "objective_cosine_similarity": -0.320632892868912, "is_tight": 0.0, "dual_solution_value": 0.0, "scaled_age": 0.2037037037037037}, "55": {"bias": -0.3779644730092272, "objective_cosine_similarity": -0.36850143335121666, "is_tight": 0.0, "dual_solution_value": 0.0, "scaled_age": 0.2037037037037037}, "56": {"bias": -0.5, "objective_cosine_similarity": -0.17152129498097302, "is_tight": 1.0, "dual_solution_value": -6.64904349917478e-05, "scaled_age": 0.0}, "57": {"bias": -0.4472135954999579, "objective_cosine_similarity": -0.4117936217574465, "is_tight": 1.0, "dual_solution_value": -0.0062220530260716205, "scaled_age": 0.0}, "58": {"bias": -0.4082482904638631, "objective_cosine_similarity": -0.2561377707401079, "is_tight": 0.0, "dual_solution_value": 0.0, "scaled_age": 0.2037037037037037}, "59": {"bias": -0.35355339059327373, "objective_cosine_similarity": -0.21065093349290298, "is_tight": 0.0, "dual_solution_value": 0.0, "scaled_age": 0.2037037037037037}, "60": {"bias": -0.4472135954999579, "objective_cosine_similarity": -0.26241750406111786, "is_tight": 0.0, "dual_solution_value": 0.0, "scaled_age": 0.2037037037037037}, "61": {"bias": -0.5773502691896258, "objective_cosine_similarity": -0.304901586894608, "is_tight": 1.0, "dual_solution_value": -0.015635978815108104, "scaled_age": 0.0}, "62": {"bias": -0.4082482904638631, "objective_cosine_similarity": -0.3114193039933686, "is_tight": 0.0, "dual_solution_value": 0.0, "scaled_age": 0.2037037037037037}, "63": {"bias": -0.35355339059327373, "objective_cosine_similarity": -0.2920387941606155, "is_tight": 0.0, "dual_solution_value": 0.0, "scaled_age": 0.2037037037037037}, "64": {"bias": -0.3779644730092272, "objective_cosine_similarity": -0.36167733273360153, "is_tight": 0.0, "dual_solution_value": 0.0, "scaled_age": 0.2037037037037037}, "65": {"bias": -0.5, "objective_cosine_similarity": -0.37238175884027036, "is_tight": 0.0, "dual_solution_value": 0.0, "scaled_age": 0.2037037037037037}, "66": {"bias": -0.4472135954999579, "objective_cosine_similarity": -0.2644361002462034, "is_tight": 0.0, "dual_solution_value": 0.0, "scaled_age": 0.2037037037037037}, "67": {"bias": -0.4082482904638631, "objective_cosine_similarity": -0.23402515743880362, "is_tight": 0.0, "dual_solution_value": 0.0, "scaled_age": 0.2037037037037037}, "68": {"bias": -0.4472135954999579, "objective_cosine_similarity": -0.3976634484618478, "is_tight": 1.0, "dual_solution_value": -0.018658025403772656, "scaled_age": 0.0}, "69": {"bias": -0.35355339059327373, "objective_cosine_similarity": -0.288847113350117, "is_tight": 0.0, "dual_solution_value": 0.0, "scaled_age": 0.2037037037037037}, "70": {"bias": -0.4082482904638631, "objective_cosine_similarity": -0.2506096174147818, "is_tight": 0.0, "dual_solution_value": 0.0, "scaled_age": 0.2037037037037037}, "71": {"bias": -0.4082482904638631, "objective_cosine_similarity": -0.4440949838011942, "is_tight": 1.0, "dual_solution_value": -0.005119553846269411, "scaled_age": 0.0}, "72": {"bias": -0.30151134457776363, "objective_cosine_similarity": -0.40419836929498476, "is_tight": 0.0, "dual_solution_value": 0.0, "scaled_age": 0.2037037037037037}, "73": {"bias": -0.5773502691896258, "objective_cosine_similarity": -0.15635978815108104, "is_tight": 0.0, "dual_solution_value": 0.0, "scaled_age": 0.05555555555555555}, "74": {"bias": -0.35355339059327373, "objective_cosine_similarity": -0.24575942240838683, "is_tight": 0.0, "dual_solution_value": 0.0, "scaled_age": 0.2037037037037037}, "75": {"bias": -0.4472135954999579, "objective_cosine_similarity": -0.24626873458043366, "is_tight": 0.0, "dual_solution_value": 0.0, "scaled_age": 0.2037037037037037}, "76": {"bias": -0.4082482904638631, "objective_cosine_similarity": -0.49937651705445496, "is_tight": 0.0, "dual_solution_value": 0.0, "scaled_age": 0.10185185185185185}, "77": {"bias": -0.4082482904638631, "objective_cosine_similarity": -0.11056306650652138, "is_tight": 0.0, "dual_solution_value": 0.0, "scaled_age": 0.2037037037037037}, "78": {"bias": -0.4472135954999579, "objective_cosine_similarity": -0.34517994764962423, "is_tight": 0.0, "dual_solution_value": 0.0, "scaled_age": 0.08333333333333333}, "79": {"bias": -0.4082482904638631, "objective_cosine_similarity": -0.42013965272478127, "is_tight": 0.0, "dual_solution_value": 0.0, "scaled_age": 0.14814814814814814}, "80": {"bias": -0.5, "objective_cosine_similarity": -0.37238175884027036, "is_tight": 1.0, "dual_solution_value": -0.004432535031290484, "scaled_age": 0.0}, "81": {"bias": -0.5, "objective_cosine_similarity": -0.176035013269946, "is_tight": 1.0, "dual_solution_value": -0.00011166158512774321, "scaled_age": 0.0}, "82": {"bias": -0.4472135954999579, "objective_cosine_similarity": -0.1493761176963286, "is_tight": 0.0, "dual_solution_value": 0.0, "scaled_age": 0.2037037037037037}, "83": {"bias": -0.4082482904638631, "objective_cosine_similarity": -0.3243183284191294, "is_tight": 0.0, "dual_solution_value": 0.0, "scaled_age": 0.2037037037037037}, "84": {"bias": -0.3779644730092272, "objective_cosine_similarity": -0.4060339867480998, "is_tight": 0.0, "dual_solution_value": 0.0, "scaled_age": 0.2037037037037037}, "85": {"bias": -0.35355339059327373, "objective_cosine_similarity": -0.4053434629333133, "is_tight": 0.0, "dual_solution_value": 0.0, "scaled_age": 0.2037037037037037}, "86": {"bias": -0.31622776601683794, "objective_cosine_similarity": -0.4196447369796727, "is_tight": 0.0, "dual_solution_value": 0.0, "scaled_age": 0.2037037037037037}, "87": {"bias": -0.35355339059327373, "objective_cosine_similarity": -0.33991400631809343, "is_tight": 0.0, "dual_solution_value": 0.0, "scaled_age": 0.2037037037037037}, "88": {"bias": -0.5, "objective_cosine_similarity": -0.2234290553041622, "is_tight": 0.0, "dual_solution_value": 0.0, "scaled_age": 0.009259259259259259}, "89": {"bias": -0.2886751345948129, "objective_cosine_similarity": -0.44562539623058095, "is_tight": 0.0, "dual_solution_value": 0.0, "scaled_age": 0.2037037037037037}, "90": {"bias": -0.3779644730092272, "objective_cosine_similarity": -0.5356918984827872, "is_tight": 1.0, "dual_solution_value": -0.004782955843377392, "scaled_age": 0.0}, "91": {"bias": -0.4472135954999579, "objective_cosine_similarity": -0.24425013839534815, "is_tight": 1.0, "dual_solution_value": -0.002018596185085522, "scaled_age": 0.0}, "92": {"bias": -0.4472135954999579, "objective_cosine_similarity": -0.3492171400197953, "is_tight": 1.0, "dual_solution_value": -0.0001315968053331448, "scaled_age": 0.0}, "93": {"bias": -0.4472135954999579, "objective_cosine_similarity": -0.2684732926163744, "is_tight": 0.0, "dual_solution_value": 0.0, "scaled_age": 0.2037037037037037}, "94": {"bias": -0.3779644730092272, "objective_cosine_similarity": -0.26272787377818224, "is_tight": 0.0, "dual_solution_value": 0.0, "scaled_age": 0.2037037037037037}, "95": {"bias": -0.3779644730092272, "objective_cosine_similarity": -0.32243875418231455, "is_tight": 0.0, "dual_solution_value": 0.0, "scaled_age": 0.2037037037037037}, "96": {"bias": -0.35355339059327373, "objective_cosine_similarity": -0.6878072146624332, "is_tight": 1.0, "dual_solution_value": -0.01570571410222195, "scaled_age": 0.0}, "97": {"bias": -0.3779644730092272, "objective_cosine_similarity": -0.37703155912323555, "is_tight": 0.0, "dual_solution_value": 0.0, "scaled_age": 0.2037037037037037}, "98": {"bias": -0.4082482904638631, "objective_cosine_similarity": -0.25982320629032524, "is_tight": 0.0, "dual_solution_value": 0.0, "scaled_age": 0.2037037037037037}, "99": {"bias": -0.7071067811865475, "objective_cosine_similarity": -0.14362563647243384, "is_tight": 1.0, "dual_solution_value": -0.0005684210377849086, "scaled_age": 0.0}, "100": {"bias": -0.5, "objective_cosine_similarity": -0.3159602802281082, "is_tight": 1.0, "dual_solution_value": -0.0012934956468039357, "scaled_age": 0.0}, "101": {"bias": -0.3779644730092272, "objective_cosine_similarity": -0.264433898932586, "is_tight": 0.0, "dual_solution_value": 0.0, "scaled_age": 0.2037037037037037}, "102": {"bias": -0.35355339059327373, "objective_cosine_similarity": -0.288847113350117, "is_tight": 0.0, "dual_solution_value": 0.0, "scaled_age": 0.2037037037037037}, "103": {"bias": -0.4472135954999579, "objective_cosine_similarity": -0.4037192370171044, "is_tight": 0.0, "dual_solution_value": 0.0, "scaled_age": 0.2037037037037037}, "104": {"bias": -0.5, "objective_cosine_similarity": -0.2843642522052974, "is_tight": 0.0, "dual_solution_value": 0.0, "scaled_age": 0.027777777777777776}, "105": {"bias": -0.3779644730092272, "objective_cosine_similarity": -0.3360869554175448, "is_tight": 0.0, "dual_solution_value": 0.0, "scaled_age": 0.2037037037037037}, "106": {"bias": -0.30151134457776363, "objective_cosine_similarity": -0.5103514763825565, "is_tight": 0.0, "dual_solution_value": 0.0, "scaled_age": 0.2037037037037037}, "107": {"bias": -0.4472135954999579, "objective_cosine_similarity": -0.2886592544672296, "is_tight": 1.0, "dual_solution_value": -0.009599920258366501, "scaled_age": 0.0}, "108": {"bias": -0.35355339059327373, "objective_cosine_similarity": -0.2728887092976243, "is_tight": 0.0, "dual_solution_value": 0.0, "scaled_age": 0.2037037037037037}, "109": {"bias": -0.4082482904638631, "objective_cosine_similarity": -0.3611726839213032, "is_tight": 0.0, "dual_solution_value": 0.0, "scaled_age": 0.2037037037037037}, "110": {"bias": -0.35355339059327373, "objective_cosine_similarity": -0.4165143457700582, "is_tight": 1.0, "dual_solution_value": -0.000889373969251652, "scaled_age": 0.0}, "111": {"bias": -0.5, "objective_cosine_similarity": -0.3204739985170812, "is_tight": 0.0, "dual_solution_value": 0.0, "scaled_age": 0.2037037037037037}, "112": {"bias": -0.4472135954999579, "objective_cosine_similarity": -0.278566273541802, "is_tight": 0.0, "dual_solution_value": 0.0, "scaled_age": 0.2037037037037037}, "113": {"bias": -0.4082482904638631, "objective_cosine_similarity": -0.315104739543586, "is_tight": 0.0, "dual_solution_value": 0.0, "scaled_age": 0.1111111111111111}, "114": {"bias": -0.31622776601683794, "objective_cosine_similarity": -0.362550214941622, "is_tight": 0.0, "dual_solution_value": 0.0, "scaled_age": 0.2037037037037037}, "115": {"bias": -0.3779644730092272, "objective_cosine_similarity": -0.3719134836600242, "is_tight": 0.0, "dual_solution_value": 0.0, "scaled_age": 0.018518518518518517}, "116": {"bias": -0.780398972571708, "objective_cosine_similarity": -0.9389422417052373, "is_tight": 0.0, "dual_solution_value": -0.0, "scaled_age": 0.018518518518518517}, "117": {"bias": -0.9726792310993858, "objective_cosine_similarity": -0.9699166136063383, "is_tight": 0.0, "dual_solution_value": -0.0, "scaled_age": 0.009259259259259259}, "118": {"bias": -0.9986384608211373, "objective_cosine_similarity": -0.9709592266890017, "is_tight": 0.0, "dual_solution_value": -0.0, "scaled_age": 0.08333333333333333}, "119": {"bias": -0.8867963503478639, "objective_cosine_similarity": -0.9615492369950154, "is_tight": 0.0, "dual_solution_value": -0.0, "scaled_age": 0.046296296296296294}, "120": {"bias": -0.905752918579103, "objective_cosine_similarity": -0.9469163069458563, "is_tight": 0.0, "dual_solution_value": -0.0, "scaled_age": 0.06481481481481481}, "121": {"bias": -0.8285171561084911, "objective_cosine_similarity": -0.9378319102061136, "is_tight": 0.0, "dual_solution_value": -0.0, "scaled_age": 0.09259259259259259}, "122": {"bias": -0.9670539924508537, "objective_cosine_similarity": -0.9767754268685276, "is_tight": 1.0, "dual_solution_value": -0.02371114506362324, "scaled_age": 0.0}, "123": {"bias": -0.8846517369293828, "objective_cosine_similarity": -0.9217333638707601, "is_tight": 1.0, "dual_solution_value": -4.755901810276504e-05, "scaled_age": 0.0}, "124": {"bias": -0.9779605469316922, "objective_cosine_similarity": -0.9676757134943829, "is_tight": 0.0, "dual_solution_value": -0.0, "scaled_age": 0.018518518518518517}, "125": {"bias": -0.9375, "objective_cosine_similarity": -0.9633967473026692, "is_tight": 0.0, "dual_solution_value": -0.0, "scaled_age": 0.027777777777777776}, "126": {"bias": -0.951600834301832, "objective_cosine_similarity": -0.9639786369637254, "is_tight": 0.0, "dual_solution_value": -0.0, "scaled_age": 0.08333333333333333}, "127": {"bias": -0.9828420581826071, "objective_cosine_similarity": -0.968136467270346, "is_tight": 1.0, "dual_solution_value": -0.015315669768610027, "scaled_age": 0.0}, "128": {"bias": -0.9345386270319955, "objective_cosine_similarity": -0.95290134051518, "is_tight": 0.0, "dual_solution_value": -0.0, "scaled_age": 0.046296296296296294}, "129": {"bias": -0.9018192769611632, "objective_cosine_similarity": -0.9603609724946899, "is_tight": 1.0, "dual_solution_value": -2.7714856572733485e-05, "scaled_age": 0.0}, "130": {"bias": -0.9386465089278642, "objective_cosine_similarity": -0.9621740811212549, "is_tight": 1.0, "dual_solution_value": -2.1391531999676455e-05, "scaled_age": 0.0}, "131": {"bias": -0.8888888888888888, "objective_cosine_similarity": -0.9323335888000843, "is_tight": 0.0, "dual_solution_value": -0.0, "scaled_age": 0.018518518518518517}, "132": {"bias": -0.9554122707277792, "objective_cosine_similarity": -0.9277700437742785, "is_tight": 0.0, "dual_solution_value": -0.0, "scaled_age": 0.009259259259259259}, "133": {"bias": -0.9045340337332909, "objective_cosine_similarity": -0.9728433254243489, "is_tight": 1.0, "dual_solution_value": -1.4373305990827736e-05, "scaled_age": 0.0}, "134": {"bias": -0.8682431421244593, "objective_cosine_similarity": -0.9411210458217912, "is_tight": 1.0, "dual_solution_value": -3.6883118694061265e-05, "scaled_age": 0.0}, "135": {"bias": -0.9682961471739441, "objective_cosine_similarity": -0.9724622087134931, "is_tight": 1.0, "dual_solution_value": -0.01123401328749837, "scaled_age": 0.0}}