{"0": {"bias": -1.0864289525102224, "objective_cosine_similarity": -0.8935679247131376, "is_tight": 1.0, "dual_solution_value": -0.00011784857889464092, "scaled_age": 0.0}, "1": {"bias": -1.0579249964025073, "objective_cosine_similarity": -0.8755166174401715, "is_tight": 1.0, "dual_solution_value": -3.5739283443983756e-05, "scaled_age": 0.0}, "2": {"bias": -0.9805806756909202, "objective_cosine_similarity": -0.7374138585830914, "is_tight": 1.0, "dual_solution_value": -0.0015721452775474545, "scaled_age": 0.0}, "3": {"bias": -0.8164965809277261, "objective_cosine_similarity": -0.820406761583929, "is_tight": 1.0, "dual_solution_value": -0.0018497739529963887, "scaled_age": 0.0}, "4": {"bias": -0.7071067811865475, "objective_cosine_similarity": -0.4248964984554713, "is_tight": 1.0, "dual_solution_value": -3.972189319279714e-05, "scaled_age": 0.0}, "5": {"bias": -0.9701425001453319, "objective_cosine_similarity": -0.5986615059346585, "is_tight": 1.0, "dual_solution_value": -0.00113599861326218, "scaled_age": 0.0}, "6": {"bias": -1.3638923936724896, "objective_cosine_similarity": -0.888785321220468, "is_tight": 0.0, "dual_solution_value": -0.0, "scaled_age": 0.08571428571428572}, "7": {"bias": -0.7559289460184544, "objective_cosine_similarity": -0.3998342462666615, "is_tight": 1.0, "dual_solution_value": -0.008569281692087496, "scaled_age": 0.0}, "8": {"bias": -1.222338261259941, "objective_cosine_similarity": -0.9289351494077674, "is_tight": 0.0, "dual_solution_value": 0.0, "scaled_age": 0.014285714285714285}, "9": {"bias": -1.3689972455732495, "objective_cosine_similarity": -0.941353523146793, "is_tight": 0.0, "dual_solution_value": 0.0, "scaled_age": 0.14285714285714285}, "10": {"bias": -0.5773502691896258, "objective_cosine_similarity": -0.14541830944068182, "is_tight": 0.0, "dual_solution_value": 0.0, "scaled_age": 0.42857142857142855}, "11": {"bias": -0.4472135954999579, "objective_cosine_similarity": -0.3234392595147911, "is_tight": 1.0, "dual_solution_value": -0.00042439029873171636, "scaled_age": 0.0}, "12": {"bias": -0.5, "objective_cosine_similarity": -0.24647464529556165, "is_tight": 0.0, "dual_solution_value": 0.0, "scaled_age": 0.38571428571428573}, "13": {"bias": -0.4472135954999579, "objective_cosine_similarity": -0.28642879698324786, "is_tight": 0.0, "dual_solution_value": 0.0, "scaled_age": 0.34285714285714286}, "14": {"bias": -0.5, "objective_cosine_similarity": -0.3922005304703098, "is_tight": 1.0, "dual_solution_value": -0.03744812637475785, "scaled_age": 0.0}, "15": {"bias": -0.4472135954999579, "objective_cosine_similarity": -0.2107987213753116, "is_tight": 1.0, "dual_solution_value": -0.0009159379684939025, "scaled_age": 0.0}, "16": {"bias": -0.4082482904638631, "objective_cosine_similarity": -0.32463723242622794, "is_tight": 0.0, "dual_solution_value": 0.0, "scaled_age": 0.014285714285714285}, "17": {"bias": -0.5773502691896258, "objective_cosine_similarity": -0.15996014038474998, "is_tight": 1.0, "dual_solution_value": -2.2469180852913017e-06, "scaled_age": 0.0}, "18": {"bias": -0.5, "objective_cosine_similarity": -0.3778078504530507, "is_tight": 0.0, "dual_solution_value": 0.0, "scaled_age": 0.42857142857142855}, "19": {"bias": -0.4472135954999579, "objective_cosine_similarity": -0.19309806538196483, "is_tight": 0.0, "dual_solution_value": 0.0, "scaled_age": 0.42857142857142855}, "20": {"bias": -0.4472135954999579, "objective_cosine_similarity": -0.49722751835855944, "is_tight": 0.0, "dual_solution_value": 0.0, "scaled_age": 0.02857142857142857}, "21": {"bias": -0.4472135954999579, "objective_cosine_similarity": -0.3620588725911841, "is_tight": 0.0, "dual_solution_value": 0.0, "scaled_age": 0.42857142857142855}, "22": {"bias": -0.4472135954999579, "objective_cosine_similarity": -0.2317176784583578, "is_tight": 0.0, "dual_solution_value": 0.0, "scaled_age": 0.42857142857142855}, "23": {"bias": -0.5773502691896258, "objective_cosine_similarity": -0.1391860961789383, "is_tight": 0.0, "dual_solution_value": 0.0, "scaled_age": 0.15714285714285714}, "24": {"bias": -0.5773502691896258, "objective_cosine_similarity": -0.28875921446078245, "is_tight": 0.0, "dual_solution_value": 0.0, "scaled_age": 0.12857142857142856}, "25": {"bias": -0.3333333333333333, "objective_cosine_similarity": -0.47735722057242597, "is_tight": 0.0, "dual_solution_value": 0.0, "scaled_age": 0.42857142857142855}, "26": {"bias": -0.4082482904638631, "objective_cosine_similarity": -0.24678305451405563, "is_tight": 0.0, "dual_solution_value": 0.0, "scaled_age": 0.42857142857142855}, "27": {"bias": -0.5, "objective_cosine_similarity": -0.29864811035812583, "is_tight": 0.0, "dual_solution_value": 0.0, "scaled_age": 0.42857142857142855}, "28": {"bias": -0.4082482904638631, "objective_cosine_similarity": -0.2218109597120381, "is_tight": 0.0, "dual_solution_value": 0.0, "scaled_age": 0.42857142857142855}, "29": {"bias": -0.4082482904638631, "objective_cosine_similarity": -0.41277403760981923, "is_tight": 1.0, "dual_solution_value": -0.001005439831527084, "scaled_age": 0.0}, "30": {"bias": -0.4082482904638631, "objective_cosine_similarity": -0.3760503687833229, "is_tight": 0.0, "dual_solution_value": 0.0, "scaled_age": 0.07142857142857142}, "31": {"bias": -0.7071067811865475, "objective_cosine_similarity": -0.11194877803617208, "is_tight": 0.0, "dual_solution_value": 0.0, "scaled_age": 0.02857142857142857}, "32": {"bias": -0.35355339059327373, "objective_cosine_similarity": -0.24170758894173516, "is_tight": 0.0, "dual_solution_value": 0.0, "scaled_age": 0.42857142857142855}, "33": {"bias": -0.5773502691896258, "objective_cosine_similarity": -0.34692653823705516, "is_tight": 1.0, "dual_solution_value": -0.056089919355691555, "scaled_age": 0.0}, "34": {"bias": -0.4082482904638631, "objective_cosine_similarity": -0.29525829736503084, "is_tight": 0.0, "dual_solution_value": 0.0, "scaled_age": 0.42857142857142855}, "35": {"bias": -0.31622776601683794, "objective_cosine_similarity": -0.45741218740972867, "is_tight": 0.0, "dual_solution_value": 0.0, "scaled_age": 0.42857142857142855}, "36": {"bias": -0.5, "objective_cosine_similarity": -0.25906824031066333, "is_tight": 0.0, "dual_solution_value": 0.0, "scaled_age": 0.2571428571428571}, "37": {"bias": -0.35355339059327373, "objective_cosine_similarity": -0.4223522080455583, "is_tight": 0.0, "dual_solution_value": 0.0, "scaled_age": 0.42857142857142855}, "38": {"bias": -0.4472135954999579, "objective_cosine_similarity": -0.4167699911160741, "is_tight": 0.0, "dual_solution_value": 0.0, "scaled_age": 0.32857142857142857}, "39": {"bias": -0.4082482904638631, "objective_cosine_similarity": -0.30407197788338997, "is_tight": 0.0, "dual_solution_value": 0.0, "scaled_age": 0.4}, "40": {"bias": -0.4472135954999579, "objective_cosine_similarity": -0.3797595285845308, "is_tight": 0.0, "dual_solution_value": 0.0, "scaled_age": 0.07142857142857142}, "41": {"bias": -0.4082482904638631, "objective_cosine_similarity": -0.26000357529159435, "is_tight": 0.0, "dual_solution_value": 0.0, "scaled_age": 0.42857142857142855}, "42": {"bias": -0.7071067811865475, "objective_cosine_similarity": -0.2925933971399952, "is_tight": 1.0, "dual_solution_value": -0.010604337741626455, "scaled_age": 0.0}, "43": {"bias": -0.3333333333333333, "objective_cosine_similarity": -0.32503469038976746, "is_tight": 0.0, "dual_solution_value": 0.0, "scaled_age": 0.42857142857142855}, "44": {"bias": -0.4472135954999579, "objective_cosine_similarity": -0.2043621191959128, "is_tight": 0.0, "dual_solution_value": 0.0, "scaled_age": 0.42857142857142855}, "45": {"bias": -0.5, "objective_cosine_similarity": -0.5163373956191694, "is_tight": 1.0, "dual_solution_value": -0.038338005667838224, "scaled_age": 0.0}, "46": {"bias": -0.5, "objective_cosine_similarity": -0.22848379527398782, "is_tight": 0.0, "dual_solution_value": 0.0, "scaled_age": 0.22857142857142856}, "47": {"bias": -0.4082482904638631, "objective_cosine_similarity": -0.26587936230383374, "is_tight": 0.0, "dual_solution_value": 0.0, "scaled_age": 0.42857142857142855}, "48": {"bias": -0.7071067811865475, "objective_cosine_similarity": -0.25697333140121315, "is_tight": 1.0, "dual_solution_value": -0.013615011009089786, "scaled_age": 0.0}, "49": {"bias": -0.4472135954999579, "objective_cosine_similarity": -0.2703372915347508, "is_tight": 0.0, "dual_solution_value": 0.0, "scaled_age": 0.42857142857142855}, "50": {"bias": -0.4472135954999579, "objective_cosine_similarity": -0.24780918390685489, "is_tight": 0.0, "dual_solution_value": 0.0, "scaled_age": 0.42857142857142855}, "51": {"bias": -0.5, "objective_cosine_similarity": -0.2734609203279224, "is_tight": 1.0, "dual_solution_value": -0.007760158381482279, "scaled_age": 0.0}, "52": {"bias": -0.4082482904638631, "objective_cosine_similarity": -0.2056525454283797, "is_tight": 0.0, "dual_solution_value": 0.0, "scaled_age": 0.42857142857142855}, "53": {"bias": -0.5, "objective_cosine_similarity": -0.2626664103149781, "is_tight": 1.0, "dual_solution_value": -0.0001958467122335351, "scaled_age": 0.0}, "54": {"bias": -0.5, "objective_cosine_similarity": -0.15831948018984981, "is_tight": 0.0, "dual_solution_value": 0.0, "scaled_age": 0.014285714285714285}, "55": {"bias": -0.5773502691896258, "objective_cosine_similarity": -0.41963569295739606, "is_tight": 0.0, "dual_solution_value": 0.0, "scaled_age": 0.014285714285714285}, "56": {"bias": -0.3333333333333333, "objective_cosine_similarity": -0.3610163904329151, "is_tight": 0.0, "dual_solution_value": 0.0, "scaled_age": 0.42857142857142855}, "57": {"bias": -0.3779644730092272, "objective_cosine_similarity": -0.3114355183505628, "is_tight": 0.0, "dual_solution_value": 0.0, "scaled_age": 0.42857142857142855}, "58": {"bias": -0.3779644730092272, "objective_cosine_similarity": -0.3399951073696101, "is_tight": 0.0, "dual_solution_value": 0.0, "scaled_age": 0.42857142857142855}, "59": {"bias": -0.4472135954999579, "objective_cosine_similarity": -0.18666146320256602, "is_tight": 0.0, "dual_solution_value": 0.0, "scaled_age": 0.2857142857142857}, "60": {"bias": -0.4472135954999579, "objective_cosine_similarity": -0.28160134534869874, "is_tight": 0.0, "dual_solution_value": 0.0, "scaled_age": 0.42857142857142855}, "61": {"bias": -0.4082482904638631, "objective_cosine_similarity": -0.1733357168610629, "is_tight": 0.0, "dual_solution_value": 0.0, "scaled_age": 0.42857142857142855}, "62": {"bias": -0.5773502691896258, "objective_cosine_similarity": -0.32407508961066234, "is_tight": 1.0, "dual_solution_value": -0.02454349820441526, "scaled_age": 0.0}, "63": {"bias": -0.3779644730092272, "objective_cosine_similarity": -0.14959784724262845, "is_tight": 0.0, "dual_solution_value": 0.0, "scaled_age": 0.42857142857142855}, "64": {"bias": -0.5, "objective_cosine_similarity": -0.3004471953602832, "is_tight": 0.0, "dual_solution_value": 0.0, "scaled_age": 0.42857142857142855}, "65": {"bias": -0.5, "objective_cosine_similarity": -0.20149752024162704, "is_tight": 0.0, "dual_solution_value": 0.0, "scaled_age": 0.42857142857142855}, "66": {"bias": -0.4472135954999579, "objective_cosine_similarity": -0.30573860352144433, "is_tight": 0.0, "dual_solution_value": 0.0, "scaled_age": 0.2714285714285714}, "67": {"bias": -0.4472135954999579, "objective_cosine_similarity": -0.2043621191959128, "is_tight": 0.0, "dual_solution_value": 0.0, "scaled_age": 0.42857142857142855}, "68": {"bias": -0.5, "objective_cosine_similarity": -0.19969843523946967, "is_tight": 0.0, "dual_solution_value": 0.0, "scaled_age": 0.42857142857142855}, "69": {"bias": -0.5773502691896258, "objective_cosine_similarity": -0.18281158901114283, "is_tight": 1.0, "dual_solution_value": -0.026155359809729745, "scaled_age": 0.0}, "70": {"bias": -0.5, "objective_cosine_similarity": -0.33642889540343085, "is_tight": 1.0, "dual_solution_value": -0.018358153636959057, "scaled_age": 0.0}, "71": {"bias": -0.4082482904638631, "objective_cosine_similarity": -0.31435460515480895, "is_tight": 0.0, "dual_solution_value": 0.0, "scaled_age": 0.42857142857142855}, "72": {"bias": -0.4082482904638631, "objective_cosine_similarity": -0.22034201295897826, "is_tight": 0.0, "dual_solution_value": 0.0, "scaled_age": 0.05714285714285714}, "73": {"bias": -0.5, "objective_cosine_similarity": -0.3796069354552081, "is_tight": 0.0, "dual_solution_value": 0.0, "scaled_age": 0.12857142857142856}, "74": {"bias": -0.35355339059327373, "objective_cosine_similarity": -0.39690930394642826, "is_tight": 0.0, "dual_solution_value": 0.0, "scaled_age": 0.42857142857142855}, "75": {"bias": -0.4082482904638631, "objective_cosine_similarity": -0.40102246358534044, "is_tight": 1.0, "dual_solution_value": -0.0010226637214275777, "scaled_age": 0.0}, "76": {"bias": -0.5, "objective_cosine_similarity": -0.2446755602934043, "is_tight": 0.0, "dual_solution_value": 0.0, "scaled_age": 0.42857142857142855}, "77": {"bias": -0.5, "objective_cosine_similarity": -0.1853057552222106, "is_tight": 0.0, "dual_solution_value": 0.0, "scaled_age": 0.04285714285714286}, "78": {"bias": -0.5773502691896258, "objective_cosine_similarity": -0.2991462365636883, "is_tight": 1.0, "dual_solution_value": -0.0008145075671341834, "scaled_age": 0.0}, "79": {"bias": -0.5, "objective_cosine_similarity": -0.14212771517043338, "is_tight": 0.0, "dual_solution_value": 0.0, "scaled_age": 0.35714285714285715}, "80": {"bias": -0.5773502691896258, "objective_cosine_similarity": -0.20358563321695453, "is_tight": 1.0, "dual_solution_value": -0.00910446277028696, "scaled_age": 0.0}, "81": {"bias": -0.3779644730092272, "objective_cosine_similarity": -0.4039141875550968, "is_tight": 0.0, "dual_solution_value": 0.0, "scaled_age": 0.42857142857142855}, "82": {"bias": -0.4082482904638631, "objective_cosine_similarity": -0.3878019428078017, "is_tight": 0.0, "dual_solution_value": 0.0, "scaled_age": 0.4}, "83": {"bias": -0.5, "objective_cosine_similarity": -0.13313229015964645, "is_tight": 0.0, "dual_solution_value": 0.0, "scaled_age": 0.42857142857142855}, "84": {"bias": -0.3779644730092272, "objective_cosine_similarity": -0.3114355183505628, "is_tight": 0.0, "dual_solution_value": 0.0, "scaled_age": 0.42857142857142855}, "85": {"bias": -0.35355339059327373, "objective_cosine_similarity": -0.25315689578634365, "is_tight": 0.0, "dual_solution_value": 0.0, "scaled_age": 0.42857142857142855}, "86": {"bias": -0.5773502691896258, "objective_cosine_similarity": -0.32822989845182465, "is_tight": 0.0, "dual_solution_value": 0.0, "scaled_age": 0.3}, "87": {"bias": -0.4472135954999579, "objective_cosine_similarity": -0.2558549366311034, "is_tight": 0.0, "dual_solution_value": 0.0, "scaled_age": 0.42857142857142855}, "88": {"bias": -0.3779644730092272, "objective_cosine_similarity": -0.33183522479273947, "is_tight": 0.0, "dual_solution_value": 0.0, "scaled_age": 0.07142857142857142}, "89": {"bias": -0.3779644730092272, "objective_cosine_similarity": -0.2257567512934211, "is_tight": 0.0, "dual_solution_value": 0.0, "scaled_age": 0.42857142857142855}, "90": {"bias": -0.4082482904638631, "objective_cosine_similarity": -0.40983614410369956, "is_tight": 0.0, "dual_solution_value": 0.0, "scaled_age": 0.02857142857142857}, "91": {"bias": -0.4082482904638631, "objective_cosine_similarity": -0.262941468797714, "is_tight": 0.0, "dual_solution_value": 0.0, "scaled_age": 0.42857142857142855}, "92": {"bias": -0.3779644730092272, "objective_cosine_similarity": -0.3359151660811748, "is_tight": 0.0, "dual_solution_value": 0.0, "scaled_age": 0.42857142857142855}, "93": {"bias": -0.5773502691896258, "objective_cosine_similarity": -0.14957311828184414, "is_tight": 0.0, "dual_solution_value": 0.0, "scaled_age": 0.42857142857142855}, "94": {"bias": -0.4472135954999579, "objective_cosine_similarity": -0.4344706471094209, "is_tight": 0.0, "dual_solution_value": 0.0, "scaled_age": 0.11428571428571428}, "95": {"bias": -0.4472135954999579, "objective_cosine_similarity": -0.26872814098990105, "is_tight": 0.0, "dual_solution_value": 0.0, "scaled_age": 0.1}, "96": {"bias": -0.7071067811865475, "objective_cosine_similarity": -0.19591036156330113, "is_tight": 1.0, "dual_solution_value": -0.01200887178693163, "scaled_age": 0.0}, "97": {"bias": -0.3779644730092272, "objective_cosine_similarity": -0.2719960858956881, "is_tight": 0.0, "dual_solution_value": 0.0, "scaled_age": 0.42857142857142855}, "98": {"bias": -0.3779644730092272, "objective_cosine_similarity": -0.41615401142040276, "is_tight": 1.0, "dual_solution_value": -0.00026665075704210105, "scaled_age": 0.0}, "99": {"bias": -0.4472135954999579, "objective_cosine_similarity": -0.35562227041178524, "is_tight": 0.0, "dual_solution_value": 0.0, "scaled_age": 0.42857142857142855}, "100": {"bias": -0.5, "objective_cosine_similarity": -0.17810941521358106, "is_tight": 0.0, "dual_solution_value": 0.0, "scaled_age": 0.42857142857142855}, "101": {"bias": -0.35355339059327373, "objective_cosine_similarity": -0.2709669286557347, "is_tight": 0.0, "dual_solution_value": 0.0, "scaled_age": 0.38571428571428573}, "102": {"bias": -0.4472135954999579, "objective_cosine_similarity": -0.17700655993346776, "is_tight": 0.0, "dual_solution_value": 0.0, "scaled_age": 0.42857142857142855}, "103": {"bias": -0.5, "objective_cosine_similarity": -0.2302828802761452, "is_tight": 0.0, "dual_solution_value": 0.0, "scaled_age": 0.12857142857142856}, "104": {"bias": -0.4082482904638631, "objective_cosine_similarity": -0.3305130194384674, "is_tight": 1.0, "dual_solution_value": -0.0004344179917665565, "scaled_age": 0.0}, "105": {"bias": -1.354332804074459, "objective_cosine_similarity": -0.9563332978697465, "is_tight": 1.0, "dual_solution_value": -0.0032735686065716494, "scaled_age": 0.0}, "106": {"bias": -1.2786661919696911, "objective_cosine_similarity": -0.9493259811525951, "is_tight": 1.0, "dual_solution_value": -0.020081679015143485, "scaled_age": 0.0}, "107": {"bias": -1.3173157217382698, "objective_cosine_similarity": -0.9578162054100248, "is_tight": 0.0, "dual_solution_value": -0.0, "scaled_age": 0.14285714285714285}, "108": {"bias": -1.0206207261596576, "objective_cosine_similarity": -0.6441331512167464, "is_tight": 1.0, "dual_solution_value": -0.00022988606734814255, "scaled_age": 0.0}, "109": {"bias": -0.9950371902099892, "objective_cosine_similarity": -0.8582010191465983, "is_tight": 0.0, "dual_solution_value": -0.0, "scaled_age": 0.07142857142857142}, "110": {"bias": -1.1547005383792515, "objective_cosine_similarity": -0.9013626958188292, "is_tight": 0.0, "dual_solution_value": -0.0, "scaled_age": 0.07142857142857142}, "111": {"bias": -1.203858530857692, "objective_cosine_similarity": -0.8767335814065279, "is_tight": 0.0, "dual_solution_value": -0.0, "scaled_age": 0.12857142857142856}, "112": {"bias": -1.2699597117672456, "objective_cosine_similarity": -0.9472192243770874, "is_tight": 1.0, "dual_solution_value": -0.007117709279396517, "scaled_age": 0.0}, "113": {"bias": -1.3203833085312888, "objective_cosine_similarity": -0.9580919722875663, "is_tight": 0.0, "dual_solution_value": -0.0, "scaled_age": 0.02857142857142857}, "114": {"bias": -1.3453831669534846, "objective_cosine_similarity": -0.9178917186003485, "is_tight": 0.0, "dual_solution_value": -0.0, "scaled_age": 0.12857142857142856}, "115": {"bias": -1.3482838780492632, "objective_cosine_similarity": -0.9401081515098874, "is_tight": 0.0, "dual_solution_value": -0.0, "scaled_age": 0.12857142857142856}, "116": {"bias": -1.1742731279039724, "objective_cosine_similarity": -0.9082333282182223, "is_tight": 1.0, "dual_solution_value": -3.198812154319942e-07, "scaled_age": 0.0}, "117": {"bias": -1.315071011278814, "objective_cosine_similarity": -0.9166267619914061, "is_tight": 1.0, "dual_solution_value": -7.31887866742435e-05, "scaled_age": 0.0}, "118": {"bias": -1.0914103126634984, "objective_cosine_similarity": -0.8722480687779756, "is_tight": 0.0, "dual_solution_value": -0.0, "scaled_age": 0.14285714285714285}, "119": {"bias": -1.2216944435630523, "objective_cosine_similarity": -0.9350003368794052, "is_tight": 1.0, "dual_solution_value": -4.7229185487811334e-05, "scaled_age": 0.0}, "120": {"bias": -1.3279572390236984, "objective_cosine_similarity": -0.959831133783882, "is_tight": 1.0, "dual_solution_value": -0.004174424128410522, "scaled_age": 0.0}, "121": {"bias": -1.344831246657429, "objective_cosine_similarity": -0.9606655459101292, "is_tight": 1.0, "dual_solution_value": -0.003982522452961853, "scaled_age": 0.0}, "122": {"bias": -1.1568620334568689, "objective_cosine_similarity": -0.9392459654923618, "is_tight": 1.0, "dual_solution_value": -1.5885185346604187e-06, "scaled_age": 0.0}, "123": {"bias": -1.3166066529058509, "objective_cosine_similarity": -0.9522111367422028, "is_tight": 1.0, "dual_solution_value": -0.0046961393904505246, "scaled_age": 0.0}, "124": {"bias": -1.2852615807114307, "objective_cosine_similarity": -0.9552946330619388, "is_tight": 1.0, "dual_solution_value": -0.016233422870567636, "scaled_age": 0.0}, "125": {"bias": -1.3305394824796364, "objective_cosine_similarity": -0.9478702389316158, "is_tight": 1.0, "dual_solution_value": -0.003204364981893551, "scaled_age": 0.0}, "126": {"bias": -1.3040182203639816, "objective_cosine_similarity": -0.9554327972938266, "is_tight": 1.0, "dual_solution_value": -0.0034668251716687823, "scaled_age": 0.0}, "127": {"bias": -1.3387851611722306, "objective_cosine_similarity": -0.9495067906351187, "is_tight": 0.0, "dual_solution_value": -0.0, "scaled_age": 0.014285714285714285}, "128": {"bias": -1.2761686826858913, "objective_cosine_similarity": -0.9539754205703528, "is_tight": 1.0, "dual_solution_value": -0.0020814684166646936, "scaled_age": 0.0}}