{"0": {"bias": -0.953998092005724, "objective_cosine_similarity": -0.850409173168866, "is_tight": 0.0, "dual_solution_value": -0.0, "scaled_age": 0.023255813953488372}, "1": {"bias": -0.9486832980505138, "objective_cosine_similarity": -0.8937015039920307, "is_tight": 1.0, "dual_solution_value": -0.00042505274200562343, "scaled_age": 0.0}, "2": {"bias": -0.8980265101338746, "objective_cosine_similarity": -0.747742908163815, "is_tight": 0.0, "dual_solution_value": -0.0, "scaled_age": 0.13953488372093023}, "3": {"bias": -0.7184212081070996, "objective_cosine_similarity": -0.6449587038494403, "is_tight": 1.0, "dual_solution_value": -2.9234192825146295e-07, "scaled_age": 0.0}, "4": {"bias": -0.8703882797784892, "objective_cosine_similarity": -0.762028703451502, "is_tight": 0.0, "dual_solution_value": -0.0, "scaled_age": 0.046511627906976744}, "5": {"bias": -0.914991421995628, "objective_cosine_similarity": -0.6617752559893417, "is_tight": 1.0, "dual_solution_value": -2.031675024257153e-05, "scaled_age": 0.0}, "6": {"bias": -0.848528137423857, "objective_cosine_similarity": -0.7817069034533052, "is_tight": 1.0, "dual_solution_value": -3.0316327778939762e-05, "scaled_age": 0.0}, "7": {"bias": -0.9806171133930235, "objective_cosine_similarity": -0.8675385789612411, "is_tight": 0.0, "dual_solution_value": -0.0, "scaled_age": 0.023255813953488372}, "8": {"bias": -1.1233415934432551, "objective_cosine_similarity": -0.9648868987025445, "is_tight": 0.0, "dual_solution_value": 0.0, "scaled_age": 0.046511627906976744}, "9": {"bias": -1.0684618171422984, "objective_cosine_similarity": -0.9005700712743097, "is_tight": 1.0, "dual_solution_value": -0.0005405872571700329, "scaled_age": 0.0}, "10": {"bias": -1.0601683290978836, "objective_cosine_similarity": -0.9223313138479159, "is_tight": 0.0, "dual_solution_value": 0.0, "scaled_age": 0.09302325581395349}, "11": {"bias": -1.1471485328549231, "objective_cosine_similarity": -0.9135130806244021, "is_tight": 1.0, "dual_solution_value": -0.0014751422040969314, "scaled_age": 0.0}, "12": {"bias": -1.1386238754893363, "objective_cosine_similarity": -0.9547998865419557, "is_tight": 0.0, "dual_solution_value": 0.0, "scaled_age": 0.011627906976744186}, "13": {"bias": -1.1413789832823011, "objective_cosine_similarity": -0.9511092405656586, "is_tight": 1.0, "dual_solution_value": -0.0001622788237735653, "scaled_age": 0.0}, "14": {"bias": -1.1271790022145027, "objective_cosine_similarity": -0.9534411463280137, "is_tight": 1.0, "dual_solution_value": -0.0001267401896228059, "scaled_age": 0.0}, "15": {"bias": -1.1375215352136276, "objective_cosine_similarity": -0.945748012199885, "is_tight": 0.0, "dual_solution_value": 0.0, "scaled_age": 0.046511627906976744}, "16": {"bias": -0.3333333333333333, "objective_cosine_similarity": -0.4249143254761529, "is_tight": 0.0, "dual_solution_value": 0.0, "scaled_age": 0.03488372093023256}, "17": {"bias": -0.30151134457776363, "objective_cosine_similarity": -0.2804933357514973, "is_tight": 0.0, "dual_solution_value": 0.0, "scaled_age": 0.2441860465116279}, "18": {"bias": -0.5773502691896258, "objective_cosine_similarity": -0.21609425889621417, "is_tight": 0.0, "dual_solution_value": 0.0, "scaled_age": 0.2441860465116279}, "19": {"bias": -0.35355339059327373, "objective_cosine_similarity": -0.3298665048919738, "is_tight": 0.0, "dual_solution_value": 0.0, "scaled_age": 0.2441860465116279}, "20": {"bias": -0.4472135954999579, "objective_cosine_similarity": -0.28018942989364126, "is_tight": 1.0, "dual_solution_value": -0.00090549525319112, "scaled_age": 0.0}, "21": {"bias": -0.4082482904638631, "objective_cosine_similarity": -0.2657421145060773, "is_tight": 1.0, "dual_solution_value": -0.0004798144445608849, "scaled_age": 0.0}, "22": {"bias": -0.35355339059327373, "objective_cosine_similarity": -0.35863393264418075, "is_tight": 0.0, "dual_solution_value": 0.0, "scaled_age": 0.011627906976744186}, "23": {"bias": -0.3779644730092272, "objective_cosine_similarity": -0.21425059463270466, "is_tight": 0.0, "dual_solution_value": 0.0, "scaled_age": 0.12790697674418605}, "24": {"bias": -0.4472135954999579, "objective_cosine_similarity": -0.2656341348342313, "is_tight": 1.0, "dual_solution_value": -0.009080988270279198, "scaled_age": 0.0}, "25": {"bias": -0.35355339059327373, "objective_cosine_similarity": -0.27712622067959425, "is_tight": 0.0, "dual_solution_value": 0.0, "scaled_age": 0.2441860465116279}, "26": {"bias": -0.3333333333333333, "objective_cosine_similarity": -0.3200418536565066, "is_tight": 0.0, "dual_solution_value": 0.0, "scaled_age": 0.2441860465116279}, "27": {"bias": -0.4082482904638631, "objective_cosine_similarity": -0.2535622675912154, "is_tight": 0.0, "dual_solution_value": 0.0, "scaled_age": 0.2441860465116279}, "28": {"bias": -0.3779644730092272, "objective_cosine_similarity": -0.2573057380517171, "is_tight": 0.0, "dual_solution_value": 0.0, "scaled_age": 0.2441860465116279}, "29": {"bias": -0.5, "objective_cosine_similarity": -0.15730870772946937, "is_tight": 0.0, "dual_solution_value": 0.0, "scaled_age": 0.2441860465116279}, "30": {"bias": -0.4472135954999579, "objective_cosine_similarity": -0.15161765686885348, "is_tight": 0.0, "dual_solution_value": 0.0, "scaled_age": 0.13953488372093023}, "31": {"bias": -0.5773502691896258, "objective_cosine_similarity": -0.27403257468722814, "is_tight": 1.0, "dual_solution_value": -0.04594856851250051, "scaled_age": 0.0}, "32": {"bias": -0.3779644730092272, "objective_cosine_similarity": -0.34751651473917167, "is_tight": 1.0, "dual_solution_value": -3.3413172853470164e-05, "scaled_age": 0.0}, "33": {"bias": -0.2886751345948129, "objective_cosine_similarity": -0.33118794026485, "is_tight": 0.0, "dual_solution_value": 0.0, "scaled_age": 0.2441860465116279}, "34": {"bias": -0.35355339059327373, "objective_cosine_similarity": -0.34233239025126344, "is_tight": 0.0, "dual_solution_value": 0.0, "scaled_age": 0.2441860465116279}, "35": {"bias": -0.3779644730092272, "objective_cosine_similarity": -0.2122003497079898, "is_tight": 0.0, "dual_solution_value": 0.0, "scaled_age": 0.2441860465116279}, "36": {"bias": -0.4082482904638631, "objective_cosine_similarity": -0.23363160900325963, "is_tight": 0.0, "dual_solution_value": 0.0, "scaled_age": 0.2441860465116279}, "37": {"bias": -0.35355339059327373, "objective_cosine_similarity": -0.2167146223999595, "is_tight": 0.0, "dual_solution_value": 0.0, "scaled_age": 0.2441860465116279}, "38": {"bias": -0.5773502691896258, "objective_cosine_similarity": -0.20983065718907754, "is_tight": 0.0, "dual_solution_value": 0.0, "scaled_age": 0.046511627906976744}, "39": {"bias": -0.4082482904638631, "objective_cosine_similarity": -0.34325023123701653, "is_tight": 0.0, "dual_solution_value": 0.0, "scaled_age": 0.12790697674418605}, "40": {"bias": -0.30151134457776363, "objective_cosine_similarity": -0.28785321919687185, "is_tight": 0.0, "dual_solution_value": 0.0, "scaled_age": 0.2441860465116279}, "41": {"bias": -0.30151134457776363, "objective_cosine_similarity": -0.3344658143509108, "is_tight": 0.0, "dual_solution_value": 0.0, "scaled_age": 0.2441860465116279}, "42": {"bias": -0.31622776601683794, "objective_cosine_similarity": -0.3842401859773798, "is_tight": 0.0, "dual_solution_value": 0.0, "scaled_age": 0.2441860465116279}, "43": {"bias": -0.35355339059327373, "objective_cosine_similarity": -0.32507193359993924, "is_tight": 0.0, "dual_solution_value": 0.0, "scaled_age": 0.023255813953488372}, "44": {"bias": -0.4472135954999579, "objective_cosine_similarity": -0.31051296126741196, "is_tight": 1.0, "dual_solution_value": -0.008394115298753122, "scaled_age": 0.0}, "45": {"bias": -0.4082482904638631, "objective_cosine_similarity": -0.32442683145950274, "is_tight": 1.0, "dual_solution_value": -0.00790013617886148, "scaled_age": 0.0}, "46": {"bias": -0.3779644730092272, "objective_cosine_similarity": -0.32496382056730805, "is_tight": 0.0, "dual_solution_value": 0.0, "scaled_age": 0.2441860465116279}, "47": {"bias": -0.4472135954999579, "objective_cosine_similarity": -0.25471766353967384, "is_tight": 0.0, "dual_solution_value": 0.0, "scaled_age": 0.046511627906976744}, "48": {"bias": -0.35355339059327373, "objective_cosine_similarity": -0.34616804728489103, "is_tight": 1.0, "dual_solution_value": -1.091741074454146e-05, "scaled_age": 0.0}, "49": {"bias": -0.3333333333333333, "objective_cosine_similarity": -0.40321657268588124, "is_tight": 0.0, "dual_solution_value": 0.0, "scaled_age": 0.2441860465116279}, "50": {"bias": -0.3779644730092272, "objective_cosine_similarity": -0.19579839031027077, "is_tight": 0.0, "dual_solution_value": 0.0, "scaled_age": 0.2441860465116279}, "51": {"bias": -0.5, "objective_cosine_similarity": -0.24681193798933987, "is_tight": 0.0, "dual_solution_value": 0.0, "scaled_age": 0.08139534883720931}, "52": {"bias": -0.35355339059327373, "objective_cosine_similarity": -0.2656192495787114, "is_tight": 0.0, "dual_solution_value": 0.0, "scaled_age": 0.2441860465116279}, "53": {"bias": -0.4082482904638631, "objective_cosine_similarity": -0.3354994195639226, "is_tight": 1.0, "dual_solution_value": -0.018407083569946824, "scaled_age": 0.0}, "54": {"bias": -0.35355339059327373, "objective_cosine_similarity": -0.32507193359993924, "is_tight": 0.0, "dual_solution_value": 0.0, "scaled_age": 0.2441860465116279}, "55": {"bias": -0.3333333333333333, "objective_cosine_similarity": -0.3037685390638029, "is_tight": 0.0, "dual_solution_value": 0.0, "scaled_age": 0.2441860465116279}, "56": {"bias": -0.4472135954999579, "objective_cosine_similarity": -0.27533766487383793, "is_tight": 1.0, "dual_solution_value": -0.0010689929059633425, "scaled_age": 0.0}, "57": {"bias": -0.3779644730092272, "objective_cosine_similarity": -0.23167767649278112, "is_tight": 1.0, "dual_solution_value": -0.005584846647460394, "scaled_age": 0.0}, "58": {"bias": -0.5773502691896258, "objective_cosine_similarity": -0.21139655761586168, "is_tight": 1.0, "dual_solution_value": -1.2384334008184089e-05, "scaled_age": 0.0}, "59": {"bias": -0.4472135954999579, "objective_cosine_similarity": -0.28018942989364126, "is_tight": 1.0, "dual_solution_value": -0.008118278813175582, "scaled_age": 0.0}, "60": {"bias": -0.4082482904638631, "objective_cosine_similarity": -0.3454647488579005, "is_tight": 0.0, "dual_solution_value": 0.0, "scaled_age": 0.03488372093023256}, "61": {"bias": -0.4082482904638631, "objective_cosine_similarity": -0.2668493733165193, "is_tight": 0.0, "dual_solution_value": 0.0, "scaled_age": 0.2441860465116279}, "62": {"bias": -0.4082482904638631, "objective_cosine_similarity": -0.393076877706906, "is_tight": 1.0, "dual_solution_value": -0.010862426059357269, "scaled_age": 0.0}, "63": {"bias": -0.5773502691896258, "objective_cosine_similarity": -0.17694674822661016, "is_tight": 1.0, "dual_solution_value": -0.015574743381305592, "scaled_age": 0.0}, "64": {"bias": -0.4082482904638631, "objective_cosine_similarity": -0.29231632595668505, "is_tight": 1.0, "dual_solution_value": -7.731577506907294e-05, "scaled_age": 0.0}, "65": {"bias": -0.5773502691896258, "objective_cosine_similarity": -0.20826475676229336, "is_tight": 1.0, "dual_solution_value": -0.004031379355832536, "scaled_age": 0.0}, "66": {"bias": -0.5773502691896258, "objective_cosine_similarity": -0.16441954481233687, "is_tight": 1.0, "dual_solution_value": -0.004695013271043402, "scaled_age": 0.0}, "67": {"bias": -0.3779644730092272, "objective_cosine_similarity": -0.38954653569582665, "is_tight": 1.0, "dual_solution_value": -0.003004915689582765, "scaled_age": 0.0}, "68": {"bias": -0.4472135954999579, "objective_cosine_similarity": -0.3287070800916744, "is_tight": 1.0, "dual_solution_value": -0.013637898335333683, "scaled_age": 0.0}, "69": {"bias": -0.4082482904638631, "objective_cosine_similarity": -0.16941059799762428, "is_tight": 0.0, "dual_solution_value": 0.0, "scaled_age": 0.2441860465116279}, "70": {"bias": -0.4472135954999579, "objective_cosine_similarity": -0.2644211935792805, "is_tight": 0.0, "dual_solution_value": 0.0, "scaled_age": 0.20930232558139536}, "71": {"bias": -0.2886751345948129, "objective_cosine_similarity": -0.40478526032370554, "is_tight": 0.0, "dual_solution_value": 0.0, "scaled_age": 0.2441860465116279}, "72": {"bias": -0.35355339059327373, "objective_cosine_similarity": -0.3672641609698429, "is_tight": 0.0, "dual_solution_value": 0.0, "scaled_age": 0.2441860465116279}, "73": {"bias": -0.4082482904638631, "objective_cosine_similarity": -0.2779219614209392, "is_tight": 1.0, "dual_solution_value": -0.00015750866831975118, "scaled_age": 0.0}, "74": {"bias": -0.4082482904638631, "objective_cosine_similarity": -0.38864784246513806, "is_tight": 1.0, "dual_solution_value": -0.00022664681296935926, "scaled_age": 0.0}, "75": {"bias": -0.35355339059327373, "objective_cosine_similarity": -0.4535664442264639, "is_tight": 1.0, "dual_solution_value": -0.004894838532469225, "scaled_age": 0.0}, "76": {"bias": -0.3333333333333333, "objective_cosine_similarity": -0.22511418519906823, "is_tight": 0.0, "dual_solution_value": 0.0, "scaled_age": 0.2441860465116279}, "77": {"bias": -0.4472135954999579, "objective_cosine_similarity": -0.1346364792995419, "is_tight": 0.0, "dual_solution_value": 0.0, "scaled_age": 0.2441860465116279}, "78": {"bias": -0.4082482904638631, "objective_cosine_similarity": -0.2391679030554696, "is_tight": 0.0, "dual_solution_value": 0.0, "scaled_age": 0.03488372093023256}, "79": {"bias": -0.4082482904638631, "objective_cosine_similarity": -0.2513477499703315, "is_tight": 0.0, "dual_solution_value": 0.0, "scaled_age": 0.2441860465116279}, "80": {"bias": -0.4082482904638631, "objective_cosine_similarity": -0.2502404911598895, "is_tight": 0.0, "dual_solution_value": 0.0, "scaled_age": 0.011627906976744186}, "81": {"bias": -0.4472135954999579, "objective_cosine_similarity": -0.12008118424013196, "is_tight": 0.0, "dual_solution_value": 0.0, "scaled_age": 0.2441860465116279}, "82": {"bias": -0.4082482904638631, "objective_cosine_similarity": -0.3498937840996685, "is_tight": 1.0, "dual_solution_value": -0.02089853105954602, "scaled_age": 0.0}, "83": {"bias": -0.4082482904638631, "objective_cosine_similarity": -0.29453084357756903, "is_tight": 0.0, "dual_solution_value": 0.0, "scaled_age": 0.2441860465116279}, "84": {"bias": -0.30151134457776363, "objective_cosine_similarity": -0.3655408777869367, "is_tight": 0.0, "dual_solution_value": 0.0, "scaled_age": 0.2441860465116279}, "85": {"bias": -0.4082482904638631, "objective_cosine_similarity": -0.2524550087807734, "is_tight": 0.0, "dual_solution_value": 0.0, "scaled_age": 0.023255813953488372}, "86": {"bias": -0.4472135954999579, "objective_cosine_similarity": -0.19770942455698495, "is_tight": 0.0, "dual_solution_value": 0.0, "scaled_age": 0.2441860465116279}, "87": {"bias": -0.4472135954999579, "objective_cosine_similarity": -0.2037741308317391, "is_tight": 1.0, "dual_solution_value": -4.141554884270291e-06, "scaled_age": 0.0}, "88": {"bias": -0.31622776601683794, "objective_cosine_similarity": -0.2941838923889314, "is_tight": 0.0, "dual_solution_value": 0.0, "scaled_age": 0.2441860465116279}, "89": {"bias": -0.31622776601683794, "objective_cosine_similarity": -0.4142589505068626, "is_tight": 0.0, "dual_solution_value": 0.0, "scaled_age": 0.1744186046511628}, "90": {"bias": -0.4472135954999579, "objective_cosine_similarity": -0.147978833104001, "is_tight": 0.0, "dual_solution_value": 0.0, "scaled_age": 0.2441860465116279}, "91": {"bias": -0.35355339059327373, "objective_cosine_similarity": -0.4152098738901879, "is_tight": 1.0, "dual_solution_value": -0.0075216109377025985, "scaled_age": 0.0}, "92": {"bias": -0.3333333333333333, "objective_cosine_similarity": -0.35801292103948196, "is_tight": 0.0, "dual_solution_value": 0.0, "scaled_age": 0.2441860465116279}, "93": {"bias": -0.30151134457776363, "objective_cosine_similarity": -0.44077524189521006, "is_tight": 0.0, "dual_solution_value": 0.0, "scaled_age": 0.2441860465116279}, "94": {"bias": -0.4472135954999579, "objective_cosine_similarity": -0.21832942589114904, "is_tight": 0.0, "dual_solution_value": 0.0, "scaled_age": 0.2441860465116279}, "95": {"bias": -0.4082482904638631, "objective_cosine_similarity": -0.17494689204983424, "is_tight": 0.0, "dual_solution_value": 0.0, "scaled_age": 0.2441860465116279}, "96": {"bias": -0.4082482904638631, "objective_cosine_similarity": -0.32442683145950274, "is_tight": 0.0, "dual_solution_value": 0.0, "scaled_age": 0.2441860465116279}, "97": {"bias": -0.4472135954999579, "objective_cosine_similarity": -0.12614589051488612, "is_tight": 0.0, "dual_solution_value": 0.0, "scaled_age": 0.2441860465116279}, "98": {"bias": -0.4472135954999579, "objective_cosine_similarity": -0.3832894365644616, "is_tight": 1.0, "dual_solution_value": -0.02949978840728126, "scaled_age": 0.0}, "99": {"bias": -0.5773502691896258, "objective_cosine_similarity": -0.15345824182484774, "is_tight": 0.0, "dual_solution_value": 0.0, "scaled_age": 0.16279069767441862}, "100": {"bias": -0.35355339059327373, "objective_cosine_similarity": -0.3605517611609946, "is_tight": 1.0, "dual_solution_value": -0.00041409163680666984, "scaled_age": 0.0}, "101": {"bias": -0.2886751345948129, "objective_cosine_similarity": -0.32022663727736084, "is_tight": 0.0, "dual_solution_value": 0.0, "scaled_age": 0.2441860465116279}, "102": {"bias": -0.31622776601683794, "objective_cosine_similarity": -0.3679442852328034, "is_tight": 0.0, "dual_solution_value": 0.0, "scaled_age": 0.2441860465116279}, "103": {"bias": -0.3779644730092272, "objective_cosine_similarity": -0.4172248421794775, "is_tight": 0.0, "dual_solution_value": 0.0, "scaled_age": 0.2441860465116279}, "104": {"bias": -0.35355339059327373, "objective_cosine_similarity": -0.29055102029729085, "is_tight": 0.0, "dual_solution_value": 0.0, "scaled_age": 0.046511627906976744}, "105": {"bias": -0.35355339059327373, "objective_cosine_similarity": -0.2512355357026079, "is_tight": 0.0, "dual_solution_value": 0.0, "scaled_age": 0.12790697674418605}, "106": {"bias": -0.3779644730092272, "objective_cosine_similarity": -0.3034362488578018, "is_tight": 0.0, "dual_solution_value": 0.0, "scaled_age": 0.011627906976744186}, "107": {"bias": -0.35355339059327373, "objective_cosine_similarity": -0.32411301934153236, "is_tight": 0.0, "dual_solution_value": 0.0, "scaled_age": 0.2441860465116279}, "108": {"bias": -0.35355339059327373, "objective_cosine_similarity": -0.37493547503709806, "is_tight": 0.0, "dual_solution_value": 0.0, "scaled_age": 0.046511627906976744}, "109": {"bias": -0.3779644730092272, "objective_cosine_similarity": -0.3536672495133163, "is_tight": 1.0, "dual_solution_value": -0.006478177620652918, "scaled_age": 0.0}, "110": {"bias": -0.3333333333333333, "objective_cosine_similarity": -0.34987626374313013, "is_tight": 0.0, "dual_solution_value": 0.0, "scaled_age": 0.2441860465116279}, "111": {"bias": -0.5, "objective_cosine_similarity": -0.09221544935865446, "is_tight": 0.0, "dual_solution_value": 0.0, "scaled_age": 0.2441860465116279}, "112": {"bias": -0.5, "objective_cosine_similarity": -0.2752902385265714, "is_tight": 1.0, "dual_solution_value": -0.00011219037910232386, "scaled_age": 0.0}, "113": {"bias": -0.35355339059327373, "objective_cosine_similarity": -0.2589068497698631, "is_tight": 0.0, "dual_solution_value": 0.0, "scaled_age": 0.13953488372093023}, "114": {"bias": -0.35355339059327373, "objective_cosine_similarity": -0.3058936484318012, "is_tight": 0.0, "dual_solution_value": 0.0, "scaled_age": 0.2441860465116279}, "115": {"bias": -1.126478074293617, "objective_cosine_similarity": -0.9569037670185634, "is_tight": 1.0, "dual_solution_value": -0.014635035905943361, "scaled_age": 0.0}, "116": {"bias": -0.7745966692414834, "objective_cosine_similarity": -0.6260610122910143, "is_tight": 0.0, "dual_solution_value": -0.0, "scaled_age": 0.1511627906976744}, "117": {"bias": -0.9622504486493763, "objective_cosine_similarity": -0.8153121555456195, "is_tight": 0.0, "dual_solution_value": -0.0, "scaled_age": 0.1511627906976744}, "118": {"bias": -0.5345224838248488, "objective_cosine_similarity": -0.5588755754479686, "is_tight": 0.0, "dual_solution_value": -0.0, "scaled_age": 0.1511627906976744}, "119": {"bias": -1.0090091909944687, "objective_cosine_similarity": -0.9207928487503948, "is_tight": 0.0, "dual_solution_value": -0.0, "scaled_age": 0.06976744186046512}, "120": {"bias": -1.1429480899089854, "objective_cosine_similarity": -0.962977142843021, "is_tight": 0.0, "dual_solution_value": -0.0, "scaled_age": 0.1511627906976744}, "121": {"bias": -1.1252634700502466, "objective_cosine_similarity": -0.9587386751261886, "is_tight": 1.0, "dual_solution_value": -0.012058522860267526, "scaled_age": 0.0}, "122": {"bias": -0.9299811099505543, "objective_cosine_similarity": -0.7888532431057897, "is_tight": 1.0, "dual_solution_value": -0.00025174250474547453, "scaled_age": 0.0}, "123": {"bias": -1.0265298051494731, "objective_cosine_similarity": -0.8927254237368004, "is_tight": 0.0, "dual_solution_value": -0.0, "scaled_age": 0.08139534883720931}, "124": {"bias": -1.1308107749121556, "objective_cosine_similarity": -0.9597352442656246, "is_tight": 1.0, "dual_solution_value": -0.0027277064736980945, "scaled_age": 0.0}, "125": {"bias": -0.6546536707079772, "objective_cosine_similarity": -0.5794257802729168, "is_tight": 0.0, "dual_solution_value": -0.0, "scaled_age": 0.03488372093023256}, "126": {"bias": -1.0394023007753748, "objective_cosine_similarity": -0.886474649323595, "is_tight": 0.0, "dual_solution_value": -0.0, "scaled_age": 0.06976744186046512}, "127": {"bias": -1.0874197679943185, "objective_cosine_similarity": -0.9336238410347403, "is_tight": 0.0, "dual_solution_value": -0.0, "scaled_age": 0.05813953488372093}, "128": {"bias": -1.1255187193925755, "objective_cosine_similarity": -0.961114681440323, "is_tight": 1.0, "dual_solution_value": -0.002119232194878044, "scaled_age": 0.0}, "129": {"bias": -0.6708203932499369, "objective_cosine_similarity": -0.5719018017093154, "is_tight": 1.0, "dual_solution_value": -2.770655582451227e-05, "scaled_age": 0.0}, "130": {"bias": -0.9638631946829986, "objective_cosine_similarity": -0.9077837853775571, "is_tight": 0.0, "dual_solution_value": -0.0, "scaled_age": 0.046511627906976744}, "131": {"bias": -1.005970202294378, "objective_cosine_similarity": -0.8909313248285939, "is_tight": 0.0, "dual_solution_value": -0.0, "scaled_age": 0.023255813953488372}, "132": {"bias": -0.6708203932499369, "objective_cosine_similarity": -0.5973735680632828, "is_tight": 1.0, "dual_solution_value": -0.00028601885700493476, "scaled_age": 0.0}, "133": {"bias": -1.0690449676496976, "objective_cosine_similarity": -0.9239689582849252, "is_tight": 1.0, "dual_solution_value": -4.787825451026243e-05, "scaled_age": 0.0}, "134": {"bias": -1.0879368351963496, "objective_cosine_similarity": -0.9420571630672745, "is_tight": 1.0, "dual_solution_value": -1.1155170627011546e-05, "scaled_age": 0.0}, "135": {"bias": -0.9733285267845753, "objective_cosine_similarity": -0.8933794643624515, "is_tight": 1.0, "dual_solution_value": -1.3004769336648572e-05, "scaled_age": 0.0}}