{"0": {"bias": -0.6324555320336759, "objective_cosine_similarity": -0.3752341947357398, "is_tight": 0.0, "dual_solution_value": -0.0, "scaled_age": 0.05128205128205128}, "1": {"bias": -1.0706067580626215, "objective_cosine_similarity": -0.8937868554079929, "is_tight": 0.0, "dual_solution_value": -0.0, "scaled_age": 0.017094017094017096}, "2": {"bias": -0.5547001962252291, "objective_cosine_similarity": -0.6186725282781044, "is_tight": 1.0, "dual_solution_value": -0.001035577758236631, "scaled_age": 0.0}, "3": {"bias": -0.8728715609439696, "objective_cosine_similarity": -0.6663913473417856, "is_tight": 0.0, "dual_solution_value": -0.0, "scaled_age": 0.1282051282051282}, "4": {"bias": -1.0757057484009542, "objective_cosine_similarity": -0.8479698576115804, "is_tight": 1.0, "dual_solution_value": -0.0018703659315226846, "scaled_age": 0.0}, "5": {"bias": -0.8944271909999159, "objective_cosine_similarity": -0.6653185808758172, "is_tight": 1.0, "dual_solution_value": -0.00013808028272947916, "scaled_age": 0.0}, "6": {"bias": -0.5345224838248488, "objective_cosine_similarity": -0.5075997108555178, "is_tight": 0.0, "dual_solution_value": -0.0, "scaled_age": 0.03418803418803419}, "7": {"bias": -0.7071067811865476, "objective_cosine_similarity": -0.6525937964867284, "is_tight": 1.0, "dual_solution_value": -0.0013927429876174088, "scaled_age": 0.0}, "8": {"bias": -0.75, "objective_cosine_similarity": -0.713560333173142, "is_tight": 1.0, "dual_solution_value": -0.00040234439475583084, "scaled_age": 0.0}, "9": {"bias": -1.1193415387517154, "objective_cosine_similarity": -0.8916473036527989, "is_tight": 0.0, "dual_solution_value": -0.0, "scaled_age": 0.05982905982905983}, "10": {"bias": -1.263392578058583, "objective_cosine_similarity": -0.8819942388199586, "is_tight": 1.0, "dual_solution_value": -4.081979474958422e-09, "scaled_age": 0.0}, "11": {"bias": -1.1931848997583692, "objective_cosine_similarity": -0.9267075955461764, "is_tight": 1.0, "dual_solution_value": -0.0002072270065284467, "scaled_age": 0.0}, "12": {"bias": -0.6666666666666666, "objective_cosine_similarity": -0.3990949179295476, "is_tight": 1.0, "dual_solution_value": -1.680058466796088e-05, "scaled_age": 0.0}, "13": {"bias": -1.0302443927398635, "objective_cosine_similarity": -0.8189932220428636, "is_tight": 0.0, "dual_solution_value": -0.0, "scaled_age": 0.1282051282051282}, "14": {"bias": -0.9899494936611665, "objective_cosine_similarity": -0.7916794241549424, "is_tight": 1.0, "dual_solution_value": -9.166226793340825e-05, "scaled_age": 0.0}, "15": {"bias": -0.9733285267845753, "objective_cosine_similarity": -0.7416398081926875, "is_tight": 0.0, "dual_solution_value": -0.0, "scaled_age": 0.1282051282051282}, "16": {"bias": -0.7453559924999299, "objective_cosine_similarity": -0.7022364582178287, "is_tight": 1.0, "dual_solution_value": -0.0022933372865820614, "scaled_age": 0.0}, "17": {"bias": -1.167557368183069, "objective_cosine_similarity": -0.9239071335657615, "is_tight": 0.0, "dual_solution_value": 0.0, "scaled_age": 0.03418803418803419}, "18": {"bias": -1.17667435077763, "objective_cosine_similarity": -0.9150043709970549, "is_tight": 0.0, "dual_solution_value": 0.0, "scaled_age": 0.008547008547008548}, "19": {"bias": -0.35355339059327373, "objective_cosine_similarity": -0.5770037814496557, "is_tight": 1.0, "dual_solution_value": -0.0004473096913291074, "scaled_age": 0.0}, "20": {"bias": -0.31622776601683794, "objective_cosine_similarity": -0.4338293242440235, "is_tight": 0.0, "dual_solution_value": 0.0, "scaled_age": 0.10256410256410256}, "21": {"bias": -0.4472135954999579, "objective_cosine_similarity": -0.4207044439550078, "is_tight": 0.0, "dual_solution_value": 0.0, "scaled_age": 0.20512820512820512}, "22": {"bias": -0.5773502691896258, "objective_cosine_similarity": -0.17075586909645876, "is_tight": 0.0, "dual_solution_value": 0.0, "scaled_age": 0.20512820512820512}, "23": {"bias": -0.35355339059327373, "objective_cosine_similarity": -0.2494470496223402, "is_tight": 0.0, "dual_solution_value": 0.0, "scaled_age": 0.20512820512820512}, "24": {"bias": -0.4472135954999579, "objective_cosine_similarity": -0.32987052991926746, "is_tight": 0.0, "dual_solution_value": 0.0, "scaled_age": 0.03418803418803419}, "25": {"bias": -0.4472135954999579, "objective_cosine_similarity": -0.21832010917362146, "is_tight": 0.0, "dual_solution_value": 0.0, "scaled_age": 0.05982905982905983}, "26": {"bias": -0.4082482904638631, "objective_cosine_similarity": -0.2822177204254052, "is_tight": 0.0, "dual_solution_value": 0.0, "scaled_age": 0.20512820512820512}, "27": {"bias": -0.4472135954999579, "objective_cosine_similarity": -0.1912292927068217, "is_tight": 0.0, "dual_solution_value": 0.0, "scaled_age": 0.20512820512820512}, "28": {"bias": -0.4472135954999579, "objective_cosine_similarity": -0.2581595451542093, "is_tight": 1.0, "dual_solution_value": -0.0005010351726153005, "scaled_age": 0.0}, "29": {"bias": -0.4472135954999579, "objective_cosine_similarity": -0.4477952604218075, "is_tight": 1.0, "dual_solution_value": -0.003935157808391082, "scaled_age": 0.0}, "30": {"bias": -0.35355339059327373, "objective_cosine_similarity": -0.30865922806804724, "is_tight": 0.0, "dual_solution_value": 0.0, "scaled_age": 0.20512820512820512}, "31": {"bias": -0.3779644730092272, "objective_cosine_similarity": -0.2814851193768176, "is_tight": 0.0, "dual_solution_value": 0.0, "scaled_age": 0.20512820512820512}, "32": {"bias": -0.5773502691896258, "objective_cosine_similarity": -0.19955806388381325, "is_tight": 1.0, "dual_solution_value": -0.032800615721694674, "scaled_age": 0.0}, "33": {"bias": -0.4472135954999579, "objective_cosine_similarity": -0.3569613463860672, "is_tight": 0.0, "dual_solution_value": 0.0, "scaled_age": 0.10256410256410256}, "34": {"bias": -0.5, "objective_cosine_similarity": -0.3973132441887907, "is_tight": 0.0, "dual_solution_value": 0.0, "scaled_age": 0.008547008547008548}, "35": {"bias": -0.4082482904638631, "objective_cosine_similarity": -0.3374974800963609, "is_tight": 0.0, "dual_solution_value": 0.0, "scaled_age": 0.20512820512820512}, "36": {"bias": -0.4472135954999579, "objective_cosine_similarity": -0.19601002502449227, "is_tight": 0.0, "dual_solution_value": 0.0, "scaled_age": 0.20512820512820512}, "37": {"bias": -0.35355339059327373, "objective_cosine_similarity": -0.34897390275448603, "is_tight": 0.0, "dual_solution_value": 0.0, "scaled_age": 0.20512820512820512}, "38": {"bias": -0.35355339059327373, "objective_cosine_similarity": -0.3527534035063397, "is_tight": 0.0, "dual_solution_value": 0.0, "scaled_age": 0.20512820512820512}, "39": {"bias": -0.5773502691896258, "objective_cosine_similarity": -0.1481255731921088, "is_tight": 0.0, "dual_solution_value": 0.0, "scaled_age": 0.03418803418803419}, "40": {"bias": -0.4082482904638631, "objective_cosine_similarity": -0.4204171196027944, "is_tight": 0.0, "dual_solution_value": 0.0, "scaled_age": 0.06837606837606838}, "41": {"bias": -0.4082482904638631, "objective_cosine_similarity": -0.2807629899077485, "is_tight": 0.0, "dual_solution_value": 0.0, "scaled_age": 0.20512820512820512}, "42": {"bias": -0.35355339059327373, "objective_cosine_similarity": -0.2192110436075111, "is_tight": 0.0, "dual_solution_value": 0.0, "scaled_age": 0.20512820512820512}, "43": {"bias": -0.4472135954999579, "objective_cosine_similarity": -0.36174207870373776, "is_tight": 0.0, "dual_solution_value": 0.0, "scaled_age": 0.20512820512820512}, "44": {"bias": -0.3779644730092272, "objective_cosine_similarity": -0.3784560695927547, "is_tight": 0.0, "dual_solution_value": 0.0, "scaled_age": 0.20512820512820512}, "45": {"bias": -0.3779644730092272, "objective_cosine_similarity": -0.3138087694487966, "is_tight": 0.0, "dual_solution_value": 0.0, "scaled_age": 0.20512820512820512}, "46": {"bias": -0.35355339059327373, "objective_cosine_similarity": -0.3527534035063397, "is_tight": 0.0, "dual_solution_value": 0.0, "scaled_age": 0.13675213675213677}, "47": {"bias": -0.4082482904638631, "objective_cosine_similarity": -0.09892167520065749, "is_tight": 0.0, "dual_solution_value": 0.0, "scaled_age": 0.20512820512820512}, "48": {"bias": -0.4472135954999579, "objective_cosine_similarity": -0.2677210097895504, "is_tight": 0.0, "dual_solution_value": 0.0, "scaled_age": 0.20512820512820512}, "49": {"bias": -0.5773502691896258, "objective_cosine_similarity": -0.18721426611780417, "is_tight": 0.0, "dual_solution_value": 0.0, "scaled_age": 0.1623931623931624}, "50": {"bias": -0.5773502691896258, "objective_cosine_similarity": -0.2674489515968631, "is_tight": 1.0, "dual_solution_value": -7.81681978566224e-05, "scaled_age": 0.0}, "51": {"bias": -0.4472135954999579, "objective_cosine_similarity": -0.27568889698566795, "is_tight": 0.0, "dual_solution_value": 0.0, "scaled_age": 0.1794871794871795}, "52": {"bias": -0.5773502691896258, "objective_cosine_similarity": -0.26333435234152675, "is_tight": 1.0, "dual_solution_value": -0.007572568602043819, "scaled_age": 0.0}, "53": {"bias": -0.4472135954999579, "objective_cosine_similarity": -0.39680078236665506, "is_tight": 0.0, "dual_solution_value": 0.0, "scaled_age": 0.20512820512820512}, "54": {"bias": -0.4472135954999579, "objective_cosine_similarity": -0.2581595451542093, "is_tight": 0.0, "dual_solution_value": 0.0, "scaled_age": 0.03418803418803419}, "55": {"bias": -0.4472135954999579, "objective_cosine_similarity": -0.2916246713779031, "is_tight": 1.0, "dual_solution_value": -0.015816267025372335, "scaled_age": 0.0}, "56": {"bias": -0.4082482904638631, "objective_cosine_similarity": -0.2953102950843158, "is_tight": 0.0, "dual_solution_value": 0.0, "scaled_age": 0.20512820512820512}, "57": {"bias": -0.5773502691896258, "objective_cosine_similarity": -0.18721426611780417, "is_tight": 0.0, "dual_solution_value": 0.0, "scaled_age": 0.1623931623931624}, "58": {"bias": -0.35355339059327373, "objective_cosine_similarity": -0.3527534035063397, "is_tight": 0.0, "dual_solution_value": 0.0, "scaled_age": 0.1623931623931624}, "59": {"bias": -0.4082482904638631, "objective_cosine_similarity": -0.39859616183794344, "is_tight": 0.0, "dual_solution_value": 0.0, "scaled_age": 0.20512820512820512}, "60": {"bias": -0.5773502691896258, "objective_cosine_similarity": -0.23453215755417228, "is_tight": 1.0, "dual_solution_value": -0.019345162563674675, "scaled_age": 0.0}, "61": {"bias": -0.5773502691896258, "objective_cosine_similarity": -0.18104236723479966, "is_tight": 1.0, "dual_solution_value": -0.0032369474652326176, "scaled_age": 0.0}, "62": {"bias": -0.5773502691896258, "objective_cosine_similarity": -0.40323072702296286, "is_tight": 1.0, "dual_solution_value": -0.07158773918399308, "scaled_age": 0.0}, "63": {"bias": -0.5773502691896258, "objective_cosine_similarity": -0.22836025867116774, "is_tight": 1.0, "dual_solution_value": -0.005346697152697789, "scaled_age": 0.0}, "64": {"bias": -0.35355339059327373, "objective_cosine_similarity": -0.2859822235569254, "is_tight": 0.0, "dual_solution_value": 0.0, "scaled_age": 0.1623931623931624}, "65": {"bias": -0.5, "objective_cosine_similarity": -0.18885741652023236, "is_tight": 0.0, "dual_solution_value": 0.0, "scaled_age": 0.20512820512820512}, "66": {"bias": -0.3779644730092272, "objective_cosine_similarity": -0.3569069695447687, "is_tight": 0.0, "dual_solution_value": 0.0, "scaled_age": 0.20512820512820512}, "67": {"bias": -0.4082482904638631, "objective_cosine_similarity": -0.39859616183794344, "is_tight": 0.0, "dual_solution_value": 0.0, "scaled_age": 0.11965811965811966}, "68": {"bias": -0.4472135954999579, "objective_cosine_similarity": -0.14979627928701034, "is_tight": 0.0, "dual_solution_value": 0.0, "scaled_age": 0.20512820512820512}, "69": {"bias": -0.4472135954999579, "objective_cosine_similarity": -0.3473998817507261, "is_tight": 1.0, "dual_solution_value": -0.0018602601406279456, "scaled_age": 0.0}, "70": {"bias": -0.5773502691896258, "objective_cosine_similarity": -0.16869856946879058, "is_tight": 0.0, "dual_solution_value": 0.0, "scaled_age": 0.20512820512820512}, "71": {"bias": -0.4472135954999579, "objective_cosine_similarity": -0.17051278599691602, "is_tight": 0.0, "dual_solution_value": 0.0, "scaled_age": 0.20512820512820512}, "72": {"bias": -0.5, "objective_cosine_similarity": -0.16569565789039253, "is_tight": 0.0, "dual_solution_value": 0.0, "scaled_age": 0.15384615384615385}, "73": {"bias": -0.4472135954999579, "objective_cosine_similarity": -0.4892282738416189, "is_tight": 1.0, "dual_solution_value": -0.03290894373864355, "scaled_age": 0.0}, "74": {"bias": -0.3779644730092272, "objective_cosine_similarity": -0.3474792382737748, "is_tight": 0.0, "dual_solution_value": 0.0, "scaled_age": 0.20512820512820512}, "75": {"bias": -0.3779644730092272, "objective_cosine_similarity": -0.4188606321827285, "is_tight": 0.0, "dual_solution_value": 0.0, "scaled_age": 0.20512820512820512}, "76": {"bias": -0.4472135954999579, "objective_cosine_similarity": -0.3442127268722791, "is_tight": 1.0, "dual_solution_value": -0.0025702049107694178, "scaled_age": 0.0}, "77": {"bias": -0.7071067811865475, "objective_cosine_similarity": -0.08062934937287765, "is_tight": 1.0, "dual_solution_value": -0.00949384783887323, "scaled_age": 0.0}, "78": {"bias": -0.35355339059327373, "objective_cosine_similarity": -0.24062821453468172, "is_tight": 0.0, "dual_solution_value": 0.0, "scaled_age": 0.20512820512820512}, "79": {"bias": -0.5, "objective_cosine_similarity": -0.1603506366681218, "is_tight": 0.0, "dual_solution_value": 0.0, "scaled_age": 0.20512820512820512}, "80": {"bias": -0.4472135954999579, "objective_cosine_similarity": -0.24222377076197418, "is_tight": 0.0, "dual_solution_value": 0.0, "scaled_age": 0.03418803418803419}, "81": {"bias": -0.4472135954999579, "objective_cosine_similarity": -0.1880421378283747, "is_tight": 0.0, "dual_solution_value": 0.0, "scaled_age": 0.20512820512820512}, "82": {"bias": -0.4472135954999579, "objective_cosine_similarity": -0.16095132136157494, "is_tight": 0.0, "dual_solution_value": 0.0, "scaled_age": 0.20512820512820512}, "83": {"bias": -0.5, "objective_cosine_similarity": -0.1977657852240169, "is_tight": 0.0, "dual_solution_value": 0.0, "scaled_age": 0.20512820512820512}, "84": {"bias": -0.3333333333333333, "objective_cosine_similarity": -0.24587097622445342, "is_tight": 0.0, "dual_solution_value": 0.0, "scaled_age": 0.20512820512820512}, "85": {"bias": -0.4082482904638631, "objective_cosine_similarity": -0.2342116133427332, "is_tight": 0.0, "dual_solution_value": 0.0, "scaled_age": 0.20512820512820512}, "86": {"bias": -0.5773502691896258, "objective_cosine_similarity": -0.14195367430910427, "is_tight": 1.0, "dual_solution_value": -0.0019891636799260395, "scaled_age": 0.0}, "87": {"bias": -0.4472135954999579, "objective_cosine_similarity": -0.27250174210722095, "is_tight": 0.0, "dual_solution_value": 0.0, "scaled_age": 0.017094017094017096}, "88": {"bias": -0.35355339059327373, "objective_cosine_similarity": -0.3439345684186812, "is_tight": 0.0, "dual_solution_value": 0.0, "scaled_age": 0.20512820512820512}, "89": {"bias": -0.5, "objective_cosine_similarity": -0.21023750140931524, "is_tight": 1.0, "dual_solution_value": -0.0018655724954176364, "scaled_age": 0.0}, "90": {"bias": -0.5773502691896258, "objective_cosine_similarity": -0.1769277679794633, "is_tight": 1.0, "dual_solution_value": -0.0003930648793787882, "scaled_age": 0.0}, "91": {"bias": -0.5, "objective_cosine_similarity": -0.29397616722488995, "is_tight": 1.0, "dual_solution_value": -0.01429809804552615, "scaled_age": 0.0}, "92": {"bias": -0.5773502691896258, "objective_cosine_similarity": -0.23041755829883592, "is_tight": 1.0, "dual_solution_value": -0.04731789143636809, "scaled_age": 0.0}, "93": {"bias": -0.4472135954999579, "objective_cosine_similarity": -0.18166782807148063, "is_tight": 1.0, "dual_solution_value": -0.00012243989201598984, "scaled_age": 0.0}, "94": {"bias": -0.5, "objective_cosine_similarity": -0.2387442812614258, "is_tight": 1.0, "dual_solution_value": -0.0062281067869133545, "scaled_age": 0.0}, "95": {"bias": -0.4082482904638631, "objective_cosine_similarity": -0.2531231100722707, "is_tight": 0.0, "dual_solution_value": 0.0, "scaled_age": 0.20512820512820512}, "96": {"bias": -0.3333333333333333, "objective_cosine_similarity": -0.32782796829927124, "is_tight": 0.0, "dual_solution_value": 0.0, "scaled_age": 0.20512820512820512}, "97": {"bias": -0.35355339059327373, "objective_cosine_similarity": -0.27968305563716933, "is_tight": 0.0, "dual_solution_value": 0.0, "scaled_age": 0.03418803418803419}, "98": {"bias": -0.5, "objective_cosine_similarity": -0.1799490478164478, "is_tight": 0.0, "dual_solution_value": 0.0, "scaled_age": 0.20512820512820512}, "99": {"bias": -0.4082482904638631, "objective_cosine_similarity": -0.3127670612961965, "is_tight": 0.0, "dual_solution_value": 0.0, "scaled_age": 0.03418803418803419}, "100": {"bias": -0.4082482904638631, "objective_cosine_similarity": -0.2603967626605543, "is_tight": 0.0, "dual_solution_value": 0.0, "scaled_age": 0.06837606837606838}, "101": {"bias": -0.4472135954999579, "objective_cosine_similarity": -0.32987052991926746, "is_tight": 0.0, "dual_solution_value": 0.0, "scaled_age": 0.20512820512820512}, "102": {"bias": -0.3779644730092272, "objective_cosine_similarity": -0.2747510256118219, "is_tight": 0.0, "dual_solution_value": 0.0, "scaled_age": 0.06837606837606838}, "103": {"bias": -0.3779644730092272, "objective_cosine_similarity": -0.3838433446047512, "is_tight": 0.0, "dual_solution_value": 0.0, "scaled_age": 0.20512820512820512}, "104": {"bias": -0.4082482904638631, "objective_cosine_similarity": -0.2822177204254052, "is_tight": 0.0, "dual_solution_value": 0.0, "scaled_age": 0.20512820512820512}, "105": {"bias": -0.5, "objective_cosine_similarity": -0.1407522255197958, "is_tight": 0.0, "dual_solution_value": 0.0, "scaled_age": 0.20512820512820512}, "106": {"bias": -0.4082482904638631, "objective_cosine_similarity": -0.44660226892061544, "is_tight": 0.0, "dual_solution_value": 0.0, "scaled_age": 0.03418803418803419}, "107": {"bias": -0.4472135954999579, "objective_cosine_similarity": -0.15138985672623387, "is_tight": 0.0, "dual_solution_value": 0.0, "scaled_age": 0.20512820512820512}, "108": {"bias": -0.4472135954999579, "objective_cosine_similarity": -0.2677210097895504, "is_tight": 0.0, "dual_solution_value": 0.0, "scaled_age": 0.008547008547008548}, "109": {"bias": -0.35355339059327373, "objective_cosine_similarity": -0.28472238997297417, "is_tight": 0.0, "dual_solution_value": 0.0, "scaled_age": 0.20512820512820512}, "110": {"bias": -0.35355339059327373, "objective_cosine_similarity": -0.2985805593964375, "is_tight": 0.0, "dual_solution_value": 0.0, "scaled_age": 0.042735042735042736}, "111": {"bias": -0.4472135954999579, "objective_cosine_similarity": -0.19760360246371578, "is_tight": 0.0, "dual_solution_value": 0.0, "scaled_age": 0.07692307692307693}, "112": {"bias": -0.35355339059327373, "objective_cosine_similarity": -0.3477140691705348, "is_tight": 0.0, "dual_solution_value": 0.0, "scaled_age": 0.20512820512820512}, "113": {"bias": -0.3779644730092272, "objective_cosine_similarity": -0.31111513194279833, "is_tight": 0.0, "dual_solution_value": 0.0, "scaled_age": 0.20512820512820512}, "114": {"bias": -0.4472135954999579, "objective_cosine_similarity": -0.49560258359851295, "is_tight": 1.0, "dual_solution_value": -0.033378007132147905, "scaled_age": 0.0}, "115": {"bias": -0.31622776601683794, "objective_cosine_similarity": -0.37072687708125646, "is_tight": 0.0, "dual_solution_value": 0.0, "scaled_age": 0.20512820512820512}, "116": {"bias": -0.4472135954999579, "objective_cosine_similarity": -0.24063019332275065, "is_tight": 0.0, "dual_solution_value": 0.0, "scaled_age": 0.20512820512820512}, "117": {"bias": -0.4472135954999579, "objective_cosine_similarity": -0.12429904025943411, "is_tight": 0.0, "dual_solution_value": 0.0, "scaled_age": 0.20512820512820512}, "118": {"bias": -1.1088319064318592, "objective_cosine_similarity": -0.8679366927382801, "is_tight": 0.0, "dual_solution_value": -0.0, "scaled_age": 0.02564102564102564}, "119": {"bias": -1.23512557766499, "objective_cosine_similarity": -0.9416986799821212, "is_tight": 1.0, "dual_solution_value": -0.006470056157204861, "scaled_age": 0.0}, "120": {"bias": -1.2256682240214387, "objective_cosine_similarity": -0.9355230656740443, "is_tight": 0.0, "dual_solution_value": -0.0, "scaled_age": 0.02564102564102564}, "121": {"bias": -1.2478852144589427, "objective_cosine_similarity": -0.9467236141594113, "is_tight": 0.0, "dual_solution_value": -0.0, "scaled_age": 0.02564102564102564}, "122": {"bias": -1.2792042981336627, "objective_cosine_similarity": -0.9270972836114626, "is_tight": 0.0, "dual_solution_value": -0.0, "scaled_age": 0.008547008547008548}, "123": {"bias": -1.1790126894931265, "objective_cosine_similarity": -0.8972630981683368, "is_tight": 0.0, "dual_solution_value": -0.0, "scaled_age": 0.1111111111111111}, "124": {"bias": -0.8401680504168059, "objective_cosine_similarity": -0.7888691211630398, "is_tight": 0.0, "dual_solution_value": -0.0, "scaled_age": 0.07692307692307693}, "125": {"bias": -1.210455065337605, "objective_cosine_similarity": -0.9234715370319249, "is_tight": 0.0, "dual_solution_value": -0.0, "scaled_age": 0.08547008547008547}, "126": {"bias": -0.8164965809277261, "objective_cosine_similarity": -0.7739166353933793, "is_tight": 1.0, "dual_solution_value": -0.0008156587860765359, "scaled_age": 0.0}, "127": {"bias": -1.0029717747535973, "objective_cosine_similarity": -0.8756145521614306, "is_tight": 0.0, "dual_solution_value": -0.0, "scaled_age": 0.05128205128205128}, "128": {"bias": -1.1364329371449082, "objective_cosine_similarity": -0.8858293159810193, "is_tight": 0.0, "dual_solution_value": -0.0, "scaled_age": 0.06837606837606838}, "129": {"bias": -1.1181307840393493, "objective_cosine_similarity": -0.9202657968768188, "is_tight": 0.0, "dual_solution_value": -0.0, "scaled_age": 0.07692307692307693}, "130": {"bias": -1.1267141644864618, "objective_cosine_similarity": -0.9231620143597992, "is_tight": 1.0, "dual_solution_value": -9.759132775660828e-06, "scaled_age": 0.0}, "131": {"bias": -1.2666611148001803, "objective_cosine_similarity": -0.9371989181740107, "is_tight": 0.0, "dual_solution_value": -0.0, "scaled_age": 0.05128205128205128}, "132": {"bias": -1.2515572955149277, "objective_cosine_similarity": -0.9465128588995089, "is_tight": 1.0, "dual_solution_value": -7.18739209047599e-06, "scaled_age": 0.0}, "133": {"bias": -1.1675275445897997, "objective_cosine_similarity": -0.8925870141340615, "is_tight": 0.0, "dual_solution_value": -0.0, "scaled_age": 0.042735042735042736}, "134": {"bias": -1.2107416856413122, "objective_cosine_similarity": -0.8758078393334946, "is_tight": 1.0, "dual_solution_value": -0.0008104086410006486, "scaled_age": 0.0}, "135": {"bias": -1.2341328884687786, "objective_cosine_similarity": -0.9265953574238887, "is_tight": 1.0, "dual_solution_value": -0.002258505326511495, "scaled_age": 0.0}, "136": {"bias": -1.1861605052378226, "objective_cosine_similarity": -0.8849177108064402, "is_tight": 0.0, "dual_solution_value": -0.0, "scaled_age": 0.03418803418803419}, "137": {"bias": -1.348187695720845, "objective_cosine_similarity": -0.9308575113017576, "is_tight": 1.0, "dual_solution_value": -0.00042125522875876805, "scaled_age": 0.0}, "138": {"bias": -1.2239070654002593, "objective_cosine_similarity": -0.8857356407330875, "is_tight": 0.0, "dual_solution_value": -0.0, "scaled_age": 0.008547008547008548}, "139": {"bias": -1.2730857066267098, "objective_cosine_similarity": -0.8944966028552669, "is_tight": 1.0, "dual_solution_value": -0.0005929148066855281, "scaled_age": 0.0}, "140": {"bias": -1.209146305698738, "objective_cosine_similarity": -0.93091239018426, "is_tight": 1.0, "dual_solution_value": -0.010860715844756253, "scaled_age": 0.0}}