{"0": {"bias": -0.7745966692414834, "objective_cosine_similarity": -0.5570866240674648, "is_tight": 0.0, "dual_solution_value": -0.0, "scaled_age": 0.07777777777777778}, "1": {"bias": -0.8320502943378437, "objective_cosine_similarity": -0.8383009675053991, "is_tight": 0.0, "dual_solution_value": -0.0, "scaled_age": 0.044444444444444446}, "2": {"bias": -0.769800358919501, "objective_cosine_similarity": -0.7499899544876978, "is_tight": 0.0, "dual_solution_value": -0.0, "scaled_age": 0.1111111111111111}, "3": {"bias": -1.096859352703821, "objective_cosine_similarity": -0.9150536550853341, "is_tight": 0.0, "dual_solution_value": -0.0, "scaled_age": 0.1}, "4": {"bias": -0.7071067811865475, "objective_cosine_similarity": -0.7588727525959188, "is_tight": 1.0, "dual_solution_value": -1.1059855318302479e-05, "scaled_age": 0.0}, "5": {"bias": -0.6030226891555273, "objective_cosine_similarity": -0.4445977878840515, "is_tight": 1.0, "dual_solution_value": -0.005114168843401163, "scaled_age": 0.0}, "6": {"bias": -1.1229798501497543, "objective_cosine_similarity": -0.878803855738112, "is_tight": 0.0, "dual_solution_value": -0.0, "scaled_age": 0.06666666666666667}, "7": {"bias": -1.055726206518173, "objective_cosine_similarity": -0.8915114004450816, "is_tight": 1.0, "dual_solution_value": -2.7550485551680724e-06, "scaled_age": 0.0}, "8": {"bias": -1.1347513949606072, "objective_cosine_similarity": -0.9640921325490571, "is_tight": 1.0, "dual_solution_value": -0.0013917904723813876, "scaled_age": 0.0}, "9": {"bias": -1.109408125089929, "objective_cosine_similarity": -0.9299401835325738, "is_tight": 0.0, "dual_solution_value": 0.0, "scaled_age": 0.011111111111111112}, "10": {"bias": -1.153909564663384, "objective_cosine_similarity": -0.9580860863644557, "is_tight": 0.0, "dual_solution_value": 0.0, "scaled_age": 0.1}, "11": {"bias": -1.152422115926777, "objective_cosine_similarity": -0.9622295275685621, "is_tight": 1.0, "dual_solution_value": -9.13424091235825e-05, "scaled_age": 0.0}, "12": {"bias": -1.1334843013364626, "objective_cosine_similarity": -0.9655843393353929, "is_tight": 1.0, "dual_solution_value": -0.0019126300689725716, "scaled_age": 0.0}, "13": {"bias": -0.4082482904638631, "objective_cosine_similarity": -0.3713563883351641, "is_tight": 0.0, "dual_solution_value": 0.0, "scaled_age": 0.011111111111111112}, "14": {"bias": -0.5, "objective_cosine_similarity": -0.28246519044471297, "is_tight": 1.0, "dual_solution_value": -0.009604772469424861, "scaled_age": 0.0}, "15": {"bias": -0.4472135954999579, "objective_cosine_similarity": -0.27548247198322673, "is_tight": 0.0, "dual_solution_value": 0.0, "scaled_age": 0.28888888888888886}, "16": {"bias": -0.5, "objective_cosine_similarity": -0.1595848533585949, "is_tight": 0.0, "dual_solution_value": 0.0, "scaled_age": 0.28888888888888886}, "17": {"bias": -0.5, "objective_cosine_similarity": -0.2856568875118849, "is_tight": 0.0, "dual_solution_value": 0.0, "scaled_age": 0.28888888888888886}, "18": {"bias": -0.4082482904638631, "objective_cosine_similarity": -0.34008427142272923, "is_tight": 0.0, "dual_solution_value": 0.0, "scaled_age": 0.28888888888888886}, "19": {"bias": -0.4082482904638631, "objective_cosine_similarity": -0.2658129937556964, "is_tight": 0.0, "dual_solution_value": 0.0, "scaled_age": 0.28888888888888886}, "20": {"bias": -0.5, "objective_cosine_similarity": -0.22980218883637665, "is_tight": 0.0, "dual_solution_value": 0.0, "scaled_age": 0.28888888888888886}, "21": {"bias": -0.5773502691896258, "objective_cosine_similarity": -0.1013499938496889, "is_tight": 0.0, "dual_solution_value": 0.0, "scaled_age": 0.28888888888888886}, "22": {"bias": -0.3779644730092272, "objective_cosine_similarity": -0.3112378097996704, "is_tight": 0.0, "dual_solution_value": 0.0, "scaled_age": 0.28888888888888886}, "23": {"bias": -0.3779644730092272, "objective_cosine_similarity": -0.39930122109957716, "is_tight": 0.0, "dual_solution_value": 0.0, "scaled_age": 0.28888888888888886}, "24": {"bias": -0.35355339059327373, "objective_cosine_similarity": -0.4525025632579382, "is_tight": 1.0, "dual_solution_value": -0.004928825397640229, "scaled_age": 0.0}, "25": {"bias": -0.5, "objective_cosine_similarity": -0.21224785496693122, "is_tight": 0.0, "dual_solution_value": 0.0, "scaled_age": 0.28888888888888886}, "26": {"bias": -0.5, "objective_cosine_similarity": -0.31438216111643197, "is_tight": 1.0, "dual_solution_value": -0.007823632993192494, "scaled_age": 0.0}, "27": {"bias": -0.3779644730092272, "objective_cosine_similarity": -0.3570790375996219, "is_tight": 1.0, "dual_solution_value": -7.88374946539365e-05, "scaled_age": 0.0}, "28": {"bias": -0.4082482904638631, "objective_cosine_similarity": -0.4013255003762475, "is_tight": 1.0, "dual_solution_value": -0.0007054424832556555, "scaled_age": 0.0}, "29": {"bias": -0.4082482904638631, "objective_cosine_similarity": -0.29838811553948275, "is_tight": 0.0, "dual_solution_value": 0.0, "scaled_age": 0.28888888888888886}, "30": {"bias": -0.35355339059327373, "objective_cosine_similarity": -0.5303646003272592, "is_tight": 1.0, "dual_solution_value": -0.017002800076431696, "scaled_age": 0.0}, "31": {"bias": -0.3779644730092272, "objective_cosine_similarity": -0.20628552509978157, "is_tight": 0.0, "dual_solution_value": 0.0, "scaled_age": 0.28888888888888886}, "32": {"bias": -0.4082482904638631, "objective_cosine_similarity": -0.17851166737514906, "is_tight": 0.0, "dual_solution_value": 0.0, "scaled_age": 0.28888888888888886}, "33": {"bias": -0.4472135954999579, "objective_cosine_similarity": -0.3183035816179252, "is_tight": 0.0, "dual_solution_value": 0.0, "scaled_age": 0.13333333333333333}, "34": {"bias": -0.5, "objective_cosine_similarity": -0.27129425070961133, "is_tight": 1.0, "dual_solution_value": -0.01189790189152622, "scaled_age": 0.0}, "35": {"bias": -0.3779644730092272, "objective_cosine_similarity": -0.3317457274996487, "is_tight": 0.0, "dual_solution_value": 0.0, "scaled_age": 0.28888888888888886}, "36": {"bias": -0.4082482904638631, "objective_cosine_similarity": -0.38308343217732715, "is_tight": 0.0, "dual_solution_value": 0.0, "scaled_age": 0.044444444444444446}, "37": {"bias": -0.3779644730092272, "objective_cosine_similarity": -0.27504736679970876, "is_tight": 0.0, "dual_solution_value": 0.0, "scaled_age": 0.28888888888888886}, "38": {"bias": -0.4082482904638631, "objective_cosine_similarity": -0.2879640765686711, "is_tight": 0.0, "dual_solution_value": 0.0, "scaled_age": 0.28888888888888886}, "39": {"bias": -0.3779644730092272, "objective_cosine_similarity": -0.29796798069968444, "is_tight": 0.0, "dual_solution_value": 0.0, "scaled_age": 0.28888888888888886}, "40": {"bias": -0.4472135954999579, "objective_cosine_similarity": -0.17128443853879383, "is_tight": 1.0, "dual_solution_value": -0.0005794291068812726, "scaled_age": 0.0}, "41": {"bias": -0.4472135954999579, "objective_cosine_similarity": -0.36826154285840673, "is_tight": 0.0, "dual_solution_value": 0.0, "scaled_age": 0.17777777777777778}, "42": {"bias": -0.3333333333333333, "objective_cosine_similarity": -0.3415115861873931, "is_tight": 0.0, "dual_solution_value": 0.0, "scaled_age": 0.28888888888888886}, "43": {"bias": -0.3779644730092272, "objective_cosine_similarity": -0.2859044996996972, "is_tight": 0.0, "dual_solution_value": 0.0, "scaled_age": 0.28888888888888886}, "44": {"bias": -0.5, "objective_cosine_similarity": -0.3718327083255261, "is_tight": 1.0, "dual_solution_value": -0.019021210813961985, "scaled_age": 0.0}, "45": {"bias": -0.5, "objective_cosine_similarity": -0.2744859477767832, "is_tight": 1.0, "dual_solution_value": -0.007720750093688949, "scaled_age": 0.0}, "46": {"bias": -0.4082482904638631, "objective_cosine_similarity": -0.28144905221191385, "is_tight": 0.0, "dual_solution_value": 0.0, "scaled_age": 0.2111111111111111}, "47": {"bias": -0.4472135954999579, "objective_cosine_similarity": -0.2612087687716606, "is_tight": 0.0, "dual_solution_value": 0.0, "scaled_age": 0.28888888888888886}, "48": {"bias": -0.4082482904638631, "objective_cosine_similarity": -0.3465992957794865, "is_tight": 0.0, "dual_solution_value": 0.0, "scaled_age": 0.28888888888888886}, "49": {"bias": -0.3779644730092272, "objective_cosine_similarity": -0.3570790375996219, "is_tight": 0.0, "dual_solution_value": 0.0, "scaled_age": 0.28888888888888886}, "50": {"bias": -0.4472135954999579, "objective_cosine_similarity": -0.34114150675643107, "is_tight": 0.0, "dual_solution_value": 0.0, "scaled_age": 0.23333333333333334}, "51": {"bias": -0.4472135954999579, "objective_cosine_similarity": -0.3397141364352744, "is_tight": 0.0, "dual_solution_value": 0.0, "scaled_age": 0.28888888888888886}, "52": {"bias": -0.4082482904638631, "objective_cosine_similarity": -0.2462679206854246, "is_tight": 0.0, "dual_solution_value": 0.0, "scaled_age": 0.28888888888888886}, "53": {"bias": -0.7071067811865475, "objective_cosine_similarity": -0.05190802471288069, "is_tight": 0.0, "dual_solution_value": 0.0, "scaled_age": 0.15555555555555556}, "54": {"bias": -0.5, "objective_cosine_similarity": -0.3478949803217369, "is_tight": 0.0, "dual_solution_value": 0.0, "scaled_age": 0.28888888888888886}, "55": {"bias": -0.3779644730092272, "objective_cosine_similarity": -0.230412487099756, "is_tight": 0.0, "dual_solution_value": 0.0, "scaled_age": 0.28888888888888886}, "56": {"bias": -0.5773502691896258, "objective_cosine_similarity": -0.15663180867679194, "is_tight": 0.0, "dual_solution_value": 0.0, "scaled_age": 0.28888888888888886}, "57": {"bias": -0.4472135954999579, "objective_cosine_similarity": -0.24122558427546797, "is_tight": 1.0, "dual_solution_value": -8.452195054602693e-06, "scaled_age": 0.0}, "58": {"bias": -0.3333333333333333, "objective_cosine_similarity": -0.35002277836651813, "is_tight": 0.0, "dual_solution_value": 0.0, "scaled_age": 0.28888888888888886}, "59": {"bias": -0.3333333333333333, "objective_cosine_similarity": -0.49896864150120673, "is_tight": 0.0, "dual_solution_value": 0.0, "scaled_age": 0.022222222222222223}, "60": {"bias": -0.3779644730092272, "objective_cosine_similarity": -0.3269203350996538, "is_tight": 0.0, "dual_solution_value": 0.0, "scaled_age": 0.28888888888888886}, "61": {"bias": -0.3779644730092272, "objective_cosine_similarity": -0.2798727591997036, "is_tight": 0.0, "dual_solution_value": 0.0, "scaled_age": 0.28888888888888886}, "62": {"bias": -0.3779644730092272, "objective_cosine_similarity": -0.495809069099475, "is_tight": 1.0, "dual_solution_value": -0.00141444376215327, "scaled_age": 0.0}, "63": {"bias": -0.4472135954999579, "objective_cosine_similarity": -0.40537317120847877, "is_tight": 1.0, "dual_solution_value": -0.014127919526342058, "scaled_age": 0.0}, "64": {"bias": -0.4472135954999579, "objective_cosine_similarity": -0.17842129014457692, "is_tight": 0.0, "dual_solution_value": 0.0, "scaled_age": 0.28888888888888886}, "65": {"bias": -0.5, "objective_cosine_similarity": -0.21863124910127502, "is_tight": 0.0, "dual_solution_value": 0.0, "scaled_age": 0.28888888888888886}, "66": {"bias": -0.5, "objective_cosine_similarity": -0.10692185175025859, "is_tight": 0.0, "dual_solution_value": 0.0, "scaled_age": 0.28888888888888886}, "67": {"bias": -0.5773502691896258, "objective_cosine_similarity": -0.3003645272272598, "is_tight": 1.0, "dual_solution_value": -0.059785787751764075, "scaled_age": 0.0}, "68": {"bias": -0.4082482904638631, "objective_cosine_similarity": -0.24757092555677607, "is_tight": 0.0, "dual_solution_value": 0.0, "scaled_age": 0.28888888888888886}, "69": {"bias": -0.4472135954999579, "objective_cosine_similarity": -0.2255245107427452, "is_tight": 0.0, "dual_solution_value": 0.0, "scaled_age": 0.28888888888888886}, "70": {"bias": -0.4082482904638631, "objective_cosine_similarity": -0.34008427142272923, "is_tight": 0.0, "dual_solution_value": 0.0, "scaled_age": 0.05555555555555555}, "71": {"bias": -0.3333333333333333, "objective_cosine_similarity": -0.30427512040372096, "is_tight": 0.0, "dual_solution_value": 0.0, "scaled_age": 0.28888888888888886}, "72": {"bias": -0.5, "objective_cosine_similarity": -0.17873503576162628, "is_tight": 0.0, "dual_solution_value": 0.0, "scaled_age": 0.28888888888888886}, "73": {"bias": -0.35355339059327373, "objective_cosine_similarity": -0.38141113810768856, "is_tight": 0.0, "dual_solution_value": 0.0, "scaled_age": 0.28888888888888886}, "74": {"bias": -0.3333333333333333, "objective_cosine_similarity": -0.448965387448847, "is_tight": 0.0, "dual_solution_value": 0.0, "scaled_age": 0.28888888888888886}, "75": {"bias": -0.4082482904638631, "objective_cosine_similarity": -0.24757092555677607, "is_tight": 0.0, "dual_solution_value": 0.0, "scaled_age": 0.07777777777777778}, "76": {"bias": -0.35355339059327373, "objective_cosine_similarity": -0.3137050189169746, "is_tight": 0.0, "dual_solution_value": 0.0, "scaled_age": 0.28888888888888886}, "77": {"bias": -0.4082482904638631, "objective_cosine_similarity": -0.20978378428758393, "is_tight": 1.0, "dual_solution_value": -1.0526218065705376e-05, "scaled_age": 0.0}, "78": {"bias": -0.3779644730092272, "objective_cosine_similarity": -0.39206313249958485, "is_tight": 0.0, "dual_solution_value": 0.0, "scaled_age": 0.14444444444444443}, "79": {"bias": -0.3779644730092272, "objective_cosine_similarity": -0.2400632718997458, "is_tight": 0.0, "dual_solution_value": 0.0, "scaled_age": 0.28888888888888886}, "80": {"bias": -0.4082482904638631, "objective_cosine_similarity": -0.2918730911827255, "is_tight": 0.0, "dual_solution_value": 0.0, "scaled_age": 0.28888888888888886}, "81": {"bias": -0.3779644730092272, "objective_cosine_similarity": -0.2533331009997317, "is_tight": 0.0, "dual_solution_value": 0.0, "scaled_age": 0.26666666666666666}, "82": {"bias": -0.5, "objective_cosine_similarity": -0.18671427842955604, "is_tight": 0.0, "dual_solution_value": 0.0, "scaled_age": 0.28888888888888886}, "83": {"bias": -0.3333333333333333, "objective_cosine_similarity": -0.3223614037843617, "is_tight": 0.0, "dual_solution_value": 0.0, "scaled_age": 0.28888888888888886}, "84": {"bias": -0.35355339059327373, "objective_cosine_similarity": -0.32047563083604597, "is_tight": 0.0, "dual_solution_value": 0.0, "scaled_age": 0.28888888888888886}, "85": {"bias": -0.4472135954999579, "objective_cosine_similarity": -0.3083119893698289, "is_tight": 0.0, "dual_solution_value": 0.0, "scaled_age": 0.022222222222222223}, "86": {"bias": -0.3779644730092272, "objective_cosine_similarity": -0.29072989209969213, "is_tight": 0.0, "dual_solution_value": 0.0, "scaled_age": 0.28888888888888886}, "87": {"bias": -0.4082482904638631, "objective_cosine_similarity": -0.4404156465167911, "is_tight": 0.0, "dual_solution_value": 0.0, "scaled_age": 0.25555555555555554}, "88": {"bias": -0.35355339059327373, "objective_cosine_similarity": -0.37012678490923623, "is_tight": 0.0, "dual_solution_value": 0.0, "scaled_age": 0.28888888888888886}, "89": {"bias": -0.35355339059327373, "objective_cosine_similarity": -0.2335861112079631, "is_tight": 0.0, "dual_solution_value": 0.0, "scaled_age": 0.28888888888888886}, "90": {"bias": -0.35355339059327373, "objective_cosine_similarity": -0.29565005379945086, "is_tight": 0.0, "dual_solution_value": 0.0, "scaled_age": 0.28888888888888886}, "91": {"bias": -0.5, "objective_cosine_similarity": -0.20586446083258741, "is_tight": 0.0, "dual_solution_value": 0.0, "scaled_age": 0.28888888888888886}, "92": {"bias": -0.4472135954999579, "objective_cosine_similarity": -0.24978980620240768, "is_tight": 0.0, "dual_solution_value": 0.0, "scaled_age": 0.16666666666666666}, "93": {"bias": -0.3779644730092272, "objective_cosine_similarity": -0.21955535419976752, "is_tight": 0.0, "dual_solution_value": 0.0, "scaled_age": 0.13333333333333333}, "94": {"bias": -0.4472135954999579, "objective_cosine_similarity": -0.28119195326785323, "is_tight": 0.0, "dual_solution_value": 0.0, "scaled_age": 0.15555555555555556}, "95": {"bias": -0.4472135954999579, "objective_cosine_similarity": -0.4653227246970566, "is_tight": 1.0, "dual_solution_value": -0.008718821304092373, "scaled_age": 0.0}, "96": {"bias": -0.5, "objective_cosine_similarity": -0.250548219772994, "is_tight": 0.0, "dual_solution_value": 0.0, "scaled_age": 0.011111111111111112}, "97": {"bias": -0.5773502691896258, "objective_cosine_similarity": -0.15110362719408163, "is_tight": 0.0, "dual_solution_value": 0.0, "scaled_age": 0.28888888888888886}, "98": {"bias": -0.7071067811865475, "objective_cosine_similarity": -0.1151004026242137, "is_tight": 1.0, "dual_solution_value": -0.0021722107371854927, "scaled_age": 0.0}, "99": {"bias": -0.5773502691896258, "objective_cosine_similarity": -0.2727236198137083, "is_tight": 1.0, "dual_solution_value": -0.019035315353242502, "scaled_age": 0.0}, "100": {"bias": -0.5, "objective_cosine_similarity": -0.2537399168401659, "is_tight": 0.0, "dual_solution_value": 0.0, "scaled_age": 0.022222222222222223}, "101": {"bias": -0.5, "objective_cosine_similarity": -0.27608179631036917, "is_tight": 0.0, "dual_solution_value": 0.0, "scaled_age": 0.28888888888888886}, "102": {"bias": -0.4472135954999579, "objective_cosine_similarity": -0.3368593957929612, "is_tight": 1.0, "dual_solution_value": -0.0011251785048271496, "scaled_age": 0.0}, "103": {"bias": -0.4472135954999579, "objective_cosine_similarity": -0.3111667300121421, "is_tight": 0.0, "dual_solution_value": 0.0, "scaled_age": 0.18888888888888888}, "104": {"bias": -0.4472135954999579, "objective_cosine_similarity": -0.24550769523893784, "is_tight": 0.0, "dual_solution_value": 0.0, "scaled_age": 0.28888888888888886}, "105": {"bias": -0.4472135954999579, "objective_cosine_similarity": -0.408227911850792, "is_tight": 0.0, "dual_solution_value": 0.0, "scaled_age": 0.03333333333333333}, "106": {"bias": -0.4082482904638631, "objective_cosine_similarity": -0.18111767711785196, "is_tight": 0.0, "dual_solution_value": 0.0, "scaled_age": 0.28888888888888886}, "107": {"bias": -0.4472135954999579, "objective_cosine_similarity": -0.25692665780819074, "is_tight": 0.0, "dual_solution_value": 0.0, "scaled_age": 0.05555555555555555}, "108": {"bias": -0.4472135954999579, "objective_cosine_similarity": -0.2983203971217326, "is_tight": 0.0, "dual_solution_value": 0.0, "scaled_age": 0.28888888888888886}, "109": {"bias": -0.5773502691896258, "objective_cosine_similarity": -0.2616672568482877, "is_tight": 1.0, "dual_solution_value": -0.011056362965420606, "scaled_age": 0.0}, "110": {"bias": -0.5, "objective_cosine_similarity": -0.2377814315043064, "is_tight": 0.0, "dual_solution_value": 0.0, "scaled_age": 0.011111111111111112}, "111": {"bias": -1.1257385753766325, "objective_cosine_similarity": -0.9748503073258306, "is_tight": 1.0, "dual_solution_value": -0.021499227104583497, "scaled_age": 0.0}, "112": {"bias": -1.1349959876192157, "objective_cosine_similarity": -0.9723068047264444, "is_tight": 1.0, "dual_solution_value": -0.0036265271652467213, "scaled_age": 0.0}, "113": {"bias": -0.6396021490668313, "objective_cosine_similarity": -0.8049984956144899, "is_tight": 1.0, "dual_solution_value": -9.180724915046299e-06, "scaled_age": 0.0}, "114": {"bias": -0.8616404368553291, "objective_cosine_similarity": -0.8819948354394801, "is_tight": 0.0, "dual_solution_value": -0.0, "scaled_age": 0.044444444444444446}, "115": {"bias": -0.8660254037844387, "objective_cosine_similarity": -0.8513399483373868, "is_tight": 0.0, "dual_solution_value": -0.0, "scaled_age": 0.022222222222222223}, "116": {"bias": -0.9347299805391776, "objective_cosine_similarity": -0.9035896841906296, "is_tight": 1.0, "dual_solution_value": -1.832270993909713e-05, "scaled_age": 0.0}, "117": {"bias": -0.8981004187394178, "objective_cosine_similarity": -0.9025268139180376, "is_tight": 1.0, "dual_solution_value": -4.764624102713201e-07, "scaled_age": 0.0}, "118": {"bias": -1.0505591562032168, "objective_cosine_similarity": -0.9451022829821605, "is_tight": 0.0, "dual_solution_value": -0.0, "scaled_age": 0.1111111111111111}, "119": {"bias": -0.6546536707079772, "objective_cosine_similarity": -0.6978783710711974, "is_tight": 1.0, "dual_solution_value": -0.000104817310205212, "scaled_age": 0.0}, "120": {"bias": -1.1335113469989957, "objective_cosine_similarity": -0.9654928426511963, "is_tight": 1.0, "dual_solution_value": -0.008107934343251189, "scaled_age": 0.0}, "121": {"bias": -0.9496714704969829, "objective_cosine_similarity": -0.9224132891043532, "is_tight": 1.0, "dual_solution_value": -1.0132773517051559e-05, "scaled_age": 0.0}, "122": {"bias": -1.1338198459745417, "objective_cosine_similarity": -0.9700895329426679, "is_tight": 0.0, "dual_solution_value": -0.0, "scaled_age": 0.044444444444444446}, "123": {"bias": -1.1496231437053936, "objective_cosine_similarity": -0.9692800194583702, "is_tight": 1.0, "dual_solution_value": -0.006828793088688053, "scaled_age": 0.0}, "124": {"bias": -0.9660917830792959, "objective_cosine_similarity": -0.9124875559370343, "is_tight": 0.0, "dual_solution_value": -0.0, "scaled_age": 0.08888888888888889}, "125": {"bias": -0.8888888888888888, "objective_cosine_similarity": -0.894029811815595, "is_tight": 1.0, "dual_solution_value": -5.122764521285412e-05, "scaled_age": 0.0}, "126": {"bias": -0.985104109993904, "objective_cosine_similarity": -0.9490380320629804, "is_tight": 0.0, "dual_solution_value": -0.0, "scaled_age": 0.06666666666666667}, "127": {"bias": -1.0083953684918676, "objective_cosine_similarity": -0.9462368068085745, "is_tight": 1.0, "dual_solution_value": -8.525894128824691e-06, "scaled_age": 0.0}, "128": {"bias": -0.9874838622020375, "objective_cosine_similarity": -0.9394464303205547, "is_tight": 1.0, "dual_solution_value": -4.146653180371373e-06, "scaled_age": 0.0}, "129": {"bias": -0.9093977234462832, "objective_cosine_similarity": -0.9290143779845611, "is_tight": 1.0, "dual_solution_value": -1.7258157197704455e-05, "scaled_age": 0.0}, "130": {"bias": -1.1311135503669545, "objective_cosine_similarity": -0.9688571485205628, "is_tight": 1.0, "dual_solution_value": -0.0015481993776491623, "scaled_age": 0.0}, "131": {"bias": -1.1198572821585362, "objective_cosine_similarity": -0.968341365392697, "is_tight": 1.0, "dual_solution_value": -0.0019979819210194528, "scaled_age": 0.0}, "132": {"bias": -1.129271523873735, "objective_cosine_similarity": -0.9631129812530309, "is_tight": 0.0, "dual_solution_value": -0.0, "scaled_age": 0.022222222222222223}, "133": {"bias": -1.1279232573506657, "objective_cosine_similarity": -0.9695451928074922, "is_tight": 1.0, "dual_solution_value": -0.0062897065565138644, "scaled_age": 0.0}, "134": {"bias": -1.1522573762656838, "objective_cosine_similarity": -0.9720009379539161, "is_tight": 1.0, "dual_solution_value": -0.0009905726425991869, "scaled_age": 0.0}}