{"0": {"bias": -0.9101820546182063, "objective_cosine_similarity": -0.9298812248331301, "is_tight": 0.0, "dual_solution_value": -0.0, "scaled_age": 0.027586206896551724}, "1": {"bias": -0.8957262870963143, "objective_cosine_similarity": -0.8652000106039339, "is_tight": 0.0, "dual_solution_value": -0.0, "scaled_age": 0.006896551724137931}, "2": {"bias": -0.7715167498104595, "objective_cosine_similarity": -0.8776769813911643, "is_tight": 1.0, "dual_solution_value": -0.0006258234049191687, "scaled_age": 0.0}, "3": {"bias": -0.5163977794943222, "objective_cosine_similarity": -0.7459270053776413, "is_tight": 1.0, "dual_solution_value": -0.000137193401716911, "scaled_age": 0.0}, "4": {"bias": -0.6708203932499369, "objective_cosine_similarity": -0.7427648171036972, "is_tight": 0.0, "dual_solution_value": -0.0, "scaled_age": 0.006896551724137931}, "5": {"bias": -0.7276068751089989, "objective_cosine_similarity": -0.7143082520877262, "is_tight": 0.0, "dual_solution_value": -0.0, "scaled_age": 0.020689655172413793}, "6": {"bias": -0.9213725910933955, "objective_cosine_similarity": -0.9641736119015647, "is_tight": 0.0, "dual_solution_value": 0.0, "scaled_age": 0.05517241379310345}, "7": {"bias": -0.8514765491197137, "objective_cosine_similarity": -0.9143164517834117, "is_tight": 1.0, "dual_solution_value": -0.0004718024138316216, "scaled_age": 0.0}, "8": {"bias": -0.9557154613713886, "objective_cosine_similarity": -0.9487575146816789, "is_tight": 0.0, "dual_solution_value": 0.0, "scaled_age": 0.04827586206896552}, "9": {"bias": -0.9843397614570848, "objective_cosine_similarity": -0.9285636940416291, "is_tight": 0.0, "dual_solution_value": 0.0, "scaled_age": 0.0896551724137931}, "10": {"bias": -0.4082482904638631, "objective_cosine_similarity": -0.27993876774035575, "is_tight": 0.0, "dual_solution_value": 0.0, "scaled_age": 0.2206896551724138}, "11": {"bias": -0.3779644730092272, "objective_cosine_similarity": -0.3292770932076647, "is_tight": 0.0, "dual_solution_value": 0.0, "scaled_age": 0.2206896551724138}, "12": {"bias": -0.4472135954999579, "objective_cosine_similarity": -0.30665755562318464, "is_tight": 0.0, "dual_solution_value": 0.0, "scaled_age": 0.10344827586206896}, "13": {"bias": -0.2886751345948129, "objective_cosine_similarity": -0.6035748816956613, "is_tight": 0.0, "dual_solution_value": 0.0, "scaled_age": 0.2206896551724138}, "14": {"bias": -0.5, "objective_cosine_similarity": -0.16580623471743633, "is_tight": 0.0, "dual_solution_value": 0.0, "scaled_age": 0.2206896551724138}, "15": {"bias": -0.3779644730092272, "objective_cosine_similarity": -0.49285345563985944, "is_tight": 0.0, "dual_solution_value": 0.0, "scaled_age": 0.027586206896551724}, "16": {"bias": -0.3333333333333333, "objective_cosine_similarity": -0.37845038884657783, "is_tight": 0.0, "dual_solution_value": 0.0, "scaled_age": 0.2206896551724138}, "17": {"bias": -0.35355339059327373, "objective_cosine_similarity": -0.3994200898181902, "is_tight": 0.0, "dual_solution_value": 0.0, "scaled_age": 0.2206896551724138}, "18": {"bias": -0.3333333333333333, "objective_cosine_similarity": -0.3653357714113004, "is_tight": 0.0, "dual_solution_value": 0.0, "scaled_age": 0.2206896551724138}, "19": {"bias": -0.3333333333333333, "objective_cosine_similarity": -0.4533910599053061, "is_tight": 0.0, "dual_solution_value": 0.0, "scaled_age": 0.2206896551724138}, "20": {"bias": -0.4472135954999579, "objective_cosine_similarity": -0.4273097086552573, "is_tight": 1.0, "dual_solution_value": -0.029423667433968462, "scaled_age": 0.0}, "21": {"bias": -0.4472135954999579, "objective_cosine_similarity": -0.2387907195426438, "is_tight": 0.0, "dual_solution_value": 0.0, "scaled_age": 0.2206896551724138}, "22": {"bias": -0.3333333333333333, "objective_cosine_similarity": -0.3672092881877686, "is_tight": 0.0, "dual_solution_value": 0.0, "scaled_age": 0.2206896551724138}, "23": {"bias": -0.31622776601683794, "objective_cosine_similarity": -0.5634275816015458, "is_tight": 0.0, "dual_solution_value": 0.0, "scaled_age": 0.13793103448275862}, "24": {"bias": -0.35355339059327373, "objective_cosine_similarity": -0.655764326567178, "is_tight": 1.0, "dual_solution_value": -0.01910338521664883, "scaled_age": 0.0}, "25": {"bias": -0.5, "objective_cosine_similarity": -0.23887338899969643, "is_tight": 0.0, "dual_solution_value": 0.0, "scaled_age": 0.2206896551724138}, "26": {"bias": -0.3779644730092272, "objective_cosine_similarity": -0.3951325118491977, "is_tight": 1.0, "dual_solution_value": -0.00016028523632084625, "scaled_age": 0.0}, "27": {"bias": -0.31622776601683794, "objective_cosine_similarity": -0.49233261862343275, "is_tight": 0.0, "dual_solution_value": 0.0, "scaled_age": 0.2206896551724138}, "28": {"bias": -0.30151134457776363, "objective_cosine_similarity": -0.5117872254999055, "is_tight": 0.0, "dual_solution_value": 0.0, "scaled_age": 0.2206896551724138}, "29": {"bias": -0.31622776601683794, "objective_cosine_similarity": -0.42301502971977256, "is_tight": 0.0, "dual_solution_value": 0.0, "scaled_age": 0.2206896551724138}, "30": {"bias": -0.2672612419124244, "objective_cosine_similarity": -0.558801757191683, "is_tight": 0.0, "dual_solution_value": 0.0, "scaled_age": 0.2206896551724138}, "31": {"bias": -0.4082482904638631, "objective_cosine_similarity": -0.31894662881892993, "is_tight": 0.0, "dual_solution_value": 0.0, "scaled_age": 0.10344827586206896}, "32": {"bias": -0.3779644730092272, "objective_cosine_similarity": -0.3951325118491977, "is_tight": 0.0, "dual_solution_value": 0.0, "scaled_age": 0.2206896551724138}, "33": {"bias": -0.4082482904638631, "objective_cosine_similarity": -0.3763111304050684, "is_tight": 1.0, "dual_solution_value": -9.247279762381211e-05, "scaled_age": 0.0}, "34": {"bias": -0.2886751345948129, "objective_cosine_similarity": -0.485131423728502, "is_tight": 0.0, "dual_solution_value": 0.0, "scaled_age": 0.2206896551724138}, "35": {"bias": -0.3779644730092272, "objective_cosine_similarity": -0.3930081435059224, "is_tight": 0.0, "dual_solution_value": 0.0, "scaled_age": 0.2206896551724138}, "36": {"bias": -0.4472135954999579, "objective_cosine_similarity": -0.4474184008272694, "is_tight": 1.0, "dual_solution_value": -0.017635621622863355, "scaled_age": 0.0}, "37": {"bias": -0.35355339059327373, "objective_cosine_similarity": -0.5126884734979755, "is_tight": 0.0, "dual_solution_value": 0.0, "scaled_age": 0.2206896551724138}, "38": {"bias": -0.4082482904638631, "objective_cosine_similarity": -0.20192304558320745, "is_tight": 0.0, "dual_solution_value": 0.0, "scaled_age": 0.2206896551724138}, "39": {"bias": -0.3333333333333333, "objective_cosine_similarity": -0.5320787645169708, "is_tight": 0.0, "dual_solution_value": 0.0, "scaled_age": 0.2206896551724138}, "40": {"bias": -0.4472135954999579, "objective_cosine_similarity": -0.31922548823069224, "is_tight": 1.0, "dual_solution_value": -0.002286372738300403, "scaled_age": 0.0}, "41": {"bias": -0.3779644730092272, "objective_cosine_similarity": -0.3653913550433441, "is_tight": 0.0, "dual_solution_value": 0.0, "scaled_age": 0.2206896551724138}, "42": {"bias": -0.4082482904638631, "objective_cosine_similarity": -0.3694273902147318, "is_tight": 1.0, "dual_solution_value": -0.0005422376851834684, "scaled_age": 0.0}, "43": {"bias": -0.31622776601683794, "objective_cosine_similarity": -0.5029968630701497, "is_tight": 0.0, "dual_solution_value": 0.0, "scaled_age": 0.2206896551724138}, "44": {"bias": -0.4472135954999579, "objective_cosine_similarity": -0.279008103886668, "is_tight": 0.0, "dual_solution_value": 0.0, "scaled_age": 0.2206896551724138}, "45": {"bias": -0.3779644730092272, "objective_cosine_similarity": -0.36114261835679357, "is_tight": 0.0, "dual_solution_value": 0.0, "scaled_age": 0.05517241379310345}, "46": {"bias": -0.35355339059327373, "objective_cosine_similarity": -0.4987783211162475, "is_tight": 0.0, "dual_solution_value": 0.0, "scaled_age": 0.1103448275862069}, "47": {"bias": -0.4472135954999579, "objective_cosine_similarity": -0.2538722386716529, "is_tight": 0.0, "dual_solution_value": 0.0, "scaled_age": 0.2206896551724138}, "48": {"bias": -0.2886751345948129, "objective_cosine_similarity": -0.598707342327148, "is_tight": 0.0, "dual_solution_value": 0.0, "scaled_age": 0.2206896551724138}, "49": {"bias": -0.4082482904638631, "objective_cosine_similarity": -0.2822333478038013, "is_tight": 0.0, "dual_solution_value": 0.0, "scaled_age": 0.2206896551724138}, "50": {"bias": -0.3779644730092272, "objective_cosine_similarity": -0.4163761952819502, "is_tight": 1.0, "dual_solution_value": -3.0571062335861336e-05, "scaled_age": 0.0}, "51": {"bias": -0.4472135954999579, "objective_cosine_similarity": -0.29911679605868013, "is_tight": 0.0, "dual_solution_value": 0.0, "scaled_age": 0.2206896551724138}, "52": {"bias": -0.3779644730092272, "objective_cosine_similarity": -0.522594612445713, "is_tight": 1.0, "dual_solution_value": 0.0, "scaled_age": 0.09655172413793103}, "53": {"bias": -0.3333333333333333, "objective_cosine_similarity": -0.4571380934582425, "is_tight": 0.0, "dual_solution_value": 0.0, "scaled_age": 0.2206896551724138}, "54": {"bias": -0.5, "objective_cosine_similarity": -0.3878179727289189, "is_tight": 1.0, "dual_solution_value": -0.01638934220083303, "scaled_age": 0.0}, "55": {"bias": -0.35355339059327373, "objective_cosine_similarity": -0.4073687483220348, "is_tight": 0.0, "dual_solution_value": 0.0, "scaled_age": 0.2206896551724138}, "56": {"bias": -0.35355339059327373, "objective_cosine_similarity": -0.3815356081845399, "is_tight": 0.0, "dual_solution_value": 0.0, "scaled_age": 0.2206896551724138}, "57": {"bias": -0.4472135954999579, "objective_cosine_similarity": -0.37452439170372553, "is_tight": 0.0, "dual_solution_value": 0.0, "scaled_age": 0.0896551724137931}, "58": {"bias": -0.2886751345948129, "objective_cosine_similarity": -0.4753963449914752, "is_tight": 0.0, "dual_solution_value": 0.0, "scaled_age": 0.2206896551724138}, "59": {"bias": -0.4472135954999579, "objective_cosine_similarity": -0.4247961221337558, "is_tight": 1.0, "dual_solution_value": -0.008826741351681062, "scaled_age": 0.0}, "60": {"bias": -0.31622776601683794, "objective_cosine_similarity": -0.3430331963693954, "is_tight": 0.0, "dual_solution_value": 0.0, "scaled_age": 0.2206896551724138}, "61": {"bias": -0.4082482904638631, "objective_cosine_similarity": -0.3212412088823755, "is_tight": 0.0, "dual_solution_value": 0.0, "scaled_age": 0.2206896551724138}, "62": {"bias": -0.2886751345948129, "objective_cosine_similarity": -0.49486650246552877, "is_tight": 0.0, "dual_solution_value": 0.0, "scaled_age": 0.2206896551724138}, "63": {"bias": -0.31622776601683794, "objective_cosine_similarity": -0.47100412972999883, "is_tight": 0.0, "dual_solution_value": 0.0, "scaled_age": 0.2206896551724138}, "64": {"bias": -0.3779644730092272, "objective_cosine_similarity": -0.38026193344627085, "is_tight": 0.0, "dual_solution_value": 0.0, "scaled_age": 0.13793103448275862}, "65": {"bias": -0.4472135954999579, "objective_cosine_similarity": -0.3418477669242059, "is_tight": 0.0, "dual_solution_value": 0.0, "scaled_age": 0.041379310344827586}, "66": {"bias": -0.5, "objective_cosine_similarity": -0.3288021942701704, "is_tight": 1.0, "dual_solution_value": -0.0005553540164095185, "scaled_age": 0.0}, "67": {"bias": -0.4082482904638631, "objective_cosine_similarity": -0.3556599098340586, "is_tight": 0.0, "dual_solution_value": 0.0, "scaled_age": 0.1793103448275862}, "68": {"bias": -0.4082482904638631, "objective_cosine_similarity": -0.3464815895802764, "is_tight": 0.0, "dual_solution_value": 0.0, "scaled_age": 0.06896551724137931}, "69": {"bias": -0.2886751345948129, "objective_cosine_similarity": -0.4007607413409364, "is_tight": 0.0, "dual_solution_value": 0.0, "scaled_age": 0.2206896551724138}, "70": {"bias": -0.31622776601683794, "objective_cosine_similarity": -0.46744938158109317, "is_tight": 0.0, "dual_solution_value": 0.0, "scaled_age": 0.2206896551724138}, "71": {"bias": -0.4082482904638631, "objective_cosine_similarity": -0.33730326932649424, "is_tight": 0.0, "dual_solution_value": 0.0, "scaled_age": 0.06896551724137931}, "72": {"bias": -0.2886751345948129, "objective_cosine_similarity": -0.5159591730624201, "is_tight": 0.0, "dual_solution_value": 0.0, "scaled_age": 0.2206896551724138}, "73": {"bias": -0.31622776601683794, "objective_cosine_similarity": -0.41590553342196124, "is_tight": 0.0, "dual_solution_value": 0.0, "scaled_age": 0.2206896551724138}, "74": {"bias": -0.3333333333333333, "objective_cosine_similarity": -0.4477705095759015, "is_tight": 0.0, "dual_solution_value": 0.0, "scaled_age": 0.0896551724137931}, "75": {"bias": -0.35355339059327373, "objective_cosine_similarity": -0.4888424979864418, "is_tight": 0.0, "dual_solution_value": 0.0, "scaled_age": 0.2206896551724138}, "76": {"bias": -0.3333333333333333, "objective_cosine_similarity": -0.5601815161639939, "is_tight": 0.0, "dual_solution_value": 0.0, "scaled_age": 0.2206896551724138}, "77": {"bias": -0.4082482904638631, "objective_cosine_similarity": -0.2868225079306924, "is_tight": 0.0, "dual_solution_value": 0.0, "scaled_age": 0.08275862068965517}, "78": {"bias": -0.5, "objective_cosine_similarity": -0.1573754092233294, "is_tight": 0.0, "dual_solution_value": 0.0, "scaled_age": 0.0896551724137931}, "79": {"bias": -0.3779644730092272, "objective_cosine_similarity": -0.431246773684877, "is_tight": 1.0, "dual_solution_value": -0.003336874400432106, "scaled_age": 0.0}, "80": {"bias": -0.35355339059327373, "objective_cosine_similarity": -0.46897085172683034, "is_tight": 0.0, "dual_solution_value": 0.0, "scaled_age": 0.2206896551724138}, "81": {"bias": -0.3779644730092272, "objective_cosine_similarity": -0.4503660887743543, "is_tight": 0.0, "dual_solution_value": 0.0, "scaled_age": 0.15862068965517243}, "82": {"bias": -0.3779644730092272, "objective_cosine_similarity": -0.24855109616320498, "is_tight": 0.0, "dual_solution_value": 0.0, "scaled_age": 0.2206896551724138}, "83": {"bias": -0.30151134457776363, "objective_cosine_similarity": -0.508397906125734, "is_tight": 0.0, "dual_solution_value": 0.0, "scaled_age": 0.2206896551724138}, "84": {"bias": -0.3333333333333333, "objective_cosine_similarity": -0.6201340530109766, "is_tight": 0.0, "dual_solution_value": 0.0, "scaled_age": 0.2206896551724138}, "85": {"bias": -0.4082482904638631, "objective_cosine_similarity": -0.3648382300878407, "is_tight": 0.0, "dual_solution_value": 0.0, "scaled_age": 0.2206896551724138}, "86": {"bias": -0.35355339059327373, "objective_cosine_similarity": -0.4987783211162475, "is_tight": 0.0, "dual_solution_value": 0.0, "scaled_age": 0.2206896551724138}, "87": {"bias": -0.31622776601683794, "objective_cosine_similarity": -0.275492981540188, "is_tight": 0.0, "dual_solution_value": 0.0, "scaled_age": 0.2206896551724138}, "88": {"bias": -0.4472135954999579, "objective_cosine_similarity": -0.40468742996174367, "is_tight": 1.0, "dual_solution_value": -0.010424002460561898, "scaled_age": 0.0}, "89": {"bias": -0.5773502691896258, "objective_cosine_similarity": -0.11682094484432154, "is_tight": 0.0, "dual_solution_value": 0.0, "scaled_age": 0.08275862068965517}, "90": {"bias": -0.3779644730092272, "objective_cosine_similarity": -0.26979477959595755, "is_tight": 0.0, "dual_solution_value": 0.0, "scaled_age": 0.2206896551724138}, "91": {"bias": -0.4082482904638631, "objective_cosine_similarity": -0.323535788945821, "is_tight": 1.0, "dual_solution_value": -0.005113315363186061, "scaled_age": 0.0}, "92": {"bias": -0.5, "objective_cosine_similarity": -0.26697614064671954, "is_tight": 0.0, "dual_solution_value": 0.0, "scaled_age": 0.034482758620689655}, "93": {"bias": -0.31622776601683794, "objective_cosine_similarity": -0.428347151943131, "is_tight": 0.0, "dual_solution_value": 0.0, "scaled_age": 0.2206896551724138}, "94": {"bias": -0.2886751345948129, "objective_cosine_similarity": -0.49648901558836656, "is_tight": 0.0, "dual_solution_value": 0.0, "scaled_age": 0.2206896551724138}, "95": {"bias": -0.31622776601683794, "objective_cosine_similarity": -0.4194602815708669, "is_tight": 0.0, "dual_solution_value": 0.0, "scaled_age": 0.2206896551724138}, "96": {"bias": -0.4472135954999579, "objective_cosine_similarity": -0.20611409476312412, "is_tight": 0.0, "dual_solution_value": 0.0, "scaled_age": 0.2206896551724138}, "97": {"bias": -0.35355339059327373, "objective_cosine_similarity": -0.3060233523980164, "is_tight": 0.0, "dual_solution_value": 0.0, "scaled_age": 0.2206896551724138}, "98": {"bias": -0.3333333333333333, "objective_cosine_similarity": -0.37657687207010965, "is_tight": 0.0, "dual_solution_value": 0.0, "scaled_age": 0.2206896551724138}, "99": {"bias": -0.31622776601683794, "objective_cosine_similarity": -0.4336792741664895, "is_tight": 0.0, "dual_solution_value": 0.0, "scaled_age": 0.2206896551724138}, "100": {"bias": -0.35355339059327373, "objective_cosine_similarity": -0.4471120408412577, "is_tight": 0.0, "dual_solution_value": 0.0, "scaled_age": 0.2206896551724138}, "101": {"bias": -0.35355339059327373, "objective_cosine_similarity": -0.34377948029127814, "is_tight": 0.0, "dual_solution_value": 0.0, "scaled_age": 0.2206896551724138}, "102": {"bias": -0.5, "objective_cosine_similarity": -0.23325283867029178, "is_tight": 0.0, "dual_solution_value": 0.0, "scaled_age": 0.08275862068965517}, "103": {"bias": -0.35355339059327373, "objective_cosine_similarity": -0.4411505469633743, "is_tight": 0.0, "dual_solution_value": 0.0, "scaled_age": 0.2206896551724138}, "104": {"bias": -0.3333333333333333, "objective_cosine_similarity": -0.623881086563913, "is_tight": 1.0, "dual_solution_value": -1.6231132594837085e-05, "scaled_age": 0.0}, "105": {"bias": -0.4082482904638631, "objective_cosine_similarity": -0.3556599098340586, "is_tight": 0.0, "dual_solution_value": 0.0, "scaled_age": 0.2}, "106": {"bias": -0.4472135954999579, "objective_cosine_similarity": -0.28654886345117253, "is_tight": 0.0, "dual_solution_value": 0.0, "scaled_age": 0.027586206896551724}, "107": {"bias": -0.5, "objective_cosine_similarity": -0.1826678857056502, "is_tight": 0.0, "dual_solution_value": 0.0, "scaled_age": 0.027586206896551724}, "108": {"bias": -0.9591392586846245, "objective_cosine_similarity": -0.9758722381307524, "is_tight": 0.0, "dual_solution_value": -0.0, "scaled_age": 0.013793103448275862}, "109": {"bias": -0.7662610281769211, "objective_cosine_similarity": -0.9119667367893178, "is_tight": 0.0, "dual_solution_value": -0.0, "scaled_age": 0.07586206896551724}, "110": {"bias": -0.9428808992889306, "objective_cosine_similarity": -0.9601926190421166, "is_tight": 0.0, "dual_solution_value": -0.0, "scaled_age": 0.020689655172413793}, "111": {"bias": -0.8000946913656627, "objective_cosine_similarity": -0.9436723791129638, "is_tight": 0.0, "dual_solution_value": -0.0, "scaled_age": 0.07586206896551724}, "112": {"bias": -0.9301754814889364, "objective_cosine_similarity": -0.9764339490705155, "is_tight": 1.0, "dual_solution_value": -0.0004316751904627226, "scaled_age": 0.0}, "113": {"bias": -0.9481224447363147, "objective_cosine_similarity": -0.9215018752375932, "is_tight": 0.0, "dual_solution_value": -0.0, "scaled_age": 0.09655172413793103}, "114": {"bias": -0.9253038911459843, "objective_cosine_similarity": -0.9601823927744716, "is_tight": 0.0, "dual_solution_value": -0.0, "scaled_age": 0.08275862068965517}, "115": {"bias": -0.9078412990032038, "objective_cosine_similarity": -0.9711887212143726, "is_tight": 0.0, "dual_solution_value": -0.0, "scaled_age": 0.08275862068965517}, "116": {"bias": -0.9443627357909635, "objective_cosine_similarity": -0.9750056149295867, "is_tight": 1.0, "dual_solution_value": -0.0021641372435801626, "scaled_age": 0.0}, "117": {"bias": -0.5883484054145521, "objective_cosine_similarity": -0.7638804613110698, "is_tight": 1.0, "dual_solution_value": -3.617172805607158e-05, "scaled_age": 0.0}, "118": {"bias": -0.8164965809277261, "objective_cosine_similarity": -0.7514749707784141, "is_tight": 0.0, "dual_solution_value": -0.0, "scaled_age": 0.020689655172413793}, "119": {"bias": -0.9098659379486208, "objective_cosine_similarity": -0.9623114740218714, "is_tight": 1.0, "dual_solution_value": -5.842756307384362e-05, "scaled_age": 0.0}, "120": {"bias": -0.946673550924049, "objective_cosine_similarity": -0.9698731386038468, "is_tight": 1.0, "dual_solution_value": -0.004859061095830751, "scaled_age": 0.0}, "121": {"bias": -0.9307703863409234, "objective_cosine_similarity": -0.9779412998273941, "is_tight": 1.0, "dual_solution_value": -0.00792527195643162, "scaled_age": 0.0}, "122": {"bias": -0.9057256665518801, "objective_cosine_similarity": -0.9746331924078682, "is_tight": 0.0, "dual_solution_value": -0.0, "scaled_age": 0.05517241379310345}, "123": {"bias": -0.9590086234209465, "objective_cosine_similarity": -0.9709910536595848, "is_tight": 1.0, "dual_solution_value": -0.007507430899760787, "scaled_age": 0.0}, "124": {"bias": -0.6546536707079772, "objective_cosine_similarity": -0.7334497716390374, "is_tight": 0.0, "dual_solution_value": -0.0, "scaled_age": 0.006896551724137931}, "125": {"bias": -0.9402505970450574, "objective_cosine_similarity": -0.9786221757233854, "is_tight": 0.0, "dual_solution_value": -0.0, "scaled_age": 0.020689655172413793}, "126": {"bias": -0.9457827449472385, "objective_cosine_similarity": -0.9740473232155763, "is_tight": 1.0, "dual_solution_value": -0.017533567477991542, "scaled_age": 0.0}, "127": {"bias": -0.9551909856145957, "objective_cosine_similarity": -0.9623474011849298, "is_tight": 1.0, "dual_solution_value": -0.002957576367919398, "scaled_age": 0.0}, "128": {"bias": -0.9350528260128431, "objective_cosine_similarity": -0.9673977215398494, "is_tight": 1.0, "dual_solution_value": -0.01504023300597802, "scaled_age": 0.0}, "129": {"bias": -0.9281490253557476, "objective_cosine_similarity": -0.979038680315925, "is_tight": 1.0, "dual_solution_value": -6.465679578875785e-05, "scaled_age": 0.0}, "130": {"bias": -0.9473846578342295, "objective_cosine_similarity": -0.9736845725666436, "is_tight": 1.0, "dual_solution_value": -0.002914646522021286, "scaled_age": 0.0}}