{"0": {"bias": -1.2809280616135812, "objective_cosine_similarity": -0.8015421275954769, "is_tight": 0.0, "dual_solution_value": -0.0, "scaled_age": 0.07692307692307693}, "1": {"bias": -1.314751470267833, "objective_cosine_similarity": -0.8021754230451444, "is_tight": 0.0, "dual_solution_value": -0.0, "scaled_age": 0.07692307692307693}, "2": {"bias": -1.3627702877384937, "objective_cosine_similarity": -0.7934950322139528, "is_tight": 0.0, "dual_solution_value": -0.0, "scaled_age": 0.057692307692307696}, "3": {"bias": -0.8320502943378437, "objective_cosine_similarity": -0.5426390755508543, "is_tight": 1.0, "dual_solution_value": -0.0019226093430003135, "scaled_age": 0.0}, "4": {"bias": -0.7559289460184544, "objective_cosine_similarity": -0.4197528633771821, "is_tight": 1.0, "dual_solution_value": -0.00028095289638229744, "scaled_age": 0.0}, "5": {"bias": -0.9486832980505138, "objective_cosine_similarity": -0.47036698163121526, "is_tight": 1.0, "dual_solution_value": -1.868271286472622e-05, "scaled_age": 0.0}, "6": {"bias": -1.3035010718245643, "objective_cosine_similarity": -0.8200557628541064, "is_tight": 1.0, "dual_solution_value": -0.00014161504988625059, "scaled_age": 0.0}, "7": {"bias": -0.7559289460184544, "objective_cosine_similarity": -0.37883832434763726, "is_tight": 0.0, "dual_solution_value": -0.0, "scaled_age": 0.038461538461538464}, "8": {"bias": -0.8320502943378437, "objective_cosine_similarity": -0.5337433530008403, "is_tight": 0.0, "dual_solution_value": -0.0, "scaled_age": 0.07692307692307693}, "9": {"bias": -1.5122442945911854, "objective_cosine_similarity": -0.8657876143466107, "is_tight": 1.0, "dual_solution_value": -0.004280616324052549, "scaled_age": 0.0}, "10": {"bias": -1.4786115104275455, "objective_cosine_similarity": -0.8637901105368918, "is_tight": 0.0, "dual_solution_value": 0.0, "scaled_age": 0.009615384615384616}, "11": {"bias": -0.5773502691896258, "objective_cosine_similarity": -0.1898087125237453, "is_tight": 0.0, "dual_solution_value": 0.0, "scaled_age": 0.019230769230769232}, "12": {"bias": -0.4082482904638631, "objective_cosine_similarity": -0.3551787929583016, "is_tight": 0.0, "dual_solution_value": 0.0, "scaled_age": 0.27884615384615385}, "13": {"bias": -0.4082482904638631, "objective_cosine_similarity": -0.18986516121273267, "is_tight": 0.0, "dual_solution_value": 0.0, "scaled_age": 0.27884615384615385}, "14": {"bias": -0.5773502691896258, "objective_cosine_similarity": -0.09721909665850369, "is_tight": 0.0, "dual_solution_value": 0.0, "scaled_age": 0.27884615384615385}, "15": {"bias": -0.5773502691896258, "objective_cosine_similarity": -0.14351390459112448, "is_tight": 0.0, "dual_solution_value": 0.0, "scaled_age": 0.009615384615384616}, "16": {"bias": -0.4472135954999579, "objective_cosine_similarity": -0.30660132443753846, "is_tight": 0.0, "dual_solution_value": 0.0, "scaled_age": 0.27884615384615385}, "17": {"bias": -0.5773502691896258, "objective_cosine_similarity": -0.1504581257810176, "is_tight": 1.0, "dual_solution_value": -0.0005113597200462293, "scaled_age": 0.0}, "18": {"bias": -0.7071067811865475, "objective_cosine_similarity": -0.26365187793204226, "is_tight": 1.0, "dual_solution_value": -0.018053263119846327, "scaled_age": 0.0}, "19": {"bias": -0.4082482904638631, "objective_cosine_similarity": -0.4419275304089467, "is_tight": 1.0, "dual_solution_value": -0.0060724238418280105, "scaled_age": 0.0}, "20": {"bias": -0.7071067811865475, "objective_cosine_similarity": -0.3458659043839694, "is_tight": 1.0, "dual_solution_value": -0.06317279532995675, "scaled_age": 0.0}, "21": {"bias": -0.7071067811865475, "objective_cosine_similarity": -0.20128261648575269, "is_tight": 1.0, "dual_solution_value": -0.0011717125172793065, "scaled_age": 0.0}, "22": {"bias": -0.4082482904638631, "objective_cosine_similarity": -0.18659162395044418, "is_tight": 0.0, "dual_solution_value": 0.0, "scaled_age": 0.27884615384615385}, "23": {"bias": -0.4472135954999579, "objective_cosine_similarity": -0.4177667169236635, "is_tight": 0.0, "dual_solution_value": 0.0, "scaled_age": 0.019230769230769232}, "24": {"bias": -0.4472135954999579, "objective_cosine_similarity": -0.18467799074307872, "is_tight": 0.0, "dual_solution_value": 0.0, "scaled_age": 0.23076923076923078}, "25": {"bias": -0.5, "objective_cosine_similarity": -0.292675102050688, "is_tight": 0.0, "dual_solution_value": 0.0, "scaled_age": 0.27884615384615385}, "26": {"bias": -0.5773502691896258, "objective_cosine_similarity": -0.30323099195866626, "is_tight": 1.0, "dual_solution_value": -0.022028743998394395, "scaled_age": 0.0}, "27": {"bias": -0.5, "objective_cosine_similarity": -0.3307629577970104, "is_tight": 0.0, "dual_solution_value": 0.0, "scaled_age": 0.27884615384615385}, "28": {"bias": -0.4472135954999579, "objective_cosine_similarity": -0.4177667169236635, "is_tight": 0.0, "dual_solution_value": 0.0, "scaled_age": 0.11538461538461539}, "29": {"bias": -0.5, "objective_cosine_similarity": -0.3167305898904706, "is_tight": 1.0, "dual_solution_value": -2.394234783477873e-05, "scaled_age": 0.0}, "30": {"bias": -0.4472135954999579, "objective_cosine_similarity": -0.21695181436808275, "is_tight": 0.0, "dual_solution_value": 0.0, "scaled_age": 0.27884615384615385}, "31": {"bias": -0.7071067811865475, "objective_cosine_similarity": -0.10489375788694154, "is_tight": 0.0, "dual_solution_value": 0.0, "scaled_age": 0.27884615384615385}, "32": {"bias": -0.7071067811865475, "objective_cosine_similarity": -0.20978751577388308, "is_tight": 0.0, "dual_solution_value": 0.0, "scaled_age": 0.18269230769230768}, "33": {"bias": -0.5773502691896258, "objective_cosine_similarity": -0.2129561164900557, "is_tight": 0.0, "dual_solution_value": 0.0, "scaled_age": 0.27884615384615385}, "34": {"bias": -0.5773502691896258, "objective_cosine_similarity": -0.1388844237978624, "is_tight": 0.0, "dual_solution_value": 0.0, "scaled_age": 0.27884615384615385}, "35": {"bias": -0.5773502691896258, "objective_cosine_similarity": -0.20138241450690048, "is_tight": 1.0, "dual_solution_value": -0.00783750096214848, "scaled_age": 0.0}, "36": {"bias": -0.5, "objective_cosine_similarity": -0.28265198211744524, "is_tight": 0.0, "dual_solution_value": 0.0, "scaled_age": 0.27884615384615385}, "37": {"bias": -0.5, "objective_cosine_similarity": -0.37085543752998135, "is_tight": 0.0, "dual_solution_value": 0.0, "scaled_age": 0.038461538461538464}, "38": {"bias": -0.5, "objective_cosine_similarity": -0.541248476395108, "is_tight": 1.0, "dual_solution_value": -0.09636659484591761, "scaled_age": 0.0}, "39": {"bias": -0.4472135954999579, "objective_cosine_similarity": -0.20081490255558074, "is_tight": 0.0, "dual_solution_value": 0.0, "scaled_age": 0.27884615384615385}, "40": {"bias": -0.4082482904638631, "objective_cosine_similarity": -0.3928244714746193, "is_tight": 0.0, "dual_solution_value": 0.0, "scaled_age": 0.27884615384615385}, "41": {"bias": -0.5, "objective_cosine_similarity": -0.3227444618504162, "is_tight": 0.0, "dual_solution_value": 0.0, "scaled_age": 0.27884615384615385}, "42": {"bias": -0.5773502691896258, "objective_cosine_similarity": -0.09953383705513473, "is_tight": 0.0, "dual_solution_value": 0.0, "scaled_age": 0.04807692307692308}, "43": {"bias": -0.4472135954999579, "objective_cosine_similarity": -0.2635695596041997, "is_tight": 0.0, "dual_solution_value": 0.0, "scaled_age": 0.18269230769230768}, "44": {"bias": -0.5773502691896258, "objective_cosine_similarity": -0.22452981847321088, "is_tight": 0.0, "dual_solution_value": 0.0, "scaled_age": 0.27884615384615385}, "45": {"bias": -0.5773502691896258, "objective_cosine_similarity": -0.19906767411026946, "is_tight": 0.0, "dual_solution_value": 0.0, "scaled_age": 0.27884615384615385}, "46": {"bias": -0.5, "objective_cosine_similarity": -0.3848878054365212, "is_tight": 0.0, "dual_solution_value": 0.0, "scaled_age": 0.019230769230769232}, "47": {"bias": -0.3779644730092272, "objective_cosine_similarity": -0.2439718808798784, "is_tight": 0.0, "dual_solution_value": 0.0, "scaled_age": 0.27884615384615385}, "48": {"bias": -0.5, "objective_cosine_similarity": -0.3167305898904706, "is_tight": 0.0, "dual_solution_value": 0.0, "scaled_age": 0.057692307692307696}, "49": {"bias": -0.35355339059327373, "objective_cosine_similarity": -0.44225476298278055, "is_tight": 0.0, "dual_solution_value": 0.0, "scaled_age": 0.27884615384615385}, "50": {"bias": -0.5773502691896258, "objective_cosine_similarity": -0.2430477416462592, "is_tight": 1.0, "dual_solution_value": -1.4854093859919022e-05, "scaled_age": 0.0}, "51": {"bias": -0.5, "objective_cosine_similarity": -0.2545872463043656, "is_tight": 0.0, "dual_solution_value": 0.0, "scaled_age": 0.27884615384615385}, "52": {"bias": -0.5, "objective_cosine_similarity": -0.2666149902242569, "is_tight": 1.0, "dual_solution_value": -0.0004781995488097577, "scaled_age": 0.0}, "53": {"bias": -0.5, "objective_cosine_similarity": -0.2465687503577714, "is_tight": 0.0, "dual_solution_value": 0.0, "scaled_age": 0.20192307692307693}, "54": {"bias": -0.5773502691896258, "objective_cosine_similarity": -0.13425494300460034, "is_tight": 0.0, "dual_solution_value": 0.0, "scaled_age": 0.08653846153846154}, "55": {"bias": -0.4082482904638631, "objective_cosine_similarity": -0.3469949498025804, "is_tight": 0.0, "dual_solution_value": 0.0, "scaled_age": 0.27884615384615385}, "56": {"bias": -0.5, "objective_cosine_similarity": -0.3387814537436046, "is_tight": 1.0, "dual_solution_value": -0.011758504027145688, "scaled_age": 0.0}, "57": {"bias": -0.4472135954999579, "objective_cosine_similarity": -0.3137732852430949, "is_tight": 0.0, "dual_solution_value": 0.0, "scaled_age": 0.27884615384615385}, "58": {"bias": -0.5, "objective_cosine_similarity": -0.1002311993324274, "is_tight": 0.0, "dual_solution_value": 0.0, "scaled_age": 0.27884615384615385}, "59": {"bias": -0.5, "objective_cosine_similarity": -0.3608323175967386, "is_tight": 0.0, "dual_solution_value": 0.0, "scaled_age": 0.11538461538461539}, "60": {"bias": -0.7071067811865475, "objective_cosine_similarity": -0.1700979857626079, "is_tight": 1.0, "dual_solution_value": -0.017483076840872767, "scaled_age": 0.0}, "61": {"bias": -0.4082482904638631, "objective_cosine_similarity": -0.41082892641720603, "is_tight": 0.0, "dual_solution_value": 0.0, "scaled_age": 0.27884615384615385}, "62": {"bias": -0.5, "objective_cosine_similarity": -0.270624238197554, "is_tight": 0.0, "dual_solution_value": 0.0, "scaled_age": 0.27884615384615385}, "63": {"bias": -0.5, "objective_cosine_similarity": -0.28666123009074235, "is_tight": 1.0, "dual_solution_value": -0.0051145920322836855, "scaled_age": 0.0}, "64": {"bias": -0.5, "objective_cosine_similarity": -0.25659187029101416, "is_tight": 0.0, "dual_solution_value": 0.0, "scaled_age": 0.27884615384615385}, "65": {"bias": -0.5, "objective_cosine_similarity": -0.11426356723896723, "is_tight": 0.0, "dual_solution_value": 0.0, "scaled_age": 0.009615384615384616}, "66": {"bias": -0.4082482904638631, "objective_cosine_similarity": -0.2995286594993972, "is_tight": 0.0, "dual_solution_value": 0.0, "scaled_age": 0.27884615384615385}, "67": {"bias": -0.5, "objective_cosine_similarity": -0.2646103662376083, "is_tight": 1.0, "dual_solution_value": -0.013954916399562457, "scaled_age": 0.0}, "68": {"bias": -0.5, "objective_cosine_similarity": -0.5512715963283507, "is_tight": 1.0, "dual_solution_value": -0.08586018869487297, "scaled_age": 0.0}, "69": {"bias": -0.3779644730092272, "objective_cosine_similarity": -0.3894457974293711, "is_tight": 0.0, "dual_solution_value": 0.0, "scaled_age": 0.27884615384615385}, "70": {"bias": -0.5, "objective_cosine_similarity": -0.3427907017169017, "is_tight": 1.0, "dual_solution_value": -0.023002289410983152, "scaled_age": 0.0}, "71": {"bias": -0.5773502691896258, "objective_cosine_similarity": -0.3055457323552973, "is_tight": 0.0, "dual_solution_value": 0.0, "scaled_age": 0.27884615384615385}, "72": {"bias": -0.4472135954999579, "objective_cosine_similarity": -0.3388751480625425, "is_tight": 0.0, "dual_solution_value": 0.0, "scaled_age": 0.27884615384615385}, "73": {"bias": -0.5, "objective_cosine_similarity": -0.2004623986648548, "is_tight": 0.0, "dual_solution_value": 0.0, "scaled_age": 0.27884615384615385}, "74": {"bias": -0.5773502691896258, "objective_cosine_similarity": -0.1273107218147072, "is_tight": 0.0, "dual_solution_value": 0.0, "scaled_age": 0.27884615384615385}, "75": {"bias": -0.4082482904638631, "objective_cosine_similarity": -0.1947754671061654, "is_tight": 0.0, "dual_solution_value": 0.0, "scaled_age": 0.27884615384615385}, "76": {"bias": -0.5773502691896258, "objective_cosine_similarity": -0.17823501054059007, "is_tight": 1.0, "dual_solution_value": -0.009495599100115416, "scaled_age": 0.0}, "77": {"bias": -0.5773502691896258, "objective_cosine_similarity": -0.2708246264058317, "is_tight": 1.0, "dual_solution_value": -0.03935058674272768, "scaled_age": 0.0}, "78": {"bias": -0.5, "objective_cosine_similarity": -0.2425595023844743, "is_tight": 0.0, "dual_solution_value": 0.0, "scaled_age": 0.27884615384615385}, "79": {"bias": -0.5, "objective_cosine_similarity": -0.2726288621842025, "is_tight": 0.0, "dual_solution_value": 0.0, "scaled_age": 0.27884615384615385}, "80": {"bias": -0.5, "objective_cosine_similarity": -0.19043927873161207, "is_tight": 0.0, "dual_solution_value": 0.0, "scaled_age": 0.009615384615384616}, "81": {"bias": -0.4082482904638631, "objective_cosine_similarity": -0.25860944372079103, "is_tight": 0.0, "dual_solution_value": 0.0, "scaled_age": 0.27884615384615385}, "82": {"bias": -0.5, "objective_cosine_similarity": -0.14433292703869546, "is_tight": 0.0, "dual_solution_value": 0.0, "scaled_age": 0.27884615384615385}, "83": {"bias": -0.4472135954999579, "objective_cosine_similarity": -0.25639759879864327, "is_tight": 0.0, "dual_solution_value": 0.0, "scaled_age": 0.27884615384615385}, "84": {"bias": -0.4082482904638631, "objective_cosine_similarity": -0.26188298098307955, "is_tight": 0.0, "dual_solution_value": 0.0, "scaled_age": 0.27884615384615385}, "85": {"bias": -0.4472135954999579, "objective_cosine_similarity": -0.10220044147917948, "is_tight": 0.0, "dual_solution_value": 0.0, "scaled_age": 0.27884615384615385}, "86": {"bias": -0.5773502691896258, "objective_cosine_similarity": -0.26156566481930754, "is_tight": 0.0, "dual_solution_value": 0.0, "scaled_age": 0.27884615384615385}, "87": {"bias": -0.5, "objective_cosine_similarity": -0.29467972603733655, "is_tight": 0.0, "dual_solution_value": 0.0, "scaled_age": 0.10576923076923077}, "88": {"bias": -0.4082482904638631, "objective_cosine_similarity": -0.35026848706486885, "is_tight": 0.0, "dual_solution_value": 0.0, "scaled_age": 0.27884615384615385}, "89": {"bias": -0.4082482904638631, "objective_cosine_similarity": -0.35026848706486885, "is_tight": 0.0, "dual_solution_value": 0.0, "scaled_age": 0.27884615384615385}, "90": {"bias": -1.423319989770977, "objective_cosine_similarity": -0.8759389673965788, "is_tight": 0.0, "dual_solution_value": -0.0, "scaled_age": 0.09615384615384616}, "91": {"bias": -1.5007343477773825, "objective_cosine_similarity": -0.8714242704948125, "is_tight": 1.0, "dual_solution_value": -9.971075286154711e-06, "scaled_age": 0.0}, "92": {"bias": -1.505330449782452, "objective_cosine_similarity": -0.8555040210637811, "is_tight": 0.0, "dual_solution_value": -0.0, "scaled_age": 0.0673076923076923}, "93": {"bias": -1.4792005232672776, "objective_cosine_similarity": -0.7906073416324946, "is_tight": 0.0, "dual_solution_value": -0.0, "scaled_age": 0.0673076923076923}, "94": {"bias": -1.0425720702853738, "objective_cosine_similarity": -0.6194656200435149, "is_tight": 0.0, "dual_solution_value": -0.0, "scaled_age": 0.04807692307692308}, "95": {"bias": -1.4545454545454546, "objective_cosine_similarity": -0.8146062927562736, "is_tight": 1.0, "dual_solution_value": -4.0017201663154525e-05, "scaled_age": 0.0}, "96": {"bias": -1.4727634766195543, "objective_cosine_similarity": -0.8458085440672479, "is_tight": 0.0, "dual_solution_value": -0.0, "scaled_age": 0.009615384615384616}, "97": {"bias": -1.5245626768499272, "objective_cosine_similarity": -0.8713676508172439, "is_tight": 1.0, "dual_solution_value": -0.019536801168306153, "scaled_age": 0.0}, "98": {"bias": -1.4147368606564523, "objective_cosine_similarity": -0.8643302458258292, "is_tight": 0.0, "dual_solution_value": -0.0, "scaled_age": 0.10576923076923077}, "99": {"bias": -1.4075096464987733, "objective_cosine_similarity": -0.8738506100816512, "is_tight": 1.0, "dual_solution_value": -8.916947012060646e-06, "scaled_age": 0.0}, "100": {"bias": -1.4609886154545266, "objective_cosine_similarity": -0.8622734310732357, "is_tight": 1.0, "dual_solution_value": -2.4482992575547592e-06, "scaled_age": 0.0}, "101": {"bias": -1.3934832850216305, "objective_cosine_similarity": -0.8499947626650878, "is_tight": 1.0, "dual_solution_value": -8.17300162594248e-06, "scaled_age": 0.0}, "102": {"bias": -1.4615151559785613, "objective_cosine_similarity": -0.8730795445196208, "is_tight": 1.0, "dual_solution_value": -0.0054113356928377964, "scaled_age": 0.0}, "103": {"bias": -1.51785101155894, "objective_cosine_similarity": -0.8701605835177348, "is_tight": 1.0, "dual_solution_value": -0.000273412671185783, "scaled_age": 0.0}, "104": {"bias": 1.0, "objective_cosine_similarity": 0.11025431926567014, "is_tight": 0.0, "dual_solution_value": 0.0, "scaled_age": 0.0673076923076923}, "105": {"bias": -1.4802419996868548, "objective_cosine_similarity": -0.8668072223795525, "is_tight": 1.0, "dual_solution_value": -0.0031263598864006985, "scaled_age": 0.0}, "106": {"bias": -1.4952176994300095, "objective_cosine_similarity": -0.8600838707131884, "is_tight": 1.0, "dual_solution_value": -0.001225923610354245, "scaled_age": 0.0}, "107": {"bias": -1.511662709213885, "objective_cosine_similarity": -0.8628195988304272, "is_tight": 1.0, "dual_solution_value": -0.0006860380325879925, "scaled_age": 0.0}, "108": {"bias": -1.4569855927715483, "objective_cosine_similarity": -0.8663882797053202, "is_tight": 1.0, "dual_solution_value": -2.7457767777493033e-07, "scaled_age": 0.0}, "109": {"bias": -1.457625068290399, "objective_cosine_similarity": -0.867490544015877, "is_tight": 1.0, "dual_solution_value": -0.00378712131469197, "scaled_age": 0.0}, "110": {"bias": -1.4920323386718186, "objective_cosine_similarity": -0.8634249755218433, "is_tight": 1.0, "dual_solution_value": -0.006818127494142692, "scaled_age": 0.0}}