{"0": {"objective": 0.019122510433142764, "is_type_binary": 1.0, "is_type_integer": 0.0, "is_type_implicit_integer": 0.0, "is_type_continuous": 0.0, "has_lower_bound": 1.0, "has_upper_bound": 1.0, "normed_reduced_cost": 0.0, "solution_value": 0.5494161498072403, "solution_frac": 0.5494161498072403, "is_solution_at_lower_bound": 0.0, "is_solution_at_upper_bound": 0.0, "scaled_age": 0.0, "incumbent_value": 1.0, "average_incumbent_value": 0.9999999999999596, "is_basis_lower": 0.0, "is_basis_basic": 1.0, "is_basis_upper": 0.0, "is_basis_zero": 0.0}, "1": {"objective": 0.06931910032014252, "is_type_binary": 1.0, "is_type_integer": 0.0, "is_type_implicit_integer": 0.0, "is_type_continuous": 0.0, "has_lower_bound": 1.0, "has_upper_bound": 1.0, "normed_reduced_cost": 0.0, "solution_value": 0.06367002457928954, "solution_frac": 0.06367002457928954, "is_solution_at_lower_bound": 0.0, "is_solution_at_upper_bound": 0.0, "scaled_age": 0.0, "incumbent_value": 0.0, "average_incumbent_value": 0.0521039677008294, "is_basis_lower": 0.0, "is_basis_basic": 1.0, "is_basis_upper": 0.0, "is_basis_zero": 0.0}, "2": {"objective": 0.19122510433142764, "is_type_binary": 1.0, "is_type_integer": 0.0, "is_type_implicit_integer": 0.0, "is_type_continuous": 0.0, "has_lower_bound": 1.0, "has_upper_bound": 1.0, "normed_reduced_cost": 0.012369374016494978, "solution_value": 0.0, "solution_frac": 0.0, "is_solution_at_lower_bound": 1.0, "is_solution_at_upper_bound": 0.0, "scaled_age": 0.2876712328767123, "incumbent_value": 0.0, "average_incumbent_value": 2.0220623670536887e-14, "is_basis_lower": 1.0, "is_basis_basic": 0.0, "is_basis_upper": 0.0, "is_basis_zero": 0.0}, "3": {"objective": 0.11234474879471373, "is_type_binary": 1.0, "is_type_integer": 0.0, "is_type_implicit_integer": 0.0, "is_type_continuous": 0.0, "has_lower_bound": 1.0, "has_upper_bound": 1.0, "normed_reduced_cost": 0.0, "solution_value": 0.177622896432043, "solution_frac": 0.177622896432043, "is_solution_at_lower_bound": 0.0, "is_solution_at_upper_bound": 0.0, "scaled_age": 0.0, "incumbent_value": 0.0, "average_incumbent_value": 0.5613704986246111, "is_basis_lower": 0.0, "is_basis_basic": 1.0, "is_basis_upper": 0.0, "is_basis_zero": 0.0}, "4": {"objective": 0.09561255216571382, "is_type_binary": 1.0, "is_type_integer": 0.0, "is_type_implicit_integer": 0.0, "is_type_continuous": 0.0, "has_lower_bound": 1.0, "has_upper_bound": 1.0, "normed_reduced_cost": 0.0, "solution_value": 0.4178925103788431, "solution_frac": 0.4178925103788431, "is_solution_at_lower_bound": 0.0, "is_solution_at_upper_bound": 0.0, "scaled_age": 0.0, "incumbent_value": 1.0, "average_incumbent_value": 0.9488664262708243, "is_basis_lower": 0.0, "is_basis_basic": 1.0, "is_basis_upper": 0.0, "is_basis_zero": 0.0}, "5": {"objective": 0.059757845103571135, "is_type_binary": 1.0, "is_type_integer": 0.0, "is_type_implicit_integer": 0.0, "is_type_continuous": 0.0, "has_lower_bound": 1.0, "has_upper_bound": 1.0, "normed_reduced_cost": 0.0, "solution_value": 0.3530997141710339, "solution_frac": 0.3530997141710339, "is_solution_at_lower_bound": 0.0, "is_solution_at_upper_bound": 0.0, "scaled_age": 0.0, "incumbent_value": 0.0, "average_incumbent_value": 0.04848191635210282, "is_basis_lower": 0.0, "is_basis_basic": 1.0, "is_basis_upper": 0.0, "is_basis_zero": 0.0}, "6": {"objective": 0.04302564847457122, "is_type_binary": 1.0, "is_type_integer": 0.0, "is_type_implicit_integer": 0.0, "is_type_continuous": 0.0, "has_lower_bound": 1.0, "has_upper_bound": 1.0, "normed_reduced_cost": 0.017823299584936697, "solution_value": 0.0, "solution_frac": 0.0, "is_solution_at_lower_bound": 1.0, "is_solution_at_upper_bound": 0.0, "scaled_age": 0.2876712328767123, "incumbent_value": 0.0, "average_incumbent_value": 2.0220623670536887e-14, "is_basis_lower": 1.0, "is_basis_basic": 0.0, "is_basis_upper": 0.0, "is_basis_zero": 0.0}, "7": {"objective": 0.1577607110734278, "is_type_binary": 1.0, "is_type_integer": 0.0, "is_type_implicit_integer": 0.0, "is_type_continuous": 0.0, "has_lower_bound": 1.0, "has_upper_bound": 1.0, "normed_reduced_cost": 0.0, "solution_value": 0.19278753101187163, "solution_frac": 0.19278753101187163, "is_solution_at_lower_bound": 0.0, "is_solution_at_upper_bound": 0.0, "scaled_age": 0.0, "incumbent_value": 0.0, "average_incumbent_value": 0.02641462797114057, "is_basis_lower": 0.0, "is_basis_basic": 1.0, "is_basis_upper": 0.0, "is_basis_zero": 0.0}, "8": {"objective": 0.1888347905272848, "is_type_binary": 1.0, "is_type_integer": 0.0, "is_type_implicit_integer": 0.0, "is_type_continuous": 0.0, "has_lower_bound": 1.0, "has_upper_bound": 1.0, "normed_reduced_cost": 0.0, "solution_value": 0.14577190347219132, "solution_frac": 0.14577190347219132, "is_solution_at_lower_bound": 0.0, "is_solution_at_upper_bound": 0.0, "scaled_age": 0.0, "incumbent_value": 0.0, "average_incumbent_value": 0.18309320882928115, "is_basis_lower": 0.0, "is_basis_basic": 1.0, "is_basis_upper": 0.0, "is_basis_zero": 0.0}, "9": {"objective": 0.16732196628999918, "is_type_binary": 1.0, "is_type_integer": 0.0, "is_type_implicit_integer": 0.0, "is_type_continuous": 0.0, "has_lower_bound": 1.0, "has_upper_bound": 1.0, "normed_reduced_cost": 0.010759842378481805, "solution_value": 0.0, "solution_frac": 0.0, "is_solution_at_lower_bound": 1.0, "is_solution_at_upper_bound": 0.0, "scaled_age": 0.2876712328767123, "incumbent_value": 0.0, "average_incumbent_value": 2.0220623670536887e-14, "is_basis_lower": 1.0, "is_basis_basic": 0.0, "is_basis_upper": 0.0, "is_basis_zero": 0.0}, "10": {"objective": 0.21751855617699895, "is_type_binary": 1.0, "is_type_integer": 0.0, "is_type_implicit_integer": 0.0, "is_type_continuous": 0.0, "has_lower_bound": 1.0, "has_upper_bound": 1.0, "normed_reduced_cost": 0.0, "solution_value": 0.47636956007840625, "solution_frac": 0.47636956007840625, "is_solution_at_lower_bound": 0.0, "is_solution_at_upper_bound": 0.0, "scaled_age": 0.0, "incumbent_value": 0.0, "average_incumbent_value": 0.04869207384616588, "is_basis_lower": 0.0, "is_basis_basic": 1.0, "is_basis_upper": 0.0, "is_basis_zero": 0.0}, "11": {"objective": 0.1888347905272848, "is_type_binary": 1.0, "is_type_integer": 0.0, "is_type_implicit_integer": 0.0, "is_type_continuous": 0.0, "has_lower_bound": 1.0, "has_upper_bound": 1.0, "normed_reduced_cost": 0.0102305694858742, "solution_value": 0.0, "solution_frac": 0.0, "is_solution_at_lower_bound": 1.0, "is_solution_at_upper_bound": 0.0, "scaled_age": 0.2876712328767123, "incumbent_value": 0.0, "average_incumbent_value": 6.066187101161063e-14, "is_basis_lower": 1.0, "is_basis_basic": 0.0, "is_basis_upper": 0.0, "is_basis_zero": 0.0}, "12": {"objective": 0.23186043900185602, "is_type_binary": 1.0, "is_type_integer": 0.0, "is_type_implicit_integer": 0.0, "is_type_continuous": 0.0, "has_lower_bound": 1.0, "has_upper_bound": 1.0, "normed_reduced_cost": 0.03156412257550921, "solution_value": 0.0, "solution_frac": 0.0, "is_solution_at_lower_bound": 1.0, "is_solution_at_upper_bound": 0.0, "scaled_age": 0.2876712328767123, "incumbent_value": 0.0, "average_incumbent_value": 4.99627297505678e-08, "is_basis_lower": 1.0, "is_basis_basic": 0.0, "is_basis_upper": 0.0, "is_basis_zero": 0.0}, "13": {"objective": 0.12190600401128512, "is_type_binary": 1.0, "is_type_integer": 0.0, "is_type_implicit_integer": 0.0, "is_type_continuous": 0.0, "has_lower_bound": 1.0, "has_upper_bound": 1.0, "normed_reduced_cost": 0.012988865552592982, "solution_value": 0.0, "solution_frac": 0.0, "is_solution_at_lower_bound": 1.0, "is_solution_at_upper_bound": 0.0, "scaled_age": 0.2876712328767123, "incumbent_value": 0.0, "average_incumbent_value": 2.0220623670536887e-14, "is_basis_lower": 1.0, "is_basis_basic": 0.0, "is_basis_upper": 0.0, "is_basis_zero": 0.0}, "14": {"objective": 0.03824502086628553, "is_type_binary": 1.0, "is_type_integer": 0.0, "is_type_implicit_integer": 0.0, "is_type_continuous": 0.0, "has_lower_bound": 1.0, "has_upper_bound": 1.0, "normed_reduced_cost": 0.0, "solution_value": 0.4857461252279508, "solution_frac": 0.4857461252279508, "is_solution_at_lower_bound": 0.0, "is_solution_at_upper_bound": 0.0, "scaled_age": 0.0, "incumbent_value": 1.0, "average_incumbent_value": 0.9488664262708243, "is_basis_lower": 0.0, "is_basis_basic": 1.0, "is_basis_upper": 0.0, "is_basis_zero": 0.0}, "15": {"objective": 0.14102851444442788, "is_type_binary": 1.0, "is_type_integer": 0.0, "is_type_implicit_integer": 0.0, "is_type_continuous": 0.0, "has_lower_bound": 1.0, "has_upper_bound": 1.0, "normed_reduced_cost": 0.008094592189077434, "solution_value": 0.0, "solution_frac": 0.0, "is_solution_at_lower_bound": 1.0, "is_solution_at_upper_bound": 0.0, "scaled_age": 0.2876712328767123, "incumbent_value": 0.0, "average_incumbent_value": 2.0220623670536887e-14, "is_basis_lower": 1.0, "is_basis_basic": 0.0, "is_basis_upper": 0.0, "is_basis_zero": 0.0}, "16": {"objective": 0.0525869036911426, "is_type_binary": 1.0, "is_type_integer": 0.0, "is_type_implicit_integer": 0.0, "is_type_continuous": 0.0, "has_lower_bound": 1.0, "has_upper_bound": 1.0, "normed_reduced_cost": 0.0, "solution_value": 0.36404909804634544, "solution_frac": 0.36404909804634544, "is_solution_at_lower_bound": 0.0, "is_solution_at_upper_bound": 0.0, "scaled_age": 0.0, "incumbent_value": 0.0, "average_incumbent_value": 0.942223865987381, "is_basis_lower": 0.0, "is_basis_basic": 1.0, "is_basis_upper": 0.0, "is_basis_zero": 0.0}, "17": {"objective": 0.14102851444442788, "is_type_binary": 1.0, "is_type_integer": 0.0, "is_type_implicit_integer": 0.0, "is_type_continuous": 0.0, "has_lower_bound": 1.0, "has_upper_bound": 1.0, "normed_reduced_cost": 0.017219344324892402, "solution_value": 0.0, "solution_frac": 0.0, "is_solution_at_lower_bound": 1.0, "is_solution_at_upper_bound": 0.0, "scaled_age": 0.2876712328767123, "incumbent_value": 0.0, "average_incumbent_value": 0.3700482813565055, "is_basis_lower": 1.0, "is_basis_basic": 0.0, "is_basis_upper": 0.0, "is_basis_zero": 0.0}, "18": {"objective": 0.04302564847457122, "is_type_binary": 1.0, "is_type_integer": 0.0, "is_type_implicit_integer": 0.0, "is_type_continuous": 0.0, "has_lower_bound": 1.0, "has_upper_bound": 1.0, "normed_reduced_cost": 0.0, "solution_value": 0.7578071410396771, "solution_frac": 0.7578071410396771, "is_solution_at_lower_bound": 0.0, "is_solution_at_upper_bound": 0.0, "scaled_age": 0.0, "incumbent_value": 1.0, "average_incumbent_value": 0.9488664262708648, "is_basis_lower": 0.0, "is_basis_basic": 1.0, "is_basis_upper": 0.0, "is_basis_zero": 0.0}, "19": {"objective": 0.08605129694914244, "is_type_binary": 1.0, "is_type_integer": 0.0, "is_type_implicit_integer": 0.0, "is_type_continuous": 0.0, "has_lower_bound": 1.0, "has_upper_bound": 1.0, "normed_reduced_cost": 0.0, "solution_value": 0.2673637566695488, "solution_frac": 0.2673637566695488, "is_solution_at_lower_bound": 0.0, "is_solution_at_upper_bound": 0.0, "scaled_age": 0.0, "incumbent_value": 1.0, "average_incumbent_value": 0.9488649783571964, "is_basis_lower": 0.0, "is_basis_basic": 1.0, "is_basis_upper": 0.0, "is_basis_zero": 0.0}, "20": {"objective": 0.18644447672314196, "is_type_binary": 1.0, "is_type_integer": 0.0, "is_type_implicit_integer": 0.0, "is_type_continuous": 0.0, "has_lower_bound": 1.0, "has_upper_bound": 1.0, "normed_reduced_cost": 0.0001888393009415899, "solution_value": 0.0, "solution_frac": 0.0, "is_solution_at_lower_bound": 1.0, "is_solution_at_upper_bound": 0.0, "scaled_age": 0.0136986301369863, "incumbent_value": 0.0, "average_incumbent_value": 0.031957866370249985, "is_basis_lower": 1.0, "is_basis_basic": 0.0, "is_basis_upper": 0.0, "is_basis_zero": 0.0}, "21": {"objective": 0.0262934518455713, "is_type_binary": 1.0, "is_type_integer": 0.0, "is_type_implicit_integer": 0.0, "is_type_continuous": 0.0, "has_lower_bound": 1.0, "has_upper_bound": 1.0, "normed_reduced_cost": 0.0, "solution_value": 0.3623379635455698, "solution_frac": 0.3623379635455698, "is_solution_at_lower_bound": 0.0, "is_solution_at_upper_bound": 0.0, "scaled_age": 0.0, "incumbent_value": 0.0, "average_incumbent_value": 0.5128022958665339, "is_basis_lower": 0.0, "is_basis_basic": 1.0, "is_basis_upper": 0.0, "is_basis_zero": 0.0}, "22": {"objective": 0.20556698715628471, "is_type_binary": 1.0, "is_type_integer": 0.0, "is_type_implicit_integer": 0.0, "is_type_continuous": 0.0, "has_lower_bound": 1.0, "has_upper_bound": 1.0, "normed_reduced_cost": 0.02883099533231062, "solution_value": 0.0, "solution_frac": 0.0, "is_solution_at_lower_bound": 1.0, "is_solution_at_upper_bound": 0.0, "scaled_age": 0.2876712328767123, "incumbent_value": 0.0, "average_incumbent_value": 2.0220623670536887e-14, "is_basis_lower": 1.0, "is_basis_basic": 0.0, "is_basis_upper": 0.0, "is_basis_zero": 0.0}, "23": {"objective": 0.17688322150657057, "is_type_binary": 1.0, "is_type_integer": 0.0, "is_type_implicit_integer": 0.0, "is_type_continuous": 0.0, "has_lower_bound": 1.0, "has_upper_bound": 1.0, "normed_reduced_cost": 0.012584219731877294, "solution_value": 0.0, "solution_frac": 0.0, "is_solution_at_lower_bound": 1.0, "is_solution_at_upper_bound": 0.0, "scaled_age": 0.2876712328767123, "incumbent_value": 0.0, "average_incumbent_value": 2.0220623670536887e-14, "is_basis_lower": 1.0, "is_basis_basic": 0.0, "is_basis_upper": 0.0, "is_basis_zero": 0.0}, "24": {"objective": 0.19600573193971332, "is_type_binary": 1.0, "is_type_integer": 0.0, "is_type_implicit_integer": 0.0, "is_type_continuous": 0.0, "has_lower_bound": 1.0, "has_upper_bound": 1.0, "normed_reduced_cost": 0.0, "solution_value": 0.25626668325204494, "solution_frac": 0.25626668325204494, "is_solution_at_lower_bound": 0.0, "is_solution_at_upper_bound": 0.0, "scaled_age": 0.0, "incumbent_value": 0.0, "average_incumbent_value": 0.11458726531155794, "is_basis_lower": 0.0, "is_basis_basic": 1.0, "is_basis_upper": 0.0, "is_basis_zero": 0.0}, "25": {"objective": 0.11951569020714227, "is_type_binary": 1.0, "is_type_integer": 0.0, "is_type_implicit_integer": 0.0, "is_type_continuous": 0.0, "has_lower_bound": 1.0, "has_upper_bound": 1.0, "normed_reduced_cost": 0.0, "solution_value": 0.06758922896044217, "solution_frac": 0.06758922896044217, "is_solution_at_lower_bound": 0.0, "is_solution_at_upper_bound": 0.0, "scaled_age": 0.0, "incumbent_value": 0.0, "average_incumbent_value": 0.5481637289408211, "is_basis_lower": 0.0, "is_basis_basic": 1.0, "is_basis_upper": 0.0, "is_basis_zero": 0.0}, "26": {"objective": 0.03824502086628553, "is_type_binary": 1.0, "is_type_integer": 0.0, "is_type_implicit_integer": 0.0, "is_type_continuous": 0.0, "has_lower_bound": 1.0, "has_upper_bound": 1.0, "normed_reduced_cost": 0.0, "solution_value": 0.2577963191808881, "solution_frac": 0.2577963191808881, "is_solution_at_lower_bound": 0.0, "is_solution_at_upper_bound": 0.0, "scaled_age": 0.0, "incumbent_value": 0.0, "average_incumbent_value": 0.9953117779465808, "is_basis_lower": 0.0, "is_basis_basic": 1.0, "is_basis_upper": 0.0, "is_basis_zero": 0.0}, "27": {"objective": 0.1362478868361422, "is_type_binary": 1.0, "is_type_integer": 0.0, "is_type_implicit_integer": 0.0, "is_type_continuous": 0.0, "has_lower_bound": 1.0, "has_upper_bound": 1.0, "normed_reduced_cost": 0.0, "solution_value": 0.27841831452910853, "solution_frac": 0.27841831452910853, "is_solution_at_lower_bound": 0.0, "is_solution_at_upper_bound": 0.0, "scaled_age": 0.0, "incumbent_value": 1.0, "average_incumbent_value": 0.997458249083495, "is_basis_lower": 0.0, "is_basis_basic": 1.0, "is_basis_upper": 0.0, "is_basis_zero": 0.0}, "28": {"objective": 0.09800286596985666, "is_type_binary": 1.0, "is_type_integer": 0.0, "is_type_implicit_integer": 0.0, "is_type_continuous": 0.0, "has_lower_bound": 1.0, "has_upper_bound": 1.0, "normed_reduced_cost": 0.0, "solution_value": 0.5758097819987, "solution_frac": 0.5758097819987, "is_solution_at_lower_bound": 0.0, "is_solution_at_upper_bound": 0.0, "scaled_age": 0.0, "incumbent_value": 0.0, "average_incumbent_value": 0.995318200485577, "is_basis_lower": 0.0, "is_basis_basic": 1.0, "is_basis_upper": 0.0, "is_basis_zero": 0.0}, "29": {"objective": 0.03107407945385699, "is_type_binary": 1.0, "is_type_integer": 0.0, "is_type_implicit_integer": 0.0, "is_type_continuous": 0.0, "has_lower_bound": 1.0, "has_upper_bound": 1.0, "normed_reduced_cost": 0.0063100984939050055, "solution_value": 0.0, "solution_frac": 0.0, "is_solution_at_lower_bound": 1.0, "is_solution_at_upper_bound": 0.0, "scaled_age": 0.2876712328767123, "incumbent_value": 0.0, "average_incumbent_value": 4.547808757236993e-10, "is_basis_lower": 1.0, "is_basis_basic": 0.0, "is_basis_upper": 0.0, "is_basis_zero": 0.0}, "30": {"objective": 0.08366098314499959, "is_type_binary": 1.0, "is_type_integer": 0.0, "is_type_implicit_integer": 0.0, "is_type_continuous": 0.0, "has_lower_bound": 1.0, "has_upper_bound": 1.0, "normed_reduced_cost": 0.0, "solution_value": 0.7295434633487402, "solution_frac": 0.7295434633487402, "is_solution_at_lower_bound": 0.0, "is_solution_at_upper_bound": 0.0, "scaled_age": 0.0, "incumbent_value": 1.0, "average_incumbent_value": 0.9491569213445868, "is_basis_lower": 0.0, "is_basis_basic": 1.0, "is_basis_upper": 0.0, "is_basis_zero": 0.0}, "31": {"objective": 0.12907694542371365, "is_type_binary": 1.0, "is_type_integer": 0.0, "is_type_implicit_integer": 0.0, "is_type_continuous": 0.0, "has_lower_bound": 1.0, "has_upper_bound": 1.0, "normed_reduced_cost": 0.007065329271758335, "solution_value": 0.0, "solution_frac": 0.0, "is_solution_at_lower_bound": 1.0, "is_solution_at_upper_bound": 0.0, "scaled_age": 0.2876712328767123, "incumbent_value": 0.0, "average_incumbent_value": 2.0220623670536887e-14, "is_basis_lower": 1.0, "is_basis_basic": 0.0, "is_basis_upper": 0.0, "is_basis_zero": 0.0}, "32": {"objective": 0.15058976966099927, "is_type_binary": 1.0, "is_type_integer": 0.0, "is_type_implicit_integer": 0.0, "is_type_continuous": 0.0, "has_lower_bound": 1.0, "has_upper_bound": 1.0, "normed_reduced_cost": 0.0, "solution_value": 0.3652770436591133, "solution_frac": 0.3652770436591133, "is_solution_at_lower_bound": 0.0, "is_solution_at_upper_bound": 0.0, "scaled_age": 0.0, "incumbent_value": 1.0, "average_incumbent_value": 0.9491569213445464, "is_basis_lower": 0.0, "is_basis_basic": 1.0, "is_basis_upper": 0.0, "is_basis_zero": 0.0}, "33": {"objective": 0.08127066934085675, "is_type_binary": 1.0, "is_type_integer": 0.0, "is_type_implicit_integer": 0.0, "is_type_continuous": 0.0, "has_lower_bound": 1.0, "has_upper_bound": 1.0, "normed_reduced_cost": 0.0, "solution_value": 0.0868587291300048, "solution_frac": 0.0868587291300048, "is_solution_at_lower_bound": 0.0, "is_solution_at_upper_bound": 0.0, "scaled_age": 0.0, "incumbent_value": 0.0, "average_incumbent_value": 0.06244772618458931, "is_basis_lower": 0.0, "is_basis_basic": 1.0, "is_basis_upper": 0.0, "is_basis_zero": 0.0}, "34": {"objective": 0.059757845103571135, "is_type_binary": 1.0, "is_type_integer": 0.0, "is_type_implicit_integer": 0.0, "is_type_continuous": 0.0, "has_lower_bound": 1.0, "has_upper_bound": 1.0, "normed_reduced_cost": 0.0004421999286280289, "solution_value": 0.0, "solution_frac": 0.0, "is_solution_at_lower_bound": 1.0, "is_solution_at_upper_bound": 0.0, "scaled_age": 0.0136986301369863, "incumbent_value": 1.0, "average_incumbent_value": 0.8757627202688549, "is_basis_lower": 1.0, "is_basis_basic": 0.0, "is_basis_upper": 0.0, "is_basis_zero": 0.0}, "35": {"objective": 0.11951569020714227, "is_type_binary": 1.0, "is_type_integer": 0.0, "is_type_implicit_integer": 0.0, "is_type_continuous": 0.0, "has_lower_bound": 1.0, "has_upper_bound": 1.0, "normed_reduced_cost": 0.0, "solution_value": 0.5691296867480743, "solution_frac": 0.5691296867480743, "is_solution_at_lower_bound": 0.0, "is_solution_at_upper_bound": 0.0, "scaled_age": 0.0, "incumbent_value": 1.0, "average_incumbent_value": 0.9999999999999596, "is_basis_lower": 0.0, "is_basis_basic": 1.0, "is_basis_upper": 0.0, "is_basis_zero": 0.0}, "36": {"objective": 0.057367531299428294, "is_type_binary": 1.0, "is_type_integer": 0.0, "is_type_implicit_integer": 0.0, "is_type_continuous": 0.0, "has_lower_bound": 1.0, "has_upper_bound": 1.0, "normed_reduced_cost": 0.0, "solution_value": 0.25086305949810705, "solution_frac": 0.25086305949810705, "is_solution_at_lower_bound": 0.0, "is_solution_at_upper_bound": 0.0, "scaled_age": 0.0, "incumbent_value": 1.0, "average_incumbent_value": 0.9468325550494028, "is_basis_lower": 0.0, "is_basis_basic": 1.0, "is_basis_upper": 0.0, "is_basis_zero": 0.0}, "37": {"objective": 0.08605129694914244, "is_type_binary": 1.0, "is_type_integer": 0.0, "is_type_implicit_integer": 0.0, "is_type_continuous": 0.0, "has_lower_bound": 1.0, "has_upper_bound": 1.0, "normed_reduced_cost": 0.00025722906297977985, "solution_value": 0.0, "solution_frac": 0.0, "is_solution_at_lower_bound": 1.0, "is_solution_at_upper_bound": 0.0, "scaled_age": 0.0136986301369863, "incumbent_value": 0.0, "average_incumbent_value": 0.48746184136376114, "is_basis_lower": 1.0, "is_basis_basic": 0.0, "is_basis_upper": 0.0, "is_basis_zero": 0.0}, "38": {"objective": 0.09800286596985666, "is_type_binary": 1.0, "is_type_integer": 0.0, "is_type_implicit_integer": 0.0, "is_type_continuous": 0.0, "has_lower_bound": 1.0, "has_upper_bound": 1.0, "normed_reduced_cost": 0.0, "solution_value": 0.5161823309161067, "solution_frac": 0.5161823309161067, "is_solution_at_lower_bound": 0.0, "is_solution_at_upper_bound": 0.0, "scaled_age": 0.0, "incumbent_value": 0.0, "average_incumbent_value": 0.12502111308618022, "is_basis_lower": 0.0, "is_basis_basic": 1.0, "is_basis_upper": 0.0, "is_basis_zero": 0.0}, "39": {"objective": 0.15058976966099927, "is_type_binary": 1.0, "is_type_integer": 0.0, "is_type_implicit_integer": 0.0, "is_type_continuous": 0.0, "has_lower_bound": 1.0, "has_upper_bound": 1.0, "normed_reduced_cost": 0.0, "solution_value": 0.2704565366512598, "solution_frac": 0.2704565366512598, "is_solution_at_lower_bound": 0.0, "is_solution_at_upper_bound": 0.0, "scaled_age": 0.0, "incumbent_value": 0.0, "average_incumbent_value": 0.5436861485680519, "is_basis_lower": 0.0, "is_basis_basic": 1.0, "is_basis_upper": 0.0, "is_basis_zero": 0.0}, "40": {"objective": 0.06931910032014252, "is_type_binary": 1.0, "is_type_integer": 0.0, "is_type_implicit_integer": 0.0, "is_type_continuous": 0.0, "has_lower_bound": 1.0, "has_upper_bound": 1.0, "normed_reduced_cost": 0.0, "solution_value": 0.16645619091345, "solution_frac": 0.16645619091345, "is_solution_at_lower_bound": 0.0, "is_solution_at_upper_bound": 0.0, "scaled_age": 0.0, "incumbent_value": 0.0, "average_incumbent_value": 0.054773955917288945, "is_basis_lower": 0.0, "is_basis_basic": 1.0, "is_basis_upper": 0.0, "is_basis_zero": 0.0}, "41": {"objective": 0.04541596227871406, "is_type_binary": 1.0, "is_type_integer": 0.0, "is_type_implicit_integer": 0.0, "is_type_continuous": 0.0, "has_lower_bound": 1.0, "has_upper_bound": 1.0, "normed_reduced_cost": 0.0, "solution_value": 0.5319505562158447, "solution_frac": 0.5319505562158447, "is_solution_at_lower_bound": 0.0, "is_solution_at_upper_bound": 0.0, "scaled_age": 0.0, "incumbent_value": 1.0, "average_incumbent_value": 0.9491569213445868, "is_basis_lower": 0.0, "is_basis_basic": 1.0, "is_basis_upper": 0.0, "is_basis_zero": 0.0}, "42": {"objective": 0.1840541629189991, "is_type_binary": 1.0, "is_type_integer": 0.0, "is_type_implicit_integer": 0.0, "is_type_continuous": 0.0, "has_lower_bound": 1.0, "has_upper_bound": 1.0, "normed_reduced_cost": 0.007831663644102836, "solution_value": 0.0, "solution_frac": 0.0, "is_solution_at_lower_bound": 1.0, "is_solution_at_upper_bound": 0.0, "scaled_age": 0.2876712328767123, "incumbent_value": 0.0, "average_incumbent_value": 0.07442545108239068, "is_basis_lower": 1.0, "is_basis_basic": 0.0, "is_basis_upper": 0.0, "is_basis_zero": 0.0}, "43": {"objective": 0.004780627608285691, "is_type_binary": 1.0, "is_type_integer": 0.0, "is_type_implicit_integer": 0.0, "is_type_continuous": 0.0, "has_lower_bound": 1.0, "has_upper_bound": 1.0, "normed_reduced_cost": 0.0, "solution_value": 0.9363299754207105, "solution_frac": 0.9363299754207105, "is_solution_at_lower_bound": 0.0, "is_solution_at_upper_bound": 0.0, "scaled_age": 0.0, "incumbent_value": 1.0, "average_incumbent_value": 0.9999999999999596, "is_basis_lower": 0.0, "is_basis_basic": 1.0, "is_basis_upper": 0.0, "is_basis_zero": 0.0}, "44": {"objective": 0.08366098314499959, "is_type_binary": 1.0, "is_type_integer": 0.0, "is_type_implicit_integer": 0.0, "is_type_continuous": 0.0, "has_lower_bound": 1.0, "has_upper_bound": 1.0, "normed_reduced_cost": 0.006827036741616518, "solution_value": 0.0, "solution_frac": 0.0, "is_solution_at_lower_bound": 1.0, "is_solution_at_upper_bound": 0.0, "scaled_age": 0.2876712328767123, "incumbent_value": 0.0, "average_incumbent_value": 0.00014940148836159714, "is_basis_lower": 1.0, "is_basis_basic": 0.0, "is_basis_upper": 0.0, "is_basis_zero": 0.0}, "45": {"objective": 0.004780627608285691, "is_type_binary": 1.0, "is_type_integer": 0.0, "is_type_implicit_integer": 0.0, "is_type_continuous": 0.0, "has_lower_bound": 1.0, "has_upper_bound": 1.0, "normed_reduced_cost": 0.0, "solution_value": 0.6597029817109961, "solution_frac": 0.6597029817109961, "is_solution_at_lower_bound": 0.0, "is_solution_at_upper_bound": 0.0, "scaled_age": 0.0, "incumbent_value": 1.0, "average_incumbent_value": 0.9999842351950069, "is_basis_lower": 0.0, "is_basis_basic": 1.0, "is_basis_upper": 0.0, "is_basis_zero": 0.0}, "46": {"objective": 0.17449290770242773, "is_type_binary": 1.0, "is_type_integer": 0.0, "is_type_implicit_integer": 0.0, "is_type_continuous": 0.0, "has_lower_bound": 1.0, "has_upper_bound": 1.0, "normed_reduced_cost": 0.0, "solution_value": 0.10573792954275063, "solution_frac": 0.10573792954275063, "is_solution_at_lower_bound": 0.0, "is_solution_at_upper_bound": 0.0, "scaled_age": 0.0, "incumbent_value": 0.0, "average_incumbent_value": 0.9585152665210346, "is_basis_lower": 0.0, "is_basis_basic": 1.0, "is_basis_upper": 0.0, "is_basis_zero": 0.0}, "47": {"objective": 0.0262934518455713, "is_type_binary": 1.0, "is_type_integer": 0.0, "is_type_implicit_integer": 0.0, "is_type_continuous": 0.0, "has_lower_bound": 1.0, "has_upper_bound": 1.0, "normed_reduced_cost": 0.0, "solution_value": 0.8380002814143741, "solution_frac": 0.8380002814143741, "is_solution_at_lower_bound": 0.0, "is_solution_at_upper_bound": 0.0, "scaled_age": 0.0, "incumbent_value": 1.0, "average_incumbent_value": 1.0, "is_basis_lower": 0.0, "is_basis_basic": 1.0, "is_basis_upper": 0.0, "is_basis_zero": 0.0}, "48": {"objective": 0.20556698715628471, "is_type_binary": 1.0, "is_type_integer": 0.0, "is_type_implicit_integer": 0.0, "is_type_continuous": 0.0, "has_lower_bound": 1.0, "has_upper_bound": 1.0, "normed_reduced_cost": 0.00823343941633474, "solution_value": 0.0, "solution_frac": 0.0, "is_solution_at_lower_bound": 1.0, "is_solution_at_upper_bound": 0.0, "scaled_age": 0.2876712328767123, "incumbent_value": 0.0, "average_incumbent_value": 2.0220623670536887e-14, "is_basis_lower": 1.0, "is_basis_basic": 0.0, "is_basis_upper": 0.0, "is_basis_zero": 0.0}, "49": {"objective": 0.1840541629189991, "is_type_binary": 1.0, "is_type_integer": 0.0, "is_type_implicit_integer": 0.0, "is_type_continuous": 0.0, "has_lower_bound": 1.0, "has_upper_bound": 1.0, "normed_reduced_cost": 0.0, "solution_value": 0.10400034573780981, "solution_frac": 0.10400034573780981, "is_solution_at_lower_bound": 0.0, "is_solution_at_upper_bound": 0.0, "scaled_age": 0.0, "incumbent_value": 0.0, "average_incumbent_value": 0.5225344057488512, "is_basis_lower": 0.0, "is_basis_basic": 1.0, "is_basis_upper": 0.0, "is_basis_zero": 0.0}, "50": {"objective": 0.007170941412428537, "is_type_binary": 1.0, "is_type_integer": 0.0, "is_type_implicit_integer": 0.0, "is_type_continuous": 0.0, "has_lower_bound": 1.0, "has_upper_bound": 1.0, "normed_reduced_cost": 0.0, "solution_value": 0.6359509019536546, "solution_frac": 0.6359509019536546, "is_solution_at_lower_bound": 0.0, "is_solution_at_upper_bound": 0.0, "scaled_age": 0.0, "incumbent_value": 1.0, "average_incumbent_value": 0.9997095049262373, "is_basis_lower": 0.0, "is_basis_basic": 1.0, "is_basis_upper": 0.0, "is_basis_zero": 0.0}, "51": {"objective": 0.12190600401128512, "is_type_binary": 1.0, "is_type_integer": 0.0, "is_type_implicit_integer": 0.0, "is_type_continuous": 0.0, "has_lower_bound": 1.0, "has_upper_bound": 1.0, "normed_reduced_cost": 0.0, "solution_value": 0.08878718527406182, "solution_frac": 0.08878718527406182, "is_solution_at_lower_bound": 0.0, "is_solution_at_upper_bound": 0.0, "scaled_age": 0.0, "incumbent_value": 0.0, "average_incumbent_value": 0.9589661759747115, "is_basis_lower": 0.0, "is_basis_basic": 1.0, "is_basis_upper": 0.0, "is_basis_zero": 0.0}, "52": {"objective": 0.0023903138041428454, "is_type_binary": 1.0, "is_type_integer": 0.0, "is_type_implicit_integer": 0.0, "is_type_continuous": 0.0, "has_lower_bound": 1.0, "has_upper_bound": 1.0, "normed_reduced_cost": 0.0, "solution_value": 0.34029701828900394, "solution_frac": 0.34029701828900394, "is_solution_at_lower_bound": 0.0, "is_solution_at_upper_bound": 0.0, "scaled_age": 0.0, "incumbent_value": 0.0, "average_incumbent_value": 0.9922152895203741, "is_basis_lower": 0.0, "is_basis_basic": 1.0, "is_basis_upper": 0.0, "is_basis_zero": 0.0}, "53": {"objective": 0.02151282423728561, "is_type_binary": 1.0, "is_type_integer": 0.0, "is_type_implicit_integer": 0.0, "is_type_continuous": 0.0, "has_lower_bound": 1.0, "has_upper_bound": 1.0, "normed_reduced_cost": 0.0, "solution_value": 0.08389319971229608, "solution_frac": 0.08389319971229608, "is_solution_at_lower_bound": 0.0, "is_solution_at_upper_bound": 0.0, "scaled_age": 0.0, "incumbent_value": 1.0, "average_incumbent_value": 0.9977476697134849, "is_basis_lower": 0.0, "is_basis_basic": 1.0, "is_basis_upper": 0.0, "is_basis_zero": 0.0}, "54": {"objective": 0.05019658988699976, "is_type_binary": 1.0, "is_type_integer": 0.0, "is_type_implicit_integer": 0.0, "is_type_continuous": 0.0, "has_lower_bound": 1.0, "has_upper_bound": 1.0, "normed_reduced_cost": 0.0, "solution_value": 0.5580645746709849, "solution_frac": 0.5580645746709849, "is_solution_at_lower_bound": 0.0, "is_solution_at_upper_bound": 0.0, "scaled_age": 0.0, "incumbent_value": 1.0, "average_incumbent_value": 0.9999999999999596, "is_basis_lower": 0.0, "is_basis_basic": 1.0, "is_basis_upper": 0.0, "is_basis_zero": 0.0}, "55": {"objective": 0.17688322150657057, "is_type_binary": 1.0, "is_type_integer": 0.0, "is_type_implicit_integer": 0.0, "is_type_continuous": 0.0, "has_lower_bound": 1.0, "has_upper_bound": 1.0, "normed_reduced_cost": 0.0, "solution_value": 0.17460362999988077, "solution_frac": 0.17460362999988077, "is_solution_at_lower_bound": 0.0, "is_solution_at_upper_bound": 0.0, "scaled_age": 0.0, "incumbent_value": 0.0, "average_incumbent_value": 0.9910026075358488, "is_basis_lower": 0.0, "is_basis_basic": 1.0, "is_basis_upper": 0.0, "is_basis_zero": 0.0}, "56": {"objective": 0.059757845103571135, "is_type_binary": 1.0, "is_type_integer": 0.0, "is_type_implicit_integer": 0.0, "is_type_continuous": 0.0, "has_lower_bound": 1.0, "has_upper_bound": 1.0, "normed_reduced_cost": 0.008491032020470664, "solution_value": 0.0, "solution_frac": 0.0, "is_solution_at_lower_bound": 1.0, "is_solution_at_upper_bound": 0.0, "scaled_age": 0.2876712328767123, "incumbent_value": 0.0, "average_incumbent_value": 2.0220623670536887e-14, "is_basis_lower": 1.0, "is_basis_basic": 0.0, "is_basis_upper": 0.0, "is_basis_zero": 0.0}, "57": {"objective": 0.22229918378528463, "is_type_binary": 1.0, "is_type_integer": 0.0, "is_type_implicit_integer": 0.0, "is_type_continuous": 0.0, "has_lower_bound": 1.0, "has_upper_bound": 1.0, "normed_reduced_cost": 0.05187208746154782, "solution_value": 0.0, "solution_frac": 0.0, "is_solution_at_lower_bound": 1.0, "is_solution_at_upper_bound": 1.0, "scaled_age": 0.2876712328767123, "incumbent_value": 0.0, "average_incumbent_value": 0.0, "is_basis_lower": 1.0, "is_basis_basic": 0.0, "is_basis_upper": 0.0, "is_basis_zero": 0.0}, "58": {"objective": 0.1625413386817135, "is_type_binary": 1.0, "is_type_integer": 0.0, "is_type_implicit_integer": 0.0, "is_type_continuous": 0.0, "has_lower_bound": 1.0, "has_upper_bound": 1.0, "normed_reduced_cost": 0.0019186745643522758, "solution_value": 0.0, "solution_frac": 0.0, "is_solution_at_lower_bound": 1.0, "is_solution_at_upper_bound": 0.0, "scaled_age": 0.0684931506849315, "incumbent_value": 0.0, "average_incumbent_value": 0.061824866705341784, "is_basis_lower": 1.0, "is_basis_basic": 0.0, "is_basis_upper": 0.0, "is_basis_zero": 0.0}, "59": {"objective": 0.06692878651599968, "is_type_binary": 1.0, "is_type_integer": 0.0, "is_type_implicit_integer": 0.0, "is_type_continuous": 0.0, "has_lower_bound": 1.0, "has_upper_bound": 1.0, "normed_reduced_cost": 0.00023382032217545096, "solution_value": 0.0, "solution_frac": 0.0, "is_solution_at_lower_bound": 1.0, "is_solution_at_upper_bound": 0.0, "scaled_age": 0.0136986301369863, "incumbent_value": 1.0, "average_incumbent_value": 0.905487041510735, "is_basis_lower": 1.0, "is_basis_basic": 0.0, "is_basis_upper": 0.0, "is_basis_zero": 0.0}, "60": {"objective": 0.17688322150657057, "is_type_binary": 1.0, "is_type_integer": 0.0, "is_type_implicit_integer": 0.0, "is_type_continuous": 0.0, "has_lower_bound": 1.0, "has_upper_bound": 1.0, "normed_reduced_cost": 0.0, "solution_value": 0.4419354253290151, "solution_frac": 0.4419354253290151, "is_solution_at_lower_bound": 0.0, "is_solution_at_upper_bound": 0.0, "scaled_age": 0.0, "incumbent_value": 0.0, "average_incumbent_value": 0.9912461431135504, "is_basis_lower": 0.0, "is_basis_basic": 1.0, "is_basis_upper": 0.0, "is_basis_zero": 0.0}, "61": {"objective": 0.03346439325799984, "is_type_binary": 1.0, "is_type_integer": 0.0, "is_type_implicit_integer": 0.0, "is_type_continuous": 0.0, "has_lower_bound": 1.0, "has_upper_bound": 1.0, "normed_reduced_cost": 0.0, "solution_value": 0.01971353694084499, "solution_frac": 0.01971353694084499, "is_solution_at_lower_bound": 0.0, "is_solution_at_upper_bound": 0.0, "scaled_age": 0.0, "incumbent_value": 0.0, "average_incumbent_value": 0.5235727608988346, "is_basis_lower": 0.0, "is_basis_basic": 1.0, "is_basis_upper": 0.0, "is_basis_zero": 0.0}, "62": {"objective": 0.1051738073822852, "is_type_binary": 1.0, "is_type_integer": 0.0, "is_type_implicit_integer": 0.0, "is_type_continuous": 0.0, "has_lower_bound": 1.0, "has_upper_bound": 1.0, "normed_reduced_cost": 0.003604238402810167, "solution_value": 0.0, "solution_frac": 0.0, "is_solution_at_lower_bound": 1.0, "is_solution_at_upper_bound": 0.0, "scaled_age": 0.0684931506849315, "incumbent_value": 0.0, "average_incumbent_value": 0.08280117769030466, "is_basis_lower": 1.0, "is_basis_basic": 0.0, "is_basis_upper": 0.0, "is_basis_zero": 0.0}}