{"0": {"bias": -0.8944271909999159, "objective_cosine_similarity": -0.24464086223903486, "is_tight": 1.0, "dual_solution_value": -0.0008432296159988138, "scaled_age": 0.0}, "1": {"bias": -1.0, "objective_cosine_similarity": -0.7026210525558264, "is_tight": 1.0, "dual_solution_value": -0.0007578212766576882, "scaled_age": 0.0}, "2": {"bias": -1.1141720290623112, "objective_cosine_similarity": -0.8546103246994767, "is_tight": 1.0, "dual_solution_value": -0.0020765791823220423, "scaled_age": 0.0}, "3": {"bias": -0.8320502943378437, "objective_cosine_similarity": -0.6618502383815678, "is_tight": 0.0, "dual_solution_value": -0.0, "scaled_age": 0.10714285714285714}, "4": {"bias": -1.037622123331683, "objective_cosine_similarity": -0.8130559350679049, "is_tight": 1.0, "dual_solution_value": -3.6971539370397135e-08, "scaled_age": 0.0}, "5": {"bias": -0.6666666666666666, "objective_cosine_similarity": -0.6302778412207414, "is_tight": 1.0, "dual_solution_value": -2.7070597531559788e-05, "scaled_age": 0.0}, "6": {"bias": -0.3779644730092272, "objective_cosine_similarity": -0.3176301761418545, "is_tight": 0.0, "dual_solution_value": 0.0, "scaled_age": 0.4166666666666667}, "7": {"bias": -0.5773502691896258, "objective_cosine_similarity": -0.11671978079211077, "is_tight": 0.0, "dual_solution_value": 0.0, "scaled_age": 0.17857142857142858}, "8": {"bias": -0.4472135954999579, "objective_cosine_similarity": -0.19677634571400632, "is_tight": 0.0, "dual_solution_value": 0.0, "scaled_age": 0.4166666666666667}, "9": {"bias": -0.4472135954999579, "objective_cosine_similarity": -0.41659856975487825, "is_tight": 1.0, "dual_solution_value": -0.012674532974424314, "scaled_age": 0.0}, "10": {"bias": -0.5, "objective_cosine_similarity": -0.2536967411202984, "is_tight": 0.0, "dual_solution_value": 0.0, "scaled_age": 0.34523809523809523}, "11": {"bias": -0.4472135954999579, "objective_cosine_similarity": -0.15954838841676186, "is_tight": 0.0, "dual_solution_value": 0.0, "scaled_age": 0.4166666666666667}, "12": {"bias": -0.35355339059327373, "objective_cosine_similarity": -0.38821265644587666, "is_tight": 0.0, "dual_solution_value": 0.0, "scaled_age": 0.4166666666666667}, "13": {"bias": -0.5773502691896258, "objective_cosine_similarity": -0.34558209607075935, "is_tight": 0.0, "dual_solution_value": 0.0, "scaled_age": 0.4166666666666667}, "14": {"bias": -0.5773502691896258, "objective_cosine_similarity": -0.14189463547276213, "is_tight": 0.0, "dual_solution_value": 0.0, "scaled_age": 0.2976190476190476}, "15": {"bias": -0.4082482904638631, "objective_cosine_similarity": -0.3058588797230976, "is_tight": 0.0, "dual_solution_value": 0.0, "scaled_age": 0.4166666666666667}, "16": {"bias": -0.5773502691896258, "objective_cosine_similarity": -0.10527666502817835, "is_tight": 0.0, "dual_solution_value": 0.0, "scaled_age": 0.4166666666666667}, "17": {"bias": -0.4472135954999579, "objective_cosine_similarity": -0.17904874700103277, "is_tight": 0.0, "dual_solution_value": 0.0, "scaled_age": 0.4166666666666667}, "18": {"bias": -0.5, "objective_cosine_similarity": -0.17639851531020748, "is_tight": 0.0, "dual_solution_value": 0.0, "scaled_age": 0.07142857142857142}, "19": {"bias": -0.4082482904638631, "objective_cosine_similarity": -0.24112684168646317, "is_tight": 0.0, "dual_solution_value": 0.0, "scaled_age": 0.4166666666666667}, "20": {"bias": -0.7071067811865475, "objective_cosine_similarity": -0.1821936654800143, "is_tight": 0.0, "dual_solution_value": 0.0, "scaled_age": 0.39285714285714285}, "21": {"bias": -0.5, "objective_cosine_similarity": -0.14468642267017018, "is_tight": 0.0, "dual_solution_value": 0.0, "scaled_age": 0.11904761904761904}, "22": {"bias": -0.4472135954999579, "objective_cosine_similarity": -0.19677634571400632, "is_tight": 0.0, "dual_solution_value": 0.0, "scaled_age": 0.4166666666666667}, "23": {"bias": -0.7071067811865475, "objective_cosine_similarity": -0.29711582370586953, "is_tight": 1.0, "dual_solution_value": -0.01962085628246308, "scaled_age": 0.0}, "24": {"bias": -0.5773502691896258, "objective_cosine_similarity": -0.21284195320914318, "is_tight": 0.0, "dual_solution_value": 0.0, "scaled_age": 0.4166666666666667}, "25": {"bias": -0.5773502691896258, "objective_cosine_similarity": -0.4211066601127134, "is_tight": 1.0, "dual_solution_value": -0.04769653405190062, "scaled_age": 0.0}, "26": {"bias": -0.5773502691896258, "objective_cosine_similarity": -0.2586144162648729, "is_tight": 1.0, "dual_solution_value": -0.022734829769949394, "scaled_age": 0.0}, "27": {"bias": -0.5, "objective_cosine_similarity": -0.2636067700703101, "is_tight": 1.0, "dual_solution_value": -0.0026607054747026927, "scaled_age": 0.0}, "28": {"bias": -0.4082482904638631, "objective_cosine_similarity": -0.27511116165569627, "is_tight": 0.0, "dual_solution_value": 0.0, "scaled_age": 0.4166666666666667}, "29": {"bias": -0.5773502691896258, "objective_cosine_similarity": -0.12358565025047023, "is_tight": 0.0, "dual_solution_value": 0.0, "scaled_age": 0.16666666666666666}, "30": {"bias": -0.5, "objective_cosine_similarity": -0.18234453268021447, "is_tight": 0.0, "dual_solution_value": 0.0, "scaled_age": 0.4166666666666667}, "31": {"bias": -0.3779644730092272, "objective_cosine_similarity": -0.26968599861100856, "is_tight": 0.0, "dual_solution_value": 0.0, "scaled_age": 0.4166666666666667}, "32": {"bias": -0.4472135954999579, "objective_cosine_similarity": -0.35632473413076815, "is_tight": 0.0, "dual_solution_value": 0.0, "scaled_age": 0.2261904761904762}, "33": {"bias": -0.5, "objective_cosine_similarity": -0.23189467743027276, "is_tight": 0.0, "dual_solution_value": 0.0, "scaled_age": 0.14285714285714285}, "34": {"bias": -0.5773502691896258, "objective_cosine_similarity": -0.14189463547276213, "is_tight": 0.0, "dual_solution_value": 0.0, "scaled_age": 0.4166666666666667}, "35": {"bias": -0.5, "objective_cosine_similarity": -0.24378671217028675, "is_tight": 0.0, "dual_solution_value": 0.0, "scaled_age": 0.4166666666666667}, "36": {"bias": -0.7071067811865475, "objective_cosine_similarity": -0.14295195291508817, "is_tight": 1.0, "dual_solution_value": -0.01657896099382665, "scaled_age": 0.0}, "37": {"bias": -0.4472135954999579, "objective_cosine_similarity": -0.34568817490298404, "is_tight": 0.0, "dual_solution_value": 0.0, "scaled_age": 0.4166666666666667}, "38": {"bias": -0.35355339059327373, "objective_cosine_similarity": -0.17378472707324444, "is_tight": 0.0, "dual_solution_value": 0.0, "scaled_age": 0.4166666666666667}, "39": {"bias": -0.3779644730092272, "objective_cosine_similarity": -0.21724705443664577, "is_tight": 0.0, "dual_solution_value": 0.0, "scaled_age": 0.4166666666666667}, "40": {"bias": -0.4082482904638631, "objective_cosine_similarity": -0.25892815214653764, "is_tight": 0.0, "dual_solution_value": 0.0, "scaled_age": 0.4166666666666667}, "41": {"bias": -0.3779644730092272, "objective_cosine_similarity": -0.5198946751001109, "is_tight": 0.0, "dual_solution_value": 0.0, "scaled_age": 0.4166666666666667}, "42": {"bias": -0.4082482904638631, "objective_cosine_similarity": -0.20066931791356668, "is_tight": 0.0, "dual_solution_value": 0.0, "scaled_age": 0.4166666666666667}, "43": {"bias": -0.5, "objective_cosine_similarity": -0.17243450373020283, "is_tight": 0.0, "dual_solution_value": 0.0, "scaled_age": 0.13095238095238096}, "44": {"bias": -0.3779644730092272, "objective_cosine_similarity": -0.3281179649767271, "is_tight": 0.0, "dual_solution_value": 0.0, "scaled_age": 0.4166666666666667}, "45": {"bias": -0.5773502691896258, "objective_cosine_similarity": -0.5034970936130269, "is_tight": 1.0, "dual_solution_value": -0.05294479828381887, "scaled_age": 0.0}, "46": {"bias": -0.5, "objective_cosine_similarity": -0.3607250537804243, "is_tight": 0.0, "dual_solution_value": 0.0, "scaled_age": 0.4166666666666667}, "47": {"bias": -0.4082482904638631, "objective_cosine_similarity": -0.5874432451824573, "is_tight": 1.0, "dual_solution_value": -0.009941927824029528, "scaled_age": 0.0}, "48": {"bias": -0.4082482904638631, "objective_cosine_similarity": -0.31233208352676106, "is_tight": 0.0, "dual_solution_value": 0.0, "scaled_age": 0.4166666666666667}, "49": {"bias": -0.5773502691896258, "objective_cosine_similarity": -0.10069941872260538, "is_tight": 0.0, "dual_solution_value": 0.0, "scaled_age": 0.4166666666666667}, "50": {"bias": -0.4082482904638631, "objective_cosine_similarity": -0.2832026664102755, "is_tight": 0.0, "dual_solution_value": 0.0, "scaled_age": 0.19047619047619047}, "51": {"bias": -0.5773502691896258, "objective_cosine_similarity": -0.27234615518159183, "is_tight": 1.0, "dual_solution_value": -0.005193566241627879, "scaled_age": 0.0}, "52": {"bias": -0.5773502691896258, "objective_cosine_similarity": -0.2265736921258621, "is_tight": 0.0, "dual_solution_value": 0.0, "scaled_age": 0.11904761904761904}, "53": {"bias": -0.5, "objective_cosine_similarity": -0.4122572043204849, "is_tight": 1.0, "dual_solution_value": -0.0009499795316641254, "scaled_age": 0.0}, "54": {"bias": -0.5, "objective_cosine_similarity": -0.3428870016704033, "is_tight": 0.0, "dual_solution_value": 0.0, "scaled_age": 0.19047619047619047}, "55": {"bias": -0.5, "objective_cosine_similarity": -0.2655887758603124, "is_tight": 0.0, "dual_solution_value": 0.0, "scaled_age": 0.10714285714285714}, "56": {"bias": -0.5773502691896258, "objective_cosine_similarity": -0.27692340148716477, "is_tight": 1.0, "dual_solution_value": -0.012798299798896512, "scaled_age": 0.0}, "57": {"bias": -0.4472135954999579, "objective_cosine_similarity": -0.35277921438817345, "is_tight": 0.0, "dual_solution_value": 0.0, "scaled_age": 0.4166666666666667}, "58": {"bias": -0.5773502691896258, "objective_cosine_similarity": -0.17851260591734588, "is_tight": 1.0, "dual_solution_value": -0.0007597965896174226, "scaled_age": 0.0}, "59": {"bias": -0.4472135954999579, "objective_cosine_similarity": -0.4431899678243385, "is_tight": 1.0, "dual_solution_value": -0.012060744653290918, "scaled_age": 0.0}, "60": {"bias": -0.4472135954999579, "objective_cosine_similarity": -0.42368960924006766, "is_tight": 0.0, "dual_solution_value": 0.0, "scaled_age": 0.011904761904761904}, "61": {"bias": -0.3779644730092272, "objective_cosine_similarity": -0.37756039805541197, "is_tight": 0.0, "dual_solution_value": 0.0, "scaled_age": 0.4166666666666667}, "62": {"bias": -0.4472135954999579, "objective_cosine_similarity": -0.3031419379918476, "is_tight": 0.0, "dual_solution_value": 0.0, "scaled_age": 0.4166666666666667}, "63": {"bias": -0.5773502691896258, "objective_cosine_similarity": -0.21741919951471614, "is_tight": 1.0, "dual_solution_value": -0.014391024501154818, "scaled_age": 0.0}, "64": {"bias": -0.5773502691896258, "objective_cosine_similarity": -0.34329347291797285, "is_tight": 0.0, "dual_solution_value": 0.0, "scaled_age": 0.30952380952380953}, "65": {"bias": -0.5, "objective_cosine_similarity": -0.3032468858703567, "is_tight": 1.0, "dual_solution_value": -0.005946017370006996, "scaled_age": 0.0}, "66": {"bias": -0.4082482904638631, "objective_cosine_similarity": -0.30909548162492934, "is_tight": 0.0, "dual_solution_value": 0.0, "scaled_age": 0.4166666666666667}, "67": {"bias": -0.4472135954999579, "objective_cosine_similarity": -0.4485082474382306, "is_tight": 1.0, "dual_solution_value": -0.037156176439871964, "scaled_age": 0.0}, "68": {"bias": -0.3779644730092272, "objective_cosine_similarity": -0.3086406428548209, "is_tight": 0.0, "dual_solution_value": 0.0, "scaled_age": 0.4166666666666667}, "69": {"bias": -0.4082482904638631, "objective_cosine_similarity": -0.3673543158579003, "is_tight": 0.0, "dual_solution_value": 0.0, "scaled_age": 0.3333333333333333}, "70": {"bias": -0.5, "objective_cosine_similarity": -0.34486900746040566, "is_tight": 0.0, "dual_solution_value": 0.0, "scaled_age": 0.23809523809523808}, "71": {"bias": -0.4472135954999579, "objective_cosine_similarity": -0.3368243755464973, "is_tight": 1.0, "dual_solution_value": -0.013479410510998767, "scaled_age": 0.0}, "72": {"bias": -0.4472135954999579, "objective_cosine_similarity": -0.28009605966498197, "is_tight": 0.0, "dual_solution_value": 0.0, "scaled_age": 0.4166666666666667}, "73": {"bias": -0.4082482904638631, "objective_cosine_similarity": -0.36411771395606857, "is_tight": 0.0, "dual_solution_value": 0.0, "scaled_age": 0.11904761904761904}, "74": {"bias": -0.3779644730092272, "objective_cosine_similarity": -0.5348772305785002, "is_tight": 0.0, "dual_solution_value": 0.0, "scaled_age": 0.4166666666666667}, "75": {"bias": -0.5773502691896258, "objective_cosine_similarity": -0.1121425344865378, "is_tight": 0.0, "dual_solution_value": 0.0, "scaled_age": 0.4166666666666667}, "76": {"bias": -0.4472135954999579, "objective_cosine_similarity": -0.5052365633197459, "is_tight": 1.0, "dual_solution_value": -0.00863630309924665, "scaled_age": 0.0}, "77": {"bias": -0.4082482904638631, "objective_cosine_similarity": -0.381919024416143, "is_tight": 0.0, "dual_solution_value": 0.0, "scaled_age": 0.39285714285714285}, "78": {"bias": -0.4082482904638631, "objective_cosine_similarity": -0.40133863582713336, "is_tight": 0.0, "dual_solution_value": 0.0, "scaled_age": 0.36904761904761907}, "79": {"bias": -0.3779644730092272, "objective_cosine_similarity": -0.35958133148134475, "is_tight": 0.0, "dual_solution_value": 0.0, "scaled_age": 0.4166666666666667}, "80": {"bias": -0.35355339059327373, "objective_cosine_similarity": -0.4344618176831111, "is_tight": 0.0, "dual_solution_value": 0.0, "scaled_age": 0.4166666666666667}, "81": {"bias": -1.2999775315225859, "objective_cosine_similarity": -0.9609529825130794, "is_tight": 0.0, "dual_solution_value": -0.0, "scaled_age": 0.03571428571428571}, "82": {"bias": -1.2908054445140664, "objective_cosine_similarity": -0.946741369007141, "is_tight": 1.0, "dual_solution_value": -0.00012651831755579795, "scaled_age": 0.0}, "83": {"bias": -1.1396057645963795, "objective_cosine_similarity": -0.8113269163710208, "is_tight": 0.0, "dual_solution_value": -0.0, "scaled_age": 0.11904761904761904}, "84": {"bias": -1.2737081193144075, "objective_cosine_similarity": -0.9526083017694097, "is_tight": 0.0, "dual_solution_value": -0.0, "scaled_age": 0.047619047619047616}, "85": {"bias": -1.3502177717456172, "objective_cosine_similarity": -0.9561703994892947, "is_tight": 0.0, "dual_solution_value": -0.0, "scaled_age": 0.07142857142857142}, "86": {"bias": -1.2236867762727808, "objective_cosine_similarity": -0.9498828686915688, "is_tight": 0.0, "dual_solution_value": -0.0, "scaled_age": 0.023809523809523808}, "87": {"bias": -1.1787379169786119, "objective_cosine_similarity": -0.9564945305514351, "is_tight": 0.0, "dual_solution_value": -0.0, "scaled_age": 0.09523809523809523}, "88": {"bias": -1.219743205668098, "objective_cosine_similarity": -0.9580561266127251, "is_tight": 0.0, "dual_solution_value": -0.0, "scaled_age": 0.10714285714285714}, "89": {"bias": -1.2826442576875312, "objective_cosine_similarity": -0.9575322305643374, "is_tight": 1.0, "dual_solution_value": -0.003405060235191555, "scaled_age": 0.0}, "90": {"bias": -1.135549947915338, "objective_cosine_similarity": -0.7658696819376025, "is_tight": 0.0, "dual_solution_value": -0.0, "scaled_age": 0.023809523809523808}, "91": {"bias": -1.300398684875046, "objective_cosine_similarity": -0.9535330790256158, "is_tight": 0.0, "dual_solution_value": -0.0, "scaled_age": 0.10714285714285714}, "92": {"bias": -1.3094538459614191, "objective_cosine_similarity": -0.9579073813223438, "is_tight": 1.0, "dual_solution_value": -0.0030668444606533627, "scaled_age": 0.0}, "93": {"bias": -1.2959477742617709, "objective_cosine_similarity": -0.958505622274076, "is_tight": 1.0, "dual_solution_value": -0.011040377402455927, "scaled_age": 0.0}, "94": {"bias": -1.2645777492766925, "objective_cosine_similarity": -0.9469329469981002, "is_tight": 0.0, "dual_solution_value": -0.0, "scaled_age": 0.011904761904761904}, "95": {"bias": -1.301451150879598, "objective_cosine_similarity": -0.9605751575113305, "is_tight": 1.0, "dual_solution_value": -0.0010747981333674795, "scaled_age": 0.0}, "96": {"bias": -1.270276465670281, "objective_cosine_similarity": -0.9428660353243105, "is_tight": 1.0, "dual_solution_value": -0.0006636336870017722, "scaled_age": 0.0}, "97": {"bias": -1.3061039129420928, "objective_cosine_similarity": -0.9569729750672342, "is_tight": 1.0, "dual_solution_value": -0.019154419231724243, "scaled_age": 0.0}, "98": {"bias": -0.928279121632914, "objective_cosine_similarity": -0.8258902843346049, "is_tight": 1.0, "dual_solution_value": -1.1997281428768534e-05, "scaled_age": 0.0}, "99": {"bias": -1.1887160805230972, "objective_cosine_similarity": -0.9294858481983572, "is_tight": 1.0, "dual_solution_value": -0.0005398495415226344, "scaled_age": 0.0}, "100": {"bias": -1.2974562233558422, "objective_cosine_similarity": -0.9618404814237065, "is_tight": 1.0, "dual_solution_value": -0.008459902694477994, "scaled_age": 0.0}, "101": {"bias": -1.2987062003800531, "objective_cosine_similarity": -0.9564440778710543, "is_tight": 1.0, "dual_solution_value": -0.009190179583963478, "scaled_age": 0.0}, "102": {"bias": -1.2342020073337634, "objective_cosine_similarity": -0.9334033767109645, "is_tight": 1.0, "dual_solution_value": -0.0005552385138946326, "scaled_age": 0.0}}