{"0": {"bias": -0.539163866017192, "objective_cosine_similarity": -0.8842650385290491, "is_tight": 1.0, "dual_solution_value": -3.0282434037108496e-05, "scaled_age": 0.0}, "1": {"bias": -0.41702882811414954, "objective_cosine_similarity": -0.7683308446566027, "is_tight": 1.0, "dual_solution_value": -0.00022795462789613474, "scaled_age": 0.0}, "2": {"bias": -0.5388159060803247, "objective_cosine_similarity": -0.7867435656883889, "is_tight": 0.0, "dual_solution_value": -0.0, "scaled_age": 0.011363636363636364}, "3": {"bias": -0.6324555320336759, "objective_cosine_similarity": -0.8679528530737097, "is_tight": 1.0, "dual_solution_value": -0.0016167679442982855, "scaled_age": 0.0}, "4": {"bias": -0.69281026170233, "objective_cosine_similarity": -0.9552477889300657, "is_tight": 1.0, "dual_solution_value": -3.529386209256171e-08, "scaled_age": 0.0}, "5": {"bias": -0.7305350574899472, "objective_cosine_similarity": -0.9048645716704318, "is_tight": 0.0, "dual_solution_value": 0.0, "scaled_age": 0.022727272727272728}, "6": {"bias": -0.6969933894283563, "objective_cosine_similarity": -0.9327500192841184, "is_tight": 1.0, "dual_solution_value": -0.0009036998883600341, "scaled_age": 0.0}, "7": {"bias": -0.7431961127655059, "objective_cosine_similarity": -0.9742348895283803, "is_tight": 1.0, "dual_solution_value": -1.1231178409342155e-05, "scaled_age": 0.0}, "8": {"bias": -0.7435905862694384, "objective_cosine_similarity": -0.9658117806765047, "is_tight": 1.0, "dual_solution_value": -1.4975100611632854e-05, "scaled_age": 0.0}, "9": {"bias": -0.7141533014330309, "objective_cosine_similarity": -0.9529519361517922, "is_tight": 0.0, "dual_solution_value": 0.0, "scaled_age": 0.10227272727272728}, "10": {"bias": -0.2886751345948129, "objective_cosine_similarity": -0.5037398974039905, "is_tight": 0.0, "dual_solution_value": 0.0, "scaled_age": 0.38636363636363635}, "11": {"bias": -0.23570226039551587, "objective_cosine_similarity": -0.5415318917047512, "is_tight": 0.0, "dual_solution_value": 0.0, "scaled_age": 0.38636363636363635}, "12": {"bias": -0.4472135954999579, "objective_cosine_similarity": -0.3093119495426556, "is_tight": 0.0, "dual_solution_value": 0.0, "scaled_age": 0.11363636363636363}, "13": {"bias": -0.4082482904638631, "objective_cosine_similarity": -0.4770942224971379, "is_tight": 1.0, "dual_solution_value": -0.017261379359693046, "scaled_age": 0.0}, "14": {"bias": -0.4082482904638631, "objective_cosine_similarity": -0.5971791628535603, "is_tight": 1.0, "dual_solution_value": -0.02358221641345964, "scaled_age": 0.0}, "15": {"bias": -0.31622776601683794, "objective_cosine_similarity": -0.4500030722670356, "is_tight": 0.0, "dual_solution_value": 0.0, "scaled_age": 0.38636363636363635}, "16": {"bias": -0.3333333333333333, "objective_cosine_similarity": -0.31799657261166114, "is_tight": 0.0, "dual_solution_value": 0.0, "scaled_age": 0.38636363636363635}, "17": {"bias": -0.3333333333333333, "objective_cosine_similarity": -0.6386431166617528, "is_tight": 1.0, "dual_solution_value": -0.000428536090422448, "scaled_age": 0.0}, "18": {"bias": -0.2581988897471611, "objective_cosine_similarity": -0.5326650234213705, "is_tight": 0.0, "dual_solution_value": 0.0, "scaled_age": 0.38636363636363635}, "19": {"bias": -0.5, "objective_cosine_similarity": -0.28222195819284923, "is_tight": 0.0, "dual_solution_value": 0.0, "scaled_age": 0.38636363636363635}, "20": {"bias": -0.4082482904638631, "objective_cosine_similarity": -0.3602548210692674, "is_tight": 0.0, "dual_solution_value": 0.0, "scaled_age": 0.2159090909090909}, "21": {"bias": -0.31622776601683794, "objective_cosine_similarity": -0.21243161791376822, "is_tight": 0.0, "dual_solution_value": 0.0, "scaled_age": 0.38636363636363635}, "22": {"bias": -0.3779644730092272, "objective_cosine_similarity": -0.41015317633940745, "is_tight": 0.0, "dual_solution_value": 0.0, "scaled_age": 0.3181818181818182}, "23": {"bias": -0.31622776601683794, "objective_cosine_similarity": -0.34567275104311396, "is_tight": 0.0, "dual_solution_value": 0.0, "scaled_age": 0.38636363636363635}, "24": {"bias": -0.30151134457776363, "objective_cosine_similarity": -0.500970775086646, "is_tight": 0.0, "dual_solution_value": 0.0, "scaled_age": 0.2840909090909091}, "25": {"bias": -0.3333333333333333, "objective_cosine_similarity": -0.4094205872375137, "is_tight": 0.0, "dual_solution_value": 0.0, "scaled_age": 0.38636363636363635}, "26": {"bias": -0.3333333333333333, "objective_cosine_similarity": -0.6677928024844884, "is_tight": 1.0, "dual_solution_value": -0.0009536327589193375, "scaled_age": 0.0}, "27": {"bias": -0.31622776601683794, "objective_cosine_similarity": -0.27779519265646613, "is_tight": 0.0, "dual_solution_value": 0.0, "scaled_age": 0.38636363636363635}, "28": {"bias": -0.31622776601683794, "objective_cosine_similarity": -0.5103386797218337, "is_tight": 0.0, "dual_solution_value": 0.0, "scaled_age": 0.3522727272727273}, "29": {"bias": -0.25, "objective_cosine_similarity": -0.5515253056233498, "is_tight": 0.0, "dual_solution_value": 0.0, "scaled_age": 0.38636363636363635}, "30": {"bias": -0.4082482904638631, "objective_cosine_similarity": -0.3277994317837478, "is_tight": 0.0, "dual_solution_value": 0.0, "scaled_age": 0.26136363636363635}, "31": {"bias": -0.35355339059327373, "objective_cosine_similarity": -0.34431309723442216, "is_tight": 0.0, "dual_solution_value": 0.0, "scaled_age": 0.38636363636363635}, "32": {"bias": -0.2886751345948129, "objective_cosine_similarity": -0.4394815050244382, "is_tight": 0.0, "dual_solution_value": 0.0, "scaled_age": 0.38636363636363635}, "33": {"bias": -0.3333333333333333, "objective_cosine_similarity": -0.36702104422262555, "is_tight": 0.0, "dual_solution_value": 0.0, "scaled_age": 0.38636363636363635}, "34": {"bias": -0.3779644730092272, "objective_cosine_similarity": -0.32451679886194873, "is_tight": 0.0, "dual_solution_value": 0.0, "scaled_age": 0.29545454545454547}, "35": {"bias": -0.24253562503633297, "objective_cosine_similarity": -0.594830399451635, "is_tight": 0.0, "dual_solution_value": 0.0, "scaled_age": 0.38636363636363635}, "36": {"bias": -0.3333333333333333, "objective_cosine_similarity": -0.4756698731982764, "is_tight": 1.0, "dual_solution_value": -1.846859814094082e-05, "scaled_age": 0.0}, "37": {"bias": -0.30151134457776363, "objective_cosine_similarity": -0.3979002328439389, "is_tight": 0.0, "dual_solution_value": 0.0, "scaled_age": 0.38636363636363635}, "38": {"bias": -0.35355339059327373, "objective_cosine_similarity": -0.3400970184927762, "is_tight": 0.0, "dual_solution_value": 0.0, "scaled_age": 0.38636363636363635}, "39": {"bias": -0.4472135954999579, "objective_cosine_similarity": -0.2417610640103515, "is_tight": 0.0, "dual_solution_value": 0.0, "scaled_age": 0.2159090909090909}, "40": {"bias": -0.3779644730092272, "objective_cosine_similarity": -0.34104311732251097, "is_tight": 0.0, "dual_solution_value": 0.0, "scaled_age": 0.38636363636363635}, "41": {"bias": -0.2886751345948129, "objective_cosine_similarity": -0.5312792084237987, "is_tight": 0.0, "dual_solution_value": 0.0, "scaled_age": 0.38636363636363635}, "42": {"bias": -0.31622776601683794, "objective_cosine_similarity": -0.45251705591098557, "is_tight": 0.0, "dual_solution_value": 0.0, "scaled_age": 0.36363636363636365}, "43": {"bias": -0.30151134457776363, "objective_cosine_similarity": -0.381121307362568, "is_tight": 0.0, "dual_solution_value": 0.0, "scaled_age": 0.38636363636363635}, "44": {"bias": -0.3779644730092272, "objective_cosine_similarity": -0.4251771022126458, "is_tight": 0.0, "dual_solution_value": 0.0, "scaled_age": 0.11363636363636363}, "45": {"bias": -0.3333333333333333, "objective_cosine_similarity": -0.36702104422262555, "is_tight": 0.0, "dual_solution_value": 0.0, "scaled_age": 0.38636363636363635}, "46": {"bias": -0.31622776601683794, "objective_cosine_similarity": -0.2878511272322658, "is_tight": 0.0, "dual_solution_value": 0.0, "scaled_age": 0.38636363636363635}, "47": {"bias": -0.25, "objective_cosine_similarity": -0.5455628698868811, "is_tight": 0.0, "dual_solution_value": 0.0, "scaled_age": 0.38636363636363635}, "48": {"bias": -0.30151134457776363, "objective_cosine_similarity": -0.45063399864253323, "is_tight": 0.0, "dual_solution_value": 0.0, "scaled_age": 0.38636363636363635}, "49": {"bias": -0.3779644730092272, "objective_cosine_similarity": -0.31099526557603424, "is_tight": 0.0, "dual_solution_value": 0.0, "scaled_age": 0.38636363636363635}, "50": {"bias": -0.2773500981126146, "objective_cosine_similarity": -0.29435542029695344, "is_tight": 0.0, "dual_solution_value": 0.0, "scaled_age": 0.38636363636363635}, "51": {"bias": -0.4082482904638631, "objective_cosine_similarity": -0.3407815874979556, "is_tight": 1.0, "dual_solution_value": -0.0007083617301031048, "scaled_age": 0.0}, "52": {"bias": -0.2773500981126146, "objective_cosine_similarity": -0.49610464094992146, "is_tight": 0.0, "dual_solution_value": 0.0, "scaled_age": 0.38636363636363635}, "53": {"bias": -0.30151134457776363, "objective_cosine_similarity": -0.32359356285501056, "is_tight": 0.0, "dual_solution_value": 0.0, "scaled_age": 0.38636363636363635}, "54": {"bias": -0.4472135954999579, "objective_cosine_similarity": -0.34664270207366576, "is_tight": 0.0, "dual_solution_value": 0.0, "scaled_age": 0.38636363636363635}, "55": {"bias": -0.30151134457776363, "objective_cosine_similarity": -0.44823700928805166, "is_tight": 0.0, "dual_solution_value": 0.0, "scaled_age": 0.09090909090909091}, "56": {"bias": -0.31622776601683794, "objective_cosine_similarity": -0.5807302217524315, "is_tight": 1.0, "dual_solution_value": -0.0075760898454381425, "scaled_age": 0.0}, "57": {"bias": -0.4082482904638631, "objective_cosine_similarity": -0.26937973106981256, "is_tight": 0.0, "dual_solution_value": 0.0, "scaled_age": 0.38636363636363635}, "58": {"bias": -0.2886751345948129, "objective_cosine_similarity": -0.4188270217595821, "is_tight": 0.0, "dual_solution_value": 0.0, "scaled_age": 0.38636363636363635}, "59": {"bias": -0.3333333333333333, "objective_cosine_similarity": -0.34052132983832045, "is_tight": 0.0, "dual_solution_value": 0.0, "scaled_age": 0.38636363636363635}, "60": {"bias": -0.3779644730092272, "objective_cosine_similarity": -0.2959713397027959, "is_tight": 0.0, "dual_solution_value": 0.0, "scaled_age": 0.38636363636363635}, "61": {"bias": -0.31622776601683794, "objective_cosine_similarity": -0.4135503094297618, "is_tight": 0.0, "dual_solution_value": 0.0, "scaled_age": 0.14772727272727273}, "62": {"bias": -0.4082482904638631, "objective_cosine_similarity": -0.32130835392664386, "is_tight": 0.0, "dual_solution_value": 0.0, "scaled_age": 0.2159090909090909}, "63": {"bias": -0.31622776601683794, "objective_cosine_similarity": -0.4877128269262844, "is_tight": 0.0, "dual_solution_value": 0.0, "scaled_age": 0.2159090909090909}, "64": {"bias": -0.3779644730092272, "objective_cosine_similarity": -0.2959713397027959, "is_tight": 0.0, "dual_solution_value": 0.0, "scaled_age": 0.11363636363636363}, "65": {"bias": -0.3333333333333333, "objective_cosine_similarity": -0.4186954872720205, "is_tight": 0.0, "dual_solution_value": 0.0, "scaled_age": 0.38636363636363635}, "66": {"bias": -0.3779644730092272, "objective_cosine_similarity": -0.3470526876718063, "is_tight": 0.0, "dual_solution_value": 0.0, "scaled_age": 0.32954545454545453}, "67": {"bias": -0.4082482904638631, "objective_cosine_similarity": -0.2888529646411243, "is_tight": 1.0, "dual_solution_value": -0.005992138247388981, "scaled_age": 0.0}, "68": {"bias": -0.30151134457776363, "objective_cosine_similarity": -0.5129557218590538, "is_tight": 0.0, "dual_solution_value": 0.0, "scaled_age": 0.38636363636363635}, "69": {"bias": -0.3333333333333333, "objective_cosine_similarity": -0.30342172970029335, "is_tight": 0.0, "dual_solution_value": 0.0, "scaled_age": 0.38636363636363635}, "70": {"bias": -0.35355339059327373, "objective_cosine_similarity": -0.27123439904589175, "is_tight": 0.0, "dual_solution_value": 0.0, "scaled_age": 0.38636363636363635}, "71": {"bias": -0.3333333333333333, "objective_cosine_similarity": -0.2782470010352035, "is_tight": 0.0, "dual_solution_value": 0.0, "scaled_age": 0.38636363636363635}, "72": {"bias": -0.3779644730092272, "objective_cosine_similarity": -0.27944502124223364, "is_tight": 0.0, "dual_solution_value": 0.0, "scaled_age": 0.36363636363636365}, "73": {"bias": -0.31622776601683794, "objective_cosine_similarity": -0.6347808700973547, "is_tight": 0.0, "dual_solution_value": 0.0, "scaled_age": 0.3068181818181818}, "74": {"bias": -0.35355339059327373, "objective_cosine_similarity": -0.4159864358424039, "is_tight": 0.0, "dual_solution_value": 0.0, "scaled_age": 0.38636363636363635}, "75": {"bias": -0.3333333333333333, "objective_cosine_similarity": -0.5803437450162816, "is_tight": 0.0, "dual_solution_value": 0.0, "scaled_age": 0.09090909090909091}, "76": {"bias": -0.3333333333333333, "objective_cosine_similarity": -0.5511940591935459, "is_tight": 0.0, "dual_solution_value": 0.0, "scaled_age": 0.38636363636363635}, "77": {"bias": -0.3333333333333333, "objective_cosine_similarity": -0.5445691305974697, "is_tight": 1.0, "dual_solution_value": -0.0003017545982516479, "scaled_age": 0.0}, "78": {"bias": -0.30151134457776363, "objective_cosine_similarity": -0.37752582333084567, "is_tight": 0.0, "dual_solution_value": 0.0, "scaled_age": 0.38636363636363635}, "79": {"bias": -0.2672612419124244, "objective_cosine_similarity": -0.5184277694125307, "is_tight": 0.0, "dual_solution_value": 0.0, "scaled_age": 0.38636363636363635}, "80": {"bias": -0.2886751345948129, "objective_cosine_similarity": -0.42800679209951814, "is_tight": 0.0, "dual_solution_value": 0.0, "scaled_age": 0.38636363636363635}, "81": {"bias": -0.31622776601683794, "objective_cosine_similarity": -0.5178806306536835, "is_tight": 0.0, "dual_solution_value": 0.0, "scaled_age": 0.3181818181818182}, "82": {"bias": -0.30151134457776363, "objective_cosine_similarity": -0.30801313205088043, "is_tight": 0.0, "dual_solution_value": 0.0, "scaled_age": 0.38636363636363635}, "83": {"bias": -0.2773500981126146, "objective_cosine_similarity": -0.4938997314345885, "is_tight": 0.0, "dual_solution_value": 0.0, "scaled_age": 0.38636363636363635}, "84": {"bias": -0.35355339059327373, "objective_cosine_similarity": -0.4230132337451472, "is_tight": 0.0, "dual_solution_value": 0.0, "scaled_age": 0.38636363636363635}, "85": {"bias": -0.4472135954999579, "objective_cosine_similarity": -0.23642809936306433, "is_tight": 0.0, "dual_solution_value": 0.0, "scaled_age": 0.1590909090909091}, "86": {"bias": -0.3333333333333333, "objective_cosine_similarity": -0.2623471724046204, "is_tight": 0.0, "dual_solution_value": 0.0, "scaled_age": 0.38636363636363635}, "87": {"bias": -0.31622776601683794, "objective_cosine_similarity": -0.3582426692628636, "is_tight": 0.0, "dual_solution_value": 0.0, "scaled_age": 0.38636363636363635}, "88": {"bias": -0.31622776601683794, "objective_cosine_similarity": -0.30167803727399034, "is_tight": 0.0, "dual_solution_value": 0.0, "scaled_age": 0.38636363636363635}, "89": {"bias": -0.3333333333333333, "objective_cosine_similarity": -0.5154194447747341, "is_tight": 1.0, "dual_solution_value": -0.0040377028912891855, "scaled_age": 0.0}, "90": {"bias": -0.5, "objective_cosine_similarity": -0.32594648692695266, "is_tight": 1.0, "dual_solution_value": -0.0005767150086140928, "scaled_age": 0.0}, "91": {"bias": -0.2886751345948129, "objective_cosine_similarity": -0.44636633277939025, "is_tight": 0.0, "dual_solution_value": 0.0, "scaled_age": 0.38636363636363635}, "92": {"bias": -0.2773500981126146, "objective_cosine_similarity": -0.4266499912169325, "is_tight": 0.0, "dual_solution_value": 0.0, "scaled_age": 0.38636363636363635}, "93": {"bias": -0.3333333333333333, "objective_cosine_similarity": -0.28222195819284923, "is_tight": 0.0, "dual_solution_value": 0.0, "scaled_age": 0.38636363636363635}, "94": {"bias": -0.3333333333333333, "objective_cosine_similarity": -0.30607170113872384, "is_tight": 0.0, "dual_solution_value": 0.0, "scaled_age": 0.38636363636363635}, "95": {"bias": -0.31622776601683794, "objective_cosine_similarity": -0.2438564134631422, "is_tight": 0.0, "dual_solution_value": 0.0, "scaled_age": 0.38636363636363635}, "96": {"bias": -0.35355339059327373, "objective_cosine_similarity": -0.25155936491821046, "is_tight": 0.0, "dual_solution_value": 0.0, "scaled_age": 0.38636363636363635}, "97": {"bias": -0.3779644730092272, "objective_cosine_similarity": -0.4477129910225034, "is_tight": 0.0, "dual_solution_value": 0.0, "scaled_age": 0.20454545454545456}, "98": {"bias": -0.3333333333333333, "objective_cosine_similarity": -0.36437107278419506, "is_tight": 0.0, "dual_solution_value": 0.0, "scaled_age": 0.38636363636363635}, "99": {"bias": -0.3779644730092272, "objective_cosine_similarity": -0.15324404390703136, "is_tight": 0.0, "dual_solution_value": 0.0, "scaled_age": 0.38636363636363635}, "100": {"bias": -0.2886751345948129, "objective_cosine_similarity": -0.44751380407188224, "is_tight": 0.0, "dual_solution_value": 0.0, "scaled_age": 0.38636363636363635}, "101": {"bias": -0.4082482904638631, "objective_cosine_similarity": -0.3342905096408517, "is_tight": 0.0, "dual_solution_value": 0.0, "scaled_age": 0.3068181818181818}, "102": {"bias": -0.30151134457776363, "objective_cosine_similarity": -0.3571514138177524, "is_tight": 0.0, "dual_solution_value": 0.0, "scaled_age": 0.38636363636363635}, "103": {"bias": -0.3333333333333333, "objective_cosine_similarity": -0.27294705815834247, "is_tight": 0.0, "dual_solution_value": 0.0, "scaled_age": 0.38636363636363635}, "104": {"bias": -0.31622776601683794, "objective_cosine_similarity": -0.4449751049791358, "is_tight": 0.0, "dual_solution_value": 0.0, "scaled_age": 0.38636363636363635}, "105": {"bias": -0.35355339059327373, "objective_cosine_similarity": -0.490470493611483, "is_tight": 0.0, "dual_solution_value": 0.0, "scaled_age": 0.22727272727272727}, "106": {"bias": -0.4082482904638631, "objective_cosine_similarity": -0.23043326392718905, "is_tight": 0.0, "dual_solution_value": 0.0, "scaled_age": 0.38636363636363635}, "107": {"bias": -0.30151134457776363, "objective_cosine_similarity": -0.4913828176687197, "is_tight": 0.0, "dual_solution_value": 0.0, "scaled_age": 0.13636363636363635}, "108": {"bias": -0.3333333333333333, "objective_cosine_similarity": -0.27294705815834247, "is_tight": 0.0, "dual_solution_value": 0.0, "scaled_age": 0.38636363636363635}, "109": {"bias": -0.2581988897471611, "objective_cosine_similarity": -0.4556903090541204, "is_tight": 0.0, "dual_solution_value": 0.0, "scaled_age": 0.38636363636363635}, "110": {"bias": -0.7248780555521577, "objective_cosine_similarity": -0.970398782987901, "is_tight": 0.0, "dual_solution_value": -0.0, "scaled_age": 0.11363636363636363}, "111": {"bias": -0.7327986744340086, "objective_cosine_similarity": -0.9742182100147868, "is_tight": 1.0, "dual_solution_value": -0.006003798675944988, "scaled_age": 0.0}, "112": {"bias": -0.7291984485373255, "objective_cosine_similarity": -0.9788494769868976, "is_tight": 1.0, "dual_solution_value": -0.01767337166064753, "scaled_age": 0.0}, "113": {"bias": -0.693036930918736, "objective_cosine_similarity": -0.9667598557761503, "is_tight": 0.0, "dual_solution_value": -0.0, "scaled_age": 0.07954545454545454}, "114": {"bias": -0.6015056485405026, "objective_cosine_similarity": -0.9364590133535844, "is_tight": 1.0, "dual_solution_value": -6.1344056041679155e-06, "scaled_age": 0.0}, "115": {"bias": -0.6337242505244779, "objective_cosine_similarity": -0.9698252970544489, "is_tight": 1.0, "dual_solution_value": -5.6348874320560724e-05, "scaled_age": 0.0}, "116": {"bias": -0.6013168224022631, "objective_cosine_similarity": -0.9465226084593903, "is_tight": 1.0, "dual_solution_value": -1.4261662000572194e-06, "scaled_age": 0.0}, "117": {"bias": -0.7296968359247918, "objective_cosine_similarity": -0.9703255049349179, "is_tight": 0.0, "dual_solution_value": -0.0, "scaled_age": 0.06818181818181818}, "118": {"bias": -0.6644105970267493, "objective_cosine_similarity": -0.962268547201489, "is_tight": 0.0, "dual_solution_value": -0.0, "scaled_age": 0.011363636363636364}, "119": {"bias": -0.6420387375057794, "objective_cosine_similarity": -0.9648266896272177, "is_tight": 1.0, "dual_solution_value": -2.1687558830464492e-05, "scaled_age": 0.0}, "120": {"bias": -0.5946353169977331, "objective_cosine_similarity": -0.9141416024949082, "is_tight": 1.0, "dual_solution_value": -1.5419281679381296e-05, "scaled_age": 0.0}, "121": {"bias": -0.7381888575181417, "objective_cosine_similarity": -0.9766662534049003, "is_tight": 0.0, "dual_solution_value": -0.0, "scaled_age": 0.03409090909090909}, "122": {"bias": -0.7269249697240531, "objective_cosine_similarity": -0.981862812622117, "is_tight": 1.0, "dual_solution_value": -0.010198733389078273, "scaled_age": 0.0}, "123": {"bias": -0.735173247766363, "objective_cosine_similarity": -0.9797571989994365, "is_tight": 0.0, "dual_solution_value": -0.0, "scaled_age": 0.056818181818181816}, "124": {"bias": -0.7330178867484398, "objective_cosine_similarity": -0.9845864604979332, "is_tight": 1.0, "dual_solution_value": -0.0037094235537310036, "scaled_age": 0.0}, "125": {"bias": -0.7408837245690749, "objective_cosine_similarity": -0.9802541845065643, "is_tight": 1.0, "dual_solution_value": -0.0018177940732541772, "scaled_age": 0.0}, "126": {"bias": -0.7240391890626672, "objective_cosine_similarity": -0.9849654136089381, "is_tight": 1.0, "dual_solution_value": -0.0023446845086715963, "scaled_age": 0.0}, "127": {"bias": -0.7279500709513562, "objective_cosine_similarity": -0.9838269583190387, "is_tight": 0.0, "dual_solution_value": -0.0, "scaled_age": 0.022727272727272728}, "128": {"bias": -0.7300227598383238, "objective_cosine_similarity": -0.9755713841328423, "is_tight": 0.0, "dual_solution_value": -0.0, "scaled_age": 0.011363636363636364}, "129": {"bias": -0.7328813962387914, "objective_cosine_similarity": -0.9824493137992668, "is_tight": 1.0, "dual_solution_value": -0.0013948411886015148, "scaled_age": 0.0}, "130": {"bias": -0.6940551013139667, "objective_cosine_similarity": -0.9379388712086895, "is_tight": 1.0, "dual_solution_value": -0.00017263621081511406, "scaled_age": 0.0}, "131": {"bias": -0.5393598899705937, "objective_cosine_similarity": -0.8792802981830118, "is_tight": 1.0, "dual_solution_value": -4.564846698775756e-05, "scaled_age": 0.0}, "132": {"bias": -0.7403947353285295, "objective_cosine_similarity": -0.964700143004029, "is_tight": 1.0, "dual_solution_value": -0.0017047340485972914, "scaled_age": 0.0}, "133": {"bias": -0.7140544208784103, "objective_cosine_similarity": -0.97660045599347, "is_tight": 1.0, "dual_solution_value": -0.013089391434597062, "scaled_age": 0.0}}