{"0": {"bias": -0.6882472016116852, "objective_cosine_similarity": -0.7106997211344298, "is_tight": 0.0, "dual_solution_value": -0.0, "scaled_age": 0.06557377049180328}, "1": {"bias": -0.7276068751089989, "objective_cosine_similarity": -0.6112903666387574, "is_tight": 0.0, "dual_solution_value": -0.0, "scaled_age": 0.04918032786885246}, "2": {"bias": -1.2865350418053536, "objective_cosine_similarity": -0.903150572789903, "is_tight": 0.0, "dual_solution_value": -0.0, "scaled_age": 0.19672131147540983}, "3": {"bias": -1.091089451179962, "objective_cosine_similarity": -0.838712311519988, "is_tight": 0.0, "dual_solution_value": -0.0, "scaled_age": 0.09836065573770492}, "4": {"bias": -1.0327955589886444, "objective_cosine_similarity": -0.6762026302192725, "is_tight": 1.0, "dual_solution_value": -0.003926525650781347, "scaled_age": 0.0}, "5": {"bias": -1.1470786693528088, "objective_cosine_similarity": -0.7465464175951576, "is_tight": 1.0, "dual_solution_value": -0.00034985672634700214, "scaled_age": 0.0}, "6": {"bias": -0.8980265101338746, "objective_cosine_similarity": -0.646075422665057, "is_tight": 0.0, "dual_solution_value": -0.0, "scaled_age": 0.19672131147540983}, "7": {"bias": -1.2026712883286563, "objective_cosine_similarity": -0.9139876580683812, "is_tight": 0.0, "dual_solution_value": -0.0, "scaled_age": 0.13114754098360656}, "8": {"bias": -1.1389585553177308, "objective_cosine_similarity": -0.8772116808746218, "is_tight": 1.0, "dual_solution_value": -7.1308187396227e-11, "scaled_age": 0.0}, "9": {"bias": -1.0776318121606494, "objective_cosine_similarity": -0.751009296790071, "is_tight": 0.0, "dual_solution_value": -0.0, "scaled_age": 0.11475409836065574}, "10": {"bias": -1.1932721917308855, "objective_cosine_similarity": -0.8918223287148288, "is_tight": 1.0, "dual_solution_value": -0.0036846099029603707, "scaled_age": 0.0}, "11": {"bias": -0.4472135954999579, "objective_cosine_similarity": -0.31748951771214184, "is_tight": 0.0, "dual_solution_value": 0.0, "scaled_age": 0.18032786885245902}, "12": {"bias": -0.3333333333333333, "objective_cosine_similarity": -0.3238268725867946, "is_tight": 0.0, "dual_solution_value": 0.0, "scaled_age": 0.3770491803278688}, "13": {"bias": -0.4472135954999579, "objective_cosine_similarity": -0.19900060679564874, "is_tight": 0.0, "dual_solution_value": 0.0, "scaled_age": 0.03278688524590164}, "14": {"bias": -0.4082482904638631, "objective_cosine_similarity": -0.2191036280569013, "is_tight": 0.0, "dual_solution_value": 0.0, "scaled_age": 0.3770491803278688}, "15": {"bias": -0.5, "objective_cosine_similarity": -0.115490702810675, "is_tight": 0.0, "dual_solution_value": 0.0, "scaled_age": 0.3770491803278688}, "16": {"bias": -0.35355339059327373, "objective_cosine_similarity": -0.39751279072342427, "is_tight": 0.0, "dual_solution_value": 0.0, "scaled_age": 0.3770491803278688}, "17": {"bias": -0.4472135954999579, "objective_cosine_similarity": -0.3326804037270769, "is_tight": 1.0, "dual_solution_value": -5.386498170850128e-05, "scaled_age": 0.0}, "18": {"bias": -0.4082482904638631, "objective_cosine_similarity": -0.18720879612456756, "is_tight": 0.0, "dual_solution_value": 0.0, "scaled_age": 0.3770491803278688}, "19": {"bias": -0.4082482904638631, "objective_cosine_similarity": -0.1289660595524799, "is_tight": 0.0, "dual_solution_value": 0.0, "scaled_age": 0.3770491803278688}, "20": {"bias": -0.5773502691896258, "objective_cosine_similarity": -0.29220910779822645, "is_tight": 1.0, "dual_solution_value": -0.03665310022739372, "scaled_age": 0.0}, "21": {"bias": -0.4472135954999579, "objective_cosine_similarity": -0.47395564366597254, "is_tight": 1.0, "dual_solution_value": -0.009191014110764305, "scaled_age": 0.0}, "22": {"bias": -0.4082482904638631, "objective_cosine_similarity": -0.2371311417577856, "is_tight": 0.0, "dual_solution_value": 0.0, "scaled_age": 0.3770491803278688}, "23": {"bias": -0.4472135954999579, "objective_cosine_similarity": -0.28406956847928483, "is_tight": 0.0, "dual_solution_value": 0.0, "scaled_age": 0.3770491803278688}, "24": {"bias": -0.5, "objective_cosine_similarity": -0.26325086670080333, "is_tight": 0.0, "dual_solution_value": 0.0, "scaled_age": 0.3770491803278688}, "25": {"bias": -0.4082482904638631, "objective_cosine_similarity": -0.14005991413763944, "is_tight": 0.0, "dual_solution_value": 0.0, "scaled_age": 0.3770491803278688}, "26": {"bias": -0.4472135954999579, "objective_cosine_similarity": -0.20051969539714223, "is_tight": 0.0, "dual_solution_value": 0.0, "scaled_age": 0.3770491803278688}, "27": {"bias": -0.5, "objective_cosine_similarity": -0.3057106839106103, "is_tight": 0.0, "dual_solution_value": 0.0, "scaled_age": 0.09836065573770492}, "28": {"bias": -0.35355339059327373, "objective_cosine_similarity": -0.20776348276481088, "is_tight": 0.0, "dual_solution_value": 0.0, "scaled_age": 0.3770491803278688}, "29": {"bias": -0.5, "objective_cosine_similarity": -0.26494925938919556, "is_tight": 1.0, "dual_solution_value": -0.000559698065119217, "scaled_age": 0.0}, "30": {"bias": -0.4082482904638631, "objective_cosine_similarity": -0.33420236937793174, "is_tight": 0.0, "dual_solution_value": 0.0, "scaled_age": 0.3770491803278688}, "31": {"bias": -0.4472135954999579, "objective_cosine_similarity": -0.1488706829463632, "is_tight": 0.0, "dual_solution_value": 0.0, "scaled_age": 0.14754098360655737}, "32": {"bias": -0.5, "objective_cosine_similarity": -0.2581556886356265, "is_tight": 0.0, "dual_solution_value": 0.0, "scaled_age": 0.3770491803278688}, "33": {"bias": -0.4082482904638631, "objective_cosine_similarity": -0.3758043240722801, "is_tight": 1.0, "dual_solution_value": -0.0018212382864997109, "scaled_age": 0.0}, "34": {"bias": -0.35355339059327373, "objective_cosine_similarity": -0.28342301695084027, "is_tight": 0.0, "dual_solution_value": 0.0, "scaled_age": 0.3770491803278688}, "35": {"bias": -0.4472135954999579, "objective_cosine_similarity": -0.1822906321792202, "is_tight": 0.0, "dual_solution_value": 0.0, "scaled_age": 0.3770491803278688}, "36": {"bias": -0.3779644730092272, "objective_cosine_similarity": -0.45448792498108603, "is_tight": 0.0, "dual_solution_value": 0.0, "scaled_age": 0.3770491803278688}, "37": {"bias": -0.31622776601683794, "objective_cosine_similarity": -0.2535012529160616, "is_tight": 0.0, "dual_solution_value": 0.0, "scaled_age": 0.3770491803278688}, "38": {"bias": -0.5773502691896258, "objective_cosine_similarity": -0.24318073400657775, "is_tight": 1.0, "dual_solution_value": -0.00010577041027280953, "scaled_age": 0.0}, "39": {"bias": -0.5, "objective_cosine_similarity": -0.3719479987579092, "is_tight": 1.0, "dual_solution_value": -0.0038350820729615913, "scaled_age": 0.0}, "40": {"bias": -0.4082482904638631, "objective_cosine_similarity": -0.35084315125567106, "is_tight": 0.0, "dual_solution_value": 0.0, "scaled_age": 0.2459016393442623}, "41": {"bias": -0.3779644730092272, "objective_cosine_similarity": -0.2516373821929177, "is_tight": 0.0, "dual_solution_value": 0.0, "scaled_age": 0.01639344262295082}, "42": {"bias": -0.5, "objective_cosine_similarity": -0.2972187204686489, "is_tight": 0.0, "dual_solution_value": 0.0, "scaled_age": 0.3770491803278688}, "43": {"bias": -0.5773502691896258, "objective_cosine_similarity": -0.2569086786682394, "is_tight": 0.0, "dual_solution_value": 0.0, "scaled_age": 0.2786885245901639}, "44": {"bias": -0.5, "objective_cosine_similarity": -0.27344122283115696, "is_tight": 1.0, "dual_solution_value": -0.023389615506195567, "scaled_age": 0.0}, "45": {"bias": -0.4472135954999579, "objective_cosine_similarity": -0.37065761876441444, "is_tight": 1.0, "dual_solution_value": -0.007831148104759518, "scaled_age": 0.0}, "46": {"bias": -0.5773502691896258, "objective_cosine_similarity": -0.07844539806663799, "is_tight": 0.0, "dual_solution_value": 0.0, "scaled_age": 0.3770491803278688}, "47": {"bias": -0.5, "objective_cosine_similarity": -0.26664765207758784, "is_tight": 0.0, "dual_solution_value": 0.0, "scaled_age": 0.26229508196721313}, "48": {"bias": -0.4472135954999579, "objective_cosine_similarity": -0.25520688505090827, "is_tight": 0.0, "dual_solution_value": 0.0, "scaled_age": 0.06557377049180328}, "49": {"bias": -0.5, "objective_cosine_similarity": -0.188521588411543, "is_tight": 1.0, "dual_solution_value": -6.726979288051582e-06, "scaled_age": 0.0}, "50": {"bias": -0.4472135954999579, "objective_cosine_similarity": -0.19292425238967473, "is_tight": 0.0, "dual_solution_value": 0.0, "scaled_age": 0.3770491803278688}, "51": {"bias": -0.5773502691896258, "objective_cosine_similarity": -0.3353540767348774, "is_tight": 0.0, "dual_solution_value": 0.0, "scaled_age": 0.04918032786885246}, "52": {"bias": -0.30151134457776363, "objective_cosine_similarity": -0.34309672427579324, "is_tight": 0.0, "dual_solution_value": 0.0, "scaled_age": 0.3770491803278688}, "53": {"bias": -0.4472135954999579, "objective_cosine_similarity": -0.3569858213509729, "is_tight": 1.0, "dual_solution_value": -0.007858405832098087, "scaled_age": 0.0}, "54": {"bias": -0.5, "objective_cosine_similarity": -0.12907784431781325, "is_tight": 0.0, "dual_solution_value": 0.0, "scaled_age": 0.3770491803278688}, "55": {"bias": -0.5773502691896258, "objective_cosine_similarity": -0.08040653301830393, "is_tight": 0.0, "dual_solution_value": 0.0, "scaled_age": 0.09836065573770492}, "56": {"bias": -0.4472135954999579, "objective_cosine_similarity": -0.3357185809300639, "is_tight": 0.0, "dual_solution_value": 0.0, "scaled_age": 0.09836065573770492}, "57": {"bias": -0.4082482904638631, "objective_cosine_similarity": -0.20107611435601702, "is_tight": 0.0, "dual_solution_value": 0.0, "scaled_age": 0.3770491803278688}, "58": {"bias": -0.4472135954999579, "objective_cosine_similarity": -0.25520688505090827, "is_tight": 1.0, "dual_solution_value": -6.581036191080217e-05, "scaled_age": 0.0}, "59": {"bias": -0.5, "objective_cosine_similarity": -0.3209962181061408, "is_tight": 1.0, "dual_solution_value": -0.025604938848021445, "scaled_age": 0.0}, "60": {"bias": -0.5, "objective_cosine_similarity": -0.1647440907740511, "is_tight": 0.0, "dual_solution_value": 0.0, "scaled_age": 0.3770491803278688}, "61": {"bias": -0.4472135954999579, "objective_cosine_similarity": -0.2612832394568823, "is_tight": 0.0, "dual_solution_value": 0.0, "scaled_age": 0.3770491803278688}, "62": {"bias": -0.3779644730092272, "objective_cosine_similarity": -0.2773146660901542, "is_tight": 0.0, "dual_solution_value": 0.0, "scaled_age": 0.3114754098360656}, "63": {"bias": -0.5, "objective_cosine_similarity": -0.2224894421793886, "is_tight": 0.0, "dual_solution_value": 0.0, "scaled_age": 0.13114754098360656}, "64": {"bias": -0.7071067811865475, "objective_cosine_similarity": -0.2305814375193277, "is_tight": 1.0, "dual_solution_value": -0.005367558595842613, "scaled_age": 0.0}, "65": {"bias": -0.4472135954999579, "objective_cosine_similarity": -0.2506496192464278, "is_tight": 1.0, "dual_solution_value": -0.0004048127816668381, "scaled_age": 0.0}, "66": {"bias": -0.5, "objective_cosine_similarity": -0.12058588087585184, "is_tight": 1.0, "dual_solution_value": -0.001826771389971699, "scaled_age": 0.0}, "67": {"bias": -0.4082482904638631, "objective_cosine_similarity": -0.3092411965613227, "is_tight": 0.0, "dual_solution_value": 0.0, "scaled_age": 0.3770491803278688}, "68": {"bias": -0.4472135954999579, "objective_cosine_similarity": -0.39040577058382997, "is_tight": 1.0, "dual_solution_value": -0.025253891718048344, "scaled_age": 0.0}, "69": {"bias": -0.4082482904638631, "objective_cosine_similarity": -0.35222988307881603, "is_tight": 0.0, "dual_solution_value": 0.0, "scaled_age": 0.3770491803278688}, "70": {"bias": -0.35355339059327373, "objective_cosine_similarity": -0.3134466416278361, "is_tight": 0.0, "dual_solution_value": 0.0, "scaled_age": 0.3770491803278688}, "71": {"bias": -0.4472135954999579, "objective_cosine_similarity": -0.38281032757636246, "is_tight": 1.0, "dual_solution_value": -0.0025348229309601483, "scaled_age": 0.0}, "72": {"bias": -0.4472135954999579, "objective_cosine_similarity": -0.5423146307331801, "is_tight": 1.0, "dual_solution_value": -0.041063712015844196, "scaled_age": 0.0}, "73": {"bias": -0.4082482904638631, "objective_cosine_similarity": -0.35222988307881603, "is_tight": 0.0, "dual_solution_value": 0.0, "scaled_age": 0.3770491803278688}, "74": {"bias": -0.4082482904638631, "objective_cosine_similarity": -0.23574440993464066, "is_tight": 0.0, "dual_solution_value": 0.0, "scaled_age": 0.3770491803278688}, "75": {"bias": -0.4472135954999579, "objective_cosine_similarity": -0.30381772029870036, "is_tight": 0.0, "dual_solution_value": 0.0, "scaled_age": 0.18032786885245902}, "76": {"bias": -0.35355339059327373, "objective_cosine_similarity": -0.2978343567957982, "is_tight": 0.0, "dual_solution_value": 0.0, "scaled_age": 0.3770491803278688}, "77": {"bias": -0.3779644730092272, "objective_cosine_similarity": -0.21055372795733932, "is_tight": 0.0, "dual_solution_value": 0.0, "scaled_age": 0.3770491803278688}, "78": {"bias": -0.4472135954999579, "objective_cosine_similarity": -0.439016605831622, "is_tight": 1.0, "dual_solution_value": -0.024028409439703687, "scaled_age": 0.0}, "79": {"bias": -0.4472135954999579, "objective_cosine_similarity": -0.12760344252545414, "is_tight": 0.0, "dual_solution_value": 0.0, "scaled_age": 0.3770491803278688}, "80": {"bias": -0.4082482904638631, "objective_cosine_similarity": -0.2066230416485968, "is_tight": 0.0, "dual_solution_value": 0.0, "scaled_age": 0.3770491803278688}, "81": {"bias": -0.5, "objective_cosine_similarity": -0.35666246456237866, "is_tight": 1.0, "dual_solution_value": -0.004482796580365738, "scaled_age": 0.0}, "82": {"bias": -0.4082482904638631, "objective_cosine_similarity": -0.3480696876093812, "is_tight": 0.0, "dual_solution_value": 0.0, "scaled_age": 0.3770491803278688}, "83": {"bias": -0.35355339059327373, "objective_cosine_similarity": -0.264207897157563, "is_tight": 0.0, "dual_solution_value": 0.0, "scaled_age": 0.3770491803278688}, "84": {"bias": -0.31622776601683794, "objective_cosine_similarity": -0.26746530498347176, "is_tight": 0.0, "dual_solution_value": 0.0, "scaled_age": 0.3770491803278688}, "85": {"bias": -0.4082482904638631, "objective_cosine_similarity": -0.21355670076432154, "is_tight": 0.0, "dual_solution_value": 0.0, "scaled_age": 0.3770491803278688}, "86": {"bias": -0.4082482904638631, "objective_cosine_similarity": -0.3411360284936565, "is_tight": 0.0, "dual_solution_value": 0.0, "scaled_age": 0.14754098360655737}, "87": {"bias": -0.5, "objective_cosine_similarity": -0.12907784431781325, "is_tight": 0.0, "dual_solution_value": 0.0, "scaled_age": 0.3770491803278688}, "88": {"bias": -0.3333333333333333, "objective_cosine_similarity": -0.37364639144630146, "is_tight": 0.0, "dual_solution_value": 0.0, "scaled_age": 0.3770491803278688}, "89": {"bias": -0.5, "objective_cosine_similarity": -0.36685282069273234, "is_tight": 1.0, "dual_solution_value": -0.00010427805760127577, "scaled_age": 0.0}, "90": {"bias": -0.5, "objective_cosine_similarity": -0.2683460447659801, "is_tight": 0.0, "dual_solution_value": 0.0, "scaled_age": 0.3770491803278688}, "91": {"bias": -0.4082482904638631, "objective_cosine_similarity": -0.4257266697054981, "is_tight": 0.0, "dual_solution_value": 0.0, "scaled_age": 0.01639344262295082}, "92": {"bias": -0.4082482904638631, "objective_cosine_similarity": -0.2496117281660901, "is_tight": 0.0, "dual_solution_value": 0.0, "scaled_age": 0.3770491803278688}, "93": {"bias": -0.4082482904638631, "objective_cosine_similarity": -0.27595963280584407, "is_tight": 0.0, "dual_solution_value": 0.0, "scaled_age": 0.3770491803278688}, "94": {"bias": -0.4082482904638631, "objective_cosine_similarity": -0.3175615875001924, "is_tight": 0.0, "dual_solution_value": 0.0, "scaled_age": 0.04918032786885246}, "95": {"bias": -0.4472135954999579, "objective_cosine_similarity": -0.1762142777732462, "is_tight": 0.0, "dual_solution_value": 0.0, "scaled_age": 0.3770491803278688}, "96": {"bias": -0.4082482904638631, "objective_cosine_similarity": -0.14838030507650912, "is_tight": 0.0, "dual_solution_value": 0.0, "scaled_age": 0.21311475409836064}, "97": {"bias": -0.5773502691896258, "objective_cosine_similarity": -0.1902300903115971, "is_tight": 0.0, "dual_solution_value": 0.0, "scaled_age": 0.3770491803278688}, "98": {"bias": -0.4082482904638631, "objective_cosine_similarity": -0.3231085147927722, "is_tight": 1.0, "dual_solution_value": -0.002172071033234544, "scaled_age": 0.0}, "99": {"bias": -0.5773502691896258, "objective_cosine_similarity": -0.11766809709995697, "is_tight": 0.0, "dual_solution_value": 0.0, "scaled_age": 0.3770491803278688}, "100": {"bias": -0.7071067811865475, "objective_cosine_similarity": -0.28582490692499996, "is_tight": 1.0, "dual_solution_value": -7.47760220246244e-05, "scaled_age": 0.0}, "101": {"bias": -0.5773502691896258, "objective_cosine_similarity": -0.1980746301182609, "is_tight": 0.0, "dual_solution_value": 0.0, "scaled_age": 0.3770491803278688}, "102": {"bias": -0.4472135954999579, "objective_cosine_similarity": -0.3615430871554534, "is_tight": 0.0, "dual_solution_value": 0.0, "scaled_age": 0.14754098360655737}, "103": {"bias": -0.4082482904638631, "objective_cosine_similarity": -0.24545153269665526, "is_tight": 1.0, "dual_solution_value": -0.00044031253657822586, "scaled_age": 0.0}, "104": {"bias": -0.4472135954999579, "objective_cosine_similarity": -0.2871077456822718, "is_tight": 0.0, "dual_solution_value": 0.0, "scaled_age": 0.08196721311475409}, "105": {"bias": -0.5, "objective_cosine_similarity": -0.14266498582495146, "is_tight": 1.0, "dual_solution_value": 1.8855946675081273e-18, "scaled_age": 0.0}, "106": {"bias": -0.35355339059327373, "objective_cosine_similarity": -0.35427877118855033, "is_tight": 0.0, "dual_solution_value": 0.0, "scaled_age": 0.3770491803278688}, "107": {"bias": -0.4082482904638631, "objective_cosine_similarity": -0.3882849104805846, "is_tight": 0.0, "dual_solution_value": 0.0, "scaled_age": 0.01639344262295082}, "108": {"bias": -0.5, "objective_cosine_similarity": -0.24287015444009596, "is_tight": 0.0, "dual_solution_value": 0.0, "scaled_age": 0.3770491803278688}, "109": {"bias": -1.2465959633969885, "objective_cosine_similarity": -0.9413361259480231, "is_tight": 1.0, "dual_solution_value": -0.011039948034066646, "scaled_age": 0.0}, "110": {"bias": -1.2464326646606245, "objective_cosine_similarity": -0.9497999919511632, "is_tight": 0.0, "dual_solution_value": -0.0, "scaled_age": 0.01639344262295082}, "111": {"bias": -1.2609881503914189, "objective_cosine_similarity": -0.9481315051471692, "is_tight": 0.0, "dual_solution_value": -0.0, "scaled_age": 0.16393442622950818}, "112": {"bias": -1.0786387432600122, "objective_cosine_similarity": -0.8616836772556266, "is_tight": 0.0, "dual_solution_value": -0.0, "scaled_age": 0.19672131147540983}, "113": {"bias": -1.2328921711592866, "objective_cosine_similarity": -0.966371535010162, "is_tight": 1.0, "dual_solution_value": -0.04318814548628348, "scaled_age": 0.0}, "114": {"bias": -1.0103629710818451, "objective_cosine_similarity": -0.7633717799359708, "is_tight": 1.0, "dual_solution_value": -0.00018427961355505673, "scaled_age": 0.0}, "115": {"bias": -1.0425720702853738, "objective_cosine_similarity": -0.7776900263446238, "is_tight": 1.0, "dual_solution_value": -0.0008024556135951985, "scaled_age": 0.0}, "116": {"bias": -1.0932163332202425, "objective_cosine_similarity": -0.8477210234917999, "is_tight": 0.0, "dual_solution_value": -0.0, "scaled_age": 0.14754098360655737}, "117": {"bias": -1.313198307917874, "objective_cosine_similarity": -0.8629647550016505, "is_tight": 0.0, "dual_solution_value": -0.0, "scaled_age": 0.01639344262295082}, "118": {"bias": -1.3306157385308737, "objective_cosine_similarity": -0.9330708321251928, "is_tight": 1.0, "dual_solution_value": -8.243165988373484e-05, "scaled_age": 0.0}, "119": {"bias": -1.135549947915338, "objective_cosine_similarity": -0.7923830828791883, "is_tight": 1.0, "dual_solution_value": -0.00031355035673289063, "scaled_age": 0.0}, "120": {"bias": -1.271070672053731, "objective_cosine_similarity": -0.9434546603252424, "is_tight": 0.0, "dual_solution_value": -0.0, "scaled_age": 0.14754098360655737}, "121": {"bias": -0.8017837257372732, "objective_cosine_similarity": -0.4421127611366796, "is_tight": 1.0, "dual_solution_value": -0.0005923670060533333, "scaled_age": 0.0}, "122": {"bias": -1.2580695039049816, "objective_cosine_similarity": -0.9475900110625992, "is_tight": 1.0, "dual_solution_value": -0.004834718916884799, "scaled_age": 0.0}, "123": {"bias": -1.2532167199807318, "objective_cosine_similarity": -0.8234456854257975, "is_tight": 1.0, "dual_solution_value": -7.56819916717824e-06, "scaled_age": 0.0}, "124": {"bias": -1.3038404810405297, "objective_cosine_similarity": -0.904530807233725, "is_tight": 1.0, "dual_solution_value": -3.0731235975267465e-05, "scaled_age": 0.0}, "125": {"bias": -1.218415398160343, "objective_cosine_similarity": -0.8908542294756706, "is_tight": 0.0, "dual_solution_value": -0.0, "scaled_age": 0.04918032786885246}, "126": {"bias": -1.3268069440075547, "objective_cosine_similarity": -0.9315371021976168, "is_tight": 1.0, "dual_solution_value": -2.512346475866452e-05, "scaled_age": 0.0}, "127": {"bias": -1.3598002073001698, "objective_cosine_similarity": -0.9158716928277272, "is_tight": 1.0, "dual_solution_value": -3.2328570287134464e-05, "scaled_age": 0.0}, "128": {"bias": -1.2389051569089105, "objective_cosine_similarity": -0.9151583758941744, "is_tight": 0.0, "dual_solution_value": -0.0, "scaled_age": 0.01639344262295082}, "129": {"bias": -1.4390783750014644, "objective_cosine_similarity": -0.8785825803749646, "is_tight": 1.0, "dual_solution_value": -0.002033647277537106, "scaled_age": 0.0}}