{"0": {"bias": -0.9238697708743119, "objective_cosine_similarity": -0.9669104818940099, "is_tight": 1.0, "dual_solution_value": -2.5018563567361703e-05, "scaled_age": 0.0}, "1": {"bias": -0.8944271909999159, "objective_cosine_similarity": -0.9633990553589575, "is_tight": 0.0, "dual_solution_value": -0.0, "scaled_age": 0.072}, "2": {"bias": -0.8700628401410971, "objective_cosine_similarity": -0.9421437187133492, "is_tight": 0.0, "dual_solution_value": -0.0, "scaled_age": 0.048}, "3": {"bias": -0.6546536707079772, "objective_cosine_similarity": -0.7922875351713663, "is_tight": 0.0, "dual_solution_value": -0.0, "scaled_age": 0.048}, "4": {"bias": -0.8017837257372732, "objective_cosine_similarity": -0.7538088109284602, "is_tight": 1.0, "dual_solution_value": -3.9832525556330525e-05, "scaled_age": 0.0}, "5": {"bias": -0.9319065574228572, "objective_cosine_similarity": -0.9793324335044584, "is_tight": 0.0, "dual_solution_value": -0.0, "scaled_age": 0.056}, "6": {"bias": -0.9285878790409642, "objective_cosine_similarity": -0.9315822040526907, "is_tight": 0.0, "dual_solution_value": -0.0, "scaled_age": 0.024}, "7": {"bias": -0.9066481509192071, "objective_cosine_similarity": -0.9673118149371631, "is_tight": 0.0, "dual_solution_value": -0.0, "scaled_age": 0.064}, "8": {"bias": -0.9337128952891715, "objective_cosine_similarity": -0.9887328857853492, "is_tight": 0.0, "dual_solution_value": -0.0, "scaled_age": 0.096}, "9": {"bias": -0.9405399431259603, "objective_cosine_similarity": -0.9752205924186481, "is_tight": 0.0, "dual_solution_value": -0.0, "scaled_age": 0.032}, "10": {"bias": -0.9117955862668639, "objective_cosine_similarity": -0.9865278524500435, "is_tight": 0.0, "dual_solution_value": -0.0, "scaled_age": 0.064}, "11": {"bias": -0.8534918135881966, "objective_cosine_similarity": -0.9594950898137432, "is_tight": 0.0, "dual_solution_value": -0.0, "scaled_age": 0.104}, "12": {"bias": -0.9162708326722891, "objective_cosine_similarity": -0.9800402279777186, "is_tight": 0.0, "dual_solution_value": -0.0, "scaled_age": 0.08}, "13": {"bias": -0.9838699100999074, "objective_cosine_similarity": -0.959866782063141, "is_tight": 0.0, "dual_solution_value": -0.0, "scaled_age": 0.056}, "14": {"bias": -0.5, "objective_cosine_similarity": -0.6936581523998299, "is_tight": 1.0, "dual_solution_value": -0.00011510471804927203, "scaled_age": 0.0}, "15": {"bias": -0.9617744246796744, "objective_cosine_similarity": -0.9775552422800552, "is_tight": 1.0, "dual_solution_value": -0.01252112616494946, "scaled_age": 0.0}, "16": {"bias": -0.9836445817112867, "objective_cosine_similarity": -0.9261325822469919, "is_tight": 0.0, "dual_solution_value": 0.0, "scaled_age": 0.016}, "17": {"bias": -0.9893152528368048, "objective_cosine_similarity": -0.9909477169571641, "is_tight": 1.0, "dual_solution_value": -0.0036692577583682232, "scaled_age": 0.0}, "18": {"bias": -0.5, "objective_cosine_similarity": -0.4624387682665532, "is_tight": 1.0, "dual_solution_value": -0.009533296191391484, "scaled_age": 0.0}, "19": {"bias": -0.4472135954999579, "objective_cosine_similarity": -0.33841457059918434, "is_tight": 0.0, "dual_solution_value": 0.0, "scaled_age": 0.192}, "20": {"bias": -0.4082482904638631, "objective_cosine_similarity": -0.3214107961763734, "is_tight": 0.0, "dual_solution_value": 0.0, "scaled_age": 0.192}, "21": {"bias": -0.4082482904638631, "objective_cosine_similarity": -0.468073975014136, "is_tight": 1.0, "dual_solution_value": -0.0009521750964048223, "scaled_age": 0.0}, "22": {"bias": -0.4472135954999579, "objective_cosine_similarity": -0.42729112449391965, "is_tight": 0.0, "dual_solution_value": 0.0, "scaled_age": 0.08}, "23": {"bias": -0.3333333333333333, "objective_cosine_similarity": -0.42039888024232114, "is_tight": 0.0, "dual_solution_value": 0.0, "scaled_age": 0.192}, "24": {"bias": -0.4082482904638631, "objective_cosine_similarity": -0.29020586450876434, "is_tight": 0.0, "dual_solution_value": 0.0, "scaled_age": 0.192}, "25": {"bias": -0.5773502691896258, "objective_cosine_similarity": -0.26036958170582475, "is_tight": 0.0, "dual_solution_value": 0.0, "scaled_age": 0.04}, "26": {"bias": -0.3779644730092272, "objective_cosine_similarity": -0.34090380480883736, "is_tight": 0.0, "dual_solution_value": 0.0, "scaled_age": 0.192}, "27": {"bias": -0.5, "objective_cosine_similarity": -0.328675488189451, "is_tight": 0.0, "dual_solution_value": 0.0, "scaled_age": 0.04}, "28": {"bias": -0.3779644730092272, "objective_cosine_similarity": -0.4102401718886009, "is_tight": 0.0, "dual_solution_value": 0.0, "scaled_age": 0.192}, "29": {"bias": -0.35355339059327373, "objective_cosine_similarity": -0.497246449274128, "is_tight": 0.0, "dual_solution_value": 0.0, "scaled_age": 0.192}, "30": {"bias": -0.3779644730092272, "objective_cosine_similarity": -0.35823789657877825, "is_tight": 0.0, "dual_solution_value": 0.0, "scaled_age": 0.192}, "31": {"bias": -0.3333333333333333, "objective_cosine_similarity": -0.42549462424525836, "is_tight": 0.0, "dual_solution_value": 0.0, "scaled_age": 0.192}, "32": {"bias": -0.4082482904638631, "objective_cosine_similarity": -0.4649534818473751, "is_tight": 0.0, "dual_solution_value": 0.0, "scaled_age": 0.024}, "33": {"bias": -0.3779644730092272, "objective_cosine_similarity": -0.470909493083394, "is_tight": 0.0, "dual_solution_value": 0.0, "scaled_age": 0.192}, "34": {"bias": -0.3779644730092272, "objective_cosine_similarity": -0.450686386018463, "is_tight": 0.0, "dual_solution_value": 0.0, "scaled_age": 0.192}, "35": {"bias": -0.4082482904638631, "objective_cosine_similarity": -0.30268783717580794, "is_tight": 0.0, "dual_solution_value": 0.0, "scaled_age": 0.192}, "36": {"bias": -0.5773502691896258, "objective_cosine_similarity": -0.25154349419037303, "is_tight": 0.0, "dual_solution_value": 0.0, "scaled_age": 0.024}, "37": {"bias": -0.5773502691896258, "objective_cosine_similarity": -0.24271740667492137, "is_tight": 1.0, "dual_solution_value": -0.0001680119880191754, "scaled_age": 0.0}, "38": {"bias": -0.3333333333333333, "objective_cosine_similarity": -0.3541542082041372, "is_tight": 0.0, "dual_solution_value": 0.0, "scaled_age": 0.192}, "39": {"bias": -0.4082482904638631, "objective_cosine_similarity": -0.38382065951159156, "is_tight": 0.0, "dual_solution_value": 0.0, "scaled_age": 0.168}, "40": {"bias": -0.35355339059327373, "objective_cosine_similarity": -0.3891493950841002, "is_tight": 0.0, "dual_solution_value": 0.0, "scaled_age": 0.192}, "41": {"bias": -0.31622776601683794, "objective_cosine_similarity": -0.5583555546870393, "is_tight": 0.0, "dual_solution_value": 0.0, "scaled_age": 0.192}, "42": {"bias": -0.5, "objective_cosine_similarity": -0.37071537621368317, "is_tight": 0.0, "dual_solution_value": 0.0, "scaled_age": 0.088}, "43": {"bias": -0.4472135954999579, "objective_cosine_similarity": -0.2221913847368382, "is_tight": 0.0, "dual_solution_value": 0.0, "scaled_age": 0.192}, "44": {"bias": -0.35355339059327373, "objective_cosine_similarity": -0.2432183719275626, "is_tight": 0.0, "dual_solution_value": 0.0, "scaled_age": 0.192}, "45": {"bias": -0.4472135954999579, "objective_cosine_similarity": -0.2666296616842058, "is_tight": 0.0, "dual_solution_value": 0.0, "scaled_age": 0.192}, "46": {"bias": -0.31622776601683794, "objective_cosine_similarity": -0.5583555546870393, "is_tight": 0.0, "dual_solution_value": 0.0, "scaled_age": 0.008}, "47": {"bias": -0.3779644730092272, "objective_cosine_similarity": -0.5055776766232758, "is_tight": 0.0, "dual_solution_value": 0.0, "scaled_age": 0.176}, "48": {"bias": -0.4472135954999579, "objective_cosine_similarity": -0.45805608545748183, "is_tight": 1.0, "dual_solution_value": -9.952730331645699e-05, "scaled_age": 0.0}, "49": {"bias": -0.3779644730092272, "objective_cosine_similarity": -0.45357540131345314, "is_tight": 0.0, "dual_solution_value": 0.0, "scaled_age": 0.016}, "50": {"bias": -0.35355339059327373, "objective_cosine_similarity": -0.4323882167601113, "is_tight": 0.0, "dual_solution_value": 0.0, "scaled_age": 0.192}, "51": {"bias": -0.4082482904638631, "objective_cosine_similarity": -0.4493510160135706, "is_tight": 0.0, "dual_solution_value": 0.0, "scaled_age": 0.192}, "52": {"bias": -0.4472135954999579, "objective_cosine_similarity": -0.33157791260728164, "is_tight": 0.0, "dual_solution_value": 0.0, "scaled_age": 0.032}, "53": {"bias": -0.3333333333333333, "objective_cosine_similarity": -0.42549462424525836, "is_tight": 0.0, "dual_solution_value": 0.0, "scaled_age": 0.192}, "54": {"bias": -0.35355339059327373, "objective_cosine_similarity": -0.45671005395286757, "is_tight": 0.0, "dual_solution_value": 0.0, "scaled_age": 0.192}, "55": {"bias": -0.35355339059327373, "objective_cosine_similarity": -0.4594124803076183, "is_tight": 0.0, "dual_solution_value": 0.0, "scaled_age": 0.192}, "56": {"bias": -0.4472135954999579, "objective_cosine_similarity": -0.35550621557894113, "is_tight": 0.0, "dual_solution_value": 0.0, "scaled_age": 0.048}, "57": {"bias": -0.3779644730092272, "objective_cosine_similarity": -0.5691360131130591, "is_tight": 1.0, "dual_solution_value": -0.00034333233379401745, "scaled_age": 0.0}, "58": {"bias": -0.35355339059327373, "objective_cosine_similarity": -0.38644696872934947, "is_tight": 0.0, "dual_solution_value": 0.0, "scaled_age": 0.192}, "59": {"bias": -0.4472135954999579, "objective_cosine_similarity": -0.28030297766801127, "is_tight": 0.0, "dual_solution_value": 0.0, "scaled_age": 0.192}, "60": {"bias": -0.3779644730092272, "objective_cosine_similarity": -0.33223675892386695, "is_tight": 0.0, "dual_solution_value": 0.0, "scaled_age": 0.192}, "61": {"bias": -0.4472135954999579, "objective_cosine_similarity": -0.3623428735708438, "is_tight": 0.0, "dual_solution_value": 0.0, "scaled_age": 0.144}, "62": {"bias": -0.3779644730092272, "objective_cosine_similarity": -0.33223675892386695, "is_tight": 0.0, "dual_solution_value": 0.0, "scaled_age": 0.192}, "63": {"bias": -0.4472135954999579, "objective_cosine_similarity": -0.28030297766801127, "is_tight": 0.0, "dual_solution_value": 0.0, "scaled_age": 0.04}, "64": {"bias": -0.4082482904638631, "objective_cosine_similarity": -0.3182903030096125, "is_tight": 0.0, "dual_solution_value": 0.0, "scaled_age": 0.192}, "65": {"bias": -0.31622776601683794, "objective_cosine_similarity": -0.563189801913767, "is_tight": 0.0, "dual_solution_value": 0.0, "scaled_age": 0.192}, "66": {"bias": -0.3333333333333333, "objective_cosine_similarity": -0.4713563202716934, "is_tight": 0.0, "dual_solution_value": 0.0, "scaled_age": 0.192}, "67": {"bias": -0.4472135954999579, "objective_cosine_similarity": -0.47856605943318997, "is_tight": 1.0, "dual_solution_value": -0.021713606701394886, "scaled_age": 0.0}, "68": {"bias": -0.35355339059327373, "objective_cosine_similarity": -0.32699358892483416, "is_tight": 0.0, "dual_solution_value": 0.0, "scaled_age": 0.192}, "69": {"bias": -0.3779644730092272, "objective_cosine_similarity": -0.34957085069380783, "is_tight": 0.0, "dual_solution_value": 0.0, "scaled_age": 0.192}, "70": {"bias": -0.35355339059327373, "objective_cosine_similarity": -0.47292461208137176, "is_tight": 0.0, "dual_solution_value": 0.0, "scaled_age": 0.072}, "71": {"bias": -0.4082482904638631, "objective_cosine_similarity": -0.5055198930152669, "is_tight": 1.0, "dual_solution_value": -0.0001763318280883362, "scaled_age": 0.0}, "72": {"bias": -0.3333333333333333, "objective_cosine_similarity": -0.4942871682849109, "is_tight": 0.0, "dual_solution_value": 0.0, "scaled_age": 0.192}, "73": {"bias": -0.4472135954999579, "objective_cosine_similarity": -0.2700479906801572, "is_tight": 0.0, "dual_solution_value": 0.0, "scaled_age": 0.168}, "74": {"bias": -0.35355339059327373, "objective_cosine_similarity": -0.435090643114862, "is_tight": 0.0, "dual_solution_value": 0.0, "scaled_age": 0.192}, "75": {"bias": -0.4082482904638631, "objective_cosine_similarity": -0.33701326201017795, "is_tight": 0.0, "dual_solution_value": 0.0, "scaled_age": 0.192}, "76": {"bias": -0.35355339059327373, "objective_cosine_similarity": -0.5675095344976461, "is_tight": 1.0, "dual_solution_value": -3.8645450814574216e-05, "scaled_age": 0.0}, "77": {"bias": -0.4082482904638631, "objective_cosine_similarity": -0.43374855017976605, "is_tight": 0.0, "dual_solution_value": 0.0, "scaled_age": 0.192}, "78": {"bias": -0.4472135954999579, "objective_cosine_similarity": -0.44096444047772504, "is_tight": 0.0, "dual_solution_value": 0.0, "scaled_age": 0.04}, "79": {"bias": -0.4082482904638631, "objective_cosine_similarity": -0.47119446818089694, "is_tight": 0.0, "dual_solution_value": 0.0, "scaled_age": 0.192}, "80": {"bias": -0.3779644730092272, "objective_cosine_similarity": -0.4044621412986206, "is_tight": 0.0, "dual_solution_value": 0.0, "scaled_age": 0.192}, "81": {"bias": -0.7071067811865475, "objective_cosine_similarity": -0.1189067596090306, "is_tight": 1.0, "dual_solution_value": -2.9826709684893492e-05, "scaled_age": 0.0}, "82": {"bias": -0.4082482904638631, "objective_cosine_similarity": -0.24339846700735074, "is_tight": 0.0, "dual_solution_value": 0.0, "scaled_age": 0.192}, "83": {"bias": -0.3779644730092272, "objective_cosine_similarity": -0.28601251420402457, "is_tight": 0.0, "dual_solution_value": 0.0, "scaled_age": 0.192}, "84": {"bias": -0.4472135954999579, "objective_cosine_similarity": -0.41019947951416286, "is_tight": 0.0, "dual_solution_value": 0.0, "scaled_age": 0.008}, "85": {"bias": -0.3779644730092272, "objective_cosine_similarity": -0.3640159271687586, "is_tight": 0.0, "dual_solution_value": 0.0, "scaled_age": 0.048}, "86": {"bias": -0.3779644730092272, "objective_cosine_similarity": -0.4391303248385024, "is_tight": 0.0, "dual_solution_value": 0.0, "scaled_age": 0.192}, "87": {"bias": -0.35355339059327373, "objective_cosine_similarity": -0.5431876973048898, "is_tight": 0.0, "dual_solution_value": 0.0, "scaled_age": 0.192}, "88": {"bias": -0.35355339059327373, "objective_cosine_similarity": -0.435090643114862, "is_tight": 0.0, "dual_solution_value": 0.0, "scaled_age": 0.192}, "89": {"bias": -0.3779644730092272, "objective_cosine_similarity": -0.5691360131130591, "is_tight": 0.0, "dual_solution_value": 0.0, "scaled_age": 0.192}, "90": {"bias": -0.31622776601683794, "objective_cosine_similarity": -0.5051788351930356, "is_tight": 0.0, "dual_solution_value": 0.0, "scaled_age": 0.192}, "91": {"bias": -0.31622776601683794, "objective_cosine_similarity": -0.6526233756082278, "is_tight": 0.0, "dual_solution_value": 0.0, "scaled_age": 0.144}, "92": {"bias": -0.5, "objective_cosine_similarity": -0.141406896081508, "is_tight": 0.0, "dual_solution_value": 0.0, "scaled_age": 0.192}, "93": {"bias": -0.4082482904638631, "objective_cosine_similarity": -0.5648092631837242, "is_tight": 0.0, "dual_solution_value": 0.0, "scaled_age": 0.024}, "94": {"bias": -0.3333333333333333, "objective_cosine_similarity": -0.3643456962100116, "is_tight": 0.0, "dual_solution_value": 0.0, "scaled_age": 0.192}, "95": {"bias": -0.31622776601683794, "objective_cosine_similarity": -0.40124251981839193, "is_tight": 0.0, "dual_solution_value": 0.0, "scaled_age": 0.192}, "96": {"bias": -0.4472135954999579, "objective_cosine_similarity": -0.23244637172469226, "is_tight": 0.0, "dual_solution_value": 0.0, "scaled_age": 0.192}, "97": {"bias": -0.4082482904638631, "objective_cosine_similarity": -0.44311002968004876, "is_tight": 0.0, "dual_solution_value": 0.0, "scaled_age": 0.192}, "98": {"bias": -0.3333333333333333, "objective_cosine_similarity": -0.4688084482702248, "is_tight": 0.0, "dual_solution_value": 0.0, "scaled_age": 0.192}, "99": {"bias": -0.4472135954999579, "objective_cosine_similarity": -0.29055796465586536, "is_tight": 0.0, "dual_solution_value": 0.0, "scaled_age": 0.136}, "100": {"bias": -0.4472135954999579, "objective_cosine_similarity": -0.29739462264776806, "is_tight": 0.0, "dual_solution_value": 0.0, "scaled_age": 0.192}, "101": {"bias": -0.35355339059327373, "objective_cosine_similarity": -0.5702119608523968, "is_tight": 0.0, "dual_solution_value": 0.0, "scaled_age": 0.192}, "102": {"bias": -0.4082482904638631, "objective_cosine_similarity": -0.31204931667609065, "is_tight": 0.0, "dual_solution_value": 0.0, "scaled_age": 0.192}, "103": {"bias": -0.35355339059327373, "objective_cosine_similarity": -0.3918518214388509, "is_tight": 0.0, "dual_solution_value": 0.0, "scaled_age": 0.192}, "104": {"bias": -0.30151134457776363, "objective_cosine_similarity": -0.5438943175861861, "is_tight": 0.0, "dual_solution_value": 0.0, "scaled_age": 0.192}, "105": {"bias": -0.3779644730092272, "objective_cosine_similarity": -0.44490835542848267, "is_tight": 0.0, "dual_solution_value": 0.0, "scaled_age": 0.096}, "106": {"bias": -0.30151134457776363, "objective_cosine_similarity": -0.5208479481969409, "is_tight": 0.0, "dual_solution_value": 0.0, "scaled_age": 0.192}, "107": {"bias": -0.3333333333333333, "objective_cosine_similarity": -0.42804249624672697, "is_tight": 0.0, "dual_solution_value": 0.0, "scaled_age": 0.192}, "108": {"bias": -0.9284141650970551, "objective_cosine_similarity": -0.980417728169532, "is_tight": 0.0, "dual_solution_value": -0.0, "scaled_age": 0.032}, "109": {"bias": -0.9457355280544715, "objective_cosine_similarity": -0.9943972436161691, "is_tight": 0.0, "dual_solution_value": -0.0, "scaled_age": 0.088}, "110": {"bias": -0.9648363026488435, "objective_cosine_similarity": -0.9720958608383614, "is_tight": 1.0, "dual_solution_value": -0.00023044258803594099, "scaled_age": 0.0}, "111": {"bias": -0.9452146089297957, "objective_cosine_similarity": -0.9913637818014336, "is_tight": 1.0, "dual_solution_value": -1.845951316418143e-05, "scaled_age": 0.0}, "112": {"bias": -0.944209424769711, "objective_cosine_similarity": -0.9913671380477739, "is_tight": 1.0, "dual_solution_value": -0.028924889394764536, "scaled_age": 0.0}, "113": {"bias": -0.9216353751380653, "objective_cosine_similarity": -0.9788323697678, "is_tight": 0.0, "dual_solution_value": -0.0, "scaled_age": 0.032}, "114": {"bias": -0.9387285012361972, "objective_cosine_similarity": -0.9929465965110398, "is_tight": 1.0, "dual_solution_value": -0.016728672847528055, "scaled_age": 0.0}, "115": {"bias": -0.9295160030897801, "objective_cosine_similarity": -0.979287004964843, "is_tight": 1.0, "dual_solution_value": -2.0905655579977166e-05, "scaled_age": 0.0}, "116": {"bias": -0.894427190999916, "objective_cosine_similarity": -0.9778431710183205, "is_tight": 0.0, "dual_solution_value": -0.0, "scaled_age": 0.08}, "117": {"bias": -0.5773502691896257, "objective_cosine_similarity": -0.7119710595797691, "is_tight": 1.0, "dual_solution_value": -0.00027466983895118826, "scaled_age": 0.0}, "118": {"bias": -0.9361804234189631, "objective_cosine_similarity": -0.9864537153284103, "is_tight": 1.0, "dual_solution_value": -6.595524237297604e-06, "scaled_age": 0.0}, "119": {"bias": -0.8597269536210951, "objective_cosine_similarity": -0.9671588000410253, "is_tight": 1.0, "dual_solution_value": -1.3637261124084117e-05, "scaled_age": 0.0}, "120": {"bias": -0.9033244521153369, "objective_cosine_similarity": -0.9819968340423002, "is_tight": 1.0, "dual_solution_value": -1.5198367254020818e-06, "scaled_age": 0.0}, "121": {"bias": -0.9481224447363147, "objective_cosine_similarity": -0.9791925275052112, "is_tight": 1.0, "dual_solution_value": -9.01807548034368e-07, "scaled_age": 0.0}, "122": {"bias": -0.9392946157192918, "objective_cosine_similarity": -0.9874071765873603, "is_tight": 1.0, "dual_solution_value": -1.142223639359422e-06, "scaled_age": 0.0}, "123": {"bias": -0.9355315820442112, "objective_cosine_similarity": -0.9927933208738889, "is_tight": 0.0, "dual_solution_value": -0.0, "scaled_age": 0.032}, "124": {"bias": -0.9413848498389622, "objective_cosine_similarity": -0.9922175547202846, "is_tight": 1.0, "dual_solution_value": -6.419118936704742e-07, "scaled_age": 0.0}, "125": {"bias": -0.9744483375510932, "objective_cosine_similarity": -0.9946861669856576, "is_tight": 1.0, "dual_solution_value": -0.003309363050050946, "scaled_age": 0.0}, "126": {"bias": -0.9681021068931662, "objective_cosine_similarity": -0.9886727752500821, "is_tight": 1.0, "dual_solution_value": -0.0017795522353692731, "scaled_age": 0.0}, "127": {"bias": -0.9539905782549314, "objective_cosine_similarity": -0.9938264483339211, "is_tight": 1.0, "dual_solution_value": -0.0005041102974061387, "scaled_age": 0.0}}