{"0": {"bias": -0.9428090415820635, "objective_cosine_similarity": -0.7615348514556615, "is_tight": 1.0, "dual_solution_value": -8.779433727801488e-05, "scaled_age": 0.0}, "1": {"bias": -0.6943650748294136, "objective_cosine_similarity": -0.8727101655939866, "is_tight": 0.0, "dual_solution_value": -0.0, "scaled_age": 0.037037037037037035}, "2": {"bias": -0.8929406452925891, "objective_cosine_similarity": -0.9277135174598902, "is_tight": 1.0, "dual_solution_value": -2.0409882272011566e-08, "scaled_age": 0.0}, "3": {"bias": -0.6255432421712244, "objective_cosine_similarity": -0.8211964668062812, "is_tight": 1.0, "dual_solution_value": -7.296958287298551e-05, "scaled_age": 0.0}, "4": {"bias": -0.848146703915536, "objective_cosine_similarity": -0.9452738559832492, "is_tight": 0.0, "dual_solution_value": -0.0, "scaled_age": 0.09259259259259259}, "5": {"bias": -1.0830607221477646, "objective_cosine_similarity": -0.9193900894050328, "is_tight": 0.0, "dual_solution_value": -0.0, "scaled_age": 0.10185185185185185}, "6": {"bias": -0.897075540602599, "objective_cosine_similarity": -0.9550846193845602, "is_tight": 0.0, "dual_solution_value": -0.0, "scaled_age": 0.027777777777777776}, "7": {"bias": -0.6804138174397717, "objective_cosine_similarity": -0.8886009630016831, "is_tight": 0.0, "dual_solution_value": -0.0, "scaled_age": 0.09259259259259259}, "8": {"bias": -0.6181225377691006, "objective_cosine_similarity": -0.8829300543045548, "is_tight": 0.0, "dual_solution_value": -0.0, "scaled_age": 0.09259259259259259}, "9": {"bias": -0.9090648228942843, "objective_cosine_similarity": -0.9550775208211604, "is_tight": 0.0, "dual_solution_value": -0.0, "scaled_age": 0.05555555555555555}, "10": {"bias": -0.8017837257372732, "objective_cosine_similarity": -0.9619685812813711, "is_tight": 0.0, "dual_solution_value": -0.0, "scaled_age": 0.07407407407407407}, "11": {"bias": -0.8767140075192094, "objective_cosine_similarity": -0.9711743044416468, "is_tight": 0.0, "dual_solution_value": -0.0, "scaled_age": 0.09259259259259259}, "12": {"bias": -0.6324555320336759, "objective_cosine_similarity": -0.49687186555680596, "is_tight": 1.0, "dual_solution_value": -0.00018448350017092588, "scaled_age": 0.0}, "13": {"bias": -0.6963106238227914, "objective_cosine_similarity": -0.734120152231696, "is_tight": 0.0, "dual_solution_value": -0.0, "scaled_age": 0.05555555555555555}, "14": {"bias": -0.8123623944599232, "objective_cosine_similarity": -0.963039339486741, "is_tight": 1.0, "dual_solution_value": -9.019449684926411e-05, "scaled_age": 0.0}, "15": {"bias": -0.7943027178376856, "objective_cosine_similarity": -0.962324319855735, "is_tight": 1.0, "dual_solution_value": -0.00022562173525200282, "scaled_age": 0.0}, "16": {"bias": -0.8654173500879563, "objective_cosine_similarity": -0.9737162433983667, "is_tight": 1.0, "dual_solution_value": -0.011243593790336587, "scaled_age": 0.0}, "17": {"bias": -0.9842220475149366, "objective_cosine_similarity": -0.9867411183662452, "is_tight": 1.0, "dual_solution_value": -0.00036138129387526665, "scaled_age": 0.0}, "18": {"bias": -0.8287299840724348, "objective_cosine_similarity": -0.9716594996368239, "is_tight": 0.0, "dual_solution_value": 0.0, "scaled_age": 0.05555555555555555}, "19": {"bias": -0.4472135954999579, "objective_cosine_similarity": -0.3194013322872982, "is_tight": 0.0, "dual_solution_value": 0.0, "scaled_age": 0.19444444444444445}, "20": {"bias": -0.5, "objective_cosine_similarity": -0.43532378885997547, "is_tight": 0.0, "dual_solution_value": 0.0, "scaled_age": 0.018518518518518517}, "21": {"bias": -0.4472135954999579, "objective_cosine_similarity": -0.24031147857806245, "is_tight": 0.0, "dual_solution_value": 0.0, "scaled_age": 0.19444444444444445}, "22": {"bias": -0.5, "objective_cosine_similarity": -0.26527543383654756, "is_tight": 0.0, "dual_solution_value": 0.0, "scaled_age": 0.14814814814814814}, "23": {"bias": -0.5, "objective_cosine_similarity": -0.16664738792295936, "is_tight": 0.0, "dual_solution_value": 0.0, "scaled_age": 0.19444444444444445}, "24": {"bias": -0.0, "objective_cosine_similarity": -0.42373921002030634, "is_tight": 0.0, "dual_solution_value": 0.0, "scaled_age": 0.19444444444444445}, "25": {"bias": -0.4472135954999579, "objective_cosine_similarity": -0.3285270846383639, "is_tight": 0.0, "dual_solution_value": 0.0, "scaled_age": 0.1574074074074074}, "26": {"bias": -0.4472135954999579, "objective_cosine_similarity": -0.44107803030150705, "is_tight": 1.0, "dual_solution_value": -0.005619493187838407, "scaled_age": 0.0}, "27": {"bias": -0.4472135954999579, "objective_cosine_similarity": -0.38328159874475787, "is_tight": 0.0, "dual_solution_value": 0.0, "scaled_age": 0.19444444444444445}, "28": {"bias": -0.30151134457776363, "objective_cosine_similarity": -0.4634944338238099, "is_tight": 0.0, "dual_solution_value": 0.0, "scaled_age": 0.19444444444444445}, "29": {"bias": -0.2886751345948129, "objective_cosine_similarity": -0.25329785595391524, "is_tight": 0.0, "dual_solution_value": 0.0, "scaled_age": 0.19444444444444445}, "30": {"bias": -0.5, "objective_cosine_similarity": -0.2686764009370161, "is_tight": 0.0, "dual_solution_value": 0.0, "scaled_age": 0.10185185185185185}, "31": {"bias": -0.4082482904638631, "objective_cosine_similarity": -0.34433287316315225, "is_tight": 0.0, "dual_solution_value": 0.0, "scaled_age": 0.19444444444444445}, "32": {"bias": -0.5, "objective_cosine_similarity": -0.5203479663716895, "is_tight": 1.0, "dual_solution_value": -0.04090981990167963, "scaled_age": 0.0}, "33": {"bias": -0.4082482904638631, "objective_cosine_similarity": -0.4443004815008416, "is_tight": 0.0, "dual_solution_value": 0.0, "scaled_age": 0.018518518518518517}, "34": {"bias": -0.5, "objective_cosine_similarity": -0.3060870390421702, "is_tight": 1.0, "dual_solution_value": -0.0004440009856473705, "scaled_age": 0.0}, "35": {"bias": -0.5773502691896258, "objective_cosine_similarity": -0.20420912417990064, "is_tight": 1.0, "dual_solution_value": -0.007998563262898517, "scaled_age": 0.0}, "36": {"bias": -0.3333333333333333, "objective_cosine_similarity": -0.3423640214471682, "is_tight": 0.0, "dual_solution_value": 0.0, "scaled_age": 0.19444444444444445}, "37": {"bias": -0.4472135954999579, "objective_cosine_similarity": -0.3528624242412057, "is_tight": 1.0, "dual_solution_value": -5.0111756661228366e-05, "scaled_age": 0.0}, "38": {"bias": -0.4472135954999579, "objective_cosine_similarity": -0.05171259665603876, "is_tight": 0.0, "dual_solution_value": 0.0, "scaled_age": 0.19444444444444445}, "39": {"bias": -0.4472135954999579, "objective_cosine_similarity": -0.425868443049731, "is_tight": 1.0, "dual_solution_value": -0.003708588970993524, "scaled_age": 0.0}, "40": {"bias": -0.0, "objective_cosine_similarity": -0.34165757314714146, "is_tight": 1.0, "dual_solution_value": -0.026705360422252897, "scaled_age": 0.0}, "41": {"bias": -0.3779644730092272, "objective_cosine_similarity": -0.3650663055494903, "is_tight": 0.0, "dual_solution_value": 0.0, "scaled_age": 0.19444444444444445}, "42": {"bias": -0.5, "objective_cosine_similarity": -0.38771024945341565, "is_tight": 1.0, "dual_solution_value": -0.0007088108657136422, "scaled_age": 0.0}, "43": {"bias": -0.5, "objective_cosine_similarity": -0.261874466736079, "is_tight": 0.0, "dual_solution_value": 0.0, "scaled_age": 0.05555555555555555}, "44": {"bias": -0.35355339059327373, "objective_cosine_similarity": -0.2597234651280361, "is_tight": 0.0, "dual_solution_value": 0.0, "scaled_age": 0.19444444444444445}, "45": {"bias": -0.5773502691896258, "objective_cosine_similarity": -0.1492297445930043, "is_tight": 0.0, "dual_solution_value": 0.0, "scaled_age": 0.19444444444444445}, "46": {"bias": -0.4472135954999579, "objective_cosine_similarity": -0.015209587251776105, "is_tight": 0.0, "dual_solution_value": 0.0, "scaled_age": 0.19444444444444445}, "47": {"bias": -0.4082482904638631, "objective_cosine_similarity": -0.4026473113601377, "is_tight": 0.0, "dual_solution_value": 0.0, "scaled_age": 0.19444444444444445}, "48": {"bias": -0.5, "objective_cosine_similarity": -0.19385512472670782, "is_tight": 0.0, "dual_solution_value": 0.0, "scaled_age": 0.19444444444444445}, "49": {"bias": -0.4472135954999579, "objective_cosine_similarity": -0.38328159874475787, "is_tight": 0.0, "dual_solution_value": 0.0, "scaled_age": 0.19444444444444445}, "50": {"bias": -0.0, "objective_cosine_similarity": -0.43499419540079665, "is_tight": 0.0, "dual_solution_value": 0.0, "scaled_age": 0.05555555555555555}, "51": {"bias": -0.35355339059327373, "objective_cosine_similarity": -0.31743979071204415, "is_tight": 0.0, "dual_solution_value": 0.0, "scaled_age": 0.19444444444444445}, "52": {"bias": -0.5, "objective_cosine_similarity": -0.261874466736079, "is_tight": 0.0, "dual_solution_value": 0.0, "scaled_age": 0.05555555555555555}, "53": {"bias": -0.35355339059327373, "objective_cosine_similarity": -0.34629795350404813, "is_tight": 0.0, "dual_solution_value": 0.0, "scaled_age": 0.19444444444444445}, "54": {"bias": -0.4472135954999579, "objective_cosine_similarity": -0.17947312957095804, "is_tight": 0.0, "dual_solution_value": 0.0, "scaled_age": 0.19444444444444445}, "55": {"bias": -0.4082482904638631, "objective_cosine_similarity": -0.32489472709749045, "is_tight": 0.0, "dual_solution_value": 0.0, "scaled_age": 0.19444444444444445}, "56": {"bias": -0.4472135954999579, "objective_cosine_similarity": -0.23422764367735202, "is_tight": 0.0, "dual_solution_value": 0.0, "scaled_age": 0.19444444444444445}, "57": {"bias": -0.7071067811865475, "objective_cosine_similarity": -0.14429081396002005, "is_tight": 1.0, "dual_solution_value": -0.024048468993336677, "scaled_age": 0.0}, "58": {"bias": -0.4472135954999579, "objective_cosine_similarity": -0.34069475443978475, "is_tight": 0.0, "dual_solution_value": 0.0, "scaled_age": 0.19444444444444445}, "59": {"bias": -0.0, "objective_cosine_similarity": -0.4887305296509258, "is_tight": 0.0, "dual_solution_value": 0.0, "scaled_age": 0.19444444444444445}, "60": {"bias": -0.5, "objective_cosine_similarity": -0.09862804591358819, "is_tight": 0.0, "dual_solution_value": 0.0, "scaled_age": 0.19444444444444445}, "61": {"bias": -0.5, "objective_cosine_similarity": -0.2992851048412331, "is_tight": 0.0, "dual_solution_value": 0.0, "scaled_age": 0.12037037037037036}, "62": {"bias": -0.4472135954999579, "objective_cosine_similarity": -0.28594024033339077, "is_tight": 0.0, "dual_solution_value": 0.0, "scaled_age": 0.19444444444444445}, "63": {"bias": -0.4082482904638631, "objective_cosine_similarity": -0.4276392134445601, "is_tight": 0.0, "dual_solution_value": 0.0, "scaled_age": 0.018518518518518517}, "64": {"bias": -0.3333333333333333, "objective_cosine_similarity": -0.4647988370640363, "is_tight": 0.0, "dual_solution_value": 0.0, "scaled_age": 0.19444444444444445}, "65": {"bias": -0.0, "objective_cosine_similarity": -0.28279784232707, "is_tight": 0.0, "dual_solution_value": 0.0, "scaled_age": 0.19444444444444445}, "66": {"bias": -0.4082482904638631, "objective_cosine_similarity": -0.34433287316315225, "is_tight": 0.0, "dual_solution_value": 0.0, "scaled_age": 0.19444444444444445}, "67": {"bias": -0.5773502691896258, "objective_cosine_similarity": -0.24348010959911232, "is_tight": 1.0, "dual_solution_value": -0.006698621374776404, "scaled_age": 0.0}, "68": {"bias": -0.4082482904638631, "objective_cosine_similarity": -0.36654789723819436, "is_tight": 0.0, "dual_solution_value": 0.0, "scaled_age": 0.19444444444444445}, "69": {"bias": -0.3779644730092272, "objective_cosine_similarity": -0.2133838264831528, "is_tight": 0.0, "dual_solution_value": 0.0, "scaled_age": 0.19444444444444445}, "70": {"bias": -0.0, "objective_cosine_similarity": -0.3559043416915609, "is_tight": 0.0, "dual_solution_value": 0.0, "scaled_age": 0.19444444444444445}, "71": {"bias": -0.4472135954999579, "objective_cosine_similarity": -0.11863478056385363, "is_tight": 0.0, "dual_solution_value": 0.0, "scaled_age": 0.19444444444444445}, "72": {"bias": -0.5, "objective_cosine_similarity": -0.010202901301405675, "is_tight": 0.0, "dual_solution_value": 0.0, "scaled_age": 0.19444444444444445}, "73": {"bias": -0.3779644730092272, "objective_cosine_similarity": -0.367637195025191, "is_tight": 0.0, "dual_solution_value": 0.0, "scaled_age": 0.19444444444444445}, "74": {"bias": -0.3779644730092272, "objective_cosine_similarity": -0.4550474371990126, "is_tight": 0.0, "dual_solution_value": 0.0, "scaled_age": 0.19444444444444445}, "75": {"bias": -0.5, "objective_cosine_similarity": -0.34689864424779293, "is_tight": 0.0, "dual_solution_value": 0.0, "scaled_age": 0.1574074074074074}, "76": {"bias": -0.3779644730092272, "objective_cosine_similarity": -0.28279784232707, "is_tight": 0.0, "dual_solution_value": 0.0, "scaled_age": 0.19444444444444445}, "77": {"bias": -0.0, "objective_cosine_similarity": -0.4716007712649734, "is_tight": 0.0, "dual_solution_value": 0.0, "scaled_age": 0.19444444444444445}, "78": {"bias": -0.35355339059327373, "objective_cosine_similarity": -0.37515611629605217, "is_tight": 0.0, "dual_solution_value": 0.0, "scaled_age": 0.19444444444444445}, "79": {"bias": -0.3779644730092272, "objective_cosine_similarity": -0.3367865213167833, "is_tight": 0.0, "dual_solution_value": 0.0, "scaled_age": 0.19444444444444445}, "80": {"bias": -0.5, "objective_cosine_similarity": -0.3502996113482615, "is_tight": 0.0, "dual_solution_value": 0.0, "scaled_age": 0.06481481481481481}, "81": {"bias": -0.5, "objective_cosine_similarity": -0.2040580260281135, "is_tight": 0.0, "dual_solution_value": 0.0, "scaled_age": 0.1111111111111111}, "82": {"bias": -0.4472135954999579, "objective_cosine_similarity": -0.34069475443978475, "is_tight": 0.0, "dual_solution_value": 0.0, "scaled_age": 0.12037037037037036}, "83": {"bias": -0.4472135954999579, "objective_cosine_similarity": -0.34373667189014, "is_tight": 0.0, "dual_solution_value": 0.0, "scaled_age": 0.009259259259259259}, "84": {"bias": -0.4082482904638631, "objective_cosine_similarity": -0.28324155695678654, "is_tight": 0.0, "dual_solution_value": 0.0, "scaled_age": 0.1111111111111111}, "85": {"bias": -0.5773502691896258, "objective_cosine_similarity": -0.20420912417990064, "is_tight": 0.0, "dual_solution_value": 0.0, "scaled_age": 0.018518518518518517}, "86": {"bias": -0.0, "objective_cosine_similarity": -0.3054565810318286, "is_tight": 0.0, "dual_solution_value": 0.0, "scaled_age": 0.19444444444444445}, "87": {"bias": -0.4472135954999579, "objective_cosine_similarity": -0.2585629832801938, "is_tight": 0.0, "dual_solution_value": 0.0, "scaled_age": 0.19444444444444445}, "88": {"bias": -0.30151134457776363, "objective_cosine_similarity": -0.4655452941504639, "is_tight": 0.0, "dual_solution_value": 0.0, "scaled_age": 0.19444444444444445}, "89": {"bias": -0.4082482904638631, "objective_cosine_similarity": -0.2804646789474063, "is_tight": 0.0, "dual_solution_value": 0.0, "scaled_age": 0.19444444444444445}, "90": {"bias": -0.4472135954999579, "objective_cosine_similarity": -0.36807201149298174, "is_tight": 0.0, "dual_solution_value": 0.0, "scaled_age": 0.19444444444444445}, "91": {"bias": -0.35355339059327373, "objective_cosine_similarity": -0.35832218800071647, "is_tight": 0.0, "dual_solution_value": 0.0, "scaled_age": 0.19444444444444445}, "92": {"bias": -0.4472135954999579, "objective_cosine_similarity": -0.12167669801420884, "is_tight": 0.0, "dual_solution_value": 0.0, "scaled_age": 0.19444444444444445}, "93": {"bias": -0.4472135954999579, "objective_cosine_similarity": -0.38632351619511307, "is_tight": 1.0, "dual_solution_value": -4.903373574128085e-05, "scaled_age": 0.0}, "94": {"bias": -0.3779644730092272, "objective_cosine_similarity": -0.32907385288968144, "is_tight": 0.0, "dual_solution_value": 0.0, "scaled_age": 0.19444444444444445}, "95": {"bias": -0.3779644730092272, "objective_cosine_similarity": -0.4216258740149043, "is_tight": 0.0, "dual_solution_value": 0.0, "scaled_age": 0.19444444444444445}, "96": {"bias": -0.5, "objective_cosine_similarity": -0.2992851048412331, "is_tight": 0.0, "dual_solution_value": 0.0, "scaled_age": 0.1111111111111111}, "97": {"bias": -0.4082482904638631, "objective_cosine_similarity": -0.3054565810318286, "is_tight": 0.0, "dual_solution_value": 0.0, "scaled_age": 0.19444444444444445}, "98": {"bias": -0.3779644730092272, "objective_cosine_similarity": -0.2673725054728662, "is_tight": 0.0, "dual_solution_value": 0.0, "scaled_age": 0.19444444444444445}, "99": {"bias": -0.3779644730092272, "objective_cosine_similarity": -0.3933460897821973, "is_tight": 0.0, "dual_solution_value": 0.0, "scaled_age": 0.19444444444444445}, "100": {"bias": -0.5, "objective_cosine_similarity": -0.14964255242061655, "is_tight": 0.0, "dual_solution_value": 0.0, "scaled_age": 0.19444444444444445}, "101": {"bias": -0.0, "objective_cosine_similarity": -0.47149720480505924, "is_tight": 0.0, "dual_solution_value": 0.0, "scaled_age": 0.19444444444444445}, "102": {"bias": -0.3779644730092272, "objective_cosine_similarity": -0.30850673708407633, "is_tight": 0.0, "dual_solution_value": 0.0, "scaled_age": 0.19444444444444445}, "103": {"bias": -0.4472135954999579, "objective_cosine_similarity": -0.24335339602841768, "is_tight": 0.0, "dual_solution_value": 0.0, "scaled_age": 0.19444444444444445}, "104": {"bias": -0.5, "objective_cosine_similarity": -0.2108599602290506, "is_tight": 0.0, "dual_solution_value": 0.0, "scaled_age": 0.19444444444444445}, "105": {"bias": -0.5, "objective_cosine_similarity": -0.25507253253514184, "is_tight": 0.0, "dual_solution_value": 0.0, "scaled_age": 0.19444444444444445}, "106": {"bias": -0.35355339059327373, "objective_cosine_similarity": -0.31743979071204415, "is_tight": 0.0, "dual_solution_value": 0.0, "scaled_age": 0.19444444444444445}, "107": {"bias": -0.0, "objective_cosine_similarity": -0.586162800459745, "is_tight": 1.0, "dual_solution_value": -2.4710802157018664e-05, "scaled_age": 0.0}, "108": {"bias": -0.3779644730092272, "objective_cosine_similarity": -0.17739137382334388, "is_tight": 0.0, "dual_solution_value": 0.0, "scaled_age": 0.19444444444444445}, "109": {"bias": -0.5, "objective_cosine_similarity": -0.4047150849557584, "is_tight": 0.0, "dual_solution_value": 0.0, "scaled_age": 0.19444444444444445}, "110": {"bias": -0.4472135954999579, "objective_cosine_similarity": -0.26160490073054904, "is_tight": 0.0, "dual_solution_value": 0.0, "scaled_age": 0.19444444444444445}, "111": {"bias": -0.9094740369547696, "objective_cosine_similarity": -0.9819049919339584, "is_tight": 0.0, "dual_solution_value": -0.0, "scaled_age": 0.06481481481481481}, "112": {"bias": -0.9049898005717635, "objective_cosine_similarity": -0.9812756054788326, "is_tight": 1.0, "dual_solution_value": -0.004290120972256933, "scaled_age": 0.0}, "113": {"bias": -0.9347957839612439, "objective_cosine_similarity": -0.9848593088680376, "is_tight": 1.0, "dual_solution_value": -0.006940951080504164, "scaled_age": 0.0}, "114": {"bias": -0.9130861979409299, "objective_cosine_similarity": -0.9815106673124747, "is_tight": 1.0, "dual_solution_value": -0.03190626405770141, "scaled_age": 0.0}, "115": {"bias": -0.9364341959756277, "objective_cosine_similarity": -0.9826428469198897, "is_tight": 1.0, "dual_solution_value": -0.027080153309734734, "scaled_age": 0.0}, "116": {"bias": -0.9405895692936839, "objective_cosine_similarity": -0.9805264353863745, "is_tight": 0.0, "dual_solution_value": -0.0, "scaled_age": 0.018518518518518517}, "117": {"bias": -0.6666666666666666, "objective_cosine_similarity": -0.5577586044768436, "is_tight": 0.0, "dual_solution_value": -0.0, "scaled_age": 0.07407407407407407}, "118": {"bias": -0.5, "objective_cosine_similarity": -0.75501469630402, "is_tight": 0.0, "dual_solution_value": -0.0, "scaled_age": 0.027777777777777776}, "119": {"bias": -0.861586494986753, "objective_cosine_similarity": -0.9802942319146648, "is_tight": 0.0, "dual_solution_value": -0.0, "scaled_age": 0.05555555555555555}, "120": {"bias": -0.6737215368532152, "objective_cosine_similarity": -0.9331338723533931, "is_tight": 1.0, "dual_solution_value": -9.896323124206821e-05, "scaled_age": 0.0}, "121": {"bias": -0.50709255283711, "objective_cosine_similarity": -0.7783717635433534, "is_tight": 1.0, "dual_solution_value": -3.869861474627115e-05, "scaled_age": 0.0}, "122": {"bias": -0.8984779183888729, "objective_cosine_similarity": -0.9735081083835514, "is_tight": 1.0, "dual_solution_value": -8.172836274363633e-05, "scaled_age": 0.0}, "123": {"bias": -0.8933250005738371, "objective_cosine_similarity": -0.9787967591963079, "is_tight": 0.0, "dual_solution_value": -0.0, "scaled_age": 0.027777777777777776}, "124": {"bias": -0.8301631286185909, "objective_cosine_similarity": -0.9742755148618528, "is_tight": 0.0, "dual_solution_value": -0.0, "scaled_age": 0.027777777777777776}, "125": {"bias": -0.8638684255813602, "objective_cosine_similarity": -0.9816797553208877, "is_tight": 1.0, "dual_solution_value": -8.433264776527825e-06, "scaled_age": 0.0}, "126": {"bias": -0.8982953824709535, "objective_cosine_similarity": -0.9843063458116925, "is_tight": 1.0, "dual_solution_value": -2.12212008756053e-05, "scaled_age": 0.0}, "127": {"bias": -0.50709255283711, "objective_cosine_similarity": -0.8105643918730637, "is_tight": 1.0, "dual_solution_value": -2.036711018890478e-06, "scaled_age": 0.0}}