{"0": {"bias": -0.8040302522073697, "objective_cosine_similarity": -0.9327733107182103, "is_tight": 0.0, "dual_solution_value": -0.0, "scaled_age": 0.0297029702970297}, "1": {"bias": -0.6575959492214292, "objective_cosine_similarity": -0.8987395746332072, "is_tight": 1.0, "dual_solution_value": -4.842618213965499e-06, "scaled_age": 0.0}, "2": {"bias": -0.769800358919501, "objective_cosine_similarity": -0.7672163167317007, "is_tight": 0.0, "dual_solution_value": -0.0, "scaled_age": 0.09900990099009901}, "3": {"bias": -0.6324555320336759, "objective_cosine_similarity": -0.6502797565355397, "is_tight": 1.0, "dual_solution_value": -0.0001208878921938646, "scaled_age": 0.0}, "4": {"bias": -0.6396021490668313, "objective_cosine_similarity": -0.7602840634176277, "is_tight": 1.0, "dual_solution_value": -6.12252704698997e-05, "scaled_age": 0.0}, "5": {"bias": -0.8859077812569185, "objective_cosine_similarity": -0.8765147392826509, "is_tight": 1.0, "dual_solution_value": -1.5299979589410176e-09, "scaled_age": 0.0}, "6": {"bias": -1.0289955775892128, "objective_cosine_similarity": -0.9223985490467631, "is_tight": 0.0, "dual_solution_value": -0.0, "scaled_age": 0.04950495049504951}, "7": {"bias": -1.008279111406418, "objective_cosine_similarity": -0.9346285769334581, "is_tight": 1.0, "dual_solution_value": -5.280606751614746e-09, "scaled_age": 0.0}, "8": {"bias": -0.8427009716003844, "objective_cosine_similarity": -0.8236721519660613, "is_tight": 0.0, "dual_solution_value": -0.0, "scaled_age": 0.009900990099009901}, "9": {"bias": -0.5345224838248488, "objective_cosine_similarity": -0.6372508396746557, "is_tight": 0.0, "dual_solution_value": -0.0, "scaled_age": 0.09900990099009901}, "10": {"bias": -0.9282257173191429, "objective_cosine_similarity": -0.9507090324549077, "is_tight": 0.0, "dual_solution_value": -0.0, "scaled_age": 0.019801980198019802}, "11": {"bias": -0.8340576562282991, "objective_cosine_similarity": -0.7996911607732934, "is_tight": 1.0, "dual_solution_value": -0.00018550871960544796, "scaled_age": 0.0}, "12": {"bias": -0.9870703218291806, "objective_cosine_similarity": -0.9783731434244254, "is_tight": 1.0, "dual_solution_value": -0.0011380981545400012, "scaled_age": 0.0}, "13": {"bias": -0.5, "objective_cosine_similarity": -0.11564425673043338, "is_tight": 0.0, "dual_solution_value": 0.0, "scaled_age": 0.22772277227722773}, "14": {"bias": -0.4082482904638631, "objective_cosine_similarity": -0.3485072266461525, "is_tight": 0.0, "dual_solution_value": 0.0, "scaled_age": 0.039603960396039604}, "15": {"bias": -0.35355339059327373, "objective_cosine_similarity": -0.353853372312172, "is_tight": 0.0, "dual_solution_value": 0.0, "scaled_age": 0.22772277227722773}, "16": {"bias": -0.4082482904638631, "objective_cosine_similarity": -0.48928354479878555, "is_tight": 1.0, "dual_solution_value": -0.011459581439750762, "scaled_age": 0.0}, "17": {"bias": -0.3779644730092272, "objective_cosine_similarity": -0.3639802656847493, "is_tight": 0.0, "dual_solution_value": 0.0, "scaled_age": 0.22772277227722773}, "18": {"bias": -0.4472135954999579, "objective_cosine_similarity": -0.3046641739606053, "is_tight": 0.0, "dual_solution_value": 0.0, "scaled_age": 0.22772277227722773}, "19": {"bias": -0.4082482904638631, "objective_cosine_similarity": -0.32790581423357207, "is_tight": 0.0, "dual_solution_value": 0.0, "scaled_age": 0.22772277227722773}, "20": {"bias": -0.31622776601683794, "objective_cosine_similarity": -0.44548817676770097, "is_tight": 0.0, "dual_solution_value": 0.0, "scaled_age": 0.22772277227722773}, "21": {"bias": -0.3779644730092272, "objective_cosine_similarity": -0.30993952754814896, "is_tight": 0.0, "dual_solution_value": 0.0, "scaled_age": 0.22772277227722773}, "22": {"bias": -0.3333333333333333, "objective_cosine_similarity": -0.41491757566313064, "is_tight": 0.0, "dual_solution_value": 0.0, "scaled_age": 0.22772277227722773}, "23": {"bias": -0.3333333333333333, "objective_cosine_similarity": -0.2705374733208926, "is_tight": 0.0, "dual_solution_value": 0.0, "scaled_age": 0.22772277227722773}, "24": {"bias": -0.3779644730092272, "objective_cosine_similarity": -0.4402730724658321, "is_tight": 0.0, "dual_solution_value": 0.0, "scaled_age": 0.22772277227722773}, "25": {"bias": -0.35355339059327373, "objective_cosine_similarity": -0.3047896694285515, "is_tight": 0.0, "dual_solution_value": 0.0, "scaled_age": 0.22772277227722773}, "26": {"bias": -0.4082482904638631, "objective_cosine_similarity": -0.4068778951484638, "is_tight": 0.0, "dual_solution_value": 0.0, "scaled_age": 0.22772277227722773}, "27": {"bias": -0.35355339059327373, "objective_cosine_similarity": -0.3627740455637394, "is_tight": 0.0, "dual_solution_value": 0.0, "scaled_age": 0.22772277227722773}, "28": {"bias": -0.5, "objective_cosine_similarity": -0.19554392501691462, "is_tight": 0.0, "dual_solution_value": 0.0, "scaled_age": 0.22772277227722773}, "29": {"bias": -0.4472135954999579, "objective_cosine_similarity": -0.2181545937001865, "is_tight": 0.0, "dual_solution_value": 0.0, "scaled_age": 0.22772277227722773}, "30": {"bias": -0.4082482904638631, "objective_cosine_similarity": -0.49786746663736076, "is_tight": 1.0, "dual_solution_value": -2.276803135422848e-06, "scaled_age": 0.0}, "31": {"bias": -0.4082482904638631, "objective_cosine_similarity": -0.35194079538158257, "is_tight": 1.0, "dual_solution_value": -0.00797014735005118, "scaled_age": 0.0}, "32": {"bias": -0.5, "objective_cosine_similarity": -0.2628278562055304, "is_tight": 0.0, "dual_solution_value": 0.0, "scaled_age": 0.10891089108910891}, "33": {"bias": -0.4082482904638631, "objective_cosine_similarity": -0.23176588964153, "is_tight": 0.0, "dual_solution_value": 0.0, "scaled_age": 0.22772277227722773}, "34": {"bias": -0.4082482904638631, "objective_cosine_similarity": -0.29013655814384126, "is_tight": 0.0, "dual_solution_value": 0.0, "scaled_age": 0.22772277227722773}, "35": {"bias": -0.3333333333333333, "objective_cosine_similarity": -0.4205245699288486, "is_tight": 0.0, "dual_solution_value": 0.0, "scaled_age": 0.22772277227722773}, "36": {"bias": -0.5, "objective_cosine_similarity": -0.45416653552315656, "is_tight": 1.0, "dual_solution_value": -0.033262113077525815, "scaled_age": 0.0}, "37": {"bias": -0.4082482904638631, "objective_cosine_similarity": -0.2746854988344059, "is_tight": 0.0, "dual_solution_value": 0.0, "scaled_age": 0.22772277227722773}, "38": {"bias": -0.3779644730092272, "objective_cosine_similarity": -0.397358368651473, "is_tight": 0.0, "dual_solution_value": 0.0, "scaled_age": 0.22772277227722773}, "39": {"bias": -0.4472135954999579, "objective_cosine_similarity": -0.21251266455276788, "is_tight": 0.0, "dual_solution_value": 0.0, "scaled_age": 0.22772277227722773}, "40": {"bias": -0.3333333333333333, "objective_cosine_similarity": -0.3252056674116429, "is_tight": 0.0, "dual_solution_value": 0.0, "scaled_age": 0.22772277227722773}, "41": {"bias": -0.5773502691896258, "objective_cosine_similarity": -0.15538558313553433, "is_tight": 0.0, "dual_solution_value": 0.0, "scaled_age": 0.22772277227722773}, "42": {"bias": -0.4472135954999579, "objective_cosine_similarity": -0.3780092528770473, "is_tight": 1.0, "dual_solution_value": -0.0038486969589982107, "scaled_age": 0.0}, "43": {"bias": -0.2886751345948129, "objective_cosine_similarity": -0.3860360581023431, "is_tight": 0.0, "dual_solution_value": 0.0, "scaled_age": 0.22772277227722773}, "44": {"bias": -0.3779644730092272, "objective_cosine_similarity": -0.3814640339054141, "is_tight": 0.0, "dual_solution_value": 0.0, "scaled_age": 0.22772277227722773}, "45": {"bias": -0.4472135954999579, "objective_cosine_similarity": -0.4062188986141404, "is_tight": 1.0, "dual_solution_value": -0.0034474210974111074, "scaled_age": 0.0}, "46": {"bias": -0.3779644730092272, "objective_cosine_similarity": -0.3019923601751195, "is_tight": 0.0, "dual_solution_value": 0.0, "scaled_age": 0.22772277227722773}, "47": {"bias": -0.4082482904638631, "objective_cosine_similarity": -0.39142683583902843, "is_tight": 0.0, "dual_solution_value": 0.0, "scaled_age": 0.22772277227722773}, "48": {"bias": -0.4082482904638631, "objective_cosine_similarity": -0.4034443264130337, "is_tight": 0.0, "dual_solution_value": 0.0, "scaled_age": 0.12871287128712872}, "49": {"bias": -0.4082482904638631, "objective_cosine_similarity": -0.3485072266461525, "is_tight": 0.0, "dual_solution_value": 0.0, "scaled_age": 0.22772277227722773}, "50": {"bias": -0.3779644730092272, "objective_cosine_similarity": -0.4593462741611028, "is_tight": 0.0, "dual_solution_value": 0.0, "scaled_age": 0.22772277227722773}, "51": {"bias": -0.5, "objective_cosine_similarity": -0.3385222787927232, "is_tight": 1.0, "dual_solution_value": -0.02767686009609924, "scaled_age": 0.0}, "52": {"bias": -0.35355339059327373, "objective_cosine_similarity": -0.39548318081948636, "is_tight": 0.0, "dual_solution_value": 0.0, "scaled_age": 0.22772277227722773}, "53": {"bias": -0.4472135954999579, "objective_cosine_similarity": -0.34603832104167515, "is_tight": 0.0, "dual_solution_value": 0.0, "scaled_age": 0.07920792079207921}, "54": {"bias": -0.35355339059327373, "objective_cosine_similarity": -0.38061539206687406, "is_tight": 0.0, "dual_solution_value": 0.0, "scaled_age": 0.22772277227722773}, "55": {"bias": -0.3333333333333333, "objective_cosine_similarity": -0.3924895986002587, "is_tight": 0.0, "dual_solution_value": 0.0, "scaled_age": 0.22772277227722773}, "56": {"bias": -0.3779644730092272, "objective_cosine_similarity": -0.2543093559369427, "is_tight": 0.0, "dual_solution_value": 0.0, "scaled_age": 0.22772277227722773}, "57": {"bias": -0.5, "objective_cosine_similarity": -0.40160096428205044, "is_tight": 0.0, "dual_solution_value": 0.0, "scaled_age": 0.22772277227722773}, "58": {"bias": -0.4082482904638631, "objective_cosine_similarity": -0.46181499491534495, "is_tight": 1.0, "dual_solution_value": -0.003935207954187398, "scaled_age": 0.0}, "59": {"bias": -0.4082482904638631, "objective_cosine_similarity": -0.38112612963273823, "is_tight": 0.0, "dual_solution_value": 0.0, "scaled_age": 0.22772277227722773}, "60": {"bias": -0.3779644730092272, "objective_cosine_similarity": -0.4227893042451673, "is_tight": 1.0, "dual_solution_value": -0.01531544451017609, "scaled_age": 0.0}, "61": {"bias": -0.35355339059327373, "objective_cosine_similarity": -0.46238823020624154, "is_tight": 0.0, "dual_solution_value": 0.0, "scaled_age": 0.22772277227722773}, "62": {"bias": -0.3779644730092272, "objective_cosine_similarity": -0.41007383644832013, "is_tight": 0.0, "dual_solution_value": 0.0, "scaled_age": 0.12871287128712872}, "63": {"bias": -0.35355339059327373, "objective_cosine_similarity": -0.3137103426801189, "is_tight": 0.0, "dual_solution_value": 0.0, "scaled_age": 0.22772277227722773}, "64": {"bias": -0.3779644730092272, "objective_cosine_similarity": -0.12556524449386547, "is_tight": 0.0, "dual_solution_value": 0.0, "scaled_age": 0.22772277227722773}, "65": {"bias": -0.4472135954999579, "objective_cosine_similarity": -0.4024576125158613, "is_tight": 1.0, "dual_solution_value": -0.0076204970508886305, "scaled_age": 0.0}, "66": {"bias": -0.4082482904638631, "objective_cosine_similarity": -0.3794093452650232, "is_tight": 0.0, "dual_solution_value": 0.0, "scaled_age": 0.22772277227722773}, "67": {"bias": -0.5, "objective_cosine_similarity": -0.2481094962580207, "is_tight": 1.0, "dual_solution_value": -4.5247082251740205e-08, "scaled_age": 0.0}, "68": {"bias": -0.4472135954999579, "objective_cosine_similarity": -0.338515748845117, "is_tight": 0.0, "dual_solution_value": 0.0, "scaled_age": 0.0594059405940594}, "69": {"bias": -0.3779644730092272, "objective_cosine_similarity": -0.26861425720839577, "is_tight": 0.0, "dual_solution_value": 0.0, "scaled_age": 0.22772277227722773}, "70": {"bias": -0.4472135954999579, "objective_cosine_similarity": -0.2595287407812564, "is_tight": 0.0, "dual_solution_value": 0.0, "scaled_age": 0.22772277227722773}, "71": {"bias": -0.4472135954999579, "objective_cosine_similarity": -0.4005769694667218, "is_tight": 0.0, "dual_solution_value": 0.0, "scaled_age": 0.19801980198019803}, "72": {"bias": -0.35355339059327373, "objective_cosine_similarity": -0.2795144285491106, "is_tight": 0.0, "dual_solution_value": 0.0, "scaled_age": 0.22772277227722773}, "73": {"bias": -0.3779644730092272, "objective_cosine_similarity": -0.32583386229420785, "is_tight": 0.0, "dual_solution_value": 0.0, "scaled_age": 0.22772277227722773}, "74": {"bias": -0.35355339059327373, "objective_cosine_similarity": -0.39548318081948636, "is_tight": 0.0, "dual_solution_value": 0.0, "scaled_age": 0.22772277227722773}, "75": {"bias": -0.30151134457776363, "objective_cosine_similarity": -0.3778429269515542, "is_tight": 0.0, "dual_solution_value": 0.0, "scaled_age": 0.22772277227722773}, "76": {"bias": -0.3779644730092272, "objective_cosine_similarity": -0.4037161025498966, "is_tight": 0.0, "dual_solution_value": 0.0, "scaled_age": 0.22772277227722773}, "77": {"bias": -0.35355339059327373, "objective_cosine_similarity": -0.4698221245825477, "is_tight": 0.0, "dual_solution_value": 0.0, "scaled_age": 0.22772277227722773}, "78": {"bias": -0.30151134457776363, "objective_cosine_similarity": -0.41841666407386874, "is_tight": 0.0, "dual_solution_value": 0.0, "scaled_age": 0.22772277227722773}, "79": {"bias": -0.4082482904638631, "objective_cosine_similarity": -0.29872047998241646, "is_tight": 1.0, "dual_solution_value": -1.9361549373757664e-05, "scaled_age": 0.0}, "80": {"bias": -0.4082482904638631, "objective_cosine_similarity": -0.35194079538158257, "is_tight": 0.0, "dual_solution_value": 0.0, "scaled_age": 0.0594059405940594}, "81": {"bias": -0.4472135954999579, "objective_cosine_similarity": -0.4400704734986521, "is_tight": 1.0, "dual_solution_value": -9.026641669691847e-05, "scaled_age": 0.0}, "82": {"bias": -0.31622776601683794, "objective_cosine_similarity": -0.4747441167345351, "is_tight": 0.0, "dual_solution_value": 0.0, "scaled_age": 0.22772277227722773}, "83": {"bias": -0.5773502691896258, "objective_cosine_similarity": -0.28649216890614143, "is_tight": 1.0, "dual_solution_value": -0.013848895011094021, "scaled_age": 0.0}, "84": {"bias": -0.3779644730092272, "objective_cosine_similarity": -0.32424442881960197, "is_tight": 0.0, "dual_solution_value": 0.0, "scaled_age": 0.22772277227722773}, "85": {"bias": -0.4472135954999579, "objective_cosine_similarity": -0.29338031566576805, "is_tight": 0.0, "dual_solution_value": 0.0, "scaled_age": 0.22772277227722773}, "86": {"bias": -0.4082482904638631, "objective_cosine_similarity": -0.18197914297779394, "is_tight": 0.0, "dual_solution_value": 0.0, "scaled_age": 0.22772277227722773}, "87": {"bias": -0.4472135954999579, "objective_cosine_similarity": -0.12788372734148865, "is_tight": 0.0, "dual_solution_value": 0.0, "scaled_age": 0.0594059405940594}, "88": {"bias": -0.4472135954999579, "objective_cosine_similarity": -0.28397710042007035, "is_tight": 0.0, "dual_solution_value": 0.0, "scaled_age": 0.1782178217821782}, "89": {"bias": -0.35355339059327373, "objective_cosine_similarity": -0.2527524087944086, "is_tight": 0.0, "dual_solution_value": 0.0, "scaled_age": 0.22772277227722773}, "90": {"bias": -0.31622776601683794, "objective_cosine_similarity": -0.31516626236998546, "is_tight": 0.0, "dual_solution_value": 0.0, "scaled_age": 0.22772277227722773}, "91": {"bias": -0.4472135954999579, "objective_cosine_similarity": -0.3309931766485588, "is_tight": 0.0, "dual_solution_value": 0.0, "scaled_age": 0.18811881188118812}, "92": {"bias": -0.3779644730092272, "objective_cosine_similarity": -0.24795162203851917, "is_tight": 0.0, "dual_solution_value": 0.0, "scaled_age": 0.22772277227722773}, "93": {"bias": -0.3779644730092272, "objective_cosine_similarity": -0.29404519280209, "is_tight": 0.0, "dual_solution_value": 0.0, "scaled_age": 0.19801980198019803}, "94": {"bias": -0.35355339059327373, "objective_cosine_similarity": -0.37912861319161284, "is_tight": 0.0, "dual_solution_value": 0.0, "scaled_age": 0.22772277227722773}, "95": {"bias": -0.4082482904638631, "objective_cosine_similarity": -0.25236730205411045, "is_tight": 0.0, "dual_solution_value": 0.0, "scaled_age": 0.22772277227722773}, "96": {"bias": -0.4082482904638631, "objective_cosine_similarity": -0.3347729517044322, "is_tight": 0.0, "dual_solution_value": 0.0, "scaled_age": 0.15841584158415842}, "97": {"bias": -0.4082482904638631, "objective_cosine_similarity": -0.18369592734550896, "is_tight": 0.0, "dual_solution_value": 0.0, "scaled_age": 0.22772277227722773}, "98": {"bias": -0.30151134457776363, "objective_cosine_similarity": -0.2852840891412741, "is_tight": 0.0, "dual_solution_value": 0.0, "scaled_age": 0.22772277227722773}, "99": {"bias": -0.4472135954999579, "objective_cosine_similarity": -0.265170669928675, "is_tight": 0.0, "dual_solution_value": 0.0, "scaled_age": 0.22772277227722773}, "100": {"bias": -0.4472135954999579, "objective_cosine_similarity": -0.2764545282235122, "is_tight": 0.0, "dual_solution_value": 0.0, "scaled_age": 0.22772277227722773}, "101": {"bias": -0.35355339059327373, "objective_cosine_similarity": -0.35534015118743323, "is_tight": 0.0, "dual_solution_value": 0.0, "scaled_age": 0.22772277227722773}, "102": {"bias": -0.3333333333333333, "objective_cosine_similarity": -0.4541665355231565, "is_tight": 0.0, "dual_solution_value": 0.0, "scaled_age": 0.22772277227722773}, "103": {"bias": -0.3779644730092272, "objective_cosine_similarity": -0.2590776563607604, "is_tight": 0.0, "dual_solution_value": 0.0, "scaled_age": 0.13861386138613863}, "104": {"bias": -0.35355339059327373, "objective_cosine_similarity": -0.3627740455637394, "is_tight": 0.0, "dual_solution_value": 0.0, "scaled_age": 0.22772277227722773}, "105": {"bias": -0.4082482904638631, "objective_cosine_similarity": -0.1716784367715037, "is_tight": 0.0, "dual_solution_value": 0.0, "scaled_age": 0.22772277227722773}, "106": {"bias": -0.3333333333333333, "objective_cosine_similarity": -0.4065070842645537, "is_tight": 0.0, "dual_solution_value": 0.0, "scaled_age": 0.22772277227722773}, "107": {"bias": -0.3779644730092272, "objective_cosine_similarity": -0.3576225317863257, "is_tight": 0.0, "dual_solution_value": 0.0, "scaled_age": 0.0891089108910891}, "108": {"bias": -0.4472135954999579, "objective_cosine_similarity": -0.33287381969769836, "is_tight": 0.0, "dual_solution_value": 0.0, "scaled_age": 0.039603960396039604}, "109": {"bias": -0.3779644730092272, "objective_cosine_similarity": -0.3035817936497254, "is_tight": 0.0, "dual_solution_value": 0.0, "scaled_age": 0.22772277227722773}, "110": {"bias": -0.3779644730092272, "objective_cosine_similarity": -0.4927243771278265, "is_tight": 1.0, "dual_solution_value": -0.020801514920558994, "scaled_age": 0.0}, "111": {"bias": -0.9522043609894022, "objective_cosine_similarity": -0.9805878332261622, "is_tight": 1.0, "dual_solution_value": -0.016911005336666937, "scaled_age": 0.0}, "112": {"bias": -0.9572587847403988, "objective_cosine_similarity": -0.9710908822717476, "is_tight": 1.0, "dual_solution_value": -0.017924868078375403, "scaled_age": 0.0}, "113": {"bias": -0.7905694150420948, "objective_cosine_similarity": -0.8630502290216058, "is_tight": 0.0, "dual_solution_value": -0.0, "scaled_age": 0.0297029702970297}, "114": {"bias": -0.9670646684099748, "objective_cosine_similarity": -0.9791940019113021, "is_tight": 1.0, "dual_solution_value": -0.013113291822174982, "scaled_age": 0.0}, "115": {"bias": -0.875113012593303, "objective_cosine_similarity": -0.9327292607715516, "is_tight": 1.0, "dual_solution_value": -2.2006944406001528e-05, "scaled_age": 0.0}, "116": {"bias": -0.959052629105368, "objective_cosine_similarity": -0.9692501206966819, "is_tight": 1.0, "dual_solution_value": -0.005064475133590552, "scaled_age": 0.0}, "117": {"bias": -0.8846517369293828, "objective_cosine_similarity": -0.8854023430775095, "is_tight": 1.0, "dual_solution_value": -0.00042027206657725973, "scaled_age": 0.0}, "118": {"bias": -0.936585811581694, "objective_cosine_similarity": -0.933048051766326, "is_tight": 1.0, "dual_solution_value": -0.00016113529082131993, "scaled_age": 0.0}, "119": {"bias": -0.8911327886790069, "objective_cosine_similarity": -0.9002165212403167, "is_tight": 1.0, "dual_solution_value": -8.83751743487411e-05, "scaled_age": 0.0}, "120": {"bias": -0.8429272304235246, "objective_cosine_similarity": -0.9472269162085327, "is_tight": 0.0, "dual_solution_value": -0.0, "scaled_age": 0.0594059405940594}, "121": {"bias": -0.9763374007142703, "objective_cosine_similarity": -0.9727208612191892, "is_tight": 0.0, "dual_solution_value": -0.0, "scaled_age": 0.039603960396039604}, "122": {"bias": -0.8767140075192094, "objective_cosine_similarity": -0.9588307732034811, "is_tight": 1.0, "dual_solution_value": -2.577011354835987e-05, "scaled_age": 0.0}, "123": {"bias": -0.9325048082403138, "objective_cosine_similarity": -0.9786536801430222, "is_tight": 1.0, "dual_solution_value": -6.538818002825218e-06, "scaled_age": 0.0}, "124": {"bias": -1.0184960265630165, "objective_cosine_similarity": -0.9527643647875645, "is_tight": 0.0, "dual_solution_value": -0.0, "scaled_age": 0.0297029702970297}, "125": {"bias": -0.9732719824598723, "objective_cosine_similarity": -0.9815605897819383, "is_tight": 1.0, "dual_solution_value": -0.0014023516563841441, "scaled_age": 0.0}, "126": {"bias": -0.9979951290158393, "objective_cosine_similarity": -0.9736610160154943, "is_tight": 1.0, "dual_solution_value": -3.5728491166920405e-06, "scaled_age": 0.0}, "127": {"bias": -0.9138115486202572, "objective_cosine_similarity": -0.9561460890983736, "is_tight": 0.0, "dual_solution_value": -0.0, "scaled_age": 0.009900990099009901}, "128": {"bias": -0.8427009716003844, "objective_cosine_similarity": -0.8631598150597015, "is_tight": 1.0, "dual_solution_value": -1.2669306925133882e-05, "scaled_age": 0.0}}