{"0": {"bias": -1.162476387438193, "objective_cosine_similarity": -0.8862566339982451, "is_tight": 0.0, "dual_solution_value": -0.0, "scaled_age": 0.028169014084507043}, "1": {"bias": -0.9607689228305227, "objective_cosine_similarity": -0.7352920438337147, "is_tight": 1.0, "dual_solution_value": -7.202905735436637e-06, "scaled_age": 0.0}, "2": {"bias": -0.8017837257372732, "objective_cosine_similarity": -0.5930662910121555, "is_tight": 1.0, "dual_solution_value": -0.00012695224415224614, "scaled_age": 0.0}, "3": {"bias": -0.917662935482247, "objective_cosine_similarity": -0.697261885017482, "is_tight": 1.0, "dual_solution_value": -3.020943175022143e-05, "scaled_age": 0.0}, "4": {"bias": -0.6666666666666666, "objective_cosine_similarity": -0.5785644178890038, "is_tight": 1.0, "dual_solution_value": -0.004236193575005336, "scaled_age": 0.0}, "5": {"bias": -1.0425720702853738, "objective_cosine_similarity": -0.7146716662823589, "is_tight": 0.0, "dual_solution_value": -0.0, "scaled_age": 0.056338028169014086}, "6": {"bias": -1.2656401478958241, "objective_cosine_similarity": -0.937936804074786, "is_tight": 1.0, "dual_solution_value": -2.0911880125503646e-09, "scaled_age": 0.0}, "7": {"bias": -1.3794609894300105, "objective_cosine_similarity": -0.9211425335560428, "is_tight": 0.0, "dual_solution_value": -0.0, "scaled_age": 0.04225352112676056}, "8": {"bias": -1.346158468480397, "objective_cosine_similarity": -0.9122464742773484, "is_tight": 0.0, "dual_solution_value": -0.0, "scaled_age": 0.1267605633802817}, "9": {"bias": -1.2768086325772081, "objective_cosine_similarity": -0.9024732710453698, "is_tight": 1.0, "dual_solution_value": -0.00018684420217740823, "scaled_age": 0.0}, "10": {"bias": -1.212420882597142, "objective_cosine_similarity": -0.8729222171837876, "is_tight": 1.0, "dual_solution_value": -0.0008016281784176504, "scaled_age": 0.0}, "11": {"bias": -1.3166955965901548, "objective_cosine_similarity": -0.9329568613128983, "is_tight": 1.0, "dual_solution_value": -0.0009761339081164353, "scaled_age": 0.0}, "12": {"bias": -1.4012444720164563, "objective_cosine_similarity": -0.9564310722355133, "is_tight": 0.0, "dual_solution_value": 0.0, "scaled_age": 0.1267605633802817}, "13": {"bias": -0.4082482904638631, "objective_cosine_similarity": -0.28254056724994125, "is_tight": 0.0, "dual_solution_value": 0.0, "scaled_age": 0.29577464788732394}, "14": {"bias": -0.7071067811865475, "objective_cosine_similarity": -0.10098206396493621, "is_tight": 0.0, "dual_solution_value": 0.0, "scaled_age": 0.29577464788732394}, "15": {"bias": -0.4082482904638631, "objective_cosine_similarity": -0.3154288872472889, "is_tight": 0.0, "dual_solution_value": 0.0, "scaled_age": 0.29577464788732394}, "16": {"bias": -0.5, "objective_cosine_similarity": -0.18309000566107717, "is_tight": 1.0, "dual_solution_value": -0.00013348757929849923, "scaled_age": 0.0}, "17": {"bias": -0.4082482904638631, "objective_cosine_similarity": -0.3393476654271781, "is_tight": 0.0, "dual_solution_value": 0.0, "scaled_age": 0.04225352112676056}, "18": {"bias": -0.4472135954999579, "objective_cosine_similarity": -0.32424614533791996, "is_tight": 0.0, "dual_solution_value": 0.0, "scaled_age": 0.19718309859154928}, "19": {"bias": -0.5773502691896258, "objective_cosine_similarity": -0.14164746583283302, "is_tight": 0.0, "dual_solution_value": 0.0, "scaled_age": 0.056338028169014086}, "20": {"bias": -0.4472135954999579, "objective_cosine_similarity": -0.29640682982910865, "is_tight": 0.0, "dual_solution_value": 0.0, "scaled_age": 0.29577464788732394}, "21": {"bias": -0.5, "objective_cosine_similarity": -0.20872260645362797, "is_tight": 0.0, "dual_solution_value": 0.0, "scaled_age": 0.29577464788732394}, "22": {"bias": -0.4472135954999579, "objective_cosine_similarity": -0.2390905920168501, "is_tight": 0.0, "dual_solution_value": 0.0, "scaled_age": 0.29577464788732394}, "23": {"bias": -0.4082482904638631, "objective_cosine_similarity": -0.2915101090673997, "is_tight": 0.0, "dual_solution_value": 0.0, "scaled_age": 0.29577464788732394}, "24": {"bias": -0.4082482904638631, "objective_cosine_similarity": -0.4006395345131442, "is_tight": 0.0, "dual_solution_value": 0.0, "scaled_age": 0.07042253521126761}, "25": {"bias": -0.3779644730092272, "objective_cosine_similarity": -0.41936119606784944, "is_tight": 0.0, "dual_solution_value": 0.0, "scaled_age": 0.29577464788732394}, "26": {"bias": -0.5, "objective_cosine_similarity": -0.29294400905772344, "is_tight": 1.0, "dual_solution_value": -0.018133548344506784, "scaled_age": 0.0}, "27": {"bias": -0.4082482904638631, "objective_cosine_similarity": -0.3333679708822058, "is_tight": 0.0, "dual_solution_value": 0.0, "scaled_age": 0.29577464788732394}, "28": {"bias": -0.5, "objective_cosine_similarity": -0.3167457097936635, "is_tight": 0.0, "dual_solution_value": 0.0, "scaled_age": 0.028169014084507043}, "29": {"bias": -0.4472135954999579, "objective_cosine_similarity": -0.28821879585592886, "is_tight": 0.0, "dual_solution_value": 0.0, "scaled_age": 0.29577464788732394}, "30": {"bias": -0.5, "objective_cosine_similarity": -0.30576030945399885, "is_tight": 1.0, "dual_solution_value": -0.003935185433663394, "scaled_age": 0.0}, "31": {"bias": -0.5, "objective_cosine_similarity": -0.35702551103910046, "is_tight": 1.0, "dual_solution_value": -0.009434086420436067, "scaled_age": 0.0}, "32": {"bias": -0.3779644730092272, "objective_cosine_similarity": -0.39168058906667125, "is_tight": 0.0, "dual_solution_value": 0.0, "scaled_age": 0.29577464788732394}, "33": {"bias": -0.4472135954999579, "objective_cosine_similarity": -0.24891623278466585, "is_tight": 0.0, "dual_solution_value": 0.0, "scaled_age": 0.29577464788732394}, "34": {"bias": -0.4082482904638631, "objective_cosine_similarity": -0.2840354908861843, "is_tight": 0.0, "dual_solution_value": 0.0, "scaled_age": 0.29577464788732394}, "35": {"bias": -0.4472135954999579, "objective_cosine_similarity": -0.28494358226665695, "is_tight": 0.0, "dual_solution_value": 0.0, "scaled_age": 0.014084507042253521}, "36": {"bias": -0.5, "objective_cosine_similarity": -0.313083909680442, "is_tight": 0.0, "dual_solution_value": 0.0, "scaled_age": 0.04225352112676056}, "37": {"bias": -0.4472135954999579, "objective_cosine_similarity": -0.21288888330267475, "is_tight": 0.0, "dual_solution_value": 0.0, "scaled_age": 0.29577464788732394}, "38": {"bias": -0.35355339059327373, "objective_cosine_similarity": -0.34308008911164223, "is_tight": 0.0, "dual_solution_value": 0.0, "scaled_age": 0.07042253521126761}, "39": {"bias": -0.3779644730092272, "objective_cosine_similarity": -0.31555891981343126, "is_tight": 0.0, "dual_solution_value": 0.0, "scaled_age": 0.29577464788732394}, "40": {"bias": -0.4082482904638631, "objective_cosine_similarity": -0.357286749062095, "is_tight": 0.0, "dual_solution_value": 0.0, "scaled_age": 0.29577464788732394}, "41": {"bias": -0.4472135954999579, "objective_cosine_similarity": -0.3078700773915604, "is_tight": 0.0, "dual_solution_value": 0.0, "scaled_age": 0.1267605633802817}, "42": {"bias": -0.5773502691896258, "objective_cosine_similarity": -0.20929998682761897, "is_tight": 1.0, "dual_solution_value": -0.02956192485896707, "scaled_age": 0.0}, "43": {"bias": -0.5, "objective_cosine_similarity": -0.37716541166181894, "is_tight": 1.0, "dual_solution_value": -0.014352173022930912, "scaled_age": 0.0}, "44": {"bias": -0.4472135954999579, "objective_cosine_similarity": -0.4241401598107135, "is_tight": 0.0, "dual_solution_value": 0.0, "scaled_age": 0.29577464788732394}, "45": {"bias": -0.7071067811865475, "objective_cosine_similarity": -0.10874991503916207, "is_tight": 1.0, "dual_solution_value": -0.01282908236735552, "scaled_age": 0.0}, "46": {"bias": -0.5773502691896258, "objective_cosine_similarity": -0.24101210604392487, "is_tight": 1.0, "dual_solution_value": -0.0026202237267486765, "scaled_age": 0.0}, "47": {"bias": -0.4472135954999579, "objective_cosine_similarity": -0.35699828123063915, "is_tight": 1.0, "dual_solution_value": -0.007198899233304084, "scaled_age": 0.0}, "48": {"bias": -0.4472135954999579, "objective_cosine_similarity": -0.2259897376597624, "is_tight": 0.0, "dual_solution_value": 0.0, "scaled_age": 0.29577464788732394}, "49": {"bias": -0.4472135954999579, "objective_cosine_similarity": -0.26529230073102544, "is_tight": 0.0, "dual_solution_value": 0.0, "scaled_age": 0.16901408450704225}, "50": {"bias": -0.4472135954999579, "objective_cosine_similarity": -0.21288888330267475, "is_tight": 0.0, "dual_solution_value": 0.0, "scaled_age": 0.29577464788732394}, "51": {"bias": -0.5773502691896258, "objective_cosine_similarity": -0.1966151391410966, "is_tight": 0.0, "dual_solution_value": 0.0, "scaled_age": 0.29577464788732394}, "52": {"bias": -0.4472135954999579, "objective_cosine_similarity": -0.3963008443019022, "is_tight": 0.0, "dual_solution_value": 0.0, "scaled_age": 0.11267605633802817}, "53": {"bias": -0.3779644730092272, "objective_cosine_similarity": -0.40275283186714256, "is_tight": 0.0, "dual_solution_value": 0.0, "scaled_age": 0.29577464788732394}, "54": {"bias": -0.5773502691896258, "objective_cosine_similarity": -0.1691313024869648, "is_tight": 0.0, "dual_solution_value": 0.0, "scaled_age": 0.28169014084507044}, "55": {"bias": -0.5, "objective_cosine_similarity": -0.17210460532141253, "is_tight": 0.0, "dual_solution_value": 0.0, "scaled_age": 0.29577464788732394}, "56": {"bias": -0.4472135954999579, "objective_cosine_similarity": -0.5158461403103273, "is_tight": 1.0, "dual_solution_value": -0.007764247341329365, "scaled_age": 0.0}, "57": {"bias": -0.35355339059327373, "objective_cosine_similarity": -0.4194639580081965, "is_tight": 1.0, "dual_solution_value": -0.003603250619091203, "scaled_age": 0.0}, "58": {"bias": -0.4472135954999579, "objective_cosine_similarity": -0.37009913558772684, "is_tight": 0.0, "dual_solution_value": 0.0, "scaled_age": 0.29577464788732394}, "59": {"bias": -0.4082482904638631, "objective_cosine_similarity": -0.3707410617882827, "is_tight": 0.0, "dual_solution_value": 0.0, "scaled_age": 0.22535211267605634}, "60": {"bias": -0.3333333333333333, "objective_cosine_similarity": -0.3466504107183061, "is_tight": 0.0, "dual_solution_value": 0.0, "scaled_age": 0.29577464788732394}, "61": {"bias": -0.5773502691896258, "objective_cosine_similarity": -0.2706100839791437, "is_tight": 0.0, "dual_solution_value": 0.0, "scaled_age": 0.29577464788732394}, "62": {"bias": -0.5, "objective_cosine_similarity": -0.25998780803872956, "is_tight": 1.0, "dual_solution_value": -0.0037729482908172227, "scaled_age": 0.0}, "63": {"bias": -0.5773502691896258, "objective_cosine_similarity": -0.21987069323305428, "is_tight": 0.0, "dual_solution_value": 0.0, "scaled_age": 0.29577464788732394}, "64": {"bias": -0.5, "objective_cosine_similarity": -0.2123844065668495, "is_tight": 0.0, "dual_solution_value": 0.0, "scaled_age": 0.29577464788732394}, "65": {"bias": -0.4082482904638631, "objective_cosine_similarity": -0.3273882763372335, "is_tight": 0.0, "dual_solution_value": 0.0, "scaled_age": 0.29577464788732394}, "66": {"bias": -0.4082482904638631, "objective_cosine_similarity": -0.26460148361502434, "is_tight": 0.0, "dual_solution_value": 0.0, "scaled_age": 0.29577464788732394}, "67": {"bias": -0.4082482904638631, "objective_cosine_similarity": -0.2242385454364613, "is_tight": 0.0, "dual_solution_value": 0.0, "scaled_age": 0.29577464788732394}, "68": {"bias": -0.35355339059327373, "objective_cosine_similarity": -0.3288390288088948, "is_tight": 0.0, "dual_solution_value": 0.0, "scaled_age": 0.29577464788732394}, "69": {"bias": -0.5773502691896258, "objective_cosine_similarity": -0.2579252362926214, "is_tight": 1.0, "dual_solution_value": -0.025532765565712292, "scaled_age": 0.0}, "70": {"bias": -0.5, "objective_cosine_similarity": -0.3112530096238312, "is_tight": 1.0, "dual_solution_value": -0.003153170404618746, "scaled_age": 0.0}, "71": {"bias": -0.5, "objective_cosine_similarity": -0.3808272117750405, "is_tight": 1.0, "dual_solution_value": -0.0207468028379444, "scaled_age": 0.0}, "72": {"bias": -0.5, "objective_cosine_similarity": -0.41744521290725595, "is_tight": 0.0, "dual_solution_value": 0.0, "scaled_age": 0.22535211267605634}, "73": {"bias": -0.4082482904638631, "objective_cosine_similarity": -0.297489803612372, "is_tight": 0.0, "dual_solution_value": 0.0, "scaled_age": 0.29577464788732394}, "74": {"bias": -0.5, "objective_cosine_similarity": -0.2178771067366818, "is_tight": 0.0, "dual_solution_value": 0.0, "scaled_age": 0.056338028169014086}, "75": {"bias": -0.4472135954999579, "objective_cosine_similarity": -0.26037948034711755, "is_tight": 0.0, "dual_solution_value": 0.0, "scaled_age": 0.29577464788732394}, "76": {"bias": -0.4472135954999579, "objective_cosine_similarity": -0.18832478138313535, "is_tight": 0.0, "dual_solution_value": 0.0, "scaled_age": 0.29577464788732394}, "77": {"bias": -0.4472135954999579, "objective_cosine_similarity": -0.21943931048121856, "is_tight": 0.0, "dual_solution_value": 0.0, "scaled_age": 0.014084507042253521}, "78": {"bias": -0.35355339059327373, "objective_cosine_similarity": -0.4634817807621431, "is_tight": 1.0, "dual_solution_value": -0.0006114724681313389, "scaled_age": 0.0}, "79": {"bias": -0.5773502691896258, "objective_cosine_similarity": -0.24524038860609898, "is_tight": 1.0, "dual_solution_value": -0.01449697764460655, "scaled_age": 0.0}, "80": {"bias": -0.31622776601683794, "objective_cosine_similarity": -0.40065515281387143, "is_tight": 0.0, "dual_solution_value": 0.0, "scaled_age": 0.29577464788732394}, "81": {"bias": -0.35355339059327373, "objective_cosine_similarity": -0.3508479401858681, "is_tight": 0.0, "dual_solution_value": 0.0, "scaled_age": 0.29577464788732394}, "82": {"bias": -0.4472135954999579, "objective_cosine_similarity": -0.25710426675784565, "is_tight": 0.0, "dual_solution_value": 0.0, "scaled_age": 0.07042253521126761}, "83": {"bias": -0.5773502691896258, "objective_cosine_similarity": -0.1860444327356613, "is_tight": 1.0, "dual_solution_value": -0.00010747359469021385, "scaled_age": 0.0}, "84": {"bias": -0.5773502691896258, "objective_cosine_similarity": -0.1691313024869648, "is_tight": 1.0, "dual_solution_value": -0.00013145024869881195, "scaled_age": 0.0}, "85": {"bias": -0.4472135954999579, "objective_cosine_similarity": -0.2341777716329422, "is_tight": 0.0, "dual_solution_value": 0.0, "scaled_age": 0.29577464788732394}, "86": {"bias": -0.5773502691896258, "objective_cosine_similarity": -0.1860444327356613, "is_tight": 0.0, "dual_solution_value": 0.0, "scaled_age": 0.1267605633802817}, "87": {"bias": -0.4472135954999579, "objective_cosine_similarity": -0.4208649462214416, "is_tight": 1.0, "dual_solution_value": -0.013812706908438603, "scaled_age": 0.0}, "88": {"bias": -0.5, "objective_cosine_similarity": -0.3149148097370527, "is_tight": 0.0, "dual_solution_value": 0.0, "scaled_age": 0.2112676056338028}, "89": {"bias": -0.5, "objective_cosine_similarity": -0.13731750424580788, "is_tight": 0.0, "dual_solution_value": 0.0, "scaled_age": 0.014084507042253521}, "90": {"bias": -0.4082482904638631, "objective_cosine_similarity": -0.5441522035924794, "is_tight": 1.0, "dual_solution_value": -0.022928536040116902, "scaled_age": 0.0}, "91": {"bias": -0.31622776601683794, "objective_cosine_similarity": -0.3358092321272333, "is_tight": 0.0, "dual_solution_value": 0.0, "scaled_age": 0.29577464788732394}, "92": {"bias": -0.4082482904638631, "objective_cosine_similarity": -0.19732991998408594, "is_tight": 0.0, "dual_solution_value": 0.0, "scaled_age": 0.29577464788732394}, "93": {"bias": -0.4082482904638631, "objective_cosine_similarity": -0.22573346907270436, "is_tight": 0.0, "dual_solution_value": 0.0, "scaled_age": 0.29577464788732394}, "94": {"bias": -0.4472135954999579, "objective_cosine_similarity": -0.242365805606122, "is_tight": 0.0, "dual_solution_value": 0.0, "scaled_age": 0.29577464788732394}, "95": {"bias": -0.3333333333333333, "objective_cosine_similarity": -0.47725461475654113, "is_tight": 0.0, "dual_solution_value": 0.0, "scaled_age": 0.29577464788732394}, "96": {"bias": -0.3779644730092272, "objective_cosine_similarity": -0.31417488946337235, "is_tight": 0.0, "dual_solution_value": 0.0, "scaled_age": 0.29577464788732394}, "97": {"bias": -0.5, "objective_cosine_similarity": -0.30026760928416657, "is_tight": 1.0, "dual_solution_value": -2.9816904169118436e-05, "scaled_age": 0.0}, "98": {"bias": -0.5, "objective_cosine_similarity": -0.29477490911433424, "is_tight": 0.0, "dual_solution_value": 0.0, "scaled_age": 0.08450704225352113}, "99": {"bias": -0.4082482904638631, "objective_cosine_similarity": -0.316923810883532, "is_tight": 0.0, "dual_solution_value": 0.0, "scaled_age": 0.29577464788732394}, "100": {"bias": -0.3779644730092272, "objective_cosine_similarity": -0.48025853147044145, "is_tight": 0.0, "dual_solution_value": 0.0, "scaled_age": 0.29577464788732394}, "101": {"bias": -0.5, "objective_cosine_similarity": -0.16661190515158023, "is_tight": 1.0, "dual_solution_value": -5.548349885816768e-06, "scaled_age": 0.0}, "102": {"bias": -0.4472135954999579, "objective_cosine_similarity": -0.37337434917699874, "is_tight": 0.0, "dual_solution_value": 0.0, "scaled_age": 0.14084507042253522}, "103": {"bias": -0.3333333333333333, "objective_cosine_similarity": -0.35031221083152764, "is_tight": 0.0, "dual_solution_value": 0.0, "scaled_age": 0.29577464788732394}, "104": {"bias": -0.4472135954999579, "objective_cosine_similarity": -0.26365469393638946, "is_tight": 0.0, "dual_solution_value": 0.0, "scaled_age": 0.2112676056338028}, "105": {"bias": -0.5773502691896258, "objective_cosine_similarity": -0.24735452988718604, "is_tight": 1.0, "dual_solution_value": -0.01332029017897321, "scaled_age": 0.0}, "106": {"bias": -0.4082482904638631, "objective_cosine_similarity": -0.22722839270894746, "is_tight": 0.0, "dual_solution_value": 0.0, "scaled_age": 0.29577464788732394}, "107": {"bias": -0.4082482904638631, "objective_cosine_similarity": -0.1764009890766829, "is_tight": 0.0, "dual_solution_value": 0.0, "scaled_age": 0.29577464788732394}, "108": {"bias": -0.7071067811865475, "objective_cosine_similarity": -0.12946418457043105, "is_tight": 0.0, "dual_solution_value": 0.0, "scaled_age": 0.056338028169014086}, "109": {"bias": -0.4472135954999579, "objective_cosine_similarity": -0.23745298522221414, "is_tight": 0.0, "dual_solution_value": 0.0, "scaled_age": 0.2112676056338028}, "110": {"bias": -0.31622776601683794, "objective_cosine_similarity": -0.38907552411982893, "is_tight": 0.0, "dual_solution_value": 0.0, "scaled_age": 0.29577464788732394}, "111": {"bias": -1.451667580293886, "objective_cosine_similarity": -0.9827713942121555, "is_tight": 1.0, "dual_solution_value": -0.006701493194427621, "scaled_age": 0.0}, "112": {"bias": -1.2572371141874243, "objective_cosine_similarity": -0.9483727074580345, "is_tight": 1.0, "dual_solution_value": -6.43519387194685e-06, "scaled_age": 0.0}, "113": {"bias": -1.387854423700053, "objective_cosine_similarity": -0.9813986091225948, "is_tight": 1.0, "dual_solution_value": -0.007985255699034416, "scaled_age": 0.0}, "114": {"bias": -1.131370849898476, "objective_cosine_similarity": -0.8088922251960531, "is_tight": 1.0, "dual_solution_value": -4.451358053663961e-06, "scaled_age": 0.0}, "115": {"bias": -1.376157998596184, "objective_cosine_similarity": -0.9837307753352805, "is_tight": 1.0, "dual_solution_value": -0.01408918504805581, "scaled_age": 0.0}, "116": {"bias": -0.7071067811865475, "objective_cosine_similarity": -0.3482586564944595, "is_tight": 0.0, "dual_solution_value": -0.0, "scaled_age": 0.08450704225352113}, "117": {"bias": -1.4120806237049455, "objective_cosine_similarity": -0.9782502270910977, "is_tight": 1.0, "dual_solution_value": -0.0022510620934046823, "scaled_age": 0.0}, "118": {"bias": -1.259881576697424, "objective_cosine_similarity": -0.8622509080867004, "is_tight": 0.0, "dual_solution_value": -0.0, "scaled_age": 0.07042253521126761}, "119": {"bias": -0.7844645405527362, "objective_cosine_similarity": -0.7547631282321061, "is_tight": 0.0, "dual_solution_value": -0.0, "scaled_age": 0.15492957746478872}, "120": {"bias": -1.044465935734187, "objective_cosine_similarity": -0.8650027964507009, "is_tight": 0.0, "dual_solution_value": -0.0, "scaled_age": 0.056338028169014086}, "121": {"bias": -1.1245070604634984, "objective_cosine_similarity": -0.9238399125312591, "is_tight": 0.0, "dual_solution_value": -0.0, "scaled_age": 0.014084507042253521}, "122": {"bias": -1.3706113777249904, "objective_cosine_similarity": -0.9756500077268895, "is_tight": 0.0, "dual_solution_value": -0.0, "scaled_age": 0.1267605633802817}, "123": {"bias": -1.41824465774085, "objective_cosine_similarity": -0.9837028003315978, "is_tight": 1.0, "dual_solution_value": -0.01569229547152191, "scaled_age": 0.0}, "124": {"bias": -1.224292184304829, "objective_cosine_similarity": -0.9624899312429501, "is_tight": 1.0, "dual_solution_value": -8.622184262472866e-06, "scaled_age": 0.0}, "125": {"bias": -0.8, "objective_cosine_similarity": -0.7096568619423351, "is_tight": 0.0, "dual_solution_value": -0.0, "scaled_age": 0.056338028169014086}, "126": {"bias": -0.9045340337332909, "objective_cosine_similarity": -0.4692315671777847, "is_tight": 1.0, "dual_solution_value": -0.00011404081124149751, "scaled_age": 0.0}, "127": {"bias": -1.01418510567422, "objective_cosine_similarity": -0.8591125785137034, "is_tight": 0.0, "dual_solution_value": -0.0, "scaled_age": 0.056338028169014086}, "128": {"bias": -1.294300457858868, "objective_cosine_similarity": -0.9323213697757743, "is_tight": 1.0, "dual_solution_value": -9.20442997503744e-05, "scaled_age": 0.0}, "129": {"bias": -1.3228756555322951, "objective_cosine_similarity": -0.9643231464035449, "is_tight": 0.0, "dual_solution_value": -0.0, "scaled_age": 0.028169014084507043}, "130": {"bias": -1.2912996123019957, "objective_cosine_similarity": -0.9714972730386664, "is_tight": 1.0, "dual_solution_value": -6.525254195035723e-06, "scaled_age": 0.0}, "131": {"bias": -1.2751696081740769, "objective_cosine_similarity": -0.9742510994331116, "is_tight": 1.0, "dual_solution_value": -1.8748933972071358e-05, "scaled_age": 0.0}}