{"0": {"bias": -0.769800358919501, "objective_cosine_similarity": -0.8005753998723454, "is_tight": 1.0, "dual_solution_value": -8.324310891055497e-05, "scaled_age": 0.0}, "1": {"bias": -0.848188929679971, "objective_cosine_similarity": -0.8950501069732135, "is_tight": 1.0, "dual_solution_value": -0.00014977053786863111, "scaled_age": 0.0}, "2": {"bias": -0.875, "objective_cosine_similarity": -0.8247420078984716, "is_tight": 1.0, "dual_solution_value": -0.00044683204599218557, "scaled_age": 0.0}, "3": {"bias": -0.6882472016116852, "objective_cosine_similarity": -0.6547560466322899, "is_tight": 0.0, "dual_solution_value": -0.0, "scaled_age": 0.04504504504504504}, "4": {"bias": -0.5773502691896258, "objective_cosine_similarity": -0.5441885945967715, "is_tight": 0.0, "dual_solution_value": -0.0, "scaled_age": 0.11711711711711711}, "5": {"bias": -0.9340829348864703, "objective_cosine_similarity": -0.8789654057667022, "is_tight": 1.0, "dual_solution_value": -1.0269119678979935e-09, "scaled_age": 0.0}, "6": {"bias": -0.9013389194264156, "objective_cosine_similarity": -0.9094887339376927, "is_tight": 0.0, "dual_solution_value": -0.0, "scaled_age": 0.11711711711711711}, "7": {"bias": -0.75, "objective_cosine_similarity": -0.625303198326854, "is_tight": 0.0, "dual_solution_value": -0.0, "scaled_age": 0.018018018018018018}, "8": {"bias": -0.8666666666666667, "objective_cosine_similarity": -0.8962240366756257, "is_tight": 0.0, "dual_solution_value": -0.0, "scaled_age": 0.02702702702702703}, "9": {"bias": -0.916952716026994, "objective_cosine_similarity": -0.9421904624517375, "is_tight": 1.0, "dual_solution_value": -0.00035067209894504417, "scaled_age": 0.0}, "10": {"bias": -0.9187004950735893, "objective_cosine_similarity": -0.8763509108948354, "is_tight": 0.0, "dual_solution_value": 0.0, "scaled_age": 0.009009009009009009}, "11": {"bias": -0.9451601386863826, "objective_cosine_similarity": -0.9450097421270915, "is_tight": 1.0, "dual_solution_value": -0.021415346302247472, "scaled_age": 0.0}, "12": {"bias": -0.3779644730092272, "objective_cosine_similarity": -0.32839153668537224, "is_tight": 0.0, "dual_solution_value": 0.0, "scaled_age": 0.23423423423423423}, "13": {"bias": -0.5, "objective_cosine_similarity": -0.2632855571902543, "is_tight": 0.0, "dual_solution_value": 0.0, "scaled_age": 0.13513513513513514}, "14": {"bias": -0.4472135954999579, "objective_cosine_similarity": -0.3673640277037019, "is_tight": 1.0, "dual_solution_value": -0.004985750626978133, "scaled_age": 0.0}, "15": {"bias": -0.4082482904638631, "objective_cosine_similarity": -0.35040396432319515, "is_tight": 1.0, "dual_solution_value": -0.00040574111856662396, "scaled_age": 0.0}, "16": {"bias": -0.35355339059327373, "objective_cosine_similarity": -0.37234200575541476, "is_tight": 0.0, "dual_solution_value": 0.0, "scaled_age": 0.14414414414414414}, "17": {"bias": -0.4472135954999579, "objective_cosine_similarity": -0.31320138259354074, "is_tight": 0.0, "dual_solution_value": 0.0, "scaled_age": 0.23423423423423423}, "18": {"bias": -0.35355339059327373, "objective_cosine_similarity": -0.32952267509354205, "is_tight": 0.0, "dual_solution_value": 0.0, "scaled_age": 0.23423423423423423}, "19": {"bias": -0.5, "objective_cosine_similarity": -0.21589415689600855, "is_tight": 0.0, "dual_solution_value": 0.0, "scaled_age": 0.23423423423423423}, "20": {"bias": -0.4082482904638631, "objective_cosine_similarity": -0.2708644141394024, "is_tight": 0.0, "dual_solution_value": 0.0, "scaled_age": 0.23423423423423423}, "21": {"bias": -0.4082482904638631, "objective_cosine_similarity": -0.22787006268870358, "is_tight": 0.0, "dual_solution_value": 0.0, "scaled_age": 0.23423423423423423}, "22": {"bias": -0.35355339059327373, "objective_cosine_similarity": -0.4691509272518226, "is_tight": 0.0, "dual_solution_value": 0.0, "scaled_age": 0.09009009009009009}, "23": {"bias": -0.3779644730092272, "objective_cosine_similarity": -0.40999185792234355, "is_tight": 0.0, "dual_solution_value": 0.0, "scaled_age": 0.23423423423423423}, "24": {"bias": -0.4082482904638631, "objective_cosine_similarity": -0.3224576358802409, "is_tight": 0.0, "dual_solution_value": 0.0, "scaled_age": 0.14414414414414414}, "25": {"bias": -0.2886751345948129, "objective_cosine_similarity": -0.3541786104498541, "is_tight": 0.0, "dual_solution_value": 0.0, "scaled_age": 0.23423423423423423}, "26": {"bias": -0.30151134457776363, "objective_cosine_similarity": -0.4763014941380356, "is_tight": 0.0, "dual_solution_value": 0.0, "scaled_age": 0.23423423423423423}, "27": {"bias": -0.3779644730092272, "objective_cosine_similarity": -0.33834279537280776, "is_tight": 0.0, "dual_solution_value": 0.0, "scaled_age": 0.23423423423423423}, "28": {"bias": -0.35355339059327373, "objective_cosine_similarity": -0.26622453411512154, "is_tight": 0.0, "dual_solution_value": 0.0, "scaled_age": 0.23423423423423423}, "29": {"bias": -0.4082482904638631, "objective_cosine_similarity": -0.25366667355912287, "is_tight": 0.0, "dual_solution_value": 0.0, "scaled_age": 0.23423423423423423}, "30": {"bias": -0.5773502691896258, "objective_cosine_similarity": -0.2432127797080543, "is_tight": 0.0, "dual_solution_value": 0.0, "scaled_age": 0.09009009009009009}, "31": {"bias": -0.3779644730092272, "objective_cosine_similarity": -0.19703492201122336, "is_tight": 0.0, "dual_solution_value": 0.0, "scaled_age": 0.23423423423423423}, "32": {"bias": -0.3779644730092272, "objective_cosine_similarity": -0.3064987675730141, "is_tight": 1.0, "dual_solution_value": -3.24761231561543e-05, "scaled_age": 0.0}, "33": {"bias": -0.3779644730092272, "objective_cosine_similarity": -0.37615757838506275, "is_tight": 1.0, "dual_solution_value": -0.00019035155892925263, "scaled_age": 0.0}, "34": {"bias": -0.4472135954999579, "objective_cosine_similarity": -0.26845832793732066, "is_tight": 1.0, "dual_solution_value": -2.0240655869278777e-06, "scaled_age": 0.0}, "35": {"bias": -0.31622776601683794, "objective_cosine_similarity": -0.25143977479581303, "is_tight": 0.0, "dual_solution_value": 0.0, "scaled_age": 0.23423423423423423}, "36": {"bias": -0.4082482904638631, "objective_cosine_similarity": -0.22357062754363372, "is_tight": 0.0, "dual_solution_value": 0.0, "scaled_age": 0.23423423423423423}, "37": {"bias": -0.4082482904638631, "objective_cosine_similarity": -0.5223813701259903, "is_tight": 1.0, "dual_solution_value": -0.02919017422757466, "scaled_age": 0.0}, "38": {"bias": -0.31622776601683794, "objective_cosine_similarity": -0.3996393771589082, "is_tight": 0.0, "dual_solution_value": 0.0, "scaled_age": 0.23423423423423423}, "39": {"bias": -0.4472135954999579, "objective_cosine_similarity": -0.22136037566761527, "is_tight": 0.0, "dual_solution_value": 0.0, "scaled_age": 0.23423423423423423}, "40": {"bias": -0.35355339059327373, "objective_cosine_similarity": -0.3332460951510962, "is_tight": 0.0, "dual_solution_value": 0.0, "scaled_age": 0.23423423423423423}, "41": {"bias": -0.4082482904638631, "objective_cosine_similarity": -0.28161300200207706, "is_tight": 0.0, "dual_solution_value": 0.0, "scaled_age": 0.2072072072072072}, "42": {"bias": -0.3779644730092272, "objective_cosine_similarity": -0.3681965714351143, "is_tight": 0.0, "dual_solution_value": 0.0, "scaled_age": 0.23423423423423423}, "43": {"bias": -0.3779644730092272, "objective_cosine_similarity": -0.43188462703470165, "is_tight": 0.0, "dual_solution_value": 0.0, "scaled_age": 0.21621621621621623}, "44": {"bias": -0.2773500981126146, "objective_cosine_similarity": -0.5929408739610137, "is_tight": 0.0, "dual_solution_value": 0.0, "scaled_age": 0.23423423423423423}, "45": {"bias": -0.3333333333333333, "objective_cosine_similarity": -0.5107739809490934, "is_tight": 1.0, "dual_solution_value": -0.003816288664722437, "scaled_age": 0.0}, "46": {"bias": -0.5, "objective_cosine_similarity": -0.18166703446127547, "is_tight": 1.0, "dual_solution_value": -0.002632855571902543, "scaled_age": 0.0}, "47": {"bias": -0.4472135954999579, "objective_cosine_similarity": -0.24490935180246795, "is_tight": 0.0, "dual_solution_value": 0.0, "scaled_age": 0.009009009009009009}, "48": {"bias": -0.4082482904638631, "objective_cosine_similarity": -0.3482542467506602, "is_tight": 0.0, "dual_solution_value": 0.0, "scaled_age": 0.04504504504504504}, "49": {"bias": -0.5, "objective_cosine_similarity": -0.13690848973893224, "is_tight": 0.0, "dual_solution_value": 0.0, "scaled_age": 0.23423423423423423}, "50": {"bias": -0.3779644730092272, "objective_cosine_similarity": -0.26271322934829777, "is_tight": 0.0, "dual_solution_value": 0.0, "scaled_age": 0.23423423423423423}, "51": {"bias": -0.5, "objective_cosine_similarity": -0.19746416789269072, "is_tight": 0.0, "dual_solution_value": 0.0, "scaled_age": 0.23423423423423423}, "52": {"bias": -0.3779644730092272, "objective_cosine_similarity": -0.28659625019814305, "is_tight": 0.0, "dual_solution_value": 0.0, "scaled_age": 0.23423423423423423}, "53": {"bias": -0.35355339059327373, "objective_cosine_similarity": -0.4728743473093768, "is_tight": 0.0, "dual_solution_value": 0.0, "scaled_age": 0.22522522522522523}, "54": {"bias": -0.3779644730092272, "objective_cosine_similarity": -0.30052801236055277, "is_tight": 0.0, "dual_solution_value": 0.0, "scaled_age": 0.018018018018018018}, "55": {"bias": -0.4082482904638631, "objective_cosine_similarity": -0.1569293827950506, "is_tight": 0.0, "dual_solution_value": 0.0, "scaled_age": 0.23423423423423423}, "56": {"bias": -0.4082482904638631, "objective_cosine_similarity": -0.3267570710253108, "is_tight": 0.0, "dual_solution_value": 0.0, "scaled_age": 0.23423423423423423}, "57": {"bias": -0.4082482904638631, "objective_cosine_similarity": -0.283762719574612, "is_tight": 0.0, "dual_solution_value": 0.0, "scaled_age": 0.23423423423423423}, "58": {"bias": -0.3779644730092272, "objective_cosine_similarity": -0.45178714440957274, "is_tight": 1.0, "dual_solution_value": -0.0047755797800708094, "scaled_age": 0.0}, "59": {"bias": -0.3779644730092272, "objective_cosine_similarity": -0.38610883707249827, "is_tight": 0.0, "dual_solution_value": 0.0, "scaled_age": 0.23423423423423423}, "60": {"bias": -0.3333333333333333, "objective_cosine_similarity": -0.39317309873744644, "is_tight": 1.0, "dual_solution_value": -1.8810674655184672e-05, "scaled_age": 0.0}, "61": {"bias": -0.3779644730092272, "objective_cosine_similarity": -0.18907391506127494, "is_tight": 0.0, "dual_solution_value": 0.0, "scaled_age": 0.23423423423423423}, "62": {"bias": -0.4082482904638631, "objective_cosine_similarity": -0.3224576358802409, "is_tight": 0.0, "dual_solution_value": 0.0, "scaled_age": 0.23423423423423423}, "63": {"bias": -0.4082482904638631, "objective_cosine_similarity": -0.4686384308126168, "is_tight": 1.0, "dual_solution_value": -0.0021497175725349394, "scaled_age": 0.0}, "64": {"bias": -0.3779644730092272, "objective_cosine_similarity": -0.4497968926720856, "is_tight": 0.0, "dual_solution_value": 0.0, "scaled_age": 0.23423423423423423}, "65": {"bias": -0.4082482904638631, "objective_cosine_similarity": -0.38909888062882403, "is_tight": 0.0, "dual_solution_value": 0.0, "scaled_age": 0.17117117117117117}, "66": {"bias": -0.2773500981126146, "objective_cosine_similarity": -0.43083142319827344, "is_tight": 0.0, "dual_solution_value": 0.0, "scaled_age": 0.23423423423423423}, "67": {"bias": -0.31622776601683794, "objective_cosine_similarity": -0.3680012598004946, "is_tight": 0.0, "dual_solution_value": 0.0, "scaled_age": 0.23423423423423423}, "68": {"bias": -0.35355339059327373, "objective_cosine_similarity": -0.4840446074820392, "is_tight": 0.0, "dual_solution_value": 0.0, "scaled_age": 0.23423423423423423}, "69": {"bias": -0.5, "objective_cosine_similarity": -0.21062844575220346, "is_tight": 0.0, "dual_solution_value": 0.0, "scaled_age": 0.018018018018018018}, "70": {"bias": -0.3779644730092272, "objective_cosine_similarity": -0.3821283335975241, "is_tight": 0.0, "dual_solution_value": 0.0, "scaled_age": 0.05405405405405406}, "71": {"bias": -0.3779644730092272, "objective_cosine_similarity": -0.5632412417088506, "is_tight": 1.0, "dual_solution_value": -0.02662006459814188, "scaled_age": 0.0}, "72": {"bias": -0.3779644730092272, "objective_cosine_similarity": -0.4020308509723951, "is_tight": 0.0, "dual_solution_value": 0.0, "scaled_age": 0.23423423423423423}, "73": {"bias": -0.4082482904638631, "objective_cosine_similarity": -0.3117090480175662, "is_tight": 0.0, "dual_solution_value": 0.0, "scaled_age": 0.018018018018018018}, "74": {"bias": -0.4082482904638631, "objective_cosine_similarity": -0.4019971860640337, "is_tight": 1.0, "dual_solution_value": -0.027514829804960245, "scaled_age": 0.0}, "75": {"bias": -0.30151134457776363, "objective_cosine_similarity": -0.49694122555068376, "is_tight": 0.0, "dual_solution_value": 0.0, "scaled_age": 0.23423423423423423}, "76": {"bias": -0.5773502691896258, "objective_cosine_similarity": -0.12768670934672852, "is_tight": 0.0, "dual_solution_value": 0.0, "scaled_age": 0.16216216216216217}, "77": {"bias": -0.35355339059327373, "objective_cosine_similarity": -0.4896297375683704, "is_tight": 0.0, "dual_solution_value": 0.0, "scaled_age": 0.23423423423423423}, "78": {"bias": -0.4082482904638631, "objective_cosine_similarity": -0.3031101777274265, "is_tight": 0.0, "dual_solution_value": 0.0, "scaled_age": 0.23423423423423423}, "79": {"bias": -0.4472135954999579, "objective_cosine_similarity": -0.3320405635014229, "is_tight": 0.0, "dual_solution_value": 0.0, "scaled_age": 0.05405405405405406}, "80": {"bias": -0.5, "objective_cosine_similarity": -0.10531422287610173, "is_tight": 0.0, "dual_solution_value": 0.0, "scaled_age": 0.1891891891891892}, "81": {"bias": -0.4472135954999579, "objective_cosine_similarity": -0.2661034303238354, "is_tight": 0.0, "dual_solution_value": 0.0, "scaled_age": 0.04504504504504504}, "82": {"bias": -0.30151134457776363, "objective_cosine_similarity": -0.4334343596656124, "is_tight": 0.0, "dual_solution_value": 0.0, "scaled_age": 0.23423423423423423}, "83": {"bias": -0.3333333333333333, "objective_cosine_similarity": -0.4195016544564719, "is_tight": 0.0, "dual_solution_value": 0.0, "scaled_age": 0.23423423423423423}, "84": {"bias": -0.3779644730092272, "objective_cosine_similarity": -0.43188462703470165, "is_tight": 0.0, "dual_solution_value": 0.0, "scaled_age": 0.23423423423423423}, "85": {"bias": -0.4472135954999579, "objective_cosine_similarity": -0.3014268945261144, "is_tight": 0.0, "dual_solution_value": 0.0, "scaled_age": 0.09009009009009009}, "86": {"bias": -0.4472135954999579, "objective_cosine_similarity": -0.26845832793732066, "is_tight": 0.0, "dual_solution_value": 0.0, "scaled_age": 0.23423423423423423}, "87": {"bias": -0.35355339059327373, "objective_cosine_similarity": -0.4319167266762811, "is_tight": 0.0, "dual_solution_value": 0.0, "scaled_age": 0.02702702702702703}, "88": {"bias": -0.3333333333333333, "objective_cosine_similarity": -0.305411246340695, "is_tight": 0.0, "dual_solution_value": 0.0, "scaled_age": 0.23423423423423423}, "89": {"bias": -0.35355339059327373, "objective_cosine_similarity": -0.40771449630217915, "is_tight": 0.0, "dual_solution_value": 0.0, "scaled_age": 0.23423423423423423}, "90": {"bias": -0.4082482904638631, "objective_cosine_similarity": -0.3719011400485445, "is_tight": 0.0, "dual_solution_value": 0.0, "scaled_age": 0.23423423423423423}, "91": {"bias": -0.4082482904638631, "objective_cosine_similarity": -0.44499153751473247, "is_tight": 1.0, "dual_solution_value": -0.0001261493325322722, "scaled_age": 0.0}, "92": {"bias": -0.4472135954999579, "objective_cosine_similarity": -0.44272075133523053, "is_tight": 1.0, "dual_solution_value": -0.006190867006671737, "scaled_age": 0.0}, "93": {"bias": -0.3779644730092272, "objective_cosine_similarity": -0.26271322934829777, "is_tight": 0.0, "dual_solution_value": 0.0, "scaled_age": 0.23423423423423423}, "94": {"bias": -0.4472135954999579, "objective_cosine_similarity": -0.3602993348632461, "is_tight": 1.0, "dual_solution_value": -0.0014428633431410578, "scaled_age": 0.0}, "95": {"bias": -0.4082482904638631, "objective_cosine_similarity": -0.18272599366546985, "is_tight": 0.0, "dual_solution_value": 0.0, "scaled_age": 0.23423423423423423}, "96": {"bias": -0.35355339059327373, "objective_cosine_similarity": -0.23271375359713423, "is_tight": 0.0, "dual_solution_value": 0.0, "scaled_age": 0.23423423423423423}, "97": {"bias": -0.30151134457776363, "objective_cosine_similarity": -0.37945352366330165, "is_tight": 0.0, "dual_solution_value": 0.0, "scaled_age": 0.23423423423423423}, "98": {"bias": -0.4082482904638631, "objective_cosine_similarity": -0.3224576358802409, "is_tight": 0.0, "dual_solution_value": 0.0, "scaled_age": 0.23423423423423423}, "99": {"bias": -0.3779644730092272, "objective_cosine_similarity": -0.3522745575352175, "is_tight": 0.0, "dual_solution_value": 0.0, "scaled_age": 0.009009009009009009}, "100": {"bias": -0.4472135954999579, "objective_cosine_similarity": -0.34146015395536394, "is_tight": 1.0, "dual_solution_value": -0.0003895791943216772, "scaled_age": 0.0}, "101": {"bias": -0.4082482904638631, "objective_cosine_similarity": -0.42779379693445296, "is_tight": 1.0, "dual_solution_value": -0.006639767219447703, "scaled_age": 0.0}, "102": {"bias": -0.4472135954999579, "objective_cosine_similarity": -0.3720738229306725, "is_tight": 0.0, "dual_solution_value": 0.0, "scaled_age": 0.018018018018018018}, "103": {"bias": -0.3333333333333333, "objective_cosine_similarity": -0.41599118036060184, "is_tight": 0.0, "dual_solution_value": 0.0, "scaled_age": 0.23423423423423423}, "104": {"bias": -0.5, "objective_cosine_similarity": -0.15797133431415258, "is_tight": 0.0, "dual_solution_value": 0.0, "scaled_age": 0.22522522522522523}, "105": {"bias": -0.4082482904638631, "objective_cosine_similarity": -0.38264972791121926, "is_tight": 0.0, "dual_solution_value": 0.0, "scaled_age": 0.23423423423423423}, "106": {"bias": -0.3333333333333333, "objective_cosine_similarity": -0.47742447703832785, "is_tight": 1.0, "dual_solution_value": -0.0014812919706070813, "scaled_age": 0.0}, "107": {"bias": -0.31622776601683794, "objective_cosine_similarity": -0.3130508454411447, "is_tight": 0.0, "dual_solution_value": 0.0, "scaled_age": 0.23423423423423423}, "108": {"bias": -0.3779644730092272, "objective_cosine_similarity": -0.3562550610101917, "is_tight": 0.0, "dual_solution_value": 0.0, "scaled_age": 0.23423423423423423}, "109": {"bias": -0.4472135954999579, "objective_cosine_similarity": -0.2401995565754974, "is_tight": 0.0, "dual_solution_value": 0.0, "scaled_age": 0.23423423423423423}, "110": {"bias": -0.4472135954999579, "objective_cosine_similarity": -0.29907199691262915, "is_tight": 1.0, "dual_solution_value": -9.671871635609207e-05, "scaled_age": 0.0}, "111": {"bias": -0.31622776601683794, "objective_cosine_similarity": -0.38798322865844, "is_tight": 0.0, "dual_solution_value": 0.0, "scaled_age": 0.23423423423423423}, "112": {"bias": -0.96453625731198, "objective_cosine_similarity": -0.9553963016699422, "is_tight": 0.0, "dual_solution_value": -0.0, "scaled_age": 0.018018018018018018}, "113": {"bias": -0.9288757711867046, "objective_cosine_similarity": -0.952183456747938, "is_tight": 0.0, "dual_solution_value": -0.0, "scaled_age": 0.036036036036036036}, "114": {"bias": -0.7878385971583353, "objective_cosine_similarity": -0.7909864782965693, "is_tight": 0.0, "dual_solution_value": -0.0, "scaled_age": 0.08108108108108109}, "115": {"bias": -0.9359561807674154, "objective_cosine_similarity": -0.961837725863931, "is_tight": 1.0, "dual_solution_value": -0.004476451369834358, "scaled_age": 0.0}, "116": {"bias": -0.5, "objective_cosine_similarity": -0.6819095931227587, "is_tight": 0.0, "dual_solution_value": -0.0, "scaled_age": 0.08108108108108109}, "117": {"bias": -0.8366600265340756, "objective_cosine_similarity": -0.811261617515357, "is_tight": 0.0, "dual_solution_value": -0.0, "scaled_age": 0.036036036036036036}, "118": {"bias": -0.948409042315743, "objective_cosine_similarity": -0.9505140864403581, "is_tight": 0.0, "dual_solution_value": -0.0, "scaled_age": 0.04504504504504504}, "119": {"bias": -0.9559169099292936, "objective_cosine_similarity": -0.9615514420917486, "is_tight": 1.0, "dual_solution_value": -0.005562464942355971, "scaled_age": 0.0}, "120": {"bias": -0.8674723979493604, "objective_cosine_similarity": -0.9129627666886767, "is_tight": 0.0, "dual_solution_value": -0.0, "scaled_age": 0.10810810810810811}, "121": {"bias": -0.82915619758885, "objective_cosine_similarity": -0.8835392716260559, "is_tight": 1.0, "dual_solution_value": -0.0001124610992771007, "scaled_age": 0.0}, "122": {"bias": -0.8825960238069805, "objective_cosine_similarity": -0.934966785628917, "is_tight": 1.0, "dual_solution_value": -1.5216346619923666e-05, "scaled_age": 0.0}, "123": {"bias": -0.853281833651959, "objective_cosine_similarity": -0.9011233185314381, "is_tight": 1.0, "dual_solution_value": -1.8758895152279726e-05, "scaled_age": 0.0}, "124": {"bias": -0.8770580193070293, "objective_cosine_similarity": -0.8751743282524274, "is_tight": 0.0, "dual_solution_value": -0.0, "scaled_age": 0.06306306306306306}, "125": {"bias": -0.7807200583588266, "objective_cosine_similarity": -0.8694862948806067, "is_tight": 0.0, "dual_solution_value": -0.0, "scaled_age": 0.009009009009009009}, "126": {"bias": -0.876788279789868, "objective_cosine_similarity": -0.9422197714972805, "is_tight": 0.0, "dual_solution_value": -0.0, "scaled_age": 0.009009009009009009}, "127": {"bias": -0.8662961636484199, "objective_cosine_similarity": -0.9189474873278165, "is_tight": 1.0, "dual_solution_value": -7.532809450041778e-06, "scaled_age": 0.0}, "128": {"bias": -0.8989331499509895, "objective_cosine_similarity": -0.93558068362925, "is_tight": 0.0, "dual_solution_value": -0.0, "scaled_age": 0.018018018018018018}, "129": {"bias": -0.9467899021230864, "objective_cosine_similarity": -0.9516314787420989, "is_tight": 1.0, "dual_solution_value": -0.004207179131796265, "scaled_age": 0.0}, "130": {"bias": -0.9503575855486217, "objective_cosine_similarity": -0.962600427141426, "is_tight": 0.0, "dual_solution_value": -0.0, "scaled_age": 0.009009009009009009}, "131": {"bias": -0.9655874837645976, "objective_cosine_similarity": -0.9694562150413139, "is_tight": 0.0, "dual_solution_value": -0.0, "scaled_age": 0.018018018018018018}, "132": {"bias": -0.9508948185453024, "objective_cosine_similarity": -0.9583751438573344, "is_tight": 1.0, "dual_solution_value": -0.011141966136170352, "scaled_age": 0.0}, "133": {"bias": -0.9339243448269838, "objective_cosine_similarity": -0.9538867502686291, "is_tight": 1.0, "dual_solution_value": -0.005769586480066943, "scaled_age": 0.0}}