{"0": {"bias": -0.629940788348712, "objective_cosine_similarity": -0.8794396795924171, "is_tight": 0.0, "dual_solution_value": -0.0, "scaled_age": 0.02197802197802198}, "1": {"bias": -0.6575959492214292, "objective_cosine_similarity": -0.8369752764109066, "is_tight": 0.0, "dual_solution_value": -0.0, "scaled_age": 0.054945054945054944}, "2": {"bias": -0.7142857142857143, "objective_cosine_similarity": -0.7741850299737371, "is_tight": 0.0, "dual_solution_value": -0.0, "scaled_age": 0.02197802197802198}, "3": {"bias": -0.7071067811865475, "objective_cosine_similarity": -0.33867283334548304, "is_tight": 1.0, "dual_solution_value": -0.0024544204846605137, "scaled_age": 0.0}, "4": {"bias": -0.628970902033151, "objective_cosine_similarity": -0.8535394213826623, "is_tight": 1.0, "dual_solution_value": -1.2173522251349378e-05, "scaled_age": 0.0}, "5": {"bias": -0.849878491901647, "objective_cosine_similarity": -0.8688440742125911, "is_tight": 0.0, "dual_solution_value": -0.0, "scaled_age": 0.08791208791208792}, "6": {"bias": -0.7514247476602779, "objective_cosine_similarity": -0.879623084906106, "is_tight": 0.0, "dual_solution_value": -0.0, "scaled_age": 0.12087912087912088}, "7": {"bias": -0.7799026676680695, "objective_cosine_similarity": -0.8911216037853726, "is_tight": 0.0, "dual_solution_value": -0.0, "scaled_age": 0.14285714285714285}, "8": {"bias": -0.684148505086938, "objective_cosine_similarity": -0.8866182049781459, "is_tight": 0.0, "dual_solution_value": -0.0, "scaled_age": 0.06593406593406594}, "9": {"bias": -0.7024395743999532, "objective_cosine_similarity": -0.8507808935167781, "is_tight": 0.0, "dual_solution_value": -0.0, "scaled_age": 0.04395604395604396}, "10": {"bias": -0.771353044892945, "objective_cosine_similarity": -0.9125393888883714, "is_tight": 1.0, "dual_solution_value": -0.0009184837789723646, "scaled_age": 0.0}, "11": {"bias": -0.8208022073191795, "objective_cosine_similarity": -0.9073152192141435, "is_tight": 0.0, "dual_solution_value": 0.0, "scaled_age": 0.054945054945054944}, "12": {"bias": -0.7899084346652118, "objective_cosine_similarity": -0.8906349379539126, "is_tight": 1.0, "dual_solution_value": -0.0005819986764811176, "scaled_age": 0.0}, "13": {"bias": -0.825425016160869, "objective_cosine_similarity": -0.9502691241906162, "is_tight": 0.0, "dual_solution_value": 0.0, "scaled_age": 0.12087912087912088}, "14": {"bias": -0.7941928190664336, "objective_cosine_similarity": -0.9281817439827592, "is_tight": 0.0, "dual_solution_value": 0.0, "scaled_age": 0.10989010989010989}, "15": {"bias": -0.7837562469572106, "objective_cosine_similarity": -0.9510038232597758, "is_tight": 0.0, "dual_solution_value": 0.0, "scaled_age": 0.06593406593406594}, "16": {"bias": -0.7467993278870027, "objective_cosine_similarity": -0.8957609613800053, "is_tight": 0.0, "dual_solution_value": 0.0, "scaled_age": 0.04395604395604396}, "17": {"bias": -0.7984397931416687, "objective_cosine_similarity": -0.9408590078908567, "is_tight": 0.0, "dual_solution_value": 0.0, "scaled_age": 0.12087912087912088}, "18": {"bias": -0.4472135954999579, "objective_cosine_similarity": -0.3014603431835947, "is_tight": 0.0, "dual_solution_value": 0.0, "scaled_age": 0.06593406593406594}, "19": {"bias": -0.2886751345948129, "objective_cosine_similarity": -0.5287264441116343, "is_tight": 0.0, "dual_solution_value": 0.0, "scaled_age": 0.07692307692307693}, "20": {"bias": -0.35355339059327373, "objective_cosine_similarity": -0.42647690124986753, "is_tight": 0.0, "dual_solution_value": 0.0, "scaled_age": 0.08791208791208792}, "21": {"bias": -0.4082482904638631, "objective_cosine_similarity": -0.3439929794893824, "is_tight": 0.0, "dual_solution_value": 0.0, "scaled_age": 0.24175824175824176}, "22": {"bias": -0.3333333333333333, "objective_cosine_similarity": -0.4020862785242759, "is_tight": 0.0, "dual_solution_value": 0.0, "scaled_age": 0.1978021978021978}, "23": {"bias": -0.3779644730092272, "objective_cosine_similarity": -0.23299005488566576, "is_tight": 0.0, "dual_solution_value": 0.0, "scaled_age": 0.24175824175824176}, "24": {"bias": -0.4082482904638631, "objective_cosine_similarity": -0.3258880858320465, "is_tight": 0.0, "dual_solution_value": 0.0, "scaled_age": 0.02197802197802198}, "25": {"bias": -0.5, "objective_cosine_similarity": -0.1640866798389508, "is_tight": 0.0, "dual_solution_value": 0.0, "scaled_age": 0.03296703296703297}, "26": {"bias": -0.35355339059327373, "objective_cosine_similarity": -0.3590559205375723, "is_tight": 0.0, "dual_solution_value": 0.0, "scaled_age": 0.24175824175824176}, "27": {"bias": -0.3333333333333333, "objective_cosine_similarity": -0.4139123455396958, "is_tight": 0.0, "dual_solution_value": 0.0, "scaled_age": 0.24175824175824176}, "28": {"bias": -0.3333333333333333, "objective_cosine_similarity": -0.42869492930897063, "is_tight": 0.0, "dual_solution_value": 0.0, "scaled_age": 0.24175824175824176}, "29": {"bias": -0.3779644730092272, "objective_cosine_similarity": -0.40898973663383054, "is_tight": 0.0, "dual_solution_value": 0.0, "scaled_age": 0.24175824175824176}, "30": {"bias": -0.30151134457776363, "objective_cosine_similarity": -0.4385802841269765, "is_tight": 0.0, "dual_solution_value": 0.0, "scaled_age": 0.24175824175824176}, "31": {"bias": -0.31622776601683794, "objective_cosine_similarity": -0.429134103912676, "is_tight": 0.0, "dual_solution_value": 0.0, "scaled_age": 0.24175824175824176}, "32": {"bias": -0.35355339059327373, "objective_cosine_similarity": -0.46567514585003916, "is_tight": 0.0, "dual_solution_value": 0.0, "scaled_age": 0.03296703296703297}, "33": {"bias": -0.30151134457776363, "objective_cosine_similarity": -0.47067152442895044, "is_tight": 0.0, "dual_solution_value": 0.0, "scaled_age": 0.24175824175824176}, "34": {"bias": -0.2773500981126146, "objective_cosine_similarity": -0.38252543378289794, "is_tight": 0.0, "dual_solution_value": 0.0, "scaled_age": 0.24175824175824176}, "35": {"bias": -0.3333333333333333, "objective_cosine_similarity": -0.5602599248555168, "is_tight": 1.0, "dual_solution_value": -0.0024072273730772345, "scaled_age": 0.0}, "36": {"bias": -0.5773502691896258, "objective_cosine_similarity": -0.20739390785976936, "is_tight": 1.0, "dual_solution_value": -0.003841696960709358, "scaled_age": 0.0}, "37": {"bias": -0.3779644730092272, "objective_cosine_similarity": -0.3050661150301523, "is_tight": 0.0, "dual_solution_value": 0.0, "scaled_age": 0.13186813186813187}, "38": {"bias": -0.30151134457776363, "objective_cosine_similarity": -0.3770720735481932, "is_tight": 0.0, "dual_solution_value": 0.0, "scaled_age": 0.24175824175824176}, "39": {"bias": -0.2886751345948129, "objective_cosine_similarity": -0.38918362956401165, "is_tight": 0.0, "dual_solution_value": 0.0, "scaled_age": 0.24175824175824176}, "40": {"bias": -0.31622776601683794, "objective_cosine_similarity": -0.3379781668070422, "is_tight": 0.0, "dual_solution_value": 0.0, "scaled_age": 0.24175824175824176}, "41": {"bias": -0.3333333333333333, "objective_cosine_similarity": -0.5706077334940092, "is_tight": 1.0, "dual_solution_value": -0.001614735126401176, "scaled_age": 0.0}, "42": {"bias": -0.2773500981126146, "objective_cosine_similarity": -0.4735443472875103, "is_tight": 0.0, "dual_solution_value": 0.0, "scaled_age": 0.24175824175824176}, "43": {"bias": -0.35355339059327373, "objective_cosine_similarity": -0.3402407631294899, "is_tight": 0.0, "dual_solution_value": 0.0, "scaled_age": 0.054945054945054944}, "44": {"bias": -0.31622776601683794, "objective_cosine_similarity": -0.3996837242323943, "is_tight": 0.0, "dual_solution_value": 0.0, "scaled_age": 0.03296703296703297}, "45": {"bias": -0.2886751345948129, "objective_cosine_similarity": -0.4903201648783436, "is_tight": 0.0, "dual_solution_value": 0.0, "scaled_age": 0.24175824175824176}, "46": {"bias": -0.2773500981126146, "objective_cosine_similarity": -0.5092139214987773, "is_tight": 0.0, "dual_solution_value": 0.0, "scaled_age": 0.24175824175824176}, "47": {"bias": -0.2886751345948129, "objective_cosine_similarity": -0.4608753507994875, "is_tight": 0.0, "dual_solution_value": 0.0, "scaled_age": 0.24175824175824176}, "48": {"bias": -0.5, "objective_cosine_similarity": -0.31043425915477185, "is_tight": 0.0, "dual_solution_value": 0.0, "scaled_age": 0.02197802197802198}, "49": {"bias": -0.3779644730092272, "objective_cosine_similarity": -0.24975192933787194, "is_tight": 0.0, "dual_solution_value": 0.0, "scaled_age": 0.24175824175824176}, "50": {"bias": -0.30151134457776363, "objective_cosine_similarity": -0.4893914146051019, "is_tight": 0.0, "dual_solution_value": 0.0, "scaled_age": 0.24175824175824176}, "51": {"bias": -0.31622776601683794, "objective_cosine_similarity": -0.28468700357605625, "is_tight": 0.0, "dual_solution_value": 0.0, "scaled_age": 0.24175824175824176}, "52": {"bias": -0.31622776601683794, "objective_cosine_similarity": -0.40950051745915483, "is_tight": 0.0, "dual_solution_value": 0.0, "scaled_age": 0.17582417582417584}, "53": {"bias": -0.2581988897471611, "objective_cosine_similarity": -0.5416105491169241, "is_tight": 0.0, "dual_solution_value": 0.0, "scaled_age": 0.24175824175824176}, "54": {"bias": -0.35355339059327373, "objective_cosine_similarity": -0.3590559205375723, "is_tight": 0.0, "dual_solution_value": 0.0, "scaled_age": 0.24175824175824176}, "55": {"bias": -0.3333333333333333, "objective_cosine_similarity": -0.5587816664785893, "is_tight": 1.0, "dual_solution_value": -0.013209741023670302, "scaled_age": 0.0}, "56": {"bias": -0.31622776601683794, "objective_cosine_similarity": -0.31694218132112667, "is_tight": 0.0, "dual_solution_value": 0.0, "scaled_age": 0.24175824175824176}, "57": {"bias": -0.2672612419124244, "objective_cosine_similarity": -0.41127949764217286, "is_tight": 0.0, "dual_solution_value": 0.0, "scaled_age": 0.24175824175824176}, "58": {"bias": -0.30151134457776363, "objective_cosine_similarity": -0.3770720735481932, "is_tight": 0.0, "dual_solution_value": 0.0, "scaled_age": 0.24175824175824176}, "59": {"bias": -0.3333333333333333, "objective_cosine_similarity": -0.38730369475500104, "is_tight": 0.0, "dual_solution_value": 0.0, "scaled_age": 0.24175824175824176}, "60": {"bias": -0.30151134457776363, "objective_cosine_similarity": -0.4399174191395588, "is_tight": 0.0, "dual_solution_value": 0.0, "scaled_age": 0.01098901098901099}, "61": {"bias": -0.31622776601683794, "objective_cosine_similarity": -0.37584294068169005, "is_tight": 0.0, "dual_solution_value": 0.0, "scaled_age": 0.24175824175824176}, "62": {"bias": -0.30151134457776363, "objective_cosine_similarity": -0.5067741697686711, "is_tight": 0.0, "dual_solution_value": 0.0, "scaled_age": 0.01098901098901099}, "63": {"bias": -0.2773500981126146, "objective_cosine_similarity": -0.44771465561728246, "is_tight": 0.0, "dual_solution_value": 0.0, "scaled_age": 0.24175824175824176}, "64": {"bias": -0.3779644730092272, "objective_cosine_similarity": -0.32853273926324095, "is_tight": 1.0, "dual_solution_value": -0.00039965047753161834, "scaled_age": 0.0}, "65": {"bias": -0.30151134457776363, "objective_cosine_similarity": -0.4907285496176841, "is_tight": 0.0, "dual_solution_value": 0.0, "scaled_age": 0.04395604395604396}, "66": {"bias": -0.3333333333333333, "objective_cosine_similarity": -0.44643402983210045, "is_tight": 0.0, "dual_solution_value": 0.0, "scaled_age": 0.24175824175824176}, "67": {"bias": -0.31622776601683794, "objective_cosine_similarity": -0.29450379680281685, "is_tight": 0.0, "dual_solution_value": 0.0, "scaled_age": 0.24175824175824176}, "68": {"bias": -0.3333333333333333, "objective_cosine_similarity": -0.44791228820902795, "is_tight": 0.0, "dual_solution_value": 0.0, "scaled_age": 0.03296703296703297}, "69": {"bias": -0.2672612419124244, "objective_cosine_similarity": -0.5606201797831347, "is_tight": 0.0, "dual_solution_value": 0.0, "scaled_age": 0.24175824175824176}, "70": {"bias": -0.35355339059327373, "objective_cosine_similarity": -0.38727865664969585, "is_tight": 0.0, "dual_solution_value": 0.0, "scaled_age": 0.24175824175824176}, "71": {"bias": -0.3779644730092272, "objective_cosine_similarity": -0.29165661546838734, "is_tight": 0.0, "dual_solution_value": 0.0, "scaled_age": 0.03296703296703297}, "72": {"bias": -0.3333333333333333, "objective_cosine_similarity": -0.7095640209251928, "is_tight": 1.0, "dual_solution_value": -0.03483340396190034, "scaled_age": 0.0}, "73": {"bias": -0.3333333333333333, "objective_cosine_similarity": -0.3695645942318712, "is_tight": 0.0, "dual_solution_value": 0.0, "scaled_age": 0.24175824175824176}, "74": {"bias": -0.35355339059327373, "objective_cosine_similarity": -0.4123655331938057, "is_tight": 0.0, "dual_solution_value": 0.0, "scaled_age": 0.24175824175824176}, "75": {"bias": -0.30151134457776363, "objective_cosine_similarity": -0.4265460690137363, "is_tight": 0.0, "dual_solution_value": 0.0, "scaled_age": 0.24175824175824176}, "76": {"bias": -0.30151134457776363, "objective_cosine_similarity": -0.4733457944541149, "is_tight": 0.0, "dual_solution_value": 0.0, "scaled_age": 0.24175824175824176}, "77": {"bias": -0.30151134457776363, "objective_cosine_similarity": -0.48404287455477285, "is_tight": 0.0, "dual_solution_value": 0.0, "scaled_age": 0.24175824175824176}, "78": {"bias": -0.35355339059327373, "objective_cosine_similarity": -0.4421561990899362, "is_tight": 1.0, "dual_solution_value": -0.009539757081998584, "scaled_age": 0.0}, "79": {"bias": -0.3333333333333333, "objective_cosine_similarity": -0.35034723533181394, "is_tight": 0.0, "dual_solution_value": 0.0, "scaled_age": 0.24175824175824176}, "80": {"bias": -0.3779644730092272, "objective_cosine_similarity": -0.3268565518180203, "is_tight": 0.0, "dual_solution_value": 0.0, "scaled_age": 0.13186813186813187}, "81": {"bias": -0.3333333333333333, "objective_cosine_similarity": -0.4109558287858408, "is_tight": 0.0, "dual_solution_value": 0.0, "scaled_age": 0.24175824175824176}, "82": {"bias": -0.4082482904638631, "objective_cosine_similarity": -0.30054123471177624, "is_tight": 0.0, "dual_solution_value": 0.0, "scaled_age": 0.24175824175824176}, "83": {"bias": -0.31622776601683794, "objective_cosine_similarity": -0.3744405416492957, "is_tight": 0.0, "dual_solution_value": 0.0, "scaled_age": 0.24175824175824176}, "84": {"bias": -0.35355339059327373, "objective_cosine_similarity": -0.514280969154252, "is_tight": 0.0, "dual_solution_value": 0.0, "scaled_age": 0.04395604395604396}, "85": {"bias": -0.3779644730092272, "objective_cosine_similarity": -0.34864698860588833, "is_tight": 1.0, "dual_solution_value": -6.99997456074736e-05, "scaled_age": 0.0}, "86": {"bias": -0.4082482904638631, "objective_cosine_similarity": -0.217258723888031, "is_tight": 0.0, "dual_solution_value": 0.0, "scaled_age": 0.24175824175824176}, "87": {"bias": -0.31622776601683794, "objective_cosine_similarity": -0.4515724884309858, "is_tight": 0.0, "dual_solution_value": 0.0, "scaled_age": 0.04395604395604396}, "88": {"bias": -0.35355339059327373, "objective_cosine_similarity": -0.28222736112123586, "is_tight": 0.0, "dual_solution_value": 0.0, "scaled_age": 0.24175824175824176}, "89": {"bias": -0.2773500981126146, "objective_cosine_similarity": -0.6002328350033896, "is_tight": 0.0, "dual_solution_value": 0.0, "scaled_age": 0.24175824175824176}, "90": {"bias": -0.2773500981126146, "objective_cosine_similarity": -0.5301236718984855, "is_tight": 0.0, "dual_solution_value": 0.0, "scaled_age": 0.24175824175824176}, "91": {"bias": -0.35355339059327373, "objective_cosine_similarity": -0.2743877122012015, "is_tight": 0.0, "dual_solution_value": 0.0, "scaled_age": 0.24175824175824176}, "92": {"bias": -0.3333333333333333, "objective_cosine_similarity": -0.44939054658595545, "is_tight": 0.0, "dual_solution_value": 0.0, "scaled_age": 0.054945054945054944}, "93": {"bias": -0.4082482904638631, "objective_cosine_similarity": -0.2607104686656372, "is_tight": 0.0, "dual_solution_value": 0.0, "scaled_age": 0.24175824175824176}, "94": {"bias": -0.5, "objective_cosine_similarity": -0.26386912028155607, "is_tight": 1.0, "dual_solution_value": -3.947424073715659e-06, "scaled_age": 0.0}, "95": {"bias": -0.3779644730092272, "objective_cosine_similarity": -0.429103985976478, "is_tight": 0.0, "dual_solution_value": 0.0, "scaled_age": 0.24175824175824176}, "96": {"bias": -0.31622776601683794, "objective_cosine_similarity": -0.44175569520422525, "is_tight": 0.0, "dual_solution_value": 0.0, "scaled_age": 0.24175824175824176}, "97": {"bias": -0.31622776601683794, "objective_cosine_similarity": -0.38425733487605623, "is_tight": 0.0, "dual_solution_value": 0.0, "scaled_age": 0.24175824175824176}, "98": {"bias": -0.2773500981126146, "objective_cosine_similarity": -0.4981440536401083, "is_tight": 0.0, "dual_solution_value": 0.0, "scaled_age": 0.24175824175824176}, "99": {"bias": -0.35355339059327373, "objective_cosine_similarity": -0.47508272455408035, "is_tight": 0.0, "dual_solution_value": 0.0, "scaled_age": 0.04395604395604396}, "100": {"bias": -0.4472135954999579, "objective_cosine_similarity": -0.27766084240594247, "is_tight": 0.0, "dual_solution_value": 0.0, "scaled_age": 0.24175824175824176}, "101": {"bias": -0.30151134457776363, "objective_cosine_similarity": -0.35434077833429506, "is_tight": 0.0, "dual_solution_value": 0.0, "scaled_age": 0.24175824175824176}, "102": {"bias": -0.3333333333333333, "objective_cosine_similarity": -0.44495577145517295, "is_tight": 0.0, "dual_solution_value": 0.0, "scaled_age": 0.04395604395604396}, "103": {"bias": -0.35355339059327373, "objective_cosine_similarity": -0.43274862038589496, "is_tight": 1.0, "dual_solution_value": -0.00024266155664663604, "scaled_age": 0.0}, "104": {"bias": -0.30151134457776363, "objective_cosine_similarity": -0.38910628866143343, "is_tight": 0.0, "dual_solution_value": 0.0, "scaled_age": 0.21978021978021978}, "105": {"bias": -0.3779644730092272, "objective_cosine_similarity": -0.36373267561287387, "is_tight": 0.0, "dual_solution_value": 0.0, "scaled_age": 0.24175824175824176}, "106": {"bias": -0.3333333333333333, "objective_cosine_similarity": -0.3266951013009742, "is_tight": 0.0, "dual_solution_value": 0.0, "scaled_age": 0.24175824175824176}, "107": {"bias": -0.3779644730092272, "objective_cosine_similarity": -0.35032317605110896, "is_tight": 0.0, "dual_solution_value": 0.0, "scaled_age": 0.24175824175824176}, "108": {"bias": -0.5, "objective_cosine_similarity": -0.1618692922735596, "is_tight": 0.0, "dual_solution_value": 0.0, "scaled_age": 0.24175824175824176}, "109": {"bias": -0.31622776601683794, "objective_cosine_similarity": -0.47120607488450694, "is_tight": 0.0, "dual_solution_value": 0.0, "scaled_age": 0.02197802197802198}, "110": {"bias": -0.2672612419124244, "objective_cosine_similarity": -0.47291216011304604, "is_tight": 0.0, "dual_solution_value": 0.0, "scaled_age": 0.24175824175824176}, "111": {"bias": -0.4472135954999579, "objective_cosine_similarity": -0.3034436349150657, "is_tight": 0.0, "dual_solution_value": 0.0, "scaled_age": 0.054945054945054944}, "112": {"bias": -0.4472135954999579, "objective_cosine_similarity": -0.39665834629420355, "is_tight": 1.0, "dual_solution_value": -0.0244961030635884, "scaled_age": 0.0}, "113": {"bias": -0.3333333333333333, "objective_cosine_similarity": -0.47747745574757766, "is_tight": 0.0, "dual_solution_value": 0.0, "scaled_age": 0.24175824175824176}, "114": {"bias": -0.3779644730092272, "objective_cosine_similarity": -0.32853273926324095, "is_tight": 0.0, "dual_solution_value": 0.0, "scaled_age": 0.24175824175824176}, "115": {"bias": -0.35355339059327373, "objective_cosine_similarity": -0.47508272455408035, "is_tight": 0.0, "dual_solution_value": 0.0, "scaled_age": 0.08791208791208792}, "116": {"bias": -0.806957330502611, "objective_cosine_similarity": -0.9367627384848483, "is_tight": 0.0, "dual_solution_value": -0.0, "scaled_age": 0.06593406593406594}, "117": {"bias": -0.48507125007266594, "objective_cosine_similarity": -0.7518380798096956, "is_tight": 1.0, "dual_solution_value": -0.0023606086855447036, "scaled_age": 0.0}, "118": {"bias": -0.7492686492653552, "objective_cosine_similarity": -0.8734910318992154, "is_tight": 1.0, "dual_solution_value": -0.0001623001564468159, "scaled_age": 0.0}, "119": {"bias": -0.7333587976225691, "objective_cosine_similarity": -0.8716114038467409, "is_tight": 0.0, "dual_solution_value": -0.0, "scaled_age": 0.08791208791208792}, "120": {"bias": -0.802031663438111, "objective_cosine_similarity": -0.9287199077447972, "is_tight": 1.0, "dual_solution_value": -0.0024041036351853864, "scaled_age": 0.0}, "121": {"bias": -0.7913619231235004, "objective_cosine_similarity": -0.9372355686611925, "is_tight": 1.0, "dual_solution_value": -0.012482912022443584, "scaled_age": 0.0}, "122": {"bias": -0.7053456158585982, "objective_cosine_similarity": -0.9208976832482734, "is_tight": 0.0, "dual_solution_value": -0.0, "scaled_age": 0.04395604395604396}, "123": {"bias": -0.5443310539518174, "objective_cosine_similarity": -0.8672244061863903, "is_tight": 1.0, "dual_solution_value": -0.0009169062716721769, "scaled_age": 0.0}, "124": {"bias": -0.674199862463242, "objective_cosine_similarity": -0.8915955703588692, "is_tight": 1.0, "dual_solution_value": -0.0001101841237001539, "scaled_age": 0.0}, "125": {"bias": -0.8118970109282515, "objective_cosine_similarity": -0.9579624972269787, "is_tight": 1.0, "dual_solution_value": -0.01046439433259989, "scaled_age": 0.0}, "126": {"bias": -0.6644105970267493, "objective_cosine_similarity": -0.8826906870143414, "is_tight": 0.0, "dual_solution_value": -0.0, "scaled_age": 0.06593406593406594}, "127": {"bias": -0.592156525463792, "objective_cosine_similarity": -0.9159187068346102, "is_tight": 0.0, "dual_solution_value": -0.0, "scaled_age": 0.07692307692307693}, "128": {"bias": -0.7035975447302919, "objective_cosine_similarity": -0.9080063959938028, "is_tight": 1.0, "dual_solution_value": -9.989436943840153e-06, "scaled_age": 0.0}, "129": {"bias": -0.6695340634119862, "objective_cosine_similarity": -0.9325675688197067, "is_tight": 0.0, "dual_solution_value": -0.0, "scaled_age": 0.06593406593406594}, "130": {"bias": -0.6668859288553503, "objective_cosine_similarity": -0.9300165825440944, "is_tight": 1.0, "dual_solution_value": -0.00010079485755853057, "scaled_age": 0.0}, "131": {"bias": -0.7469670772722139, "objective_cosine_similarity": -0.9427050480655254, "is_tight": 1.0, "dual_solution_value": -6.26363451922417e-05, "scaled_age": 0.0}, "132": {"bias": -0.7714080778260046, "objective_cosine_similarity": -0.9378861634066671, "is_tight": 1.0, "dual_solution_value": -0.00022667257522130874, "scaled_age": 0.0}, "133": {"bias": -0.5773502691896257, "objective_cosine_similarity": -0.7758068405124704, "is_tight": 1.0, "dual_solution_value": -0.0001381233348268269, "scaled_age": 0.0}, "134": {"bias": -0.7612432304867113, "objective_cosine_similarity": -0.9548916011754283, "is_tight": 1.0, "dual_solution_value": -1.1530815971789293e-05, "scaled_age": 0.0}, "135": {"bias": -0.800428217855043, "objective_cosine_similarity": -0.9546440833445039, "is_tight": 1.0, "dual_solution_value": -0.00018560531298541104, "scaled_age": 0.0}}