{"0": {"bias": -0.8574929257125441, "objective_cosine_similarity": -0.82853553498299, "is_tight": 1.0, "dual_solution_value": -0.00016767412369905825, "scaled_age": 0.0}, "1": {"bias": -1.3608276348795434, "objective_cosine_similarity": -0.9502093380062416, "is_tight": 0.0, "dual_solution_value": -0.0, "scaled_age": 0.11428571428571428}, "2": {"bias": -0.6324555320336759, "objective_cosine_similarity": -0.48813285175520177, "is_tight": 1.0, "dual_solution_value": -0.0011539536729315892, "scaled_age": 0.0}, "3": {"bias": -1.3241694217637887, "objective_cosine_similarity": -0.932934074390781, "is_tight": 0.0, "dual_solution_value": -0.0, "scaled_age": 0.11428571428571428}, "4": {"bias": -0.8320502943378437, "objective_cosine_similarity": -0.7974159010462795, "is_tight": 0.0, "dual_solution_value": -0.0, "scaled_age": 0.08571428571428572}, "5": {"bias": -1.0, "objective_cosine_similarity": -0.8416639107414166, "is_tight": 0.0, "dual_solution_value": -0.0, "scaled_age": 0.15714285714285714}, "6": {"bias": -0.5773502691896258, "objective_cosine_similarity": -0.4501376822067971, "is_tight": 0.0, "dual_solution_value": -0.0, "scaled_age": 0.14285714285714285}, "7": {"bias": -1.3333333333333333, "objective_cosine_similarity": -0.9305529715369407, "is_tight": 0.0, "dual_solution_value": -0.0, "scaled_age": 0.1}, "8": {"bias": -1.1690510614278045, "objective_cosine_similarity": -0.9046260509198739, "is_tight": 1.0, "dual_solution_value": -2.3725874020465957e-08, "scaled_age": 0.0}, "9": {"bias": -1.195912631844369, "objective_cosine_similarity": -0.9402688626756643, "is_tight": 1.0, "dual_solution_value": -6.135455334237146e-08, "scaled_age": 0.0}, "10": {"bias": -1.3032091571138429, "objective_cosine_similarity": -0.9234505451376138, "is_tight": 0.0, "dual_solution_value": 0.0, "scaled_age": 0.11428571428571428}, "11": {"bias": -1.3694835398549943, "objective_cosine_similarity": -0.9441999101275312, "is_tight": 0.0, "dual_solution_value": 0.0, "scaled_age": 0.11428571428571428}, "12": {"bias": -1.3259912513705592, "objective_cosine_similarity": -0.9238978093119029, "is_tight": 0.0, "dual_solution_value": 0.0, "scaled_age": 0.02857142857142857}, "13": {"bias": -1.3507315183872561, "objective_cosine_similarity": -0.9255870100905985, "is_tight": 0.0, "dual_solution_value": 0.0, "scaled_age": 0.11428571428571428}, "14": {"bias": -1.295071845319223, "objective_cosine_similarity": -0.9217405812204215, "is_tight": 0.0, "dual_solution_value": 0.0, "scaled_age": 0.14285714285714285}, "15": {"bias": -1.2860968025852435, "objective_cosine_similarity": -0.9319685213700256, "is_tight": 0.0, "dual_solution_value": 0.0, "scaled_age": 0.04285714285714286}, "16": {"bias": -0.5, "objective_cosine_similarity": -0.1374717720877647, "is_tight": 0.0, "dual_solution_value": 0.0, "scaled_age": 0.07142857142857142}, "17": {"bias": -0.5, "objective_cosine_similarity": -0.26119636696675297, "is_tight": 0.0, "dual_solution_value": 0.0, "scaled_age": 0.32857142857142857}, "18": {"bias": -0.4472135954999579, "objective_cosine_similarity": -0.3038831276341646, "is_tight": 1.0, "dual_solution_value": -0.0006559798004786085, "scaled_age": 0.0}, "19": {"bias": -0.5, "objective_cosine_similarity": -0.3338600179274286, "is_tight": 0.0, "dual_solution_value": 0.0, "scaled_age": 0.32857142857142857}, "20": {"bias": -0.3779644730092272, "objective_cosine_similarity": -0.4186446783201324, "is_tight": 0.0, "dual_solution_value": 0.0, "scaled_age": 0.32857142857142857}, "21": {"bias": -0.5, "objective_cosine_similarity": -0.4163430811800874, "is_tight": 1.0, "dual_solution_value": -0.007483284810194153, "scaled_age": 0.0}, "22": {"bias": -0.4082482904638631, "objective_cosine_similarity": -0.20524842401597349, "is_tight": 0.0, "dual_solution_value": 0.0, "scaled_age": 0.32857142857142857}, "23": {"bias": -0.4472135954999579, "objective_cosine_similarity": -0.27402177983196346, "is_tight": 0.0, "dual_solution_value": 0.0, "scaled_age": 0.32857142857142857}, "24": {"bias": -0.5, "objective_cosine_similarity": -0.3574266074281882, "is_tight": 1.0, "dual_solution_value": -0.0044802313985354515, "scaled_age": 0.0}, "25": {"bias": -0.5, "objective_cosine_similarity": -0.20031601075645714, "is_tight": 0.0, "dual_solution_value": 0.0, "scaled_age": 0.32857142857142857}, "26": {"bias": -0.3779644730092272, "objective_cosine_similarity": -0.4676350130171692, "is_tight": 1.0, "dual_solution_value": -0.001955860519115204, "scaled_age": 0.0}, "27": {"bias": -0.3779644730092272, "objective_cosine_similarity": -0.33699412049173777, "is_tight": 0.0, "dual_solution_value": 0.0, "scaled_age": 0.2714285714285714}, "28": {"bias": -0.3779644730092272, "objective_cosine_similarity": -0.20338411677254659, "is_tight": 0.0, "dual_solution_value": 0.0, "scaled_age": 0.32857142857142857}, "29": {"bias": -0.5, "objective_cosine_similarity": -0.1826410686308874, "is_tight": 0.0, "dual_solution_value": 0.0, "scaled_age": 0.32857142857142857}, "30": {"bias": -0.3779644730092272, "objective_cosine_similarity": -0.3251176757166986, "is_tight": 0.0, "dual_solution_value": 0.0, "scaled_age": 0.05714285714285714}, "31": {"bias": -0.4082482904638631, "objective_cosine_similarity": -0.23571498695584456, "is_tight": 0.0, "dual_solution_value": 0.0, "scaled_age": 0.32857142857142857}, "32": {"bias": -0.4082482904638631, "objective_cosine_similarity": -0.26297454327046604, "is_tight": 0.0, "dual_solution_value": 0.0, "scaled_age": 0.32857142857142857}, "33": {"bias": -0.4472135954999579, "objective_cosine_similarity": -0.20551633487397258, "is_tight": 0.0, "dual_solution_value": 0.0, "scaled_age": 0.32857142857142857}, "34": {"bias": -0.5, "objective_cosine_similarity": -0.13354400717097142, "is_tight": 0.0, "dual_solution_value": 0.0, "scaled_age": 0.32857142857142857}, "35": {"bias": -0.7071067811865475, "objective_cosine_similarity": -0.11387131751041682, "is_tight": 0.0, "dual_solution_value": 0.0, "scaled_age": 0.04285714285714286}, "36": {"bias": -0.5, "objective_cosine_similarity": -0.41045143380489746, "is_tight": 1.0, "dual_solution_value": -0.020054983952086863, "scaled_age": 0.0}, "37": {"bias": -0.5, "objective_cosine_similarity": -0.16496612650531764, "is_tight": 0.0, "dual_solution_value": 0.0, "scaled_age": 0.32857142857142857}, "38": {"bias": -0.3779644730092272, "objective_cosine_similarity": -0.5151407921173261, "is_tight": 0.0, "dual_solution_value": 0.0, "scaled_age": 0.014285714285714285}, "39": {"bias": -0.4082482904638631, "objective_cosine_similarity": -0.29183760289771227, "is_tight": 0.0, "dual_solution_value": 0.0, "scaled_age": 0.32857142857142857}, "40": {"bias": -0.5773502691896258, "objective_cosine_similarity": -0.2743912319749242, "is_tight": 1.0, "dual_solution_value": -0.049889314904531676, "scaled_age": 0.0}, "41": {"bias": -0.5, "objective_cosine_similarity": -0.37706543201215464, "is_tight": 0.0, "dual_solution_value": 0.0, "scaled_age": 0.05714285714285714}, "42": {"bias": -0.5, "objective_cosine_similarity": -0.3102934284266689, "is_tight": 1.0, "dual_solution_value": -0.006903701502434071, "scaled_age": 0.0}, "43": {"bias": -0.7071067811865475, "objective_cosine_similarity": -0.16108625403912621, "is_tight": 1.0, "dual_solution_value": -0.023422346244002072, "scaled_age": 0.0}, "44": {"bias": -0.7071067811865475, "objective_cosine_similarity": -0.21107853977540678, "is_tight": 0.0, "dual_solution_value": 0.0, "scaled_age": 0.04285714285714286}, "45": {"bias": -0.5773502691896258, "objective_cosine_similarity": -0.2879974087670692, "is_tight": 0.0, "dual_solution_value": 0.0, "scaled_age": 0.08571428571428572}, "46": {"bias": -0.7071067811865475, "objective_cosine_similarity": -0.14719950800127052, "is_tight": 1.0, "dual_solution_value": -0.0004663552903982353, "scaled_age": 0.0}, "47": {"bias": -0.5773502691896258, "objective_cosine_similarity": -0.36736677338791507, "is_tight": 1.0, "dual_solution_value": -0.03232260995233973, "scaled_age": 0.0}, "48": {"bias": -0.4472135954999579, "objective_cosine_similarity": -0.29510037828057606, "is_tight": 1.0, "dual_solution_value": -0.0002870102419623794, "scaled_age": 0.0}, "49": {"bias": -0.3779644730092272, "objective_cosine_similarity": -0.24495167348518385, "is_tight": 0.0, "dual_solution_value": 0.0, "scaled_age": 0.32857142857142857}, "50": {"bias": -0.4082482904638631, "objective_cosine_similarity": -0.3319251857133321, "is_tight": 0.0, "dual_solution_value": 0.0, "scaled_age": 0.32857142857142857}, "51": {"bias": -0.4472135954999579, "objective_cosine_similarity": -0.2178121839689966, "is_tight": 1.0, "dual_solution_value": -0.0001452219197539866, "scaled_age": 0.0}, "52": {"bias": -0.5773502691896258, "objective_cosine_similarity": -0.07710166848882168, "is_tight": 0.0, "dual_solution_value": 0.0, "scaled_age": 0.32857142857142857}, "53": {"bias": -0.3779644730092272, "objective_cosine_similarity": -0.28503467460094123, "is_tight": 0.0, "dual_solution_value": 0.0, "scaled_age": 0.32857142857142857}, "54": {"bias": -0.7071067811865475, "objective_cosine_similarity": -0.09442987305741882, "is_tight": 0.0, "dual_solution_value": 0.0, "scaled_age": 0.04285714285714286}, "55": {"bias": -0.3779644730092272, "objective_cosine_similarity": -0.23010611751638482, "is_tight": 0.0, "dual_solution_value": 0.0, "scaled_age": 0.32857142857142857}, "56": {"bias": -0.5, "objective_cosine_similarity": -0.12961624225417814, "is_tight": 1.0, "dual_solution_value": -0.00836614553443436, "scaled_age": 0.0}, "57": {"bias": -0.4082482904638631, "objective_cosine_similarity": -0.25495702670734205, "is_tight": 0.0, "dual_solution_value": 0.0, "scaled_age": 0.04285714285714286}, "58": {"bias": -0.4082482904638631, "objective_cosine_similarity": -0.23892199358109414, "is_tight": 0.0, "dual_solution_value": 0.0, "scaled_age": 0.32857142857142857}, "59": {"bias": -0.4472135954999579, "objective_cosine_similarity": -0.3179355265999063, "is_tight": 0.0, "dual_solution_value": 0.0, "scaled_age": 0.02857142857142857}, "60": {"bias": -0.4082482904638631, "objective_cosine_similarity": -0.7135589741180328, "is_tight": 1.0, "dual_solution_value": -0.03929866636056951, "scaled_age": 0.0}, "61": {"bias": -0.5773502691896258, "objective_cosine_similarity": -0.14740024858157086, "is_tight": 0.0, "dual_solution_value": 0.0, "scaled_age": 0.08571428571428572}, "62": {"bias": -0.4082482904638631, "objective_cosine_similarity": -0.43454939772131884, "is_tight": 0.0, "dual_solution_value": 0.0, "scaled_age": 0.18571428571428572}, "63": {"bias": -0.4082482904638631, "objective_cosine_similarity": -0.1507293113867305, "is_tight": 1.0, "dual_solution_value": -0.00017737019420775924, "scaled_age": 0.0}, "64": {"bias": -0.5773502691896258, "objective_cosine_similarity": -0.10431402207311168, "is_tight": 0.0, "dual_solution_value": 0.0, "scaled_age": 0.32857142857142857}, "65": {"bias": -0.4082482904638631, "objective_cosine_similarity": -0.25656053001996687, "is_tight": 0.0, "dual_solution_value": 0.0, "scaled_age": 0.32857142857142857}, "66": {"bias": -0.4472135954999579, "objective_cosine_similarity": -0.11241919172593373, "is_tight": 0.0, "dual_solution_value": 0.0, "scaled_age": 0.32857142857142857}, "67": {"bias": -0.5, "objective_cosine_similarity": -0.3593904898865849, "is_tight": 0.0, "dual_solution_value": 0.0, "scaled_age": 0.1}, "68": {"bias": -0.3779644730092272, "objective_cosine_similarity": -0.2063532279663064, "is_tight": 0.0, "dual_solution_value": 0.0, "scaled_age": 0.32857142857142857}, "69": {"bias": -0.4472135954999579, "objective_cosine_similarity": -0.1686287875889006, "is_tight": 0.0, "dual_solution_value": 0.0, "scaled_age": 0.32857142857142857}, "70": {"bias": -0.4082482904638631, "objective_cosine_similarity": -0.2453360068315933, "is_tight": 0.0, "dual_solution_value": 0.0, "scaled_age": 0.32857142857142857}, "71": {"bias": -0.4472135954999579, "objective_cosine_similarity": -0.31266587698775317, "is_tight": 0.0, "dual_solution_value": 0.0, "scaled_age": 0.32857142857142857}, "72": {"bias": -0.3779644730092272, "objective_cosine_similarity": -0.33699412049173777, "is_tight": 0.0, "dual_solution_value": 0.0, "scaled_age": 0.32857142857142857}, "73": {"bias": -0.4472135954999579, "objective_cosine_similarity": -0.14052398965741716, "is_tight": 0.0, "dual_solution_value": 0.0, "scaled_age": 0.32857142857142857}, "74": {"bias": -0.5, "objective_cosine_similarity": -0.25726860204995966, "is_tight": 0.0, "dual_solution_value": 0.0, "scaled_age": 0.32857142857142857}, "75": {"bias": -0.4472135954999579, "objective_cosine_similarity": -0.3495534242728252, "is_tight": 0.0, "dual_solution_value": 0.0, "scaled_age": 0.1}, "76": {"bias": -0.5773502691896258, "objective_cosine_similarity": -0.16554181763776418, "is_tight": 0.0, "dual_solution_value": 0.0, "scaled_age": 0.14285714285714285}, "77": {"bias": -0.5773502691896258, "objective_cosine_similarity": -0.312942066219335, "is_tight": 1.0, "dual_solution_value": -0.01571443500276095, "scaled_age": 0.0}, "78": {"bias": -0.5, "objective_cosine_similarity": -0.2867268389259092, "is_tight": 0.0, "dual_solution_value": 0.0, "scaled_age": 0.17142857142857143}, "79": {"bias": -0.5, "objective_cosine_similarity": -0.22781036517401007, "is_tight": 0.0, "dual_solution_value": 0.0, "scaled_age": 0.32857142857142857}, "80": {"bias": -0.5, "objective_cosine_similarity": -0.3613543723449815, "is_tight": 1.0, "dual_solution_value": -0.017537093920024463, "scaled_age": 0.0}, "81": {"bias": -0.35355339059327373, "objective_cosine_similarity": -0.2249652858132625, "is_tight": 0.0, "dual_solution_value": 0.0, "scaled_age": 0.32857142857142857}, "82": {"bias": -0.35355339059327373, "objective_cosine_similarity": -0.2055238413602645, "is_tight": 0.0, "dual_solution_value": 0.0, "scaled_age": 0.32857142857142857}, "83": {"bias": -0.3779644730092272, "objective_cosine_similarity": -0.2805810078103015, "is_tight": 0.0, "dual_solution_value": 0.0, "scaled_age": 0.32857142857142857}, "84": {"bias": -0.7071067811865475, "objective_cosine_similarity": -0.14997685720884166, "is_tight": 1.0, "dual_solution_value": -0.0333281904908537, "scaled_age": 0.0}, "85": {"bias": -0.3779644730092272, "objective_cosine_similarity": -0.5032643473422869, "is_tight": 0.0, "dual_solution_value": 0.0, "scaled_age": 0.2857142857142857}, "86": {"bias": -0.4082482904638631, "objective_cosine_similarity": -0.2228869604548462, "is_tight": 0.0, "dual_solution_value": 0.0, "scaled_age": 0.32857142857142857}, "87": {"bias": -0.4472135954999579, "objective_cosine_similarity": -0.356579623755696, "is_tight": 1.0, "dual_solution_value": -0.006626399820165564, "scaled_age": 0.0}, "88": {"bias": -0.4082482904638631, "objective_cosine_similarity": -0.4666194639738147, "is_tight": 0.0, "dual_solution_value": 0.0, "scaled_age": 0.15714285714285714}, "89": {"bias": -0.4472135954999579, "objective_cosine_similarity": -0.25996938086622173, "is_tight": 0.0, "dual_solution_value": 0.0, "scaled_age": 0.14285714285714285}, "90": {"bias": -0.5, "objective_cosine_similarity": -0.3083295459682723, "is_tight": 0.0, "dual_solution_value": 0.0, "scaled_age": 0.32857142857142857}, "91": {"bias": -0.4472135954999579, "objective_cosine_similarity": -0.37238857259215546, "is_tight": 0.0, "dual_solution_value": 0.0, "scaled_age": 0.32857142857142857}, "92": {"bias": -0.35355339059327373, "objective_cosine_similarity": -0.3791081668334609, "is_tight": 0.0, "dual_solution_value": 0.0, "scaled_age": 0.32857142857142857}, "93": {"bias": -0.4472135954999579, "objective_cosine_similarity": -0.32320517621205946, "is_tight": 1.0, "dual_solution_value": -0.00018230568859506913, "scaled_age": 0.0}, "94": {"bias": -0.3779644730092272, "objective_cosine_similarity": -0.4572431238390099, "is_tight": 0.0, "dual_solution_value": 0.0, "scaled_age": 0.32857142857142857}, "95": {"bias": -0.4472135954999579, "objective_cosine_similarity": -0.18092463668392458, "is_tight": 0.0, "dual_solution_value": 0.0, "scaled_age": 0.32857142857142857}, "96": {"bias": -0.4082482904638631, "objective_cosine_similarity": -0.2421290002063437, "is_tight": 0.0, "dual_solution_value": 0.0, "scaled_age": 0.32857142857142857}, "97": {"bias": -0.5, "objective_cosine_similarity": -0.09033859308624538, "is_tight": 0.0, "dual_solution_value": 0.0, "scaled_age": 0.32857142857142857}, "98": {"bias": -0.5, "objective_cosine_similarity": -0.25530471959156303, "is_tight": 0.0, "dual_solution_value": 0.0, "scaled_age": 0.2571428571428571}, "99": {"bias": -0.5773502691896258, "objective_cosine_similarity": -0.056692403300604176, "is_tight": 0.0, "dual_solution_value": 0.0, "scaled_age": 0.014285714285714285}, "100": {"bias": -0.4472135954999579, "objective_cosine_similarity": -0.2775348795733989, "is_tight": 0.0, "dual_solution_value": 0.0, "scaled_age": 0.11428571428571428}, "101": {"bias": -0.4082482904638631, "objective_cosine_similarity": -0.4040828347814478, "is_tight": 0.0, "dual_solution_value": 0.0, "scaled_age": 0.32857142857142857}, "102": {"bias": -0.5, "objective_cosine_similarity": -0.2867268389259092, "is_tight": 1.0, "dual_solution_value": -0.002261486179051224, "scaled_age": 0.0}, "103": {"bias": -0.5, "objective_cosine_similarity": -0.28279907400911597, "is_tight": 0.0, "dual_solution_value": 0.0, "scaled_age": 0.2571428571428571}, "104": {"bias": -0.5773502691896258, "objective_cosine_similarity": -0.17007720990181252, "is_tight": 0.0, "dual_solution_value": 0.0, "scaled_age": 0.32857142857142857}, "105": {"bias": -0.5, "objective_cosine_similarity": -0.20620765813164707, "is_tight": 0.0, "dual_solution_value": 0.0, "scaled_age": 0.32857142857142857}, "106": {"bias": -0.4082482904638631, "objective_cosine_similarity": -0.37201276852895193, "is_tight": 0.0, "dual_solution_value": 0.0, "scaled_age": 0.32857142857142857}, "107": {"bias": -0.3779644730092272, "objective_cosine_similarity": -0.31027211974789953, "is_tight": 0.0, "dual_solution_value": 0.0, "scaled_age": 0.32857142857142857}, "108": {"bias": -0.7071067811865475, "objective_cosine_similarity": -0.036105539698424845, "is_tight": 0.0, "dual_solution_value": 0.0, "scaled_age": 0.32857142857142857}, "109": {"bias": -0.8838834764831843, "objective_cosine_similarity": -0.7873785003464188, "is_tight": 1.0, "dual_solution_value": -8.80025484994199e-05, "scaled_age": 0.0}, "110": {"bias": -1.3067428180808007, "objective_cosine_similarity": -0.9492797568814949, "is_tight": 1.0, "dual_solution_value": -0.001813182254035289, "scaled_age": 0.0}, "111": {"bias": -1.33929906036485, "objective_cosine_similarity": -0.944514131893069, "is_tight": 1.0, "dual_solution_value": -3.692237789161009e-05, "scaled_age": 0.0}, "112": {"bias": -1.3440013674966582, "objective_cosine_similarity": -0.9566801254462909, "is_tight": 1.0, "dual_solution_value": -0.02239469581484218, "scaled_age": 0.0}, "113": {"bias": -1.3112439011807295, "objective_cosine_similarity": -0.953382948164432, "is_tight": 0.0, "dual_solution_value": -0.0, "scaled_age": 0.04285714285714286}, "114": {"bias": -0.9938837346736188, "objective_cosine_similarity": -0.8748718819044689, "is_tight": 1.0, "dual_solution_value": -3.0058039667559937e-06, "scaled_age": 0.0}, "115": {"bias": -1.2617677130648304, "objective_cosine_similarity": -0.9494140069559063, "is_tight": 0.0, "dual_solution_value": -0.0, "scaled_age": 0.15714285714285714}, "116": {"bias": -0.5773502691896258, "objective_cosine_similarity": -0.4864208203191838, "is_tight": 0.0, "dual_solution_value": -0.0, "scaled_age": 0.014285714285714285}, "117": {"bias": -1.131370849898476, "objective_cosine_similarity": -0.8509797971997979, "is_tight": 0.0, "dual_solution_value": -0.0, "scaled_age": 0.014285714285714285}, "118": {"bias": -1.2608695652173914, "objective_cosine_similarity": -0.9544468747807664, "is_tight": 0.0, "dual_solution_value": -0.0, "scaled_age": 0.02857142857142857}, "119": {"bias": -0.8017837257372732, "objective_cosine_similarity": -0.5248696648011107, "is_tight": 0.0, "dual_solution_value": -0.0, "scaled_age": 0.07142857142857142}, "120": {"bias": -1.2698701794516034, "objective_cosine_similarity": -0.9459031611214656, "is_tight": 1.0, "dual_solution_value": -0.008701548365622412, "scaled_age": 0.0}, "121": {"bias": -0.9428090415820635, "objective_cosine_similarity": -0.8239469315794389, "is_tight": 1.0, "dual_solution_value": -0.0005381904426801795, "scaled_age": 0.0}, "122": {"bias": -1.327424011888261, "objective_cosine_similarity": -0.9555259587687355, "is_tight": 1.0, "dual_solution_value": -2.351215036420631e-05, "scaled_age": 0.0}, "123": {"bias": -1.283377895839496, "objective_cosine_similarity": -0.948751827620845, "is_tight": 1.0, "dual_solution_value": -3.638088264108214e-05, "scaled_age": 0.0}, "124": {"bias": -1.298566328611643, "objective_cosine_similarity": -0.9636317113113364, "is_tight": 1.0, "dual_solution_value": -4.269545015131394e-06, "scaled_age": 0.0}, "125": {"bias": -1.325457998495266, "objective_cosine_similarity": -0.96833226108213, "is_tight": 0.0, "dual_solution_value": -0.0, "scaled_age": 0.04285714285714286}, "126": {"bias": -1.0369516947304254, "objective_cosine_similarity": -0.8703792614658089, "is_tight": 1.0, "dual_solution_value": -0.00024591863821231934, "scaled_age": 0.0}, "127": {"bias": -1.3320956563438044, "objective_cosine_similarity": -0.9572875810717872, "is_tight": 1.0, "dual_solution_value": -7.924038371341455e-05, "scaled_age": 0.0}, "128": {"bias": -1.3017156684326392, "objective_cosine_similarity": -0.9562440698415967, "is_tight": 1.0, "dual_solution_value": -0.002045639665450243, "scaled_age": 0.0}, "129": {"bias": -1.2992372385124324, "objective_cosine_similarity": -0.9523417202083885, "is_tight": 1.0, "dual_solution_value": -0.0035031808250936465, "scaled_age": 0.0}}