{"0": {"bias": -0.9363291775690445, "objective_cosine_similarity": -0.9171886707172675, "is_tight": 0.0, "dual_solution_value": -0.0, "scaled_age": 0.029850746268656716}, "1": {"bias": -0.7276068751089989, "objective_cosine_similarity": -0.7919256491475809, "is_tight": 1.0, "dual_solution_value": -0.00087117956636601, "scaled_age": 0.0}, "2": {"bias": -1.0734900802433864, "objective_cosine_similarity": -0.9483030498318418, "is_tight": 0.0, "dual_solution_value": -0.0, "scaled_age": 0.07462686567164178}, "3": {"bias": -0.6030226891555273, "objective_cosine_similarity": -0.6011969130880234, "is_tight": 1.0, "dual_solution_value": -0.004508234360838328, "scaled_age": 0.0}, "4": {"bias": -0.6666666666666666, "objective_cosine_similarity": -0.6095027118266443, "is_tight": 1.0, "dual_solution_value": -0.006775489731726649, "scaled_age": 0.0}, "5": {"bias": -0.8660254037844387, "objective_cosine_similarity": -0.5655480344114785, "is_tight": 1.0, "dual_solution_value": -0.0041310163864463475, "scaled_age": 0.0}, "6": {"bias": -0.9790016657702423, "objective_cosine_similarity": -0.8922719213665612, "is_tight": 0.0, "dual_solution_value": -0.0, "scaled_age": 0.07462686567164178}, "7": {"bias": -1.1419843268643668, "objective_cosine_similarity": -0.9712065746936045, "is_tight": 0.0, "dual_solution_value": 0.0, "scaled_age": 0.1044776119402985}, "8": {"bias": -1.1439885575785647, "objective_cosine_similarity": -0.9758211713357143, "is_tight": 1.0, "dual_solution_value": -0.010005529646862956, "scaled_age": 0.0}, "9": {"bias": -1.1505834238875214, "objective_cosine_similarity": -0.9728668241818597, "is_tight": 0.0, "dual_solution_value": 0.0, "scaled_age": 0.1044776119402985}, "10": {"bias": -0.3779644730092272, "objective_cosine_similarity": -0.4311216948113725, "is_tight": 0.0, "dual_solution_value": 0.0, "scaled_age": 0.34328358208955223}, "11": {"bias": -0.35355339059327373, "objective_cosine_similarity": -0.46176803644736814, "is_tight": 0.0, "dual_solution_value": 0.0, "scaled_age": 0.34328358208955223}, "12": {"bias": -0.5, "objective_cosine_similarity": -0.3787623994922718, "is_tight": 1.0, "dual_solution_value": -0.0001199585518616054, "scaled_age": 0.0}, "13": {"bias": -0.5, "objective_cosine_similarity": -0.17849722274923155, "is_tight": 0.0, "dual_solution_value": 0.0, "scaled_age": 0.34328358208955223}, "14": {"bias": -0.4082482904638631, "objective_cosine_similarity": -0.4230083482317374, "is_tight": 0.0, "dual_solution_value": 0.0, "scaled_age": 0.34328358208955223}, "15": {"bias": -0.2672612419124244, "objective_cosine_similarity": -0.46774552562953814, "is_tight": 0.0, "dual_solution_value": 0.0, "scaled_age": 0.34328358208955223}, "16": {"bias": -0.5, "objective_cosine_similarity": -0.222033130736849, "is_tight": 0.0, "dual_solution_value": 0.0, "scaled_age": 0.34328358208955223}, "17": {"bias": -0.4082482904638631, "objective_cosine_similarity": -0.49054749626873745, "is_tight": 1.0, "dual_solution_value": -0.0016346328804097152, "scaled_age": 0.0}, "18": {"bias": -0.5, "objective_cosine_similarity": -0.26121544792570467, "is_tight": 0.0, "dual_solution_value": 0.0, "scaled_age": 0.04477611940298507}, "19": {"bias": -0.3779644730092272, "objective_cosine_similarity": -0.2994814826552282, "is_tight": 0.0, "dual_solution_value": 0.0, "scaled_age": 0.34328358208955223}, "20": {"bias": -0.4082482904638631, "objective_cosine_similarity": -0.3448051241888952, "is_tight": 0.0, "dual_solution_value": 0.0, "scaled_age": 0.34328358208955223}, "21": {"bias": -0.5, "objective_cosine_similarity": -0.44841985227245973, "is_tight": 1.0, "dual_solution_value": -0.044881170951355166, "scaled_age": 0.0}, "22": {"bias": -0.5, "objective_cosine_similarity": -0.3134585375108456, "is_tight": 0.0, "dual_solution_value": 0.0, "scaled_age": 0.1044776119402985}, "23": {"bias": -0.3779644730092272, "objective_cosine_similarity": -0.5101058221050591, "is_tight": 0.0, "dual_solution_value": 0.0, "scaled_age": 0.26865671641791045}, "24": {"bias": -0.4082482904638631, "objective_cosine_similarity": -0.44433650024342164, "is_tight": 0.0, "dual_solution_value": 0.0, "scaled_age": 0.22388059701492538}, "25": {"bias": -0.4472135954999579, "objective_cosine_similarity": -0.36992714894545703, "is_tight": 0.0, "dual_solution_value": 0.0, "scaled_age": 0.34328358208955223}, "26": {"bias": -0.3779644730092272, "objective_cosine_similarity": -0.4080846576840473, "is_tight": 0.0, "dual_solution_value": 0.0, "scaled_age": 0.34328358208955223}, "27": {"bias": -0.5, "objective_cosine_similarity": -0.18720440434675503, "is_tight": 0.0, "dual_solution_value": 0.0, "scaled_age": 0.34328358208955223}, "28": {"bias": -0.4082482904638631, "objective_cosine_similarity": -0.3696879682025268, "is_tight": 0.0, "dual_solution_value": 0.0, "scaled_age": 0.34328358208955223}, "29": {"bias": -0.3779644730092272, "objective_cosine_similarity": -0.40150264707624006, "is_tight": 0.0, "dual_solution_value": 0.0, "scaled_age": 0.34328358208955223}, "30": {"bias": -0.5, "objective_cosine_similarity": -0.23509390313313422, "is_tight": 1.0, "dual_solution_value": 0.0, "scaled_age": 0.34328358208955223}, "31": {"bias": -0.4082482904638631, "objective_cosine_similarity": -0.27015659214800036, "is_tight": 0.0, "dual_solution_value": 0.0, "scaled_age": 0.34328358208955223}, "32": {"bias": -0.4082482904638631, "objective_cosine_similarity": -0.23105498012657924, "is_tight": 0.0, "dual_solution_value": 0.0, "scaled_age": 0.34328358208955223}, "33": {"bias": -0.35355339059327373, "objective_cosine_similarity": -0.4217481399552629, "is_tight": 0.0, "dual_solution_value": 0.0, "scaled_age": 0.34328358208955223}, "34": {"bias": -0.3779644730092272, "objective_cosine_similarity": -0.3356825409981679, "is_tight": 0.0, "dual_solution_value": 0.0, "scaled_age": 0.34328358208955223}, "35": {"bias": -0.31622776601683794, "objective_cosine_similarity": -0.4075109825633907, "is_tight": 0.0, "dual_solution_value": 0.0, "scaled_age": 0.34328358208955223}, "36": {"bias": -0.3779644730092272, "objective_cosine_similarity": -0.47390476376211943, "is_tight": 0.0, "dual_solution_value": 0.0, "scaled_age": 0.014925373134328358}, "37": {"bias": -0.5, "objective_cosine_similarity": -0.35264085469970136, "is_tight": 0.0, "dual_solution_value": 0.0, "scaled_age": 0.1044776119402985}, "38": {"bias": -0.4082482904638631, "objective_cosine_similarity": -0.2737112841499477, "is_tight": 0.0, "dual_solution_value": 0.0, "scaled_age": 0.34328358208955223}, "39": {"bias": -0.31622776601683794, "objective_cosine_similarity": -0.42678515065760514, "is_tight": 0.0, "dual_solution_value": 0.0, "scaled_age": 0.34328358208955223}, "40": {"bias": -0.5, "objective_cosine_similarity": -0.20026517674304026, "is_tight": 0.0, "dual_solution_value": 0.0, "scaled_age": 0.11940298507462686}, "41": {"bias": -0.4472135954999579, "objective_cosine_similarity": -0.3465633290120597, "is_tight": 0.0, "dual_solution_value": 0.0, "scaled_age": 0.34328358208955223}, "42": {"bias": -0.3779644730092272, "objective_cosine_similarity": -0.4212486788996617, "is_tight": 0.0, "dual_solution_value": 0.0, "scaled_age": 0.34328358208955223}, "43": {"bias": -0.3779644730092272, "objective_cosine_similarity": -0.4344127001152761, "is_tight": 0.0, "dual_solution_value": 0.0, "scaled_age": 0.2835820895522388}, "44": {"bias": -0.4472135954999579, "objective_cosine_similarity": -0.23363819933397284, "is_tight": 0.0, "dual_solution_value": 0.0, "scaled_age": 0.34328358208955223}, "45": {"bias": -0.4472135954999579, "objective_cosine_similarity": -0.2453201093006715, "is_tight": 0.0, "dual_solution_value": 0.0, "scaled_age": 0.34328358208955223}, "46": {"bias": -0.3779644730092272, "objective_cosine_similarity": -0.292899472047421, "is_tight": 0.0, "dual_solution_value": 0.0, "scaled_age": 0.34328358208955223}, "47": {"bias": -0.5, "objective_cosine_similarity": -0.3395800823034161, "is_tight": 1.0, "dual_solution_value": -0.005341807757460985, "scaled_age": 0.0}, "48": {"bias": -0.35355339059327373, "objective_cosine_similarity": -0.3201591719368419, "is_tight": 0.0, "dual_solution_value": 0.0, "scaled_age": 0.34328358208955223}, "49": {"bias": -0.4082482904638631, "objective_cosine_similarity": -0.4407818082414742, "is_tight": 0.0, "dual_solution_value": 0.0, "scaled_age": 0.1044776119402985}, "50": {"bias": -0.5, "objective_cosine_similarity": -0.2786298111207517, "is_tight": 0.0, "dual_solution_value": 0.0, "scaled_age": 0.2835820895522388}, "51": {"bias": -0.7071067811865475, "objective_cosine_similarity": -0.2524331932578946, "is_tight": 1.0, "dual_solution_value": -0.0398566264614395, "scaled_age": 0.0}, "52": {"bias": -0.3779644730092272, "objective_cosine_similarity": -0.3192275144786499, "is_tight": 0.0, "dual_solution_value": 0.0, "scaled_age": 0.34328358208955223}, "53": {"bias": -0.4472135954999579, "objective_cosine_similarity": -0.23753216932287238, "is_tight": 0.0, "dual_solution_value": 0.0, "scaled_age": 0.34328358208955223}, "54": {"bias": -0.5, "objective_cosine_similarity": -0.19155799514551677, "is_tight": 1.0, "dual_solution_value": -0.0010627522081885588, "scaled_age": 0.0}, "55": {"bias": -0.3779644730092272, "objective_cosine_similarity": -0.2303703712732525, "is_tight": 0.0, "dual_solution_value": 0.0, "scaled_age": 0.34328358208955223}, "56": {"bias": -0.4472135954999579, "objective_cosine_similarity": -0.32319950907866246, "is_tight": 0.0, "dual_solution_value": 0.0, "scaled_age": 0.34328358208955223}, "57": {"bias": -0.7071067811865475, "objective_cosine_similarity": -0.25859010041052616, "is_tight": 0.0, "dual_solution_value": 0.0, "scaled_age": 0.07462686567164178}, "58": {"bias": -0.3779644730092272, "objective_cosine_similarity": -0.22707936596934888, "is_tight": 0.0, "dual_solution_value": 0.0, "scaled_age": 0.34328358208955223}, "59": {"bias": -0.4472135954999579, "objective_cosine_similarity": -0.412760818823352, "is_tight": 0.0, "dual_solution_value": 0.0, "scaled_age": 0.34328358208955223}, "60": {"bias": -0.4472135954999579, "objective_cosine_similarity": -0.4361246387567493, "is_tight": 1.0, "dual_solution_value": -0.0014656579806797533, "scaled_age": 0.0}, "61": {"bias": -0.3779644730092272, "objective_cosine_similarity": -0.35871957812549315, "is_tight": 0.0, "dual_solution_value": 0.0, "scaled_age": 0.34328358208955223}, "62": {"bias": -0.5, "objective_cosine_similarity": -0.3091049467120839, "is_tight": 0.0, "dual_solution_value": 0.0, "scaled_age": 0.2835820895522388}, "63": {"bias": -0.5, "objective_cosine_similarity": -0.35264085469970136, "is_tight": 1.0, "dual_solution_value": -0.015942685981802224, "scaled_age": 0.0}, "64": {"bias": -0.3779644730092272, "objective_cosine_similarity": -0.3620105834293968, "is_tight": 0.0, "dual_solution_value": 0.0, "scaled_age": 0.31343283582089554}, "65": {"bias": -0.5, "objective_cosine_similarity": -0.40488394428484226, "is_tight": 1.0, "dual_solution_value": -0.017137677214062633, "scaled_age": 0.0}, "66": {"bias": -0.5, "objective_cosine_similarity": -0.23944749393189596, "is_tight": 0.0, "dual_solution_value": 0.0, "scaled_age": 0.22388059701492538}, "67": {"bias": -0.4082482904638631, "objective_cosine_similarity": -0.45144588424731635, "is_tight": 1.0, "dual_solution_value": -0.005351924903255723, "scaled_age": 0.0}, "68": {"bias": -0.5, "objective_cosine_similarity": -0.30475135591332214, "is_tight": 0.0, "dual_solution_value": 0.0, "scaled_age": 0.34328358208955223}, "69": {"bias": -0.3779644730092272, "objective_cosine_similarity": -0.17113227580298757, "is_tight": 0.0, "dual_solution_value": 0.0, "scaled_age": 0.34328358208955223}, "70": {"bias": -0.4472135954999579, "objective_cosine_similarity": -0.3893969988899547, "is_tight": 0.0, "dual_solution_value": 0.0, "scaled_age": 0.34328358208955223}, "71": {"bias": -0.3779644730092272, "objective_cosine_similarity": -0.5397248698401915, "is_tight": 0.0, "dual_solution_value": 0.0, "scaled_age": 0.34328358208955223}, "72": {"bias": -0.4082482904638631, "objective_cosine_similarity": -0.24527374813436872, "is_tight": 0.0, "dual_solution_value": 0.0, "scaled_age": 0.34328358208955223}, "73": {"bias": -0.3779644730092272, "objective_cosine_similarity": -0.18429629701860198, "is_tight": 0.0, "dual_solution_value": 0.0, "scaled_age": 0.34328358208955223}, "74": {"bias": -0.3779644730092272, "objective_cosine_similarity": -0.30606349326303545, "is_tight": 0.0, "dual_solution_value": 0.0, "scaled_age": 0.34328358208955223}, "75": {"bias": -0.5, "objective_cosine_similarity": -0.4222983074798892, "is_tight": 0.0, "dual_solution_value": 0.0, "scaled_age": 0.07462686567164178}, "76": {"bias": -0.4082482904638631, "objective_cosine_similarity": -0.5403131842960007, "is_tight": 0.0, "dual_solution_value": 0.0, "scaled_age": 0.05970149253731343}, "77": {"bias": -0.5, "objective_cosine_similarity": -0.4179447166811275, "is_tight": 1.0, "dual_solution_value": -0.018233101326236137, "scaled_age": 0.0}, "78": {"bias": -0.35355339059327373, "objective_cosine_similarity": -0.4679249435999997, "is_tight": 0.0, "dual_solution_value": 0.0, "scaled_age": 0.34328358208955223}, "79": {"bias": -0.5, "objective_cosine_similarity": -0.26992262952322815, "is_tight": 0.0, "dual_solution_value": 0.0, "scaled_age": 0.34328358208955223}, "80": {"bias": -0.3333333333333333, "objective_cosine_similarity": -0.3366776884375749, "is_tight": 0.0, "dual_solution_value": 0.0, "scaled_age": 0.34328358208955223}, "81": {"bias": -0.4082482904638631, "objective_cosine_similarity": -0.3412504321869478, "is_tight": 0.0, "dual_solution_value": 0.0, "scaled_age": 0.34328358208955223}, "82": {"bias": -0.5, "objective_cosine_similarity": -0.41359112588236574, "is_tight": 0.0, "dual_solution_value": 0.0, "scaled_age": 0.16417910447761194}, "83": {"bias": -0.4472135954999579, "objective_cosine_similarity": -0.2141683493894751, "is_tight": 0.0, "dual_solution_value": 0.0, "scaled_age": 0.34328358208955223}, "84": {"bias": -0.31622776601683794, "objective_cosine_similarity": -0.39374371963895183, "is_tight": 0.0, "dual_solution_value": 0.0, "scaled_age": 0.34328358208955223}, "85": {"bias": -0.35355339059327373, "objective_cosine_similarity": -0.4648464900236839, "is_tight": 0.0, "dual_solution_value": 0.0, "scaled_age": 0.34328358208955223}, "86": {"bias": -0.5, "objective_cosine_similarity": -0.3961767626873188, "is_tight": 1.0, "dual_solution_value": -0.00030490104231865276, "scaled_age": 0.0}, "87": {"bias": -0.35355339059327373, "objective_cosine_similarity": -0.246276286105263, "is_tight": 0.0, "dual_solution_value": 0.0, "scaled_age": 0.34328358208955223}, "88": {"bias": -0.3779644730092272, "objective_cosine_similarity": -0.31264550387084267, "is_tight": 0.0, "dual_solution_value": 0.0, "scaled_age": 0.34328358208955223}, "89": {"bias": -0.4472135954999579, "objective_cosine_similarity": -0.3621392089676579, "is_tight": 0.0, "dual_solution_value": 0.0, "scaled_age": 0.208955223880597}, "90": {"bias": -0.31622776601683794, "objective_cosine_similarity": -0.45982658167625845, "is_tight": 0.0, "dual_solution_value": 0.0, "scaled_age": 0.34328358208955223}, "91": {"bias": -0.5, "objective_cosine_similarity": -0.23074031233437248, "is_tight": 0.0, "dual_solution_value": 0.0, "scaled_age": 0.34328358208955223}, "92": {"bias": -0.4082482904638631, "objective_cosine_similarity": -0.4158989642278426, "is_tight": 0.0, "dual_solution_value": 0.0, "scaled_age": 0.34328358208955223}, "93": {"bias": -0.5, "objective_cosine_similarity": -0.34828726390093956, "is_tight": 1.0, "dual_solution_value": -0.004353590798761745, "scaled_age": 0.0}, "94": {"bias": -0.4472135954999579, "objective_cosine_similarity": -0.33877538903426063, "is_tight": 0.0, "dual_solution_value": 0.0, "scaled_age": 0.31343283582089554}, "95": {"bias": -0.5, "objective_cosine_similarity": -0.3395800823034161, "is_tight": 0.0, "dual_solution_value": 0.0, "scaled_age": 0.34328358208955223}, "96": {"bias": -0.4472135954999579, "objective_cosine_similarity": -0.2959417191563656, "is_tight": 0.0, "dual_solution_value": 0.0, "scaled_age": 0.34328358208955223}, "97": {"bias": -0.5, "objective_cosine_similarity": -0.1654364503529463, "is_tight": 0.0, "dual_solution_value": 0.0, "scaled_age": 0.14925373134328357}, "98": {"bias": -0.4472135954999579, "objective_cosine_similarity": -0.2453201093006715, "is_tight": 0.0, "dual_solution_value": 0.0, "scaled_age": 0.34328358208955223}, "99": {"bias": -0.5, "objective_cosine_similarity": -0.3657016270959866, "is_tight": 0.0, "dual_solution_value": 0.0, "scaled_age": 0.34328358208955223}, "100": {"bias": -0.3333333333333333, "objective_cosine_similarity": -0.35118965776678074, "is_tight": 0.0, "dual_solution_value": 0.0, "scaled_age": 0.34328358208955223}, "101": {"bias": -0.3779644730092272, "objective_cosine_similarity": -0.26986243492009576, "is_tight": 0.0, "dual_solution_value": 0.0, "scaled_age": 0.34328358208955223}, "102": {"bias": -0.3779644730092272, "objective_cosine_similarity": -0.40150264707624006, "is_tight": 0.0, "dual_solution_value": 0.0, "scaled_age": 0.34328358208955223}, "103": {"bias": -0.35355339059327373, "objective_cosine_similarity": -0.38172824346315765, "is_tight": 0.0, "dual_solution_value": 0.0, "scaled_age": 0.34328358208955223}, "104": {"bias": -1.134456963258251, "objective_cosine_similarity": -0.9756061549460332, "is_tight": 0.0, "dual_solution_value": -0.0, "scaled_age": 0.014925373134328358}, "105": {"bias": -0.9863939238321437, "objective_cosine_similarity": -0.8717541686822733, "is_tight": 0.0, "dual_solution_value": -0.0, "scaled_age": 0.014925373134328358}, "106": {"bias": -1.151344939939604, "objective_cosine_similarity": -0.9651909991839671, "is_tight": 0.0, "dual_solution_value": -0.0, "scaled_age": 0.04477611940298507}, "107": {"bias": -1.1209150940939387, "objective_cosine_similarity": -0.9610349580095767, "is_tight": 1.0, "dual_solution_value": -0.023023439580189358, "scaled_age": 0.0}, "108": {"bias": -0.914991421995628, "objective_cosine_similarity": -0.8445016259781714, "is_tight": 0.0, "dual_solution_value": -0.0, "scaled_age": 0.04477611940298507}, "109": {"bias": -0.6324555320336759, "objective_cosine_similarity": -0.5727181376566572, "is_tight": 0.0, "dual_solution_value": -0.0, "scaled_age": 0.07462686567164178}, "110": {"bias": -1.1039417122100037, "objective_cosine_similarity": -0.9681505066653476, "is_tight": 0.0, "dual_solution_value": -0.0, "scaled_age": 0.1044776119402985}, "111": {"bias": -0.8703882797784892, "objective_cosine_similarity": -0.7987874768256306, "is_tight": 0.0, "dual_solution_value": -0.0, "scaled_age": 0.14925373134328357}, "112": {"bias": -0.8, "objective_cosine_similarity": -0.8236993791257221, "is_tight": 0.0, "dual_solution_value": -0.0, "scaled_age": 0.13432835820895522}, "113": {"bias": -1.007017629956027, "objective_cosine_similarity": -0.9155551313371958, "is_tight": 0.0, "dual_solution_value": -0.0, "scaled_age": 0.11940298507462686}, "114": {"bias": -1.0022296571715914, "objective_cosine_similarity": -0.925600909548004, "is_tight": 0.0, "dual_solution_value": -0.0, "scaled_age": 0.04477611940298507}, "115": {"bias": -0.7276068751089989, "objective_cosine_similarity": -0.7623604249127379, "is_tight": 1.0, "dual_solution_value": -0.0004192074982004295, "scaled_age": 0.0}, "116": {"bias": -1.136939837456838, "objective_cosine_similarity": -0.9717313623459093, "is_tight": 1.0, "dual_solution_value": -0.018677952769984733, "scaled_age": 0.0}, "117": {"bias": -1.1411874527477082, "objective_cosine_similarity": -0.9063158015901364, "is_tight": 1.0, "dual_solution_value": -1.378487068227935e-06, "scaled_age": 0.0}, "118": {"bias": -0.8320502943378437, "objective_cosine_similarity": -0.6955020490629577, "is_tight": 1.0, "dual_solution_value": -0.0012501130106256607, "scaled_age": 0.0}, "119": {"bias": -0.6324555320336759, "objective_cosine_similarity": -0.6222802841846371, "is_tight": 1.0, "dual_solution_value": -0.0012446858148807164, "scaled_age": 0.0}, "120": {"bias": -0.9747546499329882, "objective_cosine_similarity": -0.9255943870691136, "is_tight": 1.0, "dual_solution_value": -0.0001797073233092525, "scaled_age": 0.0}, "121": {"bias": -1.0544358501102988, "objective_cosine_similarity": -0.9399217085058355, "is_tight": 1.0, "dual_solution_value": -1.0643318297957982e-05, "scaled_age": 0.0}, "122": {"bias": -1.1323649560096507, "objective_cosine_similarity": -0.9694133824715232, "is_tight": 1.0, "dual_solution_value": -0.010674221629916839, "scaled_age": 0.0}}