{"0": {"bias": -1.1451966686277366, "objective_cosine_similarity": -0.9579180253926929, "is_tight": 0.0, "dual_solution_value": -0.0, "scaled_age": 0.09016393442622951}, "1": {"bias": -1.1721057015904899, "objective_cosine_similarity": -0.9504897025067276, "is_tight": 0.0, "dual_solution_value": -0.0, "scaled_age": 0.00819672131147541}, "2": {"bias": -1.0582470045314132, "objective_cosine_similarity": -0.9087506404743263, "is_tight": 1.0, "dual_solution_value": -4.235866219309696e-09, "scaled_age": 0.0}, "3": {"bias": -1.105632464462662, "objective_cosine_similarity": -0.9613824734399603, "is_tight": 0.0, "dual_solution_value": -0.0, "scaled_age": 0.040983606557377046}, "4": {"bias": -0.9797958971132713, "objective_cosine_similarity": -0.935932931596547, "is_tight": 1.0, "dual_solution_value": -4.519943222292639e-05, "scaled_age": 0.0}, "5": {"bias": -1.1676807187196188, "objective_cosine_similarity": -0.9717681685872743, "is_tight": 1.0, "dual_solution_value": -2.1045266708632582e-05, "scaled_age": 0.0}, "6": {"bias": -0.5547001962252291, "objective_cosine_similarity": -0.5777407374286815, "is_tight": 1.0, "dual_solution_value": -6.923136578294883e-06, "scaled_age": 0.0}, "7": {"bias": -0.753778361444409, "objective_cosine_similarity": -0.8170237806955868, "is_tight": 1.0, "dual_solution_value": -2.8822149379529975e-05, "scaled_age": 0.0}, "8": {"bias": -0.6030226891555273, "objective_cosine_similarity": -0.5553277814499863, "is_tight": 1.0, "dual_solution_value": -5.801452414714999e-05, "scaled_age": 0.0}, "9": {"bias": -0.6666666666666666, "objective_cosine_similarity": -0.49428871081574305, "is_tight": 1.0, "dual_solution_value": -4.312136446584586e-05, "scaled_age": 0.0}, "10": {"bias": -1.1485771238654976, "objective_cosine_similarity": -0.9629000971976941, "is_tight": 0.0, "dual_solution_value": 0.0, "scaled_age": 0.04918032786885246}, "11": {"bias": -1.1043327494199702, "objective_cosine_similarity": -0.9655100706201887, "is_tight": 0.0, "dual_solution_value": 0.0, "scaled_age": 0.07377049180327869}, "12": {"bias": -1.1478978585565278, "objective_cosine_similarity": -0.9756392317004112, "is_tight": 0.0, "dual_solution_value": 0.0, "scaled_age": 0.02459016393442623}, "13": {"bias": -1.1515382965721144, "objective_cosine_similarity": -0.9568704469789644, "is_tight": 0.0, "dual_solution_value": 0.0, "scaled_age": 0.08196721311475409}, "14": {"bias": -1.154576393155195, "objective_cosine_similarity": -0.949055855993735, "is_tight": 1.0, "dual_solution_value": -0.03239301142484005, "scaled_age": 0.0}, "15": {"bias": -1.1092623561150157, "objective_cosine_similarity": -0.9635238951496297, "is_tight": 0.0, "dual_solution_value": 0.0, "scaled_age": 0.07377049180327869}, "16": {"bias": -0.35355339059327373, "objective_cosine_similarity": -0.3807215867176404, "is_tight": 0.0, "dual_solution_value": 0.0, "scaled_age": 0.18032786885245902}, "17": {"bias": -0.5, "objective_cosine_similarity": -0.37954311723351697, "is_tight": 1.0, "dual_solution_value": -0.052092628915165605, "scaled_age": 0.0}, "18": {"bias": -0.4472135954999579, "objective_cosine_similarity": -0.2894736842105263, "is_tight": 0.0, "dual_solution_value": 0.0, "scaled_age": 0.06557377049180328}, "19": {"bias": -0.4472135954999579, "objective_cosine_similarity": -0.37105263157894736, "is_tight": 0.0, "dual_solution_value": 0.0, "scaled_age": 0.18032786885245902}, "20": {"bias": -0.35355339059327373, "objective_cosine_similarity": -0.4140087199825707, "is_tight": 0.0, "dual_solution_value": 0.0, "scaled_age": 0.18032786885245902}, "21": {"bias": -0.5, "objective_cosine_similarity": -0.3736587278190438, "is_tight": 0.0, "dual_solution_value": 0.0, "scaled_age": 0.18032786885245902}, "22": {"bias": -0.5, "objective_cosine_similarity": -0.35306336486838785, "is_tight": 0.0, "dual_solution_value": 0.0, "scaled_age": 0.02459016393442623}, "23": {"bias": -0.3333333333333333, "objective_cosine_similarity": -0.34717897545391474, "is_tight": 0.0, "dual_solution_value": 0.0, "scaled_age": 0.18032786885245902}, "24": {"bias": -0.5773502691896258, "objective_cosine_similarity": -0.0951259067489541, "is_tight": 0.0, "dual_solution_value": 0.0, "scaled_age": 0.18032786885245902}, "25": {"bias": -0.4082482904638631, "objective_cosine_similarity": -0.4011827504533454, "is_tight": 0.0, "dual_solution_value": 0.0, "scaled_age": 0.18032786885245902}, "26": {"bias": -0.5, "objective_cosine_similarity": -0.4236760378420654, "is_tight": 1.0, "dual_solution_value": -0.03633671941768047, "scaled_age": 0.0}, "27": {"bias": -0.3779644730092272, "objective_cosine_similarity": -0.32249307088324974, "is_tight": 0.0, "dual_solution_value": 0.0, "scaled_age": 0.18032786885245902}, "28": {"bias": -0.4082482904638631, "objective_cosine_similarity": -0.3675506635889931, "is_tight": 0.0, "dual_solution_value": 0.0, "scaled_age": 0.18032786885245902}, "29": {"bias": -0.4472135954999579, "objective_cosine_similarity": -0.4473684210526316, "is_tight": 1.0, "dual_solution_value": -0.02710992290620562, "scaled_age": 0.0}, "30": {"bias": -0.4082482904638631, "objective_cosine_similarity": -0.48286067569534386, "is_tight": 1.0, "dual_solution_value": -0.014026209981606075, "scaled_age": 0.0}, "31": {"bias": -0.5773502691896258, "objective_cosine_similarity": -0.23781476687238526, "is_tight": 1.0, "dual_solution_value": -0.03239496432944145, "scaled_age": 0.0}, "32": {"bias": -0.3779644730092272, "objective_cosine_similarity": -0.33806170189140666, "is_tight": 0.0, "dual_solution_value": 0.0, "scaled_age": 0.18032786885245902}, "33": {"bias": -0.3333333333333333, "objective_cosine_similarity": -0.3746394593881227, "is_tight": 0.0, "dual_solution_value": 0.0, "scaled_age": 0.18032786885245902}, "34": {"bias": -0.3779644730092272, "objective_cosine_similarity": -0.39588804563598934, "is_tight": 0.0, "dual_solution_value": 0.0, "scaled_age": 0.18032786885245902}, "35": {"bias": -0.4082482904638631, "objective_cosine_similarity": -0.35794149591346386, "is_tight": 1.0, "dual_solution_value": -0.0005694177014210512, "scaled_age": 0.0}, "36": {"bias": -0.4472135954999579, "objective_cosine_similarity": -0.2657894736842105, "is_tight": 0.0, "dual_solution_value": 0.0, "scaled_age": 0.13114754098360656}, "37": {"bias": -0.5, "objective_cosine_similarity": -0.18241607184866707, "is_tight": 1.0, "dual_solution_value": -0.0023328848825631163, "scaled_age": 0.0}, "38": {"bias": -0.4082482904638631, "objective_cosine_similarity": -0.2546429434015246, "is_tight": 0.0, "dual_solution_value": 0.0, "scaled_age": 0.01639344262295082}, "39": {"bias": -0.4082482904638631, "objective_cosine_similarity": -0.3723552474267577, "is_tight": 0.0, "dual_solution_value": 0.0, "scaled_age": 0.02459016393442623}, "40": {"bias": -0.4472135954999579, "objective_cosine_similarity": -0.3105263157894737, "is_tight": 0.0, "dual_solution_value": 0.0, "scaled_age": 0.13934426229508196}, "41": {"bias": -0.35355339059327373, "objective_cosine_similarity": -0.40984782832445443, "is_tight": 0.0, "dual_solution_value": 0.0, "scaled_age": 0.18032786885245902}, "42": {"bias": -0.30151134457776363, "objective_cosine_similarity": -0.5766183034225097, "is_tight": 0.0, "dual_solution_value": 0.0, "scaled_age": 0.18032786885245902}, "43": {"bias": -0.3779644730092272, "objective_cosine_similarity": -0.4181289470762135, "is_tight": 0.0, "dual_solution_value": 0.0, "scaled_age": 0.01639344262295082}, "44": {"bias": -0.3333333333333333, "objective_cosine_similarity": -0.36875506997364954, "is_tight": 0.0, "dual_solution_value": 0.0, "scaled_age": 0.18032786885245902}, "45": {"bias": -0.4472135954999579, "objective_cosine_similarity": -0.3157894736842105, "is_tight": 0.0, "dual_solution_value": 0.0, "scaled_age": 0.18032786885245902}, "46": {"bias": -0.5, "objective_cosine_similarity": -0.30304605484536623, "is_tight": 1.0, "dual_solution_value": -0.009763908413122963, "scaled_age": 0.0}, "47": {"bias": -0.3779644730092272, "objective_cosine_similarity": -0.3647507836196756, "is_tight": 0.0, "dual_solution_value": 0.0, "scaled_age": 0.18032786885245902}, "48": {"bias": -0.5773502691896258, "objective_cosine_similarity": -0.34653008887118997, "is_tight": 0.0, "dual_solution_value": 0.0, "scaled_age": 0.10655737704918032}, "49": {"bias": -0.35355339059327373, "objective_cosine_similarity": -0.4868243239996058, "is_tight": 0.0, "dual_solution_value": 0.0, "scaled_age": 0.18032786885245902}, "50": {"bias": -0.3779644730092272, "objective_cosine_similarity": -0.37587123433978764, "is_tight": 0.0, "dual_solution_value": 0.0, "scaled_age": 0.18032786885245902}, "51": {"bias": -0.31622776601683794, "objective_cosine_similarity": -0.509861205381879, "is_tight": 0.0, "dual_solution_value": 0.0, "scaled_age": 0.18032786885245902}, "52": {"bias": -0.5, "objective_cosine_similarity": -0.19712704538484987, "is_tight": 0.0, "dual_solution_value": 0.0, "scaled_age": 0.18032786885245902}, "53": {"bias": -0.5, "objective_cosine_similarity": -0.3265836125032588, "is_tight": 0.0, "dual_solution_value": 0.0, "scaled_age": 0.040983606557377046}, "54": {"bias": -0.4472135954999579, "objective_cosine_similarity": -0.3763157894736842, "is_tight": 1.0, "dual_solution_value": -0.011019361921609367, "scaled_age": 0.0}, "55": {"bias": -0.4472135954999579, "objective_cosine_similarity": -0.3973684210526316, "is_tight": 0.0, "dual_solution_value": 0.0, "scaled_age": 0.01639344262295082}, "56": {"bias": -0.35355339059327373, "objective_cosine_similarity": -0.47850254068337317, "is_tight": 0.0, "dual_solution_value": 0.0, "scaled_age": 0.18032786885245902}, "57": {"bias": -0.4472135954999579, "objective_cosine_similarity": -0.3394736842105263, "is_tight": 1.0, "dual_solution_value": -0.00012187741432435895, "scaled_age": 0.0}, "58": {"bias": -0.4082482904638631, "objective_cosine_similarity": -0.35553920399458155, "is_tight": 0.0, "dual_solution_value": 0.0, "scaled_age": 0.10655737704918032}, "59": {"bias": -0.31622776601683794, "objective_cosine_similarity": -0.4465937565388721, "is_tight": 0.0, "dual_solution_value": 0.0, "scaled_age": 0.18032786885245902}, "60": {"bias": -0.5773502691896258, "objective_cosine_similarity": -0.17326504443559498, "is_tight": 0.0, "dual_solution_value": 0.0, "scaled_age": 0.00819672131147541}, "61": {"bias": -0.3779644730092272, "objective_cosine_similarity": -0.5404539049974462, "is_tight": 1.0, "dual_solution_value": -0.02166838644291216, "scaled_age": 0.0}, "62": {"bias": -0.3779644730092272, "objective_cosine_similarity": -0.3113726201631377, "is_tight": 0.0, "dual_solution_value": 0.0, "scaled_age": 0.18032786885245902}, "63": {"bias": -0.35355339059327373, "objective_cosine_similarity": -0.37864114088858225, "is_tight": 0.0, "dual_solution_value": 0.0, "scaled_age": 0.18032786885245902}, "64": {"bias": -0.3779644730092272, "objective_cosine_similarity": -0.4559384795245945, "is_tight": 0.0, "dual_solution_value": 0.0, "scaled_age": 0.18032786885245902}, "65": {"bias": -0.4082482904638631, "objective_cosine_similarity": -0.33632086864352306, "is_tight": 0.0, "dual_solution_value": 0.0, "scaled_age": 0.18032786885245902}, "66": {"bias": -0.4472135954999579, "objective_cosine_similarity": -0.3236842105263158, "is_tight": 0.0, "dual_solution_value": 0.0, "scaled_age": 0.11475409836065574}, "67": {"bias": -0.4472135954999579, "objective_cosine_similarity": -0.41578947368421054, "is_tight": 1.0, "dual_solution_value": -0.00028992169816731243, "scaled_age": 0.0}, "68": {"bias": -0.3333333333333333, "objective_cosine_similarity": -0.4001384801841729, "is_tight": 0.0, "dual_solution_value": 0.0, "scaled_age": 0.18032786885245902}, "69": {"bias": -0.3333333333333333, "objective_cosine_similarity": -0.4119072590131192, "is_tight": 0.0, "dual_solution_value": 0.0, "scaled_age": 0.18032786885245902}, "70": {"bias": -0.4082482904638631, "objective_cosine_similarity": -0.32190711713022924, "is_tight": 0.0, "dual_solution_value": 0.0, "scaled_age": 0.18032786885245902}, "71": {"bias": -0.35355339059327373, "objective_cosine_similarity": -0.41608916581162886, "is_tight": 0.0, "dual_solution_value": 0.0, "scaled_age": 0.18032786885245902}, "72": {"bias": -0.4472135954999579, "objective_cosine_similarity": -0.2631578947368421, "is_tight": 0.0, "dual_solution_value": 0.0, "scaled_age": 0.18032786885245902}, "73": {"bias": -0.5, "objective_cosine_similarity": -0.35894775428286096, "is_tight": 0.0, "dual_solution_value": 0.0, "scaled_age": 0.03278688524590164}, "74": {"bias": -0.4082482904638631, "objective_cosine_similarity": -0.3723552474267577, "is_tight": 0.0, "dual_solution_value": 0.0, "scaled_age": 0.18032786885245902}, "75": {"bias": -0.3779644730092272, "objective_cosine_similarity": -0.43147348794034796, "is_tight": 0.0, "dual_solution_value": 0.0, "scaled_age": 0.040983606557377046}, "76": {"bias": -0.35355339059327373, "objective_cosine_similarity": -0.4556176365637336, "is_tight": 1.0, "dual_solution_value": -0.007335331549647893, "scaled_age": 0.0}, "77": {"bias": -0.4472135954999579, "objective_cosine_similarity": -0.3815789473684211, "is_tight": 1.0, "dual_solution_value": -1.6040505633356022e-05, "scaled_age": 0.0}, "78": {"bias": -0.3779644730092272, "objective_cosine_similarity": -0.4159048569321911, "is_tight": 0.0, "dual_solution_value": 0.0, "scaled_age": 0.13114754098360656}, "79": {"bias": -0.4472135954999579, "objective_cosine_similarity": -0.36578947368421055, "is_tight": 0.0, "dual_solution_value": 0.0, "scaled_age": 0.18032786885245902}, "80": {"bias": -0.4082482904638631, "objective_cosine_similarity": -0.3699529555078754, "is_tight": 0.0, "dual_solution_value": 0.0, "scaled_age": 0.18032786885245902}, "81": {"bias": -0.3779644730092272, "objective_cosine_similarity": -0.35585442304358594, "is_tight": 0.0, "dual_solution_value": 0.0, "scaled_age": 0.18032786885245902}, "82": {"bias": -0.3779644730092272, "objective_cosine_similarity": -0.4559384795245945, "is_tight": 0.0, "dual_solution_value": 0.0, "scaled_age": 0.13114754098360656}, "83": {"bias": -0.4082482904638631, "objective_cosine_similarity": -0.29788419794140614, "is_tight": 0.0, "dual_solution_value": 0.0, "scaled_age": 0.18032786885245902}, "84": {"bias": -0.35355339059327373, "objective_cosine_similarity": -0.48474387817054765, "is_tight": 0.0, "dual_solution_value": 0.0, "scaled_age": 0.18032786885245902}, "85": {"bias": -0.3779644730092272, "objective_cosine_similarity": -0.2757871778587791, "is_tight": 0.0, "dual_solution_value": 0.0, "scaled_age": 0.18032786885245902}, "86": {"bias": -0.4472135954999579, "objective_cosine_similarity": -0.35789473684210527, "is_tight": 0.0, "dual_solution_value": 0.0, "scaled_age": 0.18032786885245902}, "87": {"bias": -0.3779644730092272, "objective_cosine_similarity": -0.26689081728268943, "is_tight": 0.0, "dual_solution_value": 0.0, "scaled_age": 0.18032786885245902}, "88": {"bias": -0.4472135954999579, "objective_cosine_similarity": -0.30526315789473685, "is_tight": 1.0, "dual_solution_value": -6.61529621267223e-05, "scaled_age": 0.0}, "89": {"bias": -0.3779644730092272, "objective_cosine_similarity": -0.26021854685062223, "is_tight": 0.0, "dual_solution_value": 0.0, "scaled_age": 0.18032786885245902}, "90": {"bias": -0.4082482904638631, "objective_cosine_similarity": -0.38196441510228696, "is_tight": 1.0, "dual_solution_value": -0.00010215643014647875, "scaled_age": 0.0}, "91": {"bias": -0.3779644730092272, "objective_cosine_similarity": -0.4225771273642583, "is_tight": 0.0, "dual_solution_value": 0.0, "scaled_age": 0.04918032786885246}, "92": {"bias": -0.4472135954999579, "objective_cosine_similarity": -0.25, "is_tight": 0.0, "dual_solution_value": 0.0, "scaled_age": 0.05737704918032787}, "93": {"bias": -0.4082482904638631, "objective_cosine_similarity": -0.49967671912752, "is_tight": 0.0, "dual_solution_value": 0.0, "scaled_age": 0.18032786885245902}, "94": {"bias": -0.4472135954999579, "objective_cosine_similarity": -0.18947368421052632, "is_tight": 0.0, "dual_solution_value": 0.0, "scaled_age": 0.18032786885245902}, "95": {"bias": -0.3333333333333333, "objective_cosine_similarity": -0.33344873348681076, "is_tight": 0.0, "dual_solution_value": 0.0, "scaled_age": 0.18032786885245902}, "96": {"bias": -0.7071067811865475, "objective_cosine_similarity": -0.06657426652986062, "is_tight": 0.0, "dual_solution_value": 0.0, "scaled_age": 0.18032786885245902}, "97": {"bias": -0.4082482904638631, "objective_cosine_similarity": -0.3026887817791708, "is_tight": 0.0, "dual_solution_value": 0.0, "scaled_age": 0.18032786885245902}, "98": {"bias": -0.30151134457776363, "objective_cosine_similarity": -0.4488751715873691, "is_tight": 0.0, "dual_solution_value": 0.0, "scaled_age": 0.18032786885245902}, "99": {"bias": -0.4082482904638631, "objective_cosine_similarity": -0.29307961410364153, "is_tight": 0.0, "dual_solution_value": 0.0, "scaled_age": 0.18032786885245902}, "100": {"bias": -0.4472135954999579, "objective_cosine_similarity": -0.27631578947368424, "is_tight": 0.0, "dual_solution_value": 0.0, "scaled_age": 0.18032786885245902}, "101": {"bias": -0.3779644730092272, "objective_cosine_similarity": -0.26689081728268943, "is_tight": 0.0, "dual_solution_value": 0.0, "scaled_age": 0.18032786885245902}, "102": {"bias": -0.5773502691896258, "objective_cosine_similarity": -0.16986769062313234, "is_tight": 0.0, "dual_solution_value": 0.0, "scaled_age": 0.04918032786885246}, "103": {"bias": -0.5, "objective_cosine_similarity": -0.2530287448223446, "is_tight": 0.0, "dual_solution_value": 0.0, "scaled_age": 0.18032786885245902}, "104": {"bias": -0.5, "objective_cosine_similarity": -0.4530979849144311, "is_tight": 0.0, "dual_solution_value": 0.0, "scaled_age": 0.00819672131147541}, "105": {"bias": -0.4472135954999579, "objective_cosine_similarity": -0.23421052631578948, "is_tight": 0.0, "dual_solution_value": 0.0, "scaled_age": 0.18032786885245902}, "106": {"bias": -0.4082482904638631, "objective_cosine_similarity": -0.3699529555078754, "is_tight": 0.0, "dual_solution_value": 0.0, "scaled_age": 0.18032786885245902}, "107": {"bias": -0.3333333333333333, "objective_cosine_similarity": -0.5099804159210047, "is_tight": 0.0, "dual_solution_value": 0.0, "scaled_age": 0.18032786885245902}, "108": {"bias": -0.5773502691896258, "objective_cosine_similarity": -0.1087153219988047, "is_tight": 0.0, "dual_solution_value": 0.0, "scaled_age": 0.18032786885245902}, "109": {"bias": -0.5, "objective_cosine_similarity": -0.2883350813091834, "is_tight": 0.0, "dual_solution_value": 0.0, "scaled_age": 0.18032786885245902}, "110": {"bias": -1.1216842271358622, "objective_cosine_similarity": -0.9753832605728879, "is_tight": 1.0, "dual_solution_value": -0.011315986302065281, "scaled_age": 0.0}, "111": {"bias": -1.1153793980817093, "objective_cosine_similarity": -0.9761100121225142, "is_tight": 0.0, "dual_solution_value": -0.0, "scaled_age": 0.04918032786885246}, "112": {"bias": -1.1286772972581318, "objective_cosine_similarity": -0.9706866874225406, "is_tight": 1.0, "dual_solution_value": -0.0005840452053327797, "scaled_age": 0.0}, "113": {"bias": -0.5547001962252291, "objective_cosine_similarity": -0.6152775650017315, "is_tight": 1.0, "dual_solution_value": -0.0005128460826938983, "scaled_age": 0.0}, "114": {"bias": -1.1225703975846684, "objective_cosine_similarity": -0.9724985555738905, "is_tight": 0.0, "dual_solution_value": -0.0, "scaled_age": 0.00819672131147541}, "115": {"bias": -1.1470786693528088, "objective_cosine_similarity": -0.9661296148801868, "is_tight": 0.0, "dual_solution_value": -0.0, "scaled_age": 0.04918032786885246}, "116": {"bias": -1.1005636329070299, "objective_cosine_similarity": -0.9618370541275132, "is_tight": 0.0, "dual_solution_value": -0.0, "scaled_age": 0.02459016393442623}, "117": {"bias": -1.1254182622741826, "objective_cosine_similarity": -0.9741777742696247, "is_tight": 0.0, "dual_solution_value": -0.0, "scaled_age": 0.04918032786885246}, "118": {"bias": -1.1442158307414918, "objective_cosine_similarity": -0.9741865579157131, "is_tight": 1.0, "dual_solution_value": -0.014371215905285202, "scaled_age": 0.0}, "119": {"bias": -1.0864289525102224, "objective_cosine_similarity": -0.9482907024463622, "is_tight": 1.0, "dual_solution_value": -1.908331922949097e-05, "scaled_age": 0.0}, "120": {"bias": -1.099498742833856, "objective_cosine_similarity": -0.9689290436304548, "is_tight": 1.0, "dual_solution_value": -3.9389628962935226e-05, "scaled_age": 0.0}, "121": {"bias": -0.8703882797784892, "objective_cosine_similarity": -0.8379107056896392, "is_tight": 0.0, "dual_solution_value": -0.0, "scaled_age": 0.040983606557377046}, "122": {"bias": -1.0079052613579391, "objective_cosine_similarity": -0.8770328801261712, "is_tight": 0.0, "dual_solution_value": -0.0, "scaled_age": 0.01639344262295082}, "123": {"bias": -1.1057333812599537, "objective_cosine_similarity": -0.975984870587348, "is_tight": 1.0, "dual_solution_value": -6.303138720123859e-05, "scaled_age": 0.0}, "124": {"bias": -1.0874544956540737, "objective_cosine_similarity": -0.9704092178850715, "is_tight": 0.0, "dual_solution_value": -0.0, "scaled_age": 0.01639344262295082}, "125": {"bias": -0.7715167498104595, "objective_cosine_similarity": -0.817182899221209, "is_tight": 0.0, "dual_solution_value": -0.0, "scaled_age": 0.01639344262295082}, "126": {"bias": -0.9434563530497265, "objective_cosine_similarity": -0.8845652225865822, "is_tight": 1.0, "dual_solution_value": -3.082480776502741e-05, "scaled_age": 0.0}, "127": {"bias": -1.0938642223599824, "objective_cosine_similarity": -0.9703359999270891, "is_tight": 1.0, "dual_solution_value": -1.5506402281322742e-05, "scaled_age": 0.0}, "128": {"bias": -1.146835856249618, "objective_cosine_similarity": -0.9740087279806927, "is_tight": 1.0, "dual_solution_value": -0.002812210459681674, "scaled_age": 0.0}}