{"0": {"bias": -1.0801234497346432, "objective_cosine_similarity": -0.764161926178699, "is_tight": 0.0, "dual_solution_value": -0.0, "scaled_age": 0.22727272727272727}, "1": {"bias": -1.041511287846591, "objective_cosine_similarity": -0.712057490155111, "is_tight": 0.0, "dual_solution_value": -0.0, "scaled_age": 0.09090909090909091}, "2": {"bias": -0.917662935482247, "objective_cosine_similarity": -0.6549533902294004, "is_tight": 1.0, "dual_solution_value": -0.00047017014538562233, "scaled_age": 0.0}, "3": {"bias": -0.944911182523068, "objective_cosine_similarity": -0.5202521841176914, "is_tight": 0.0, "dual_solution_value": -0.0, "scaled_age": 0.09090909090909091}, "4": {"bias": -0.6324555320336759, "objective_cosine_similarity": -0.47212281621431357, "is_tight": 0.0, "dual_solution_value": -0.0, "scaled_age": 0.030303030303030304}, "5": {"bias": -1.118033988749895, "objective_cosine_similarity": -0.604171228571559, "is_tight": 0.0, "dual_solution_value": -0.0, "scaled_age": 0.015151515151515152}, "6": {"bias": -1.1202240672224077, "objective_cosine_similarity": -0.7725003361846314, "is_tight": 0.0, "dual_solution_value": -0.0, "scaled_age": 0.12121212121212122}, "7": {"bias": -0.8944271909999159, "objective_cosine_similarity": -0.5976572530613535, "is_tight": 0.0, "dual_solution_value": -0.0, "scaled_age": 0.06060606060606061}, "8": {"bias": -1.4362649974350634, "objective_cosine_similarity": -0.8313024317647767, "is_tight": 0.0, "dual_solution_value": -0.0, "scaled_age": 0.10606060606060606}, "9": {"bias": -1.379141750596165, "objective_cosine_similarity": -0.8091519290882263, "is_tight": 1.0, "dual_solution_value": -0.00104507127682231, "scaled_age": 0.0}, "10": {"bias": -1.4488837312985419, "objective_cosine_similarity": -0.8663768364753078, "is_tight": 0.0, "dual_solution_value": 0.0, "scaled_age": 0.19696969696969696}, "11": {"bias": -1.3429385904831375, "objective_cosine_similarity": -0.8084370918115622, "is_tight": 0.0, "dual_solution_value": 0.0, "scaled_age": 0.10606060606060606}, "12": {"bias": -1.3855169009833126, "objective_cosine_similarity": -0.8297363988331989, "is_tight": 0.0, "dual_solution_value": 0.0, "scaled_age": 0.10606060606060606}, "13": {"bias": -1.3664382396306174, "objective_cosine_similarity": -0.8098890453800925, "is_tight": 0.0, "dual_solution_value": 0.0, "scaled_age": 0.015151515151515152}, "14": {"bias": -1.4198791586923432, "objective_cosine_similarity": -0.8158077402754293, "is_tight": 1.0, "dual_solution_value": -0.004848636716131273, "scaled_age": 0.0}, "15": {"bias": -0.5, "objective_cosine_similarity": -0.2148439576576781, "is_tight": 0.0, "dual_solution_value": 0.0, "scaled_age": 0.12121212121212122}, "16": {"bias": -0.3779644730092272, "objective_cosine_similarity": -0.34683478941179424, "is_tight": 0.0, "dual_solution_value": 0.0, "scaled_age": 0.3181818181818182}, "17": {"bias": -0.4472135954999579, "objective_cosine_similarity": -0.22147516734698658, "is_tight": 0.0, "dual_solution_value": 0.0, "scaled_age": 0.3181818181818182}, "18": {"bias": -0.4472135954999579, "objective_cosine_similarity": -0.3826960612245724, "is_tight": 1.0, "dual_solution_value": -0.006700049325141409, "scaled_age": 0.0}, "19": {"bias": -0.4472135954999579, "objective_cosine_similarity": -0.34524070204089086, "is_tight": 0.0, "dual_solution_value": 0.0, "scaled_age": 0.3181818181818182}, "20": {"bias": -0.3779644730092272, "objective_cosine_similarity": -0.38399565970591504, "is_tight": 0.0, "dual_solution_value": 0.0, "scaled_age": 0.3181818181818182}, "21": {"bias": -0.4082482904638631, "objective_cosine_similarity": -0.32110661933781925, "is_tight": 1.0, "dual_solution_value": -7.948328199884415e-05, "scaled_age": 0.0}, "22": {"bias": -0.5, "objective_cosine_similarity": -0.18753328507407496, "is_tight": 0.0, "dual_solution_value": 0.0, "scaled_age": 0.3181818181818182}, "23": {"bias": -0.35355339059327373, "objective_cosine_similarity": -0.35147042444388993, "is_tight": 0.0, "dual_solution_value": 0.0, "scaled_age": 0.3181818181818182}, "24": {"bias": -0.7071067811865475, "objective_cosine_similarity": -0.29096086419164513, "is_tight": 1.0, "dual_solution_value": -0.05138769002888385, "scaled_age": 0.0}, "25": {"bias": -0.3779644730092272, "objective_cosine_similarity": -0.2904053197059071, "is_tight": 0.0, "dual_solution_value": 0.0, "scaled_age": 0.3181818181818182}, "26": {"bias": -0.4082482904638631, "objective_cosine_similarity": -0.34637889956348095, "is_tight": 1.0, "dual_solution_value": -0.00013629175248574982, "scaled_age": 0.0}, "27": {"bias": -0.7071067811865475, "objective_cosine_similarity": -0.05149749808701684, "is_tight": 0.0, "dual_solution_value": 0.0, "scaled_age": 0.3181818181818182}, "28": {"bias": -0.3779644730092272, "objective_cosine_similarity": -0.3275661900000279, "is_tight": 0.0, "dual_solution_value": 0.0, "scaled_age": 0.3181818181818182}, "29": {"bias": -0.4082482904638631, "objective_cosine_similarity": -0.28691471079721814, "is_tight": 0.0, "dual_solution_value": 0.0, "scaled_age": 0.10606060606060606}, "30": {"bias": -0.4082482904638631, "objective_cosine_similarity": -0.2601558258523999, "is_tight": 0.0, "dual_solution_value": 0.0, "scaled_age": 0.3181818181818182}, "31": {"bias": -0.4472135954999579, "objective_cosine_similarity": -0.18890528979595914, "is_tight": 0.0, "dual_solution_value": 0.0, "scaled_age": 0.3181818181818182}, "32": {"bias": -0.5, "objective_cosine_similarity": -0.1857125735685014, "is_tight": 0.0, "dual_solution_value": 0.0, "scaled_age": 0.2878787878787879}, "33": {"bias": -0.5, "objective_cosine_similarity": -0.167505458512766, "is_tight": 0.0, "dual_solution_value": 0.0, "scaled_age": 0.3181818181818182}, "34": {"bias": -0.35355339059327373, "objective_cosine_similarity": -0.3360211750177849, "is_tight": 0.0, "dual_solution_value": 0.0, "scaled_age": 0.3181818181818182}, "35": {"bias": -0.5, "objective_cosine_similarity": -0.14565692044588346, "is_tight": 1.0, "dual_solution_value": -0.00015152776263904202, "scaled_age": 0.0}, "36": {"bias": -0.4472135954999579, "objective_cosine_similarity": -0.2507880571429113, "is_tight": 0.0, "dual_solution_value": 0.0, "scaled_age": 0.3181818181818182}, "37": {"bias": -0.5, "objective_cosine_similarity": -0.2275889381966929, "is_tight": 1.0, "dual_solution_value": -0.003589874580121796, "scaled_age": 0.0}, "38": {"bias": -0.5, "objective_cosine_similarity": -0.25854103379144316, "is_tight": 1.0, "dual_solution_value": -0.01410227525224822, "scaled_age": 0.0}, "39": {"bias": -0.3779644730092272, "objective_cosine_similarity": -0.3055449335294378, "is_tight": 0.0, "dual_solution_value": 0.0, "scaled_age": 0.3181818181818182}, "40": {"bias": -0.4472135954999579, "objective_cosine_similarity": -0.2784724530612846, "is_tight": 0.0, "dual_solution_value": 0.0, "scaled_age": 0.3181818181818182}, "41": {"bias": -0.4472135954999579, "objective_cosine_similarity": -0.3826960612245724, "is_tight": 1.0, "dual_solution_value": -0.03508039240006431, "scaled_age": 0.0}, "42": {"bias": -0.4082482904638631, "objective_cosine_similarity": -0.4504412299044409, "is_tight": 0.0, "dual_solution_value": 0.0, "scaled_age": 0.3181818181818182}, "43": {"bias": -0.4472135954999579, "objective_cosine_similarity": -0.25567353877556537, "is_tight": 0.0, "dual_solution_value": 0.0, "scaled_age": 0.3181818181818182}, "44": {"bias": -0.35355339059327373, "objective_cosine_similarity": -0.3450332371830128, "is_tight": 0.0, "dual_solution_value": 0.0, "scaled_age": 0.3181818181818182}, "45": {"bias": -0.4472135954999579, "objective_cosine_similarity": -0.34524070204089086, "is_tight": 0.0, "dual_solution_value": 0.0, "scaled_age": 0.16666666666666666}, "46": {"bias": -0.5773502691896258, "objective_cosine_similarity": -0.24597805701913097, "is_tight": 1.0, "dual_solution_value": -5.9164211355018046e-05, "scaled_age": 0.0}, "47": {"bias": -0.5, "objective_cosine_similarity": -0.24943747626357543, "is_tight": 0.0, "dual_solution_value": 0.0, "scaled_age": 0.3181818181818182}, "48": {"bias": -0.5, "objective_cosine_similarity": -0.48248854897698895, "is_tight": 1.0, "dual_solution_value": -0.023668539308582853, "scaled_age": 0.0}, "49": {"bias": -0.4472135954999579, "objective_cosine_similarity": -0.14982143673472623, "is_tight": 0.0, "dual_solution_value": 0.0, "scaled_age": 0.3181818181818182}, "50": {"bias": -0.7071067811865475, "objective_cosine_similarity": -0.15449249426105052, "is_tight": 1.0, "dual_solution_value": -0.051250723913789306, "scaled_age": 0.0}, "51": {"bias": -0.5773502691896258, "objective_cosine_similarity": -0.20182814934903054, "is_tight": 1.0, "dual_solution_value": -0.010225942631296225, "scaled_age": 0.0}, "52": {"bias": -0.4472135954999579, "objective_cosine_similarity": -0.21007571020412696, "is_tight": 1.0, "dual_solution_value": -0.006697667082551178, "scaled_age": 0.0}, "53": {"bias": -0.5, "objective_cosine_similarity": -0.19845755410751623, "is_tight": 1.0, "dual_solution_value": -9.034308933528342e-05, "scaled_age": 0.0}, "54": {"bias": -0.3779644730092272, "objective_cosine_similarity": -0.6110898670588756, "is_tight": 1.0, "dual_solution_value": -0.05421487646868367, "scaled_age": 0.0}, "55": {"bias": -0.4472135954999579, "objective_cosine_similarity": -0.17262035102044543, "is_tight": 0.0, "dual_solution_value": 0.0, "scaled_age": 0.3181818181818182}, "56": {"bias": -0.3779644730092272, "objective_cosine_similarity": -0.3482111179412061, "is_tight": 0.0, "dual_solution_value": 0.0, "scaled_age": 0.3181818181818182}, "57": {"bias": -0.5, "objective_cosine_similarity": -0.20391968862423684, "is_tight": 0.0, "dual_solution_value": 0.0, "scaled_age": 0.3181818181818182}, "58": {"bias": -0.4472135954999579, "objective_cosine_similarity": -0.41038045714294574, "is_tight": 1.0, "dual_solution_value": -0.02011743945842973, "scaled_age": 0.0}, "59": {"bias": -0.5, "objective_cosine_similarity": -0.3040588214307817, "is_tight": 0.0, "dual_solution_value": 0.0, "scaled_age": 0.3181818181818182}, "60": {"bias": -0.5, "objective_cosine_similarity": -0.39873581972060596, "is_tight": 1.0, "dual_solution_value": -0.03925077217710176, "scaled_age": 0.0}, "61": {"bias": -0.5, "objective_cosine_similarity": -0.28038957185832564, "is_tight": 1.0, "dual_solution_value": -0.0006483063461717533, "scaled_age": 0.0}, "62": {"bias": -0.5, "objective_cosine_similarity": -0.19845755410751623, "is_tight": 0.0, "dual_solution_value": 0.0, "scaled_age": 0.09090909090909091}, "63": {"bias": -0.4082482904638631, "objective_cosine_similarity": -0.3136735957420364, "is_tight": 0.0, "dual_solution_value": 0.0, "scaled_age": 0.3181818181818182}, "64": {"bias": -0.5, "objective_cosine_similarity": -0.14201549743473638, "is_tight": 0.0, "dual_solution_value": 0.0, "scaled_age": 0.3181818181818182}, "65": {"bias": -0.31622776601683794, "objective_cosine_similarity": -0.3915164817386991, "is_tight": 0.0, "dual_solution_value": 0.0, "scaled_age": 0.3181818181818182}, "66": {"bias": -0.5773502691896258, "objective_cosine_similarity": -0.11142595745311061, "is_tight": 0.0, "dual_solution_value": 0.0, "scaled_age": 0.2878787878787879}, "67": {"bias": -0.7071067811865475, "objective_cosine_similarity": -0.07209649732182358, "is_tight": 0.0, "dual_solution_value": 0.0, "scaled_age": 0.3181818181818182}, "68": {"bias": -0.5, "objective_cosine_similarity": -0.26764459131931084, "is_tight": 1.0, "dual_solution_value": -0.015458748892528594, "scaled_age": 0.0}, "69": {"bias": -0.4472135954999579, "objective_cosine_similarity": -0.2589305265306681, "is_tight": 0.0, "dual_solution_value": 0.0, "scaled_age": 0.3181818181818182}, "70": {"bias": -0.4472135954999579, "objective_cosine_similarity": -0.25567353877556537, "is_tight": 0.0, "dual_solution_value": 0.0, "scaled_age": 0.045454545454545456}, "71": {"bias": -0.5, "objective_cosine_similarity": -0.2148439576576781, "is_tight": 0.0, "dual_solution_value": 0.0, "scaled_age": 0.07575757575757576}, "72": {"bias": -0.5, "objective_cosine_similarity": -0.3477558975645468, "is_tight": 1.0, "dual_solution_value": -0.047485487657706056, "scaled_age": 0.0}, "73": {"bias": -0.4472135954999579, "objective_cosine_similarity": -0.35826865306130184, "is_tight": 0.0, "dual_solution_value": 0.0, "scaled_age": 0.3181818181818182}, "74": {"bias": -0.4472135954999579, "objective_cosine_similarity": -0.22473215510208933, "is_tight": 1.0, "dual_solution_value": -0.005116650679134441, "scaled_age": 0.0}, "75": {"bias": -0.3779644730092272, "objective_cosine_similarity": -0.28765266264708333, "is_tight": 0.0, "dual_solution_value": 0.0, "scaled_age": 0.3181818181818182}, "76": {"bias": -0.4472135954999579, "objective_cosine_similarity": -0.11399457142859604, "is_tight": 0.0, "dual_solution_value": 0.0, "scaled_age": 0.3181818181818182}, "77": {"bias": -0.4472135954999579, "objective_cosine_similarity": -0.28172944081638734, "is_tight": 1.0, "dual_solution_value": -0.004735268483777903, "scaled_age": 0.0}, "78": {"bias": -0.35355339059327373, "objective_cosine_similarity": -0.23688849120027744, "is_tight": 0.0, "dual_solution_value": 0.0, "scaled_age": 0.3181818181818182}, "79": {"bias": -0.4472135954999579, "objective_cosine_similarity": -0.35175467755109635, "is_tight": 0.0, "dual_solution_value": 0.0, "scaled_age": 0.06060606060606061}, "80": {"bias": -0.5, "objective_cosine_similarity": -0.21666466916325164, "is_tight": 0.0, "dual_solution_value": 0.0, "scaled_age": 0.3181818181818182}, "81": {"bias": -0.4472135954999579, "objective_cosine_similarity": -0.33872672653068536, "is_tight": 1.0, "dual_solution_value": -0.000567539117605449, "scaled_age": 0.0}, "82": {"bias": -0.4082482904638631, "objective_cosine_similarity": -0.17541935686047533, "is_tight": 0.0, "dual_solution_value": 0.0, "scaled_age": 0.3181818181818182}, "83": {"bias": -0.4472135954999579, "objective_cosine_similarity": -0.21821817959188383, "is_tight": 0.0, "dual_solution_value": 0.0, "scaled_age": 0.3181818181818182}, "84": {"bias": -0.4472135954999579, "objective_cosine_similarity": -0.2915004040816956, "is_tight": 0.0, "dual_solution_value": 0.0, "scaled_age": 0.3181818181818182}, "85": {"bias": -0.5, "objective_cosine_similarity": -0.3240866479920907, "is_tight": 1.0, "dual_solution_value": -0.00041105917901116616, "scaled_age": 0.0}, "86": {"bias": -0.5, "objective_cosine_similarity": -0.3040588214307817, "is_tight": 1.0, "dual_solution_value": -0.010194606115994308, "scaled_age": 0.0}, "87": {"bias": -0.5773502691896258, "objective_cosine_similarity": -0.15557586512321103, "is_tight": 0.0, "dual_solution_value": 0.0, "scaled_age": 0.030303030303030304}, "88": {"bias": -0.4472135954999579, "objective_cosine_similarity": -0.23938860000005166, "is_tight": 0.0, "dual_solution_value": 0.0, "scaled_age": 0.3181818181818182}, "89": {"bias": -0.3779644730092272, "objective_cosine_similarity": -0.3647270602941487, "is_tight": 0.0, "dual_solution_value": 0.0, "scaled_age": 0.3181818181818182}, "90": {"bias": -0.4082482904638631, "objective_cosine_similarity": -0.2898879202355313, "is_tight": 0.0, "dual_solution_value": 0.0, "scaled_age": 0.3181818181818182}, "91": {"bias": -0.4472135954999579, "objective_cosine_similarity": -0.2133326979592297, "is_tight": 0.0, "dual_solution_value": 0.0, "scaled_age": 0.3181818181818182}, "92": {"bias": -0.3333333333333333, "objective_cosine_similarity": -0.378707993159297, "is_tight": 0.0, "dual_solution_value": 0.0, "scaled_age": 0.3181818181818182}, "93": {"bias": -0.3779644730092272, "objective_cosine_similarity": -0.43767247235297846, "is_tight": 0.0, "dual_solution_value": 0.0, "scaled_age": 0.3181818181818182}, "94": {"bias": -0.31622776601683794, "objective_cosine_similarity": -0.4133953439535087, "is_tight": 0.0, "dual_solution_value": 0.0, "scaled_age": 0.3181818181818182}, "95": {"bias": -0.5, "objective_cosine_similarity": -0.39327368520388534, "is_tight": 1.0, "dual_solution_value": -0.0017703377504813857, "scaled_age": 0.0}, "96": {"bias": -0.3779644730092272, "objective_cosine_similarity": -0.3757376885294438, "is_tight": 0.0, "dual_solution_value": 0.0, "scaled_age": 0.3181818181818182}, "97": {"bias": -0.35355339059327373, "objective_cosine_similarity": -0.317997050687329, "is_tight": 0.0, "dual_solution_value": 0.0, "scaled_age": 0.3181818181818182}, "98": {"bias": -0.4472135954999579, "objective_cosine_similarity": -0.21658968571433246, "is_tight": 0.0, "dual_solution_value": 0.0, "scaled_age": 0.3181818181818182}, "99": {"bias": -0.4472135954999579, "objective_cosine_similarity": -0.34035522040823674, "is_tight": 0.0, "dual_solution_value": 0.0, "scaled_age": 0.3181818181818182}, "100": {"bias": -0.4472135954999579, "objective_cosine_similarity": -0.2491595632653599, "is_tight": 1.0, "dual_solution_value": -3.301925939940777e-05, "scaled_age": 0.0}, "101": {"bias": -0.4472135954999579, "objective_cosine_similarity": -0.23124613061229482, "is_tight": 0.0, "dual_solution_value": 0.0, "scaled_age": 0.045454545454545456}, "102": {"bias": -0.7071067811865475, "objective_cosine_similarity": -0.09527037146098115, "is_tight": 1.0, "dual_solution_value": -0.0005654833339004426, "scaled_age": 0.0}, "103": {"bias": -0.5773502691896258, "objective_cosine_similarity": -0.14085922923317756, "is_tight": 0.0, "dual_solution_value": 0.0, "scaled_age": 0.30303030303030304}, "104": {"bias": -0.5773502691896258, "objective_cosine_similarity": -0.16188299479036825, "is_tight": 0.0, "dual_solution_value": 0.0, "scaled_age": 0.3181818181818182}, "105": {"bias": -0.5, "objective_cosine_similarity": -0.251258187769149, "is_tight": 0.0, "dual_solution_value": 0.0, "scaled_age": 0.07575757575757576}, "106": {"bias": -0.4082482904638631, "objective_cosine_similarity": -0.34191908540601124, "is_tight": 0.0, "dual_solution_value": 0.0, "scaled_age": 0.030303030303030304}, "107": {"bias": -0.5773502691896258, "objective_cosine_similarity": -0.17029250101324453, "is_tight": 1.0, "dual_solution_value": -0.013276437800790216, "scaled_age": 0.0}, "108": {"bias": -1.3512039029725433, "objective_cosine_similarity": -0.855810397093611, "is_tight": 1.0, "dual_solution_value": -0.007063462074329958, "scaled_age": 0.0}, "109": {"bias": -1.1547005383792517, "objective_cosine_similarity": -0.6459551967446837, "is_tight": 1.0, "dual_solution_value": -0.00012746709174580814, "scaled_age": 0.0}, "110": {"bias": -0.917662935482247, "objective_cosine_similarity": -0.5613886201966288, "is_tight": 0.0, "dual_solution_value": -0.0, "scaled_age": 0.12121212121212122}, "111": {"bias": -1.360446916575365, "objective_cosine_similarity": -0.8570747651858993, "is_tight": 1.0, "dual_solution_value": -0.009083816093798049, "scaled_age": 0.0}, "112": {"bias": -1.2009611535381535, "objective_cosine_similarity": -0.8667697423535387, "is_tight": 0.0, "dual_solution_value": -0.0, "scaled_age": 0.030303030303030304}, "113": {"bias": -0.8944271909999159, "objective_cosine_similarity": -0.6815246877552491, "is_tight": 0.0, "dual_solution_value": -0.0, "scaled_age": 0.18181818181818182}, "114": {"bias": -1.0434983894999017, "objective_cosine_similarity": -0.7377077265307714, "is_tight": 0.0, "dual_solution_value": -0.0, "scaled_age": 0.16666666666666666}, "115": {"bias": -1.028991510855053, "objective_cosine_similarity": -0.7300392074566893, "is_tight": 0.0, "dual_solution_value": -0.0, "scaled_age": 0.06060606060606061}, "116": {"bias": -1.019049330730136, "objective_cosine_similarity": -0.7561764752831845, "is_tight": 1.0, "dual_solution_value": -0.0001467648964532765, "scaled_age": 0.0}, "117": {"bias": -1.3598428382632783, "objective_cosine_similarity": -0.8819239708576805, "is_tight": 0.0, "dual_solution_value": -0.0, "scaled_age": 0.07575757575757576}, "118": {"bias": -1.0757057484009542, "objective_cosine_similarity": -0.7755857337591858, "is_tight": 0.0, "dual_solution_value": -0.0, "scaled_age": 0.030303030303030304}, "119": {"bias": -1.256624238828752, "objective_cosine_similarity": -0.832415971989474, "is_tight": 0.0, "dual_solution_value": -0.0, "scaled_age": 0.10606060606060606}, "120": {"bias": -1.2135597524338357, "objective_cosine_similarity": -0.8003452872111873, "is_tight": 0.0, "dual_solution_value": -0.0, "scaled_age": 0.10606060606060606}, "121": {"bias": -1.25, "objective_cosine_similarity": -0.8102166199802268, "is_tight": 1.0, "dual_solution_value": -0.0003384637108233322, "scaled_age": 0.0}, "122": {"bias": -1.0690449676496976, "objective_cosine_similarity": -0.7299084272157377, "is_tight": 0.0, "dual_solution_value": -0.0, "scaled_age": 0.015151515151515152}, "123": {"bias": -1.2443420336765103, "objective_cosine_similarity": -0.8242963821841678, "is_tight": 1.0, "dual_solution_value": -7.634105972275206e-05, "scaled_age": 0.0}, "124": {"bias": -1.044073795327749, "objective_cosine_similarity": -0.7258200110589537, "is_tight": 1.0, "dual_solution_value": -0.00012084823427937341, "scaled_age": 0.0}, "125": {"bias": -1.0787197799411874, "objective_cosine_similarity": -0.796908221560587, "is_tight": 1.0, "dual_solution_value": -9.122961458157097e-07, "scaled_age": 0.0}, "126": {"bias": -1.204432602820449, "objective_cosine_similarity": -0.8136793393921377, "is_tight": 1.0, "dual_solution_value": -2.041958633753548e-05, "scaled_age": 0.0}, "127": {"bias": -1.4365462551957093, "objective_cosine_similarity": -0.8757266960838574, "is_tight": 1.0, "dual_solution_value": -0.0044070071343599, "scaled_age": 0.0}}